experiment,regime,notional,config,latency_ms,outage_rate_per_min,cancel_on_disconnect,fee_schedule,fill_model,seed,start_ts,path_spread_bps_mean,path_depth10_usd_median,path_vol_bps_sqrt_s,path_trades_per_s,path_move_bps,strategy,product,side,target_qty,target_notional,arrival_mid,arrival_spread_bps,arrival_depth10_usd,filled_qty,fill_rate,maker_share,vwap,slippage_bps,fee_bps,fees_usd,maker_notional,taker_notional,exec_cost_bps,fee_cost_bps,opportunity_cost_bps,is_bps,cleanup_exec_bps,cleanup_notional,is_completed_bps,drift_bps,n_children,n_fills,n_rejects,n_cancel_requests,time_to_last_fill_s,blind_s,maker_fills_by_queue,maker_fills_by_tradethrough,maker_fills_by_cross,fills_after_deadline_qty,adverse_sel_bps_1s_all,post_fill_drift_bps_1s_all,adverse_sel_bps_1s_maker,post_fill_drift_bps_1s_maker,adverse_sel_bps_5s_all,post_fill_drift_bps_5s_all,adverse_sel_bps_5s_maker,post_fill_drift_bps_5s_maker,adverse_sel_bps_30s_all,post_fill_drift_bps_30s_all,adverse_sel_bps_30s_maker,post_fill_drift_bps_30s_maker
size_sweep,calm_deep,10000,aggressive,40,0,True,"coinbase>=1,000,000",prints+quotes,5000000,10,0.118108,2.1385e+06,0.59554,3.98333,-5.20784,aggressive,BTC-USD,buy,0.115897,10000,86283.3,0.0799691,2.22066e+06,0.115897,1,0,86283.7,0.0433241,18,18.0001,0,10000,0.0433241,18.0001,-0,18.0434,0,0,18.0434,-5.20784,1,2,0,0,0.0537378,0,0,0,0,0,-0.238305,-0.28163,,,-1.53809,-1.58142,,,5.70141,5.65811,,
size_sweep,calm_deep,10000,aggressive,40,0,True,"coinbase>=1,000,000",prints+quotes,5000000,10,0.118108,2.1385e+06,0.59554,3.98333,-5.20784,aggressive,BTC-USD,sell,0.115897,10000,86283.3,0.0799691,2.16795e+06,0.115897,1,0,86282.9,0.0402229,18,17.9999,0,9999.96,0.0402229,17.9999,0,18.0402,0,0,18.0402,5.20784,1,2,0,0,0.0537378,0,0,0,0,0,0.321855,0.28163,,,1.62165,1.58142,,,-5.61791,-5.65811,,
size_sweep,calm_deep,10000,hybrid,40,0,True,"coinbase>=1,000,000",prints+quotes,5000000,10,0.118108,2.1385e+06,0.59554,3.98333,-5.20784,hybrid,BTC-USD,buy,0.115897,10000,86283.3,0.0799691,2.22066e+06,0.115897,1,1,86283,-0.0388256,8,7.99997,9999.96,0,-0.0388256,7.99997,-0,7.96114,0,0,7.96114,-5.20784,1,1,0,0,0.1,0,0,0,1,0,-0.335524,-0.392896,-0.335524,-0.392896,-1.42612,-1.4835,-1.42612,-1.4835,5.87486,5.81752,5.87486,5.81752
size_sweep,calm_deep,10000,hybrid,40,0,True,"coinbase>=1,000,000",prints+quotes,5000000,10,0.118108,2.1385e+06,0.59554,3.98333,-5.20784,hybrid,BTC-USD,sell,0.115897,10000,86283.3,0.0799691,2.16795e+06,0.115897,1,1,86283.6,-0.0388256,8,8.00003,10000,0,-0.0388256,8.00003,0,7.96121,0,0,7.96121,5.20784,1,1,0,0,0.5,0,0,0,1,0,0.402742,0.272934,0.402742,0.272934,0.607879,0.478068,0.607879,0.478068,-5.96057,-6.0903,-5.96057,-6.0903
size_sweep,calm_deep,10000,hybrid|prints-only,40,0,True,"coinbase>=1,000,000",prints-only,5000000,10,0.118108,2.1385e+06,0.59554,3.98333,-5.20784,hybrid,BTC-USD,buy,0.115897,10000,86283.3,0.0799691,2.22066e+06,0.115897,1,1,86288.5,0.603832,8,8.00048,10000.6,0,0.603832,8.00048,-6.23598e-16,8.60431,0,0,8.60431,-5.20784,4,10,0,3,7.00589,0,0,10,0,0,0.233188,0.153989,0.233188,0.153989,0.0869542,0.00775436,0.0869542,0.00775436,6.68712,6.60797,6.68712,6.60797
size_sweep,calm_deep,10000,hybrid|prints-only,40,0,True,"coinbase>=1,000,000",prints-only,5000000,10,0.118108,2.1385e+06,0.59554,3.98333,-5.20784,hybrid,BTC-USD,sell,0.115897,10000,86283.3,0.0799691,2.16795e+06,0.115897,1,1,86290.1,-0.786327,8,8.00063,10000.8,0,-0.786327,8.00063,0,7.2143,0,0,7.2143,5.20784,3,8,0,2,4.21817,0,0,8,0,0,0.345356,0.269567,0.345356,0.269567,0.00832449,-0.0674628,0.00832449,-0.0674628,-6.0684,-6.14415,-6.0684,-6.14415
size_sweep,calm_deep,10000,passive,40,0,True,"coinbase>=1,000,000",prints+quotes,5000000,10,0.118108,2.1385e+06,0.59554,3.98333,-5.20784,passive,BTC-USD,buy,0.115897,10000,86283.3,0.0799691,2.22066e+06,0.115897,1,1,86283,-0.0388256,8,7.99997,9999.96,0,-0.0388256,7.99997,-0,7.96114,0,0,7.96114,-5.20784,1,1,0,0,0.1,0,0,0,1,0,-0.335524,-0.392896,-0.335524,-0.392896,-1.42612,-1.4835,-1.42612,-1.4835,5.87486,5.81752,5.87486,5.81752
size_sweep,calm_deep,10000,passive,40,0,True,"coinbase>=1,000,000",prints+quotes,5000000,10,0.118108,2.1385e+06,0.59554,3.98333,-5.20784,passive,BTC-USD,sell,0.115897,10000,86283.3,0.0799691,2.16795e+06,0.115897,1,1,86283.6,-0.0388256,8,8.00003,10000,0,-0.0388256,8.00003,0,7.96121,0,0,7.96121,5.20784,1,1,0,0,0.5,0,0,0,1,0,0.402742,0.272934,0.402742,0.272934,0.607879,0.478068,0.607879,0.478068,-5.96057,-6.0903,-5.96057,-6.0903
size_sweep,calm_deep,10000,passive|prints-only,40,0,True,"coinbase>=1,000,000",prints-only,5000000,10,0.118108,2.1385e+06,0.59554,3.98333,-5.20784,passive,BTC-USD,buy,0.115897,10000,86283.3,0.0799691,2.22066e+06,0.115897,1,1,86288.5,0.603832,8,8.00048,10000.6,0,0.603832,8.00048,-6.23598e-16,8.60431,0,0,8.60431,-5.20784,4,10,0,3,7.00589,0,0,10,0,0,0.233188,0.153989,0.233188,0.153989,0.0869542,0.00775436,0.0869542,0.00775436,6.68712,6.60797,6.68712,6.60797
size_sweep,calm_deep,10000,passive|prints-only,40,0,True,"coinbase>=1,000,000",prints-only,5000000,10,0.118108,2.1385e+06,0.59554,3.98333,-5.20784,passive,BTC-USD,sell,0.115897,10000,86283.3,0.0799691,2.16795e+06,0.115897,1,1,86290.1,-0.786327,8,8.00063,10000.8,0,-0.786327,8.00063,0,7.2143,0,0,7.2143,5.20784,3,8,0,2,4.21817,0,0,8,0,0,0.345356,0.269567,0.345356,0.269567,0.00832449,-0.0674628,0.00832449,-0.0674628,-6.0684,-6.14415,-6.0684,-6.14415
size_sweep,calm_deep,10000,aggressive,40,0,True,"coinbase>=1,000,000",prints+quotes,5000001,10,0.122551,2.21113e+06,0.520006,4,3.55797,aggressive,BTC-USD,buy,0.115895,10000,86285,0.157617,2.2332e+06,0.115895,1,0,86285.8,0.0888295,18,18.0002,0,10000.1,0.0888295,18.0002,0,18.089,0,0,18.089,3.55797,1,2,0,0,0.0789423,0,0,0,0,0,-0.134267,-0.223098,,,-1.77764,-1.86649,,,-3.64701,-3.73587,,
size_sweep,calm_deep,10000,aggressive,40,0,True,"coinbase>=1,000,000",prints+quotes,5000001,10,0.122551,2.21113e+06,0.520006,4,3.55797,aggressive,BTC-USD,sell,0.115895,10000,86285,0.157617,2.30721e+06,0.115895,1,0,86284.3,0.0903001,18,17.9998,0,9999.91,0.0903001,17.9998,-0,18.0901,0,0,18.0901,-3.55797,1,2,0,0,0.0789423,0,0,0,0,0,0.313401,0.223098,,,1.95681,1.86649,,,3.82621,3.73587,,
size_sweep,calm_deep,10000,hybrid,40,0,True,"coinbase>=1,000,000",prints+quotes,5000001,10,0.122551,2.21113e+06,0.520006,4,3.55797,hybrid,BTC-USD,buy,0.115895,10000,86285,0.157617,2.2332e+06,0.115895,1,1,86295.9,1.25776,8,8.00101,10001.3,0,1.25776,8.00101,-4.26048e-16,9.25876,0,0,9.25876,3.55797,3,2,0,2,3.3,0,0,1,1,0,-0.351149,-0.458433,-0.351149,-0.458433,-1.20844,-1.31574,-1.20844,-1.31574,-3.70416,-3.81148,-3.70416,-3.81148
size_sweep,calm_deep,10000,hybrid,40,0,True,"coinbase>=1,000,000",prints+quotes,5000001,10,0.122551,2.21113e+06,0.520006,4,3.55797,hybrid,BTC-USD,sell,0.115895,10000,86285,0.157617,2.30721e+06,0.115895,1,1,86285.7,-0.0776496,8,8.00006,10000.1,0,-0.0776496,8.00006,-0,7.92241,0,0,7.92241,-3.55797,1,3,0,0,0.4,0,0,2,1,0,0.756622,0.712641,0.756622,0.712641,1.78596,1.74197,1.78596,1.74197,3.57712,3.53313,3.57712,3.53313
size_sweep,calm_deep,10000,hybrid|prints-only,40,0,True,"coinbase>=1,000,000",prints-only,5000001,10,0.122551,2.21113e+06,0.520006,4,3.55797,hybrid,BTC-USD,buy,0.115895,10000,86285,0.157617,2.2332e+06,0.115895,1,0.568275,86327.3,4.89206,12.3181,12.3241,5684.71,4320.18,4.89206,12.3241,-4.26048e-16,17.2162,0,0,17.2162,3.55797,30,36,0,29,42.1644,0,0,35,0,0,0.420917,0.361247,0.576156,0.501509,0.481449,0.421777,-0.0097803,-0.0844342,0.408762,0.34909,-2.329,-2.40366
size_sweep,calm_deep,10000,hybrid|prints-only,40,0,True,"coinbase>=1,000,000",prints-only,5000001,10,0.122551,2.21113e+06,0.520006,4,3.55797,hybrid,BTC-USD,sell,0.115895,10000,86285,0.157617,2.30721e+06,0.115895,1,1,86306.8,-2.52191,8,8.00202,10002.5,0,-2.52191,8.00202,-0,5.4801,0,0,5.4801,-3.55797,8,19,0,7,8.70397,0,0,19,0,0,-0.348894,-0.334154,-0.348894,-0.334154,-0.0568177,-0.0420795,-0.0568177,-0.0420795,3.01041,3.02516,3.01041,3.02516
size_sweep,calm_deep,10000,passive,40,0,True,"coinbase>=1,000,000",prints+quotes,5000001,10,0.122551,2.21113e+06,0.520006,4,3.55797,passive,BTC-USD,buy,0.115895,10000,86285,0.157617,2.2332e+06,0.115895,1,1,86295.9,1.25776,8,8.00101,10001.3,0,1.25776,8.00101,-4.26048e-16,9.25876,0,0,9.25876,3.55797,3,2,0,2,3.3,0,0,1,1,0,-0.351149,-0.458433,-0.351149,-0.458433,-1.20844,-1.31574,-1.20844,-1.31574,-3.70416,-3.81148,-3.70416,-3.81148
size_sweep,calm_deep,10000,passive,40,0,True,"coinbase>=1,000,000",prints+quotes,5000001,10,0.122551,2.21113e+06,0.520006,4,3.55797,passive,BTC-USD,sell,0.115895,10000,86285,0.157617,2.30721e+06,0.115895,1,1,86285.7,-0.0776496,8,8.00006,10000.1,0,-0.0776496,8.00006,-0,7.92241,0,0,7.92241,-3.55797,1,3,0,0,0.4,0,0,2,1,0,0.756622,0.712641,0.756622,0.712641,1.78596,1.74197,1.78596,1.74197,3.57712,3.53313,3.57712,3.53313
size_sweep,calm_deep,10000,passive|prints-only,40,0,True,"coinbase>=1,000,000",prints-only,5000001,10,0.122551,2.21113e+06,0.520006,4,3.55797,passive,BTC-USD,buy,0.115895,10000,86285,0.157617,2.2332e+06,0.0855381,0.738066,1,86316.2,3.60466,8,5.90665,7383.32,0,2.66048,5.90665,0.931956,9.49909,0.00758922,2620.28,14.2232,3.55797,41,53,0,41,58.707,0,0,53,0,0,0.428953,0.3668,0.428953,0.3668,0.0172998,-0.0448589,0.0172998,-0.0448589,-2.17777,-2.23993,-2.17777,-2.23993
size_sweep,calm_deep,10000,passive|prints-only,40,0,True,"coinbase>=1,000,000",prints-only,5000001,10,0.122551,2.21113e+06,0.520006,4,3.55797,passive,BTC-USD,sell,0.115895,10000,86285,0.157617,2.30721e+06,0.115895,1,1,86306.8,-2.52191,8,8.00202,10002.5,0,-2.52191,8.00202,-0,5.4801,0,0,5.4801,-3.55797,8,19,0,7,8.70397,0,0,19,0,0,-0.348894,-0.334154,-0.348894,-0.334154,-0.0568177,-0.0420795,-0.0568177,-0.0420795,3.01041,3.02516,3.01041,3.02516
size_sweep,calm_deep,10000,aggressive,40,0,True,"coinbase>=1,000,000",prints+quotes,5000002,10,0.12864,2.18767e+06,0.551532,3.86667,-7.06089,aggressive,BTC-USD,buy,0.115866,10000,86306.4,0.187703,2.08151e+06,0.115866,1,0,86307.3,0.0938516,18,18.0002,0,10000.1,0.0938516,18.0002,-0,18.094,0,0,18.094,-7.06089,1,1,0,0,0.0410839,0,0,0,0,0,0.242158,0.148309,,,3.04262,2.94879,,,7.35106,7.25728,,
size_sweep,calm_deep,10000,aggressive,40,0,True,"coinbase>=1,000,000",prints+quotes,5000002,10,0.12864,2.18767e+06,0.551532,3.86667,-7.06089,aggressive,BTC-USD,sell,0.115866,10000,86306.4,0.187703,2.12641e+06,0.115866,1,0,86305.6,0.0989636,18,17.9998,0,9999.9,0.0989636,17.9998,0,18.0988,0,0,18.0988,7.06089,1,2,0,0,0.0410839,0,0,0,0,0,-0.0493456,-0.148309,,,-2.84986,-2.94879,,,-7.15839,-7.25728,,
size_sweep,calm_deep,10000,hybrid,40,0,True,"coinbase>=1,000,000",prints+quotes,5000002,10,0.12864,2.18767e+06,0.551532,3.86667,-7.06089,hybrid,BTC-USD,buy,0.115866,10000,86306.4,0.187703,2.08151e+06,0.115866,1,1,86305.6,-0.092693,8,7.99993,9999.91,0,-0.092693,7.99993,-0,7.90723,0,0,7.90723,-7.06089,1,1,0,0,0.4,0,0,0,1,0,0.195816,0.0550377,0.195816,0.0550377,3.15333,3.01259,3.15333,3.01259,6.90685,6.76616,6.90685,6.76616
size_sweep,calm_deep,10000,hybrid,40,0,True,"coinbase>=1,000,000",prints+quotes,5000002,10,0.12864,2.18767e+06,0.551532,3.86667,-7.06089,hybrid,BTC-USD,sell,0.115866,10000,86306.4,0.187703,2.12641e+06,0.115866,1,1,86299.6,0.791741,8,7.99937,9999.21,0,0.791741,7.99937,-8.45712e-16,8.79111,0,0,8.79111,7.06089,3,5,0,2,2.2,0,0,4,1,0,-0.993914,-1.0042,-0.993914,-1.0042,-2.6291,-2.63939,-2.6291,-2.63939,-7.2788,-7.28908,-7.2788,-7.28908
size_sweep,calm_deep,10000,hybrid|prints-only,40,0,True,"coinbase>=1,000,000",prints-only,5000002,10,0.12864,2.18767e+06,0.551532,3.86667,-7.06089,hybrid,BTC-USD,buy,0.115866,10000,86306.4,0.187703,2.08151e+06,0.115866,1,1,86291.1,-1.776,8,7.99858,9998.22,0,-1.776,7.99858,8.45712e-16,6.22258,0,0,6.22258,-7.06089,4,8,0,3,3.34989,0,0,8,0,0,0.662623,0.882336,0.662623,0.882336,2.28631,2.50599,2.28631,2.50599,5.66051,5.88012,5.66051,5.88012
size_sweep,calm_deep,10000,hybrid|prints-only,40,0,True,"coinbase>=1,000,000",prints-only,5000002,10,0.12864,2.18767e+06,0.551532,3.86667,-7.06089,hybrid,BTC-USD,sell,0.115866,10000,86306.4,0.187703,2.12641e+06,0.115866,1,0.749893,86258.8,5.51961,10.5004,10.4946,7495.43,2499.05,5.51961,10.4946,-8.45712e-16,16.0142,0,0,16.0142,7.06089,32,34,0,31,42.1531,0,0,33,0,0,-0.0159955,-0.0471386,-0.141224,-0.182367,-0.760084,-0.791233,-1.23559,-1.27674,-2.92917,-2.96032,-3.26275,-3.3039
size_sweep,calm_deep,10000,passive,40,0,True,"coinbase>=1,000,000",prints+quotes,5000002,10,0.12864,2.18767e+06,0.551532,3.86667,-7.06089,passive,BTC-USD,buy,0.115866,10000,86306.4,0.187703,2.08151e+06,0.115866,1,1,86305.6,-0.092693,8,7.99993,9999.91,0,-0.092693,7.99993,-0,7.90723,0,0,7.90723,-7.06089,1,1,0,0,0.4,0,0,0,1,0,0.195816,0.0550377,0.195816,0.0550377,3.15333,3.01259,3.15333,3.01259,6.90685,6.76616,6.90685,6.76616
size_sweep,calm_deep,10000,passive,40,0,True,"coinbase>=1,000,000",prints+quotes,5000002,10,0.12864,2.18767e+06,0.551532,3.86667,-7.06089,passive,BTC-USD,sell,0.115866,10000,86306.4,0.187703,2.12641e+06,0.115866,1,1,86299.6,0.791741,8,7.99937,9999.21,0,0.791741,7.99937,-8.45712e-16,8.79111,0,0,8.79111,7.06089,3,5,0,2,2.2,0,0,4,1,0,-0.993914,-1.0042,-0.993914,-1.0042,-2.6291,-2.63939,-2.6291,-2.63939,-7.2788,-7.28908,-7.2788,-7.28908
size_sweep,calm_deep,10000,passive|prints-only,40,0,True,"coinbase>=1,000,000",prints-only,5000002,10,0.12864,2.18767e+06,0.551532,3.86667,-7.06089,passive,BTC-USD,buy,0.115866,10000,86306.4,0.187703,2.08151e+06,0.115866,1,1,86291.1,-1.776,8,7.99858,9998.22,0,-1.776,7.99858,8.45712e-16,6.22258,0,0,6.22258,-7.06089,4,8,0,3,3.34989,0,0,8,0,0,0.662623,0.882336,0.662623,0.882336,2.28631,2.50599,2.28631,2.50599,5.66051,5.88012,5.66051,5.88012
size_sweep,calm_deep,10000,passive|prints-only,40,0,True,"coinbase>=1,000,000",prints-only,5000002,10,0.12864,2.18767e+06,0.551532,3.86667,-7.06089,passive,BTC-USD,sell,0.115866,10000,86306.4,0.187703,2.12641e+06,0.115866,1,1,86259.1,5.48357,8,7.99561,9994.52,0,5.48357,7.99561,0,13.4792,0,0,13.4792,7.06089,40,41,0,39,50.7033,0,0,41,0,0,-0.172527,-0.254057,-0.172527,-0.254057,-1.14206,-1.2236,-1.14206,-1.2236,-3.02002,-3.10155,-3.02002,-3.10155
size_sweep,calm_deep,10000,aggressive,40,0,True,"coinbase>=1,000,000",prints+quotes,5000003,10,0.122117,2.15405e+06,0.629913,4.45,1.15263,aggressive,BTC-USD,buy,0.1159,10000,86281.2,0.00811301,2.10254e+06,0.1159,1,0,86281.2,0.0040565,18,18,0,10000,0.0040565,18,0,18.0041,0,0,18.0041,1.15263,1,1,0,0,0.0300303,0,0,0,0,0,-0.482144,-0.486201,,,-0.552843,-0.5569,,,1.50149,1.49743,,
size_sweep,calm_deep,10000,aggressive,40,0,True,"coinbase>=1,000,000",prints+quotes,5000003,10,0.122117,2.15405e+06,0.629913,4.45,1.15263,aggressive,BTC-USD,sell,0.1159,10000,86281.2,0.00811301,2.00415e+06,0.1159,1,0,86281.1,0.0040565,18,18,0,10000,0.0040565,18,-0,18.004,0,0,18.004,-1.15263,1,1,0,0,0.0300303,0,0,0,0,0,0.490258,0.486201,,,0.560957,0.5569,,,-1.49337,-1.49743,,
size_sweep,calm_deep,10000,hybrid,40,0,True,"coinbase>=1,000,000",prints+quotes,5000003,10,0.122117,2.15405e+06,0.629913,4.45,1.15263,hybrid,BTC-USD,buy,0.1159,10000,86281.2,0.00811301,2.10254e+06,0.1159,1,1,86287.1,0.689026,8,8.00055,10000.7,0,0.689026,8.00055,0,8.68958,0,0,8.68958,1.15263,2,1,0,1,0.8,0,0,0,1,0,-0.595106,-0.743459,-0.595106,-0.743459,0.341302,0.192963,0.341302,0.192963,1.81313,1.66482,1.81313,1.66482
size_sweep,calm_deep,10000,hybrid,40,0,True,"coinbase>=1,000,000",prints+quotes,5000003,10,0.122117,2.15405e+06,0.629913,4.45,1.15263,hybrid,BTC-USD,sell,0.1159,10000,86281.2,0.00811301,2.00415e+06,0.1159,1,1,86281.2,-0.0028975,8,8,10000,0,-0.0028975,8,-0,7.9971,0,0,7.9971,-1.15263,1,1,0,0,0.2,0,0,0,1,0,0.946904,0.66235,0.946904,0.66235,0.328577,0.0440408,0.328577,0.0440408,-1.42267,-1.70716,-1.42267,-1.70716
size_sweep,calm_deep,10000,hybrid|prints-only,40,0,True,"coinbase>=1,000,000",prints-only,5000003,10,0.122117,2.15405e+06,0.629913,4.45,1.15263,hybrid,BTC-USD,buy,0.1159,10000,86281.2,0.00811301,2.10254e+06,0.1159,1,1,86290.3,1.06247,8,8.00085,10001.1,0,1.06247,8.00085,1.38015e-16,9.06332,0,0,9.06332,1.15263,13,25,0,12,16.6003,0,0,25,0,0,0.673329,0.318529,0.673329,0.318529,0.635154,0.280351,0.635154,0.280351,1.31378,0.959005,1.31378,0.959005
size_sweep,calm_deep,10000,hybrid|prints-only,40,0,True,"coinbase>=1,000,000",prints-only,5000003,10,0.122117,2.15405e+06,0.629913,4.45,1.15263,hybrid,BTC-USD,sell,0.1159,10000,86281.2,0.00811301,2.00415e+06,0.1159,1,1,86276.8,0.512003,8,7.99959,9999.49,0,0.512003,7.99959,-1.38015e-16,8.51159,0,0,8.51159,-1.15263,11,14,0,10,12.7056,0,0,14,0,0,0.220729,-0.0114209,0.220729,-0.0114209,1.02708,0.794903,1.02708,0.794903,-0.506593,-0.738727,-0.506593,-0.738727
size_sweep,calm_deep,10000,passive,40,0,True,"coinbase>=1,000,000",prints+quotes,5000003,10,0.122117,2.15405e+06,0.629913,4.45,1.15263,passive,BTC-USD,buy,0.1159,10000,86281.2,0.00811301,2.10254e+06,0.1159,1,1,86287.1,0.689026,8,8.00055,10000.7,0,0.689026,8.00055,0,8.68958,0,0,8.68958,1.15263,2,1,0,1,0.8,0,0,0,1,0,-0.595106,-0.743459,-0.595106,-0.743459,0.341302,0.192963,0.341302,0.192963,1.81313,1.66482,1.81313,1.66482
size_sweep,calm_deep,10000,passive,40,0,True,"coinbase>=1,000,000",prints+quotes,5000003,10,0.122117,2.15405e+06,0.629913,4.45,1.15263,passive,BTC-USD,sell,0.1159,10000,86281.2,0.00811301,2.00415e+06,0.1159,1,1,86281.2,-0.0028975,8,8,10000,0,-0.0028975,8,-0,7.9971,0,0,7.9971,-1.15263,1,1,0,0,0.2,0,0,0,1,0,0.946904,0.66235,0.946904,0.66235,0.328577,0.0440408,0.328577,0.0440408,-1.42267,-1.70716,-1.42267,-1.70716
size_sweep,calm_deep,10000,passive|prints-only,40,0,True,"coinbase>=1,000,000",prints-only,5000003,10,0.122117,2.15405e+06,0.629913,4.45,1.15263,passive,BTC-USD,buy,0.1159,10000,86281.2,0.00811301,2.10254e+06,0.1159,1,1,86290.3,1.06247,8,8.00085,10001.1,0,1.06247,8.00085,1.38015e-16,9.06332,0,0,9.06332,1.15263,13,25,0,12,16.6003,0,0,25,0,0,0.673329,0.318529,0.673329,0.318529,0.635154,0.280351,0.635154,0.280351,1.31378,0.959005,1.31378,0.959005
size_sweep,calm_deep,10000,passive|prints-only,40,0,True,"coinbase>=1,000,000",prints-only,5000003,10,0.122117,2.15405e+06,0.629913,4.45,1.15263,passive,BTC-USD,sell,0.1159,10000,86281.2,0.00811301,2.00415e+06,0.1159,1,1,86276.8,0.512003,8,7.99959,9999.49,0,0.512003,7.99959,-1.38015e-16,8.51159,0,0,8.51159,-1.15263,11,14,0,10,12.7056,0,0,14,0,0,0.220729,-0.0114209,0.220729,-0.0114209,1.02708,0.794903,1.02708,0.794903,-0.506593,-0.738727,-0.506593,-0.738727
size_sweep,calm_deep,10000,aggressive,40,0,True,"coinbase>=1,000,000",prints+quotes,5000004,10,0.126355,2.17246e+06,0.495917,4,0.519216,aggressive,BTC-USD,buy,0.115896,10000,86284,0.165732,2.24708e+06,0.115896,1,0,86284.7,0.0828659,18,18.0001,0,10000.1,0.0828659,18.0001,0,18.083,0,0,18.083,0.519216,1,1,0,0,0.0356233,0,0,0,0,0,-0.252072,-0.33494,,,1.79232,1.70947,,,3.89235,3.80951,,
size_sweep,calm_deep,10000,aggressive,40,0,True,"coinbase>=1,000,000",prints+quotes,5000004,10,0.126355,2.17246e+06,0.495917,4,0.519216,aggressive,BTC-USD,sell,0.115896,10000,86284,0.165732,2.19672e+06,0.115896,1,0,86283.3,0.0828659,18,17.9998,0,9999.92,0.0828659,17.9999,-0,18.0827,0,0,18.0827,-0.519216,1,1,0,0,0.0356233,0,0,0,0,0,0.41781,0.33494,,,-1.62662,-1.70947,,,-3.72668,-3.80951,,
size_sweep,calm_deep,10000,hybrid,40,0,True,"coinbase>=1,000,000",prints+quotes,5000004,10,0.126355,2.17246e+06,0.495917,4,0.519216,hybrid,BTC-USD,buy,0.115896,10000,86284,0.165732,2.24708e+06,0.115896,1,1,86283.3,-0.0817069,8,7.99993,9999.92,0,-0.0817069,7.99993,0,7.91823,0,0,7.91823,0.519216,1,1,0,0,1.4,0,0,0,1,0,-0.0301333,-0.137919,-0.0301333,-0.137919,2.47441,2.36665,2.47441,2.36665,4.06278,3.95504,4.06278,3.95504
size_sweep,calm_deep,10000,hybrid,40,0,True,"coinbase>=1,000,000",prints+quotes,5000004,10,0.126355,2.17246e+06,0.495917,4,0.519216,hybrid,BTC-USD,sell,0.115896,10000,86284,0.165732,2.19672e+06,0.115896,1,1,86284.7,-0.0817069,8,8.00006,10000.1,0,-0.0817069,8.00007,-0,7.91836,0,0,7.91836,-0.519216,1,1,0,0,0.4,0,0,0,1,0,-0.271195,-0.392301,-0.271195,-0.392301,-2.17709,-2.29818,-2.17709,-2.29818,-3.76254,-3.88361,-3.76254,-3.88361
size_sweep,calm_deep,10000,hybrid|prints-only,40,0,True,"coinbase>=1,000,000",prints-only,5000004,10,0.126355,2.17246e+06,0.495917,4,0.519216,hybrid,BTC-USD,buy,0.115896,10000,86284,0.165732,2.24708e+06,0.115896,1,0.543641,86264.5,-2.2655,12.5639,12.561,5434.88,4562.86,-2.2655,12.561,0,10.2955,0,0,10.2955,0.519216,31,38,1,29,42.1617,0,0,37,0,0,-0.170873,-0.377276,0.122587,-0.151499,-0.348552,-0.554964,0.0107997,-0.2633,-1.39178,-1.59822,-1.87653,-2.1507
size_sweep,calm_deep,10000,hybrid|prints-only,40,0,True,"coinbase>=1,000,000",prints-only,5000004,10,0.126355,2.17246e+06,0.495917,4,0.519216,hybrid,BTC-USD,sell,0.115896,10000,86284,0.165732,2.19672e+06,0.115896,1,1,86257.6,3.05742,8,7.99755,9996.94,0,3.05742,7.99755,-6.21725e-17,11.055,0,0,11.055,-0.519216,19,57,1,17,36.6152,0,0,57,0,0,0.379484,0.288279,0.379484,0.288279,0.288767,0.197558,0.288767,0.197558,2.36969,2.27847,2.36969,2.27847
size_sweep,calm_deep,10000,passive,40,0,True,"coinbase>=1,000,000",prints+quotes,5000004,10,0.126355,2.17246e+06,0.495917,4,0.519216,passive,BTC-USD,buy,0.115896,10000,86284,0.165732,2.24708e+06,0.115896,1,1,86283.3,-0.0817069,8,7.99993,9999.92,0,-0.0817069,7.99993,0,7.91823,0,0,7.91823,0.519216,1,1,0,0,1.4,0,0,0,1,0,-0.0301333,-0.137919,-0.0301333,-0.137919,2.47441,2.36665,2.47441,2.36665,4.06278,3.95504,4.06278,3.95504
size_sweep,calm_deep,10000,passive,40,0,True,"coinbase>=1,000,000",prints+quotes,5000004,10,0.126355,2.17246e+06,0.495917,4,0.519216,passive,BTC-USD,sell,0.115896,10000,86284,0.165732,2.19672e+06,0.115896,1,1,86284.7,-0.0817069,8,8.00006,10000.1,0,-0.0817069,8.00007,-0,7.91836,0,0,7.91836,-0.519216,1,1,0,0,0.4,0,0,0,1,0,-0.271195,-0.392301,-0.271195,-0.392301,-2.17709,-2.29818,-2.17709,-2.29818,-3.76254,-3.88361,-3.76254,-3.88361
size_sweep,calm_deep,10000,passive|prints-only,40,0,True,"coinbase>=1,000,000",prints-only,5000004,10,0.126355,2.17246e+06,0.495917,4,0.519216,passive,BTC-USD,buy,0.115896,10000,86284,0.165732,2.24708e+06,0.115896,1,1,86272.5,-1.33348,8,7.99893,9998.67,0,-1.33348,7.99893,0,6.66546,0,0,6.66546,0.519216,35,52,1,33,53.1051,0,0,52,0,0,-0.0199566,-0.158632,-0.0199566,-0.158632,-0.431073,-0.56976,-0.431073,-0.56976,-1.40278,-1.5415,-1.40278,-1.5415
size_sweep,calm_deep,10000,passive|prints-only,40,0,True,"coinbase>=1,000,000",prints-only,5000004,10,0.126355,2.17246e+06,0.495917,4,0.519216,passive,BTC-USD,sell,0.115896,10000,86284,0.165732,2.19672e+06,0.115896,1,1,86257.6,3.05742,8,7.99755,9996.94,0,3.05742,7.99755,-6.21725e-17,11.055,0,0,11.055,-0.519216,19,57,1,17,36.6152,0,0,57,0,0,0.379484,0.288279,0.379484,0.288279,0.288767,0.197558,0.288767,0.197558,2.36969,2.27847,2.36969,2.27847
size_sweep,calm_deep,10000,aggressive,40,0,True,"coinbase>=1,000,000",prints+quotes,5000005,10,0.115498,2.16526e+06,0.692307,3.75,-6.48589,aggressive,BTC-USD,buy,0.115882,10000,86295,0.0069529,3.07187e+06,0.115882,1,0,86295,0.00347645,18,18,0,10000,0.00347645,18,-0,18.0035,0,0,18.0035,-6.48589,1,1,0,0,0.0344386,0,0,0,0,0,0.0249145,0.0214381,,,1.2718,1.26832,,,5.99977,5.99629,,
size_sweep,calm_deep,10000,aggressive,40,0,True,"coinbase>=1,000,000",prints+quotes,5000005,10,0.115498,2.16526e+06,0.692307,3.75,-6.48589,aggressive,BTC-USD,sell,0.115882,10000,86295,0.0069529,2.37101e+06,0.115882,1,0,86294.8,0.0221617,18,18,0,9999.98,0.0221617,18,0,18.0221,0,0,18.0221,6.48589,1,2,0,0,0.0344386,0,0,0,0,0,0.000723673,-0.0214381,,,-1.24617,-1.26832,,,-5.97414,-5.99629,,
size_sweep,calm_deep,10000,hybrid,40,0,True,"coinbase>=1,000,000",prints+quotes,5000005,10,0.115498,2.16526e+06,0.692307,3.75,-6.48589,hybrid,BTC-USD,buy,0.115882,10000,86295,0.0069529,3.07187e+06,0.115882,1,1,86295,-0.00231763,8,8,10000,0,-0.00231763,8,-0,7.99768,0,0,7.99768,-6.48589,1,1,0,0,0.3,0,0,0,1,0,-0.275798,-0.509312,-0.275798,-0.509312,1.47865,1.24518,1.47865,1.24518,6.15853,5.92517,6.15853,5.92517
size_sweep,calm_deep,10000,hybrid,40,0,True,"coinbase>=1,000,000",prints+quotes,5000005,10,0.115498,2.16526e+06,0.692307,3.75,-6.48589,hybrid,BTC-USD,sell,0.115882,10000,86295,0.0069529,2.37101e+06,0.115882,1,1,86295,-0.00231763,8,8,10000,0,-0.00231763,8,0,7.99768,0,0,7.99768,6.48589,1,1,0,0,1.2,0,0,0,1,0,0.432818,0.122831,0.432818,0.122831,-0.965873,-1.27582,-0.965873,-1.27582,-6.7727,-7.08246,-6.7727,-7.08246
size_sweep,calm_deep,10000,hybrid|prints-only,40,0,True,"coinbase>=1,000,000",prints-only,5000005,10,0.115498,2.16526e+06,0.692307,3.75,-6.48589,hybrid,BTC-USD,buy,0.115882,10000,86295,0.0069529,3.07187e+06,0.115882,1,1,86253.1,-4.85613,8,7.99611,9995.14,0,-4.85613,7.99612,-0,3.13999,0,0,3.13999,-6.48589,29,41,0,28,33.9027,0,0,41,0,0,0.38933,0.283627,0.38933,0.283627,0.0388303,-0.0668608,0.0388303,-0.0668608,1.53409,1.42841,1.53409,1.42841
size_sweep,calm_deep,10000,hybrid|prints-only,40,0,True,"coinbase>=1,000,000",prints-only,5000005,10,0.115498,2.16526e+06,0.692307,3.75,-6.48589,hybrid,BTC-USD,sell,0.115882,10000,86295,0.0069529,2.37101e+06,0.115882,1,0.268115,86242.5,6.07801,15.3185,15.3092,2679.89,7314.03,6.07801,15.3092,0,21.3872,0,0,21.3872,6.48589,38,37,0,37,42.1337,0,1,35,0,0,0.519651,0.466206,-0.112983,-0.203107,1.16567,1.11222,-0.74224,-0.832365,0.742462,0.689016,-0.79341,-0.883531
size_sweep,calm_deep,10000,passive,40,0,True,"coinbase>=1,000,000",prints+quotes,5000005,10,0.115498,2.16526e+06,0.692307,3.75,-6.48589,passive,BTC-USD,buy,0.115882,10000,86295,0.0069529,3.07187e+06,0.115882,1,1,86295,-0.00231763,8,8,10000,0,-0.00231763,8,-0,7.99768,0,0,7.99768,-6.48589,1,1,0,0,0.3,0,0,0,1,0,-0.275798,-0.509312,-0.275798,-0.509312,1.47865,1.24518,1.47865,1.24518,6.15853,5.92517,6.15853,5.92517
size_sweep,calm_deep,10000,passive,40,0,True,"coinbase>=1,000,000",prints+quotes,5000005,10,0.115498,2.16526e+06,0.692307,3.75,-6.48589,passive,BTC-USD,sell,0.115882,10000,86295,0.0069529,2.37101e+06,0.115882,1,1,86295,-0.00231763,8,8,10000,0,-0.00231763,8,0,7.99768,0,0,7.99768,6.48589,1,1,0,0,1.2,0,0,0,1,0,0.432818,0.122831,0.432818,0.122831,-0.965873,-1.27582,-0.965873,-1.27582,-6.7727,-7.08246,-6.7727,-7.08246
size_sweep,calm_deep,10000,passive|prints-only,40,0,True,"coinbase>=1,000,000",prints-only,5000005,10,0.115498,2.16526e+06,0.692307,3.75,-6.48589,passive,BTC-USD,buy,0.115882,10000,86295,0.0069529,3.07187e+06,0.115882,1,1,86253.1,-4.85613,8,7.99611,9995.14,0,-4.85613,7.99612,-0,3.13999,0,0,3.13999,-6.48589,29,41,0,28,33.9027,0,0,41,0,0,0.38933,0.283627,0.38933,0.283627,0.0388303,-0.0668608,0.0388303,-0.0668608,1.53409,1.42841,1.53409,1.42841
size_sweep,calm_deep,10000,passive|prints-only,40,0,True,"coinbase>=1,000,000",prints-only,5000005,10,0.115498,2.16526e+06,0.692307,3.75,-6.48589,passive,BTC-USD,sell,0.115882,10000,86295,0.0069529,2.37101e+06,0.115882,1,1,86251.3,5.06258,8,7.99595,9994.94,0,5.06258,7.99595,7.7674e-16,13.0585,0,0,13.0585,6.48589,45,47,0,44,52.4117,0,1,46,0,0,0.245095,0.120557,0.245095,0.120557,0.750833,0.626283,0.750833,0.626283,1.3776,1.25303,1.3776,1.25303
size_sweep,calm_deep,10000,aggressive,40,0,True,"coinbase>=1,000,000",prints+quotes,5000006,10,0.1233,2.16568e+06,0.649491,3.56667,-3.90059,aggressive,BTC-USD,buy,0.115899,10000,86281.8,0.0799705,2.02101e+06,0.115899,1,0,86282.3,0.0588151,18,18.0001,0,10000.1,0.0588151,18.0001,-0,18.0589,0,0,18.0589,-3.90059,1,2,0,0,0.0699909,0,0,0,0,0,0.244252,0.185439,,,-0.703798,-0.762617,,,5.1769,5.11811,,
size_sweep,calm_deep,10000,aggressive,40,0,True,"coinbase>=1,000,000",prints+quotes,5000006,10,0.1233,2.16568e+06,0.649491,3.56667,-3.90059,aggressive,BTC-USD,sell,0.115899,10000,86281.8,0.0799705,2.05698e+06,0.115899,1,0,86281.5,0.0399853,18,17.9999,0,9999.96,0.0399853,17.9999,0,18.0399,0,0,18.0399,3.90059,1,1,0,0,0.0699909,0,0,0,0,0,-0.145454,-0.185439,,,0.802606,0.762617,,,-5.07815,-5.11811,,
size_sweep,calm_deep,10000,hybrid,40,0,True,"coinbase>=1,000,000",prints+quotes,5000006,10,0.1233,2.16568e+06,0.649491,3.56667,-3.90059,hybrid,BTC-USD,buy,0.115899,10000,86281.8,0.0799705,2.02101e+06,0.115899,1,1,86281.5,-0.0388263,8,7.99997,9999.96,0,-0.0388263,7.99997,-0,7.96114,0,0,7.96114,-3.90059,1,1,0,0,0.907988,0,0,1,0,0,0.995579,1.03034,0.995579,1.03034,-0.789857,-0.755084,-0.789857,-0.755084,4.86721,4.90196,4.86721,4.90196
size_sweep,calm_deep,10000,hybrid,40,0,True,"coinbase>=1,000,000",prints+quotes,5000006,10,0.1233,2.16568e+06,0.649491,3.56667,-3.90059,hybrid,BTC-USD,sell,0.115899,10000,86281.8,0.0799705,2.05698e+06,0.115899,1,1,86282.1,-0.0388263,8,8.00003,10000,0,-0.0388263,8.00003,0,7.9612,0,0,7.9612,3.90059,1,2,0,0,0.3,0,0,0,2,0,-0.481109,-0.700811,-0.481109,-0.700811,1.07626,0.856523,1.07626,0.856523,-5.05569,-5.27529,-5.05569,-5.27529
size_sweep,calm_deep,10000,hybrid|prints-only,40,0,True,"coinbase>=1,000,000",prints-only,5000006,10,0.1233,2.16568e+06,0.649491,3.56667,-3.90059,hybrid,BTC-USD,buy,0.115899,10000,86281.8,0.0799705,2.02101e+06,0.115899,1,1,86281.5,-0.0388263,8,7.99997,9999.96,0,-0.0388263,7.99997,-0,7.96114,0,0,7.96114,-3.90059,1,1,0,0,0.907988,0,0,1,0,0,0.995579,1.03034,0.995579,1.03034,-0.789857,-0.755084,-0.789857,-0.755084,4.86721,4.90196,4.86721,4.90196
size_sweep,calm_deep,10000,hybrid|prints-only,40,0,True,"coinbase>=1,000,000",prints-only,5000006,10,0.1233,2.16568e+06,0.649491,3.56667,-3.90059,hybrid,BTC-USD,sell,0.115899,10000,86281.8,0.0799705,2.05698e+06,0.115899,1,1,86276.2,0.652433,8,7.99948,9999.35,0,0.652433,7.99948,0,8.65191,0,0,8.65191,3.90059,4,10,0,3,3.75226,0,0,10,0,0,0.91726,0.621317,0.91726,0.621317,-0.069491,-0.365402,-0.069491,-0.365402,-4.84245,-5.13822,-4.84245,-5.13822
size_sweep,calm_deep,10000,passive,40,0,True,"coinbase>=1,000,000",prints+quotes,5000006,10,0.1233,2.16568e+06,0.649491,3.56667,-3.90059,passive,BTC-USD,buy,0.115899,10000,86281.8,0.0799705,2.02101e+06,0.115899,1,1,86281.5,-0.0388263,8,7.99997,9999.96,0,-0.0388263,7.99997,-0,7.96114,0,0,7.96114,-3.90059,1,1,0,0,0.907988,0,0,1,0,0,0.995579,1.03034,0.995579,1.03034,-0.789857,-0.755084,-0.789857,-0.755084,4.86721,4.90196,4.86721,4.90196
size_sweep,calm_deep,10000,passive,40,0,True,"coinbase>=1,000,000",prints+quotes,5000006,10,0.1233,2.16568e+06,0.649491,3.56667,-3.90059,passive,BTC-USD,sell,0.115899,10000,86281.8,0.0799705,2.05698e+06,0.115899,1,1,86282.1,-0.0388263,8,8.00003,10000,0,-0.0388263,8.00003,0,7.9612,0,0,7.9612,3.90059,1,2,0,0,0.3,0,0,0,2,0,-0.481109,-0.700811,-0.481109,-0.700811,1.07626,0.856523,1.07626,0.856523,-5.05569,-5.27529,-5.05569,-5.27529
size_sweep,calm_deep,10000,passive|prints-only,40,0,True,"coinbase>=1,000,000",prints-only,5000006,10,0.1233,2.16568e+06,0.649491,3.56667,-3.90059,passive,BTC-USD,buy,0.115899,10000,86281.8,0.0799705,2.02101e+06,0.115899,1,1,86281.5,-0.0388263,8,7.99997,9999.96,0,-0.0388263,7.99997,-0,7.96114,0,0,7.96114,-3.90059,1,1,0,0,0.907988,0,0,1,0,0,0.995579,1.03034,0.995579,1.03034,-0.789857,-0.755084,-0.789857,-0.755084,4.86721,4.90196,4.86721,4.90196
size_sweep,calm_deep,10000,passive|prints-only,40,0,True,"coinbase>=1,000,000",prints-only,5000006,10,0.1233,2.16568e+06,0.649491,3.56667,-3.90059,passive,BTC-USD,sell,0.115899,10000,86281.8,0.0799705,2.05698e+06,0.115899,1,1,86276.2,0.652433,8,7.99948,9999.35,0,0.652433,7.99948,0,8.65191,0,0,8.65191,3.90059,4,10,0,3,3.75226,0,0,10,0,0,0.91726,0.621317,0.91726,0.621317,-0.069491,-0.365402,-0.069491,-0.365402,-4.84245,-5.13822,-4.84245,-5.13822
size_sweep,calm_deep,10000,aggressive,40,0,True,"coinbase>=1,000,000",prints+quotes,5000007,10,0.115428,2.16815e+06,0.548109,3.73333,-1.74469,aggressive,BTC-USD,buy,0.115888,10000,86290.4,0.235252,2.01627e+06,0.115888,1,0,86291.4,0.117626,18,18.0002,0,10000.1,0.117626,18.0002,-0,18.1178,0,0,18.1178,-1.74469,1,1,0,0,0.0777483,0,0,0,0,0,0.0318688,-0.0857569,,,0.656496,0.538878,,,-6.25555,-6.37325,,
size_sweep,calm_deep,10000,aggressive,40,0,True,"coinbase>=1,000,000",prints+quotes,5000007,10,0.115428,2.16815e+06,0.548109,3.73333,-1.74469,aggressive,BTC-USD,sell,0.115888,10000,86290.4,0.235252,2.02346e+06,0.115888,1,0,86289.4,0.117626,18,17.9998,0,9999.88,0.117626,17.9998,0,18.1174,0,0,18.1174,1.74469,1,1,0,0,0.0777483,0,0,0,0,0,0.203385,0.0857569,,,-0.421257,-0.538878,,,6.49095,6.37325,,
size_sweep,calm_deep,10000,hybrid,40,0,True,"coinbase>=1,000,000",prints+quotes,5000007,10,0.115428,2.16815e+06,0.548109,3.73333,-1.74469,hybrid,BTC-USD,buy,0.115888,10000,86290.4,0.235252,2.01627e+06,0.115888,1,1,86289.4,-0.116467,8,7.99991,9999.88,0,-0.116467,7.99991,-0,7.88344,0,0,7.88344,-1.74469,1,3,0,0,0.6,0,0,2,1,0,-0.463905,-0.545155,-0.463905,-0.545155,0.385761,0.304519,0.385761,0.304519,-6.32,-6.4013,-6.32,-6.4013
size_sweep,calm_deep,10000,hybrid,40,0,True,"coinbase>=1,000,000",prints+quotes,5000007,10,0.115428,2.16815e+06,0.548109,3.73333,-1.74469,hybrid,BTC-USD,sell,0.115888,10000,86290.4,0.235252,2.02346e+06,0.115888,1,1,86291.4,-0.116467,8,8.00009,10000.1,0,-0.116467,8.00009,0,7.88363,0,0,7.88363,1.74469,1,3,0,0,1.2,0,0,1,2,0,0.0819707,-0.107066,0.0819707,-0.107066,-0.0697775,-0.258811,-0.0697775,-0.258811,6.21391,6.02476,6.21391,6.02476
size_sweep,calm_deep,10000,hybrid|prints-only,40,0,True,"coinbase>=1,000,000",prints-only,5000007,10,0.115428,2.16815e+06,0.548109,3.73333,-1.74469,hybrid,BTC-USD,buy,0.115888,10000,86290.4,0.235252,2.01627e+06,0.115888,1,1,86289.7,-0.0835528,8,7.99993,9999.92,0,-0.0835528,7.99993,-0,7.91638,0,0,7.91638,-1.74469,14,17,0,13,18.3038,0,0,17,0,0,-0.319616,-0.694547,-0.319616,-0.694547,-1.75363,-2.12863,-1.75363,-2.12863,-4.79613,-5.17123,-4.79613,-5.17123
size_sweep,calm_deep,10000,hybrid|prints-only,40,0,True,"coinbase>=1,000,000",prints-only,5000007,10,0.115428,2.16815e+06,0.548109,3.73333,-1.74469,hybrid,BTC-USD,sell,0.115888,10000,86290.4,0.235252,2.02346e+06,0.115888,1,0.967686,86329.1,-4.48893,8.32307,8.32681,9681.27,323.217,-4.48893,8.32681,0,3.83788,0,0,3.83788,1.74469,28,50,1,26,42.1329,0,0,49,0,0,-0.0592641,-0.109087,-0.0531568,-0.0982986,-0.83674,-0.886564,-0.852901,-0.898044,-6.15188,-6.20168,-6.10542,-6.15054
size_sweep,calm_deep,10000,passive,40,0,True,"coinbase>=1,000,000",prints+quotes,5000007,10,0.115428,2.16815e+06,0.548109,3.73333,-1.74469,passive,BTC-USD,buy,0.115888,10000,86290.4,0.235252,2.01627e+06,0.115888,1,1,86289.4,-0.116467,8,7.99991,9999.88,0,-0.116467,7.99991,-0,7.88344,0,0,7.88344,-1.74469,1,3,0,0,0.6,0,0,2,1,0,-0.463905,-0.545155,-0.463905,-0.545155,0.385761,0.304519,0.385761,0.304519,-6.32,-6.4013,-6.32,-6.4013
size_sweep,calm_deep,10000,passive,40,0,True,"coinbase>=1,000,000",prints+quotes,5000007,10,0.115428,2.16815e+06,0.548109,3.73333,-1.74469,passive,BTC-USD,sell,0.115888,10000,86290.4,0.235252,2.02346e+06,0.115888,1,1,86291.4,-0.116467,8,8.00009,10000.1,0,-0.116467,8.00009,0,7.88363,0,0,7.88363,1.74469,1,3,0,0,1.2,0,0,1,2,0,0.0819707,-0.107066,0.0819707,-0.107066,-0.0697775,-0.258811,-0.0697775,-0.258811,6.21391,6.02476,6.21391,6.02476
size_sweep,calm_deep,10000,passive|prints-only,40,0,True,"coinbase>=1,000,000",prints-only,5000007,10,0.115428,2.16815e+06,0.548109,3.73333,-1.74469,passive,BTC-USD,buy,0.115888,10000,86290.4,0.235252,2.01627e+06,0.115888,1,1,86289.7,-0.0835528,8,7.99993,9999.92,0,-0.0835528,7.99993,-0,7.91638,0,0,7.91638,-1.74469,14,17,0,13,18.3038,0,0,17,0,0,-0.319616,-0.694547,-0.319616,-0.694547,-1.75363,-2.12863,-1.75363,-2.12863,-4.79613,-5.17123,-4.79613,-5.17123
size_sweep,calm_deep,10000,passive|prints-only,40,0,True,"coinbase>=1,000,000",prints-only,5000007,10,0.115428,2.16815e+06,0.548109,3.73333,-1.74469,passive,BTC-USD,sell,0.115888,10000,86290.4,0.235252,2.02346e+06,0.115888,1,1,86329,-4.47869,8,8.00358,10004.5,0,-4.47869,8.00358,0,3.52489,0,0,3.52489,1.74469,30,57,1,28,47.0039,0,0,57,0,0,-0.0489242,-0.100684,-0.0489242,-0.100684,-0.837587,-0.889347,-0.837587,-0.889347,-6.11696,-6.16869,-6.11696,-6.16869
size_sweep,calm_deep,10000,aggressive,40,0,True,"coinbase>=1,000,000",prints+quotes,5000008,10,0.120207,2.13923e+06,0.574228,4.03333,-2.1298,aggressive,BTC-USD,buy,0.115876,10000,86299.3,0.293166,1.94067e+06,0.115876,1,0,86300.6,0.146583,18,18.0003,0,10000.1,0.146583,18.0003,-0,18.1468,0,0,18.1468,-2.1298,1,1,0,0,0.05787,0,0,0,0,0,0.850516,0.703946,,,2.46232,2.31578,,,4.88062,4.73411,,
size_sweep,calm_deep,10000,aggressive,40,0,True,"coinbase>=1,000,000",prints+quotes,5000008,10,0.120207,2.13923e+06,0.574228,4.03333,-2.1298,aggressive,BTC-USD,sell,0.115876,10000,86299.3,0.293166,2.11213e+06,0.115876,1,0,86298,0.146583,18,17.9997,0,9999.85,0.146583,17.9997,0,18.1463,0,0,18.1463,2.1298,1,1,0,0,0.05787,0,0,0,0,0,-0.557371,-0.703946,,,-2.16923,-2.31578,,,-4.58759,-4.73411,,
size_sweep,calm_deep,10000,hybrid,40,0,True,"coinbase>=1,000,000",prints+quotes,5000008,10,0.120207,2.13923e+06,0.574228,4.03333,-2.1298,hybrid,BTC-USD,buy,0.115876,10000,86299.3,0.293166,1.94067e+06,0.115876,1,1,86298,-0.145424,8,7.99988,9999.85,0,-0.145424,7.99988,-0,7.85446,0,0,7.85446,-2.1298,1,1,0,0,0.5,0,0,0,1,0,0.484368,0.433384,0.484368,0.433384,3.00007,2.9491,3.00007,2.9491,4.87555,4.82458,4.87555,4.82458
size_sweep,calm_deep,10000,hybrid,40,0,True,"coinbase>=1,000,000",prints+quotes,5000008,10,0.120207,2.13923e+06,0.574228,4.03333,-2.1298,hybrid,BTC-USD,sell,0.115876,10000,86299.3,0.293166,2.11213e+06,0.115876,1,1,86300.5,-0.145424,8,8.00012,10000.1,0,-0.145424,8.00012,0,7.85469,0,0,7.85469,2.1298,1,2,0,0,0.2,0,0,0,2,0,-0.835006,-0.945384,-0.835006,-0.945384,-2.86956,-2.97992,-2.86956,-2.97992,-4.64697,-4.75731,-4.64697,-4.75731
size_sweep,calm_deep,10000,hybrid|prints-only,40,0,True,"coinbase>=1,000,000",prints-only,5000008,10,0.120207,2.13923e+06,0.574228,4.03333,-2.1298,hybrid,BTC-USD,buy,0.115876,10000,86299.3,0.293166,1.94067e+06,0.115876,1,1,86290.2,-1.05736,8,7.99915,9998.94,0,-1.05736,7.99915,-0,6.94179,0,0,6.94179,-2.1298,28,38,0,27,33.3008,0,0,38,0,0,1.25264,0.837159,1.25264,0.837159,2.43651,2.02108,2.43651,2.02108,4.09481,3.67945,4.09481,3.67945
size_sweep,calm_deep,10000,hybrid|prints-only,40,0,True,"coinbase>=1,000,000",prints-only,5000008,10,0.120207,2.13923e+06,0.574228,4.03333,-2.1298,hybrid,BTC-USD,sell,0.115876,10000,86299.3,0.293166,2.11213e+06,0.115876,1,1,86270.1,3.38493,8,7.99729,9996.61,0,3.38493,7.99729,0,11.3822,0,0,11.3822,2.1298,8,14,0,7,12.1267,0,0,14,0,0,0.335266,0.0701928,0.335266,0.0701928,-1.15203,-1.41706,-1.15203,-1.41706,-0.203522,-0.468584,-0.203522,-0.468584
size_sweep,calm_deep,10000,passive,40,0,True,"coinbase>=1,000,000",prints+quotes,5000008,10,0.120207,2.13923e+06,0.574228,4.03333,-2.1298,passive,BTC-USD,buy,0.115876,10000,86299.3,0.293166,1.94067e+06,0.115876,1,1,86298,-0.145424,8,7.99988,9999.85,0,-0.145424,7.99988,-0,7.85446,0,0,7.85446,-2.1298,1,1,0,0,0.5,0,0,0,1,0,0.484368,0.433384,0.484368,0.433384,3.00007,2.9491,3.00007,2.9491,4.87555,4.82458,4.87555,4.82458
size_sweep,calm_deep,10000,passive,40,0,True,"coinbase>=1,000,000",prints+quotes,5000008,10,0.120207,2.13923e+06,0.574228,4.03333,-2.1298,passive,BTC-USD,sell,0.115876,10000,86299.3,0.293166,2.11213e+06,0.115876,1,1,86300.5,-0.145424,8,8.00012,10000.1,0,-0.145424,8.00012,0,7.85469,0,0,7.85469,2.1298,1,2,0,0,0.2,0,0,0,2,0,-0.835006,-0.945384,-0.835006,-0.945384,-2.86956,-2.97992,-2.86956,-2.97992,-4.64697,-4.75731,-4.64697,-4.75731
size_sweep,calm_deep,10000,passive|prints-only,40,0,True,"coinbase>=1,000,000",prints-only,5000008,10,0.120207,2.13923e+06,0.574228,4.03333,-2.1298,passive,BTC-USD,buy,0.115876,10000,86299.3,0.293166,1.94067e+06,0.115876,1,1,86290.2,-1.05736,8,7.99915,9998.94,0,-1.05736,7.99915,-0,6.94179,0,0,6.94179,-2.1298,28,38,0,27,33.3008,0,0,38,0,0,1.25264,0.837159,1.25264,0.837159,2.43651,2.02108,2.43651,2.02108,4.09481,3.67945,4.09481,3.67945
size_sweep,calm_deep,10000,passive|prints-only,40,0,True,"coinbase>=1,000,000",prints-only,5000008,10,0.120207,2.13923e+06,0.574228,4.03333,-2.1298,passive,BTC-USD,sell,0.115876,10000,86299.3,0.293166,2.11213e+06,0.115876,1,1,86270.1,3.38493,8,7.99729,9996.61,0,3.38493,7.99729,0,11.3822,0,0,11.3822,2.1298,8,14,0,7,12.1267,0,0,14,0,0,0.335266,0.0701928,0.335266,0.0701928,-1.15203,-1.41706,-1.15203,-1.41706,-0.203522,-0.468584,-0.203522,-0.468584
size_sweep,calm_deep,10000,aggressive,40,0,True,"coinbase>=1,000,000",prints+quotes,5000009,10,0.125677,2.22986e+06,0.57014,4.36667,-5.47896,aggressive,BTC-USD,buy,0.115895,10000,86284.6,0.0834447,2.43986e+06,0.115895,1,0,86285,0.0417224,18,18.0001,0,10000,0.0417224,18.0001,-0,18.0418,0,0,18.0418,-5.47896,1,1,0,0,0.0441985,0,0,0,0,0,-0.698847,-0.740572,,,0.491395,0.449674,,,0.782871,0.741152,,
size_sweep,calm_deep,10000,aggressive,40,0,True,"coinbase>=1,000,000",prints+quotes,5000009,10,0.125677,2.22986e+06,0.57014,4.36667,-5.47896,aggressive,BTC-USD,sell,0.115895,10000,86284.6,0.0834447,2.2951e+06,0.115895,1,0,86284.3,0.0417224,18,17.9999,0,9999.96,0.0417224,17.9999,0,18.0416,0,0,18.0416,5.47896,1,1,0,0,0.0441985,0,0,0,0,0,0.782298,0.740572,,,-0.407954,-0.449674,,,-0.699432,-0.741152,,
size_sweep,calm_deep,10000,hybrid,40,0,True,"coinbase>=1,000,000",prints+quotes,5000009,10,0.125677,2.22986e+06,0.57014,4.36667,-5.47896,hybrid,BTC-USD,buy,0.115895,10000,86284.6,0.0834447,2.43986e+06,0.115895,1,1,86289.3,0.541232,8,8.00043,10000.5,0,0.541232,8.00043,-0,8.54166,0,0,8.54166,-5.47896,2,1,0,1,1.1,0,0,0,1,0,1.00534,0.768364,1.00534,0.768364,1.08472,0.84775,1.08472,0.84775,1.04416,0.807187,1.04416,0.807187
size_sweep,calm_deep,10000,hybrid,40,0,True,"coinbase>=1,000,000",prints+quotes,5000009,10,0.125677,2.22986e+06,0.57014,4.36667,-5.47896,hybrid,BTC-USD,sell,0.115895,10000,86284.6,0.0834447,2.2951e+06,0.115895,1,1,86285,-0.0405634,8,8.00003,10000,0,-0.0405634,8.00003,0,7.95947,0,0,7.95947,5.47896,1,3,0,0,0.3,0,0,2,1,0,0.316767,-0.0647373,0.316767,-0.0647373,-0.780852,-1.16231,-0.780852,-1.16231,-0.944039,-1.32549,-0.944039,-1.32549
size_sweep,calm_deep,10000,hybrid|prints-only,40,0,True,"coinbase>=1,000,000",prints-only,5000009,10,0.125677,2.22986e+06,0.57014,4.36667,-5.47896,hybrid,BTC-USD,buy,0.115895,10000,86284.6,0.0834447,2.43986e+06,0.115895,1,1,86279.7,-0.567802,8,7.99955,9999.43,0,-0.567802,7.99955,6.56072e-16,7.43174,0,0,7.43174,-5.47896,12,12,1,10,13.7162,0,0,12,0,0,-0.140978,-0.0312165,-0.140978,-0.0312165,0.745284,0.855033,0.745284,0.855033,-0.358809,-0.249045,-0.358809,-0.249045
size_sweep,calm_deep,10000,hybrid|prints-only,40,0,True,"coinbase>=1,000,000",prints-only,5000009,10,0.125677,2.22986e+06,0.57014,4.36667,-5.47896,hybrid,BTC-USD,sell,0.115895,10000,86284.6,0.0834447,2.2951e+06,0.115895,1,1,86278.9,0.659462,8,7.99947,9999.34,0,0.659462,7.99947,0,8.65893,0,0,8.65893,5.47896,11,14,0,11,14.415,0,0,14,0,0,0.177859,-0.343672,0.177859,-0.343672,-0.247091,-0.7686,-0.247091,-0.7686,1.06825,0.546673,1.06825,0.546673
size_sweep,calm_deep,10000,passive,40,0,True,"coinbase>=1,000,000",prints+quotes,5000009,10,0.125677,2.22986e+06,0.57014,4.36667,-5.47896,passive,BTC-USD,buy,0.115895,10000,86284.6,0.0834447,2.43986e+06,0.115895,1,1,86289.3,0.541232,8,8.00043,10000.5,0,0.541232,8.00043,-0,8.54166,0,0,8.54166,-5.47896,2,1,0,1,1.1,0,0,0,1,0,1.00534,0.768364,1.00534,0.768364,1.08472,0.84775,1.08472,0.84775,1.04416,0.807187,1.04416,0.807187
size_sweep,calm_deep,10000,passive,40,0,True,"coinbase>=1,000,000",prints+quotes,5000009,10,0.125677,2.22986e+06,0.57014,4.36667,-5.47896,passive,BTC-USD,sell,0.115895,10000,86284.6,0.0834447,2.2951e+06,0.115895,1,1,86285,-0.0405634,8,8.00003,10000,0,-0.0405634,8.00003,0,7.95947,0,0,7.95947,5.47896,1,3,0,0,0.3,0,0,2,1,0,0.316767,-0.0647373,0.316767,-0.0647373,-0.780852,-1.16231,-0.780852,-1.16231,-0.944039,-1.32549,-0.944039,-1.32549
size_sweep,calm_deep,10000,passive|prints-only,40,0,True,"coinbase>=1,000,000",prints-only,5000009,10,0.125677,2.22986e+06,0.57014,4.36667,-5.47896,passive,BTC-USD,buy,0.115895,10000,86284.6,0.0834447,2.43986e+06,0.115895,1,1,86279.7,-0.567802,8,7.99955,9999.43,0,-0.567802,7.99955,6.56072e-16,7.43174,0,0,7.43174,-5.47896,12,12,1,10,13.7162,0,0,12,0,0,-0.140978,-0.0312165,-0.140978,-0.0312165,0.745284,0.855033,0.745284,0.855033,-0.358809,-0.249045,-0.358809,-0.249045
size_sweep,calm_deep,10000,passive|prints-only,40,0,True,"coinbase>=1,000,000",prints-only,5000009,10,0.125677,2.22986e+06,0.57014,4.36667,-5.47896,passive,BTC-USD,sell,0.115895,10000,86284.6,0.0834447,2.2951e+06,0.115895,1,1,86278.9,0.659462,8,7.99947,9999.34,0,0.659462,7.99947,0,8.65893,0,0,8.65893,5.47896,11,14,0,11,14.415,0,0,14,0,0,0.177859,-0.343672,0.177859,-0.343672,-0.247091,-0.7686,-0.247091,-0.7686,1.06825,0.546673,1.06825,0.546673
size_sweep,calm_deep,10000,aggressive,40,0,True,"coinbase>=1,000,000",prints+quotes,5000010,10,0.133876,2.15709e+06,0.52507,4.4,-3.80381,aggressive,BTC-USD,buy,0.115882,10000,86295,0.193522,1.94792e+06,0.115882,1,0,86296.2,0.142302,18,18.0003,0,10000.1,0.142302,18.0003,-0,18.1426,0,0,18.1426,-3.80381,1,2,0,0,0.025185,0,0,0,0,0,0.237901,0.0956023,,,1.70147,1.55919,,,5.86387,5.72165,,
size_sweep,calm_deep,10000,aggressive,40,0,True,"coinbase>=1,000,000",prints+quotes,5000010,10,0.133876,2.15709e+06,0.52507,4.4,-3.80381,aggressive,BTC-USD,sell,0.115882,10000,86295,0.193522,2.32926e+06,0.115882,1,0,86294.1,0.0967611,18,17.9998,0,9999.9,0.0967611,17.9998,0,18.0966,0,0,18.0966,3.80381,1,1,0,0,0.025185,0,0,0,0,0,0.00115883,-0.0956023,,,-1.46244,-1.55919,,,-5.62495,-5.72165,,
size_sweep,calm_deep,10000,hybrid,40,0,True,"coinbase>=1,000,000",prints+quotes,5000010,10,0.133876,2.15709e+06,0.52507,4.4,-3.80381,hybrid,BTC-USD,buy,0.115882,10000,86295,0.193522,1.94792e+06,0.115882,1,1,86294.1,-0.0956023,8,7.99992,9999.9,0,-0.0956023,7.99992,-0,7.90432,0,0,7.90432,-3.80381,1,3,0,0,0.4,0,0,2,1,0,0.469115,0.416533,0.469115,0.416533,2.053,2.00042,2.053,2.00042,5.79914,5.74659,5.79914,5.74659
size_sweep,calm_deep,10000,hybrid,40,0,True,"coinbase>=1,000,000",prints+quotes,5000010,10,0.133876,2.15709e+06,0.52507,4.4,-3.80381,hybrid,BTC-USD,sell,0.115882,10000,86295,0.193522,2.32926e+06,0.115882,1,1,86289,0.691151,8,7.99945,9999.31,0,0.691151,7.99945,0,8.6906,0,0,8.6906,3.80381,3,2,0,2,3.2,0,0,1,1,0,-0.416621,-0.53357,-0.416621,-0.53357,-2.4748,-2.59173,-2.4748,-2.59173,-4.51808,-4.63499,-4.51808,-4.63499
size_sweep,calm_deep,10000,hybrid|prints-only,40,0,True,"coinbase>=1,000,000",prints-only,5000010,10,0.133876,2.15709e+06,0.52507,4.4,-3.80381,hybrid,BTC-USD,buy,0.115882,10000,86295,0.193522,1.94792e+06,0.115882,1,0.314648,86266.3,-3.32173,14.8536,14.8487,3145.35,6851.33,-3.32173,14.8487,-0,11.5269,0,0,11.5269,-3.80381,29,55,0,28,42.1493,0,0,54,0,0,0.0573174,-0.0179405,0.27306,0.148762,-0.0651394,-0.140399,0.799146,0.674849,0.0113185,-0.063942,0.511914,0.38761
size_sweep,calm_deep,10000,hybrid|prints-only,40,0,True,"coinbase>=1,000,000",prints-only,5000010,10,0.133876,2.15709e+06,0.52507,4.4,-3.80381,hybrid,BTC-USD,sell,0.115882,10000,86295,0.193522,2.32926e+06,0.115882,1,1,86265,3.47261,8,7.99722,9996.53,0,3.47261,7.99722,-4.55538e-16,11.4698,0,0,11.4698,3.80381,10,11,0,9,12.3309,0,0,11,0,0,0.478766,0.501355,0.478766,0.501355,-0.555212,-0.532625,-0.555212,-0.532625,-1.19949,-1.1769,-1.19949,-1.1769
size_sweep,calm_deep,10000,passive,40,0,True,"coinbase>=1,000,000",prints+quotes,5000010,10,0.133876,2.15709e+06,0.52507,4.4,-3.80381,passive,BTC-USD,buy,0.115882,10000,86295,0.193522,1.94792e+06,0.115882,1,1,86294.1,-0.0956023,8,7.99992,9999.9,0,-0.0956023,7.99992,-0,7.90432,0,0,7.90432,-3.80381,1,3,0,0,0.4,0,0,2,1,0,0.469115,0.416533,0.469115,0.416533,2.053,2.00042,2.053,2.00042,5.79914,5.74659,5.79914,5.74659
size_sweep,calm_deep,10000,passive,40,0,True,"coinbase>=1,000,000",prints+quotes,5000010,10,0.133876,2.15709e+06,0.52507,4.4,-3.80381,passive,BTC-USD,sell,0.115882,10000,86295,0.193522,2.32926e+06,0.115882,1,1,86289,0.691151,8,7.99945,9999.31,0,0.691151,7.99945,0,8.6906,0,0,8.6906,3.80381,3,2,0,2,3.2,0,0,1,1,0,-0.416621,-0.53357,-0.416621,-0.53357,-2.4748,-2.59173,-2.4748,-2.59173,-4.51808,-4.63499,-4.51808,-4.63499
size_sweep,calm_deep,10000,passive|prints-only,40,0,True,"coinbase>=1,000,000",prints-only,5000010,10,0.133876,2.15709e+06,0.52507,4.4,-3.80381,passive,BTC-USD,buy,0.115882,10000,86295,0.193522,1.94792e+06,0.115882,1,1,86265.6,-3.40658,8,7.99727,9996.59,0,-3.40658,7.99727,-0,4.59069,0,0,4.59069,-3.80381,35,66,0,34,50.2132,0,0,66,0,0,0.141885,-0.0300361,0.141885,-0.0300361,0.581992,0.410078,0.581992,0.410078,0.390274,0.218355,0.390274,0.218355
size_sweep,calm_deep,10000,passive|prints-only,40,0,True,"coinbase>=1,000,000",prints-only,5000010,10,0.133876,2.15709e+06,0.52507,4.4,-3.80381,passive,BTC-USD,sell,0.115882,10000,86295,0.193522,2.32926e+06,0.115882,1,1,86265,3.47261,8,7.99722,9996.53,0,3.47261,7.99722,-4.55538e-16,11.4698,0,0,11.4698,3.80381,10,11,0,9,12.3309,0,0,11,0,0,0.478766,0.501355,0.478766,0.501355,-0.555212,-0.532625,-0.555212,-0.532625,-1.19949,-1.1769,-1.19949,-1.1769
size_sweep,calm_deep,10000,aggressive,40,0,True,"coinbase>=1,000,000",prints+quotes,5000011,10,0.128893,2.12966e+06,0.608051,3.71667,6.68726,aggressive,BTC-USD,buy,0.115887,10000,86290.9,0.0799621,2.02071e+06,0.115887,1,0,86291.2,0.039981,18,18.0001,0,10000,0.039981,18.0001,0,18.0401,0,0,18.0401,6.68726,1,1,0,0,0.0229053,0,0,0,0,0,-0.410818,-0.450801,,,-2.48345,-2.52344,,,-5.9728,-6.0128,,
size_sweep,calm_deep,10000,aggressive,40,0,True,"coinbase>=1,000,000",prints+quotes,5000011,10,0.128893,2.12966e+06,0.608051,3.71667,6.68726,aggressive,BTC-USD,sell,0.115887,10000,86290.9,0.0799621,2.00952e+06,0.115887,1,0,86290.2,0.0764317,18,17.9999,0,9999.92,0.0764317,17.9999,-0,18.0763,0,0,18.0763,-6.68726,1,2,0,0,0.0229053,0,0,0,0,0,0.527237,0.450801,,,2.59989,2.52344,,,6.08928,6.0128,,
size_sweep,calm_deep,10000,hybrid,40,0,True,"coinbase>=1,000,000",prints+quotes,5000011,10,0.128893,2.12966e+06,0.608051,3.71667,6.68726,hybrid,BTC-USD,buy,0.115887,10000,86290.9,0.0799621,2.02071e+06,0.115887,1,1,86296.8,0.68779,8,8.00055,10000.7,0,0.68779,8.00055,0,8.68834,0,0,8.68834,6.68726,2,1,0,1,0.8,0,0,0,1,0,-0.4218,-0.586358,-0.4218,-0.586358,-1.51222,-1.6768,-1.51222,-1.6768,-4.86808,-5.03271,-4.86808,-5.03271
size_sweep,calm_deep,10000,hybrid,40,0,True,"coinbase>=1,000,000",prints+quotes,5000011,10,0.128893,2.12966e+06,0.608051,3.71667,6.68726,hybrid,BTC-USD,sell,0.115887,10000,86290.9,0.0799621,2.00952e+06,0.115887,1,1,86291.2,-0.0388222,8,8.00003,10000,0,-0.0388222,8.00003,-0,7.96121,0,0,7.96121,-6.68726,1,2,0,0,0.4,0,0,0,2,0,0.796148,0.571039,0.796148,0.571039,2.49059,2.26544,2.49059,2.26544,5.72529,5.50007,5.72529,5.50007
size_sweep,calm_deep,10000,hybrid|prints-only,40,0,True,"coinbase>=1,000,000",prints-only,5000011,10,0.128893,2.12966e+06,0.608051,3.71667,6.68726,hybrid,BTC-USD,buy,0.115887,10000,86290.9,0.0799621,2.02071e+06,0.115887,1,1,86327.9,4.28392,8,8.00343,10004.3,0,4.28392,8.00343,5.7705e-07,12.2873,2.3e-09,0.000863488,12.2873,6.68726,17,33,0,16,24.9188,0,0,33,0,0,-0.29999,-0.4019,-0.29999,-0.4019,-0.497701,-0.599617,-0.497701,-0.599617,-0.803343,-0.905255,-0.803343,-0.905255
size_sweep,calm_deep,10000,hybrid|prints-only,40,0,True,"coinbase>=1,000,000",prints-only,5000011,10,0.128893,2.12966e+06,0.608051,3.71667,6.68726,hybrid,BTC-USD,sell,0.115887,10000,86290.9,0.0799621,2.00952e+06,0.115887,1,1,86310,-2.21324,8,8.00177,10002.2,0,-2.21324,8.00177,-0,5.78853,0,0,5.78853,-6.68726,4,6,0,3,4.3078,0,0,6,0,0,0.325652,0.421983,0.325652,0.421983,0.569082,0.665413,0.569082,0.665413,2.89269,2.98904,2.89269,2.98904
size_sweep,calm_deep,10000,passive,40,0,True,"coinbase>=1,000,000",prints+quotes,5000011,10,0.128893,2.12966e+06,0.608051,3.71667,6.68726,passive,BTC-USD,buy,0.115887,10000,86290.9,0.0799621,2.02071e+06,0.115887,1,1,86296.8,0.68779,8,8.00055,10000.7,0,0.68779,8.00055,0,8.68834,0,0,8.68834,6.68726,2,1,0,1,0.8,0,0,0,1,0,-0.4218,-0.586358,-0.4218,-0.586358,-1.51222,-1.6768,-1.51222,-1.6768,-4.86808,-5.03271,-4.86808,-5.03271
size_sweep,calm_deep,10000,passive,40,0,True,"coinbase>=1,000,000",prints+quotes,5000011,10,0.128893,2.12966e+06,0.608051,3.71667,6.68726,passive,BTC-USD,sell,0.115887,10000,86290.9,0.0799621,2.00952e+06,0.115887,1,1,86291.2,-0.0388222,8,8.00003,10000,0,-0.0388222,8.00003,-0,7.96121,0,0,7.96121,-6.68726,1,2,0,0,0.4,0,0,0,2,0,0.796148,0.571039,0.796148,0.571039,2.49059,2.26544,2.49059,2.26544,5.72529,5.50007,5.72529,5.50007
size_sweep,calm_deep,10000,passive|prints-only,40,0,True,"coinbase>=1,000,000",prints-only,5000011,10,0.128893,2.12966e+06,0.608051,3.71667,6.68726,passive,BTC-USD,buy,0.115887,10000,86290.9,0.0799621,2.02071e+06,0.115887,1,1,86327.9,4.28392,8,8.00343,10004.3,0,4.28392,8.00343,5.7705e-07,12.2873,2.3e-09,0.000863488,12.2873,6.68726,17,33,0,16,24.9188,0,0,33,0,0,-0.29999,-0.4019,-0.29999,-0.4019,-0.497701,-0.599617,-0.497701,-0.599617,-0.803343,-0.905255,-0.803343,-0.905255
size_sweep,calm_deep,10000,passive|prints-only,40,0,True,"coinbase>=1,000,000",prints-only,5000011,10,0.128893,2.12966e+06,0.608051,3.71667,6.68726,passive,BTC-USD,sell,0.115887,10000,86290.9,0.0799621,2.00952e+06,0.115887,1,1,86310,-2.21324,8,8.00177,10002.2,0,-2.21324,8.00177,-0,5.78853,0,0,5.78853,-6.68726,4,6,0,3,4.3078,0,0,6,0,0,0.325652,0.421983,0.325652,0.421983,0.569082,0.665413,0.569082,0.665413,2.89269,2.98904,2.89269,2.98904
size_sweep,calm_deep,10000,aggressive,40,0,True,"coinbase>=1,000,000",prints+quotes,5000012,10,0.119159,2.15301e+06,0.603917,3.88333,4.12569,aggressive,BTC-USD,buy,0.115907,10000,86276.4,0.23529,2.29619e+06,0.115907,1,0,86277.4,0.117645,18,18.0002,0,10000.1,0.117645,18.0002,0,18.1179,0,0,18.1179,4.12569,1,1,0,0,0.0563634,0,0,0,0,0,-0.481006,-0.598657,,,-0.266002,-0.383651,,,-3.77155,-3.88924,,
size_sweep,calm_deep,10000,aggressive,40,0,True,"coinbase>=1,000,000",prints+quotes,5000012,10,0.119159,2.15301e+06,0.603917,3.88333,4.12569,aggressive,BTC-USD,sell,0.115907,10000,86276.4,0.23529,1.84617e+06,0.115907,1,0,86275.4,0.122512,18,17.9998,0,9999.88,0.122512,17.9998,-0,18.1223,0,0,18.1223,-4.12569,1,2,0,0,0.0563634,0,0,0,0,0,0.721178,0.598657,,,0.506169,0.383651,,,4.01181,3.88924,,
size_sweep,calm_deep,10000,hybrid,40,0,True,"coinbase>=1,000,000",prints+quotes,5000012,10,0.119159,2.15301e+06,0.603917,3.88333,4.12569,hybrid,BTC-USD,buy,0.115907,10000,86276.4,0.23529,2.29619e+06,0.115907,1,1,86281.1,0.543965,8,8.00044,10000.5,0,0.543965,8.00044,-4.9398e-16,8.5444,0,0,8.5444,4.12569,2,3,0,1,1.2,0,0,2,1,0,0.449814,0.411336,0.449814,0.411336,0.394986,0.356507,0.394986,0.356507,-3.91224,-3.95074,-3.91224,-3.95074
size_sweep,calm_deep,10000,hybrid,40,0,True,"coinbase>=1,000,000",prints+quotes,5000012,10,0.119159,2.15301e+06,0.603917,3.88333,4.12569,hybrid,BTC-USD,sell,0.115907,10000,86276.4,0.23529,1.84617e+06,0.115907,1,1,86277.4,-0.116486,8,8.00009,10000.1,0,-0.116486,8.00009,-0,7.88361,0,0,7.88361,-4.12569,1,2,0,0,0.4,0,0,1,1,0,0.152348,-0.0763634,0.152348,-0.0763634,-0.277703,-0.506405,-0.277703,-0.506405,4.03656,3.80776,4.03656,3.80776
size_sweep,calm_deep,10000,hybrid|prints-only,40,0,True,"coinbase>=1,000,000",prints-only,5000012,10,0.119159,2.15301e+06,0.603917,3.88333,4.12569,hybrid,BTC-USD,buy,0.115907,10000,86276.4,0.23529,2.29619e+06,0.115907,1,1,86294.6,2.10435,8,8.00168,10002.1,0,2.10435,8.00168,0,10.106,0,0,10.106,4.12569,28,33,0,27,39.2051,0,0,33,0,0,0.757064,0.578719,0.757064,0.578719,-0.0230415,-0.201404,-0.0230415,-0.201404,-2.49892,-2.67734,-2.49892,-2.67734
size_sweep,calm_deep,10000,hybrid|prints-only,40,0,True,"coinbase>=1,000,000",prints-only,5000012,10,0.119159,2.15301e+06,0.603917,3.88333,4.12569,hybrid,BTC-USD,sell,0.115907,10000,86276.4,0.23529,1.84617e+06,0.115907,1,1,86286.8,-1.19989,8,8.00096,10001.2,0,-1.19989,8.00096,-3.5595e-07,6.80106,2.9e-09,0.000863117,6.80107,-4.12569,20,25,1,18,25.1027,0,0,25,0,0,0.68654,0.396196,0.68654,0.396196,0.520579,0.230243,0.520579,0.230243,2.36605,2.07566,2.36605,2.07566
size_sweep,calm_deep,10000,passive,40,0,True,"coinbase>=1,000,000",prints+quotes,5000012,10,0.119159,2.15301e+06,0.603917,3.88333,4.12569,passive,BTC-USD,buy,0.115907,10000,86276.4,0.23529,2.29619e+06,0.115907,1,1,86281.1,0.543965,8,8.00044,10000.5,0,0.543965,8.00044,-4.9398e-16,8.5444,0,0,8.5444,4.12569,2,3,0,1,1.2,0,0,2,1,0,0.449814,0.411336,0.449814,0.411336,0.394986,0.356507,0.394986,0.356507,-3.91224,-3.95074,-3.91224,-3.95074
size_sweep,calm_deep,10000,passive,40,0,True,"coinbase>=1,000,000",prints+quotes,5000012,10,0.119159,2.15301e+06,0.603917,3.88333,4.12569,passive,BTC-USD,sell,0.115907,10000,86276.4,0.23529,1.84617e+06,0.115907,1,1,86277.4,-0.116486,8,8.00009,10000.1,0,-0.116486,8.00009,-0,7.88361,0,0,7.88361,-4.12569,1,2,0,0,0.4,0,0,1,1,0,0.152348,-0.0763634,0.152348,-0.0763634,-0.277703,-0.506405,-0.277703,-0.506405,4.03656,3.80776,4.03656,3.80776
size_sweep,calm_deep,10000,passive|prints-only,40,0,True,"coinbase>=1,000,000",prints-only,5000012,10,0.119159,2.15301e+06,0.603917,3.88333,4.12569,passive,BTC-USD,buy,0.115907,10000,86276.4,0.23529,2.29619e+06,0.115907,1,1,86294.6,2.10435,8,8.00168,10002.1,0,2.10435,8.00168,0,10.106,0,0,10.106,4.12569,28,33,0,27,39.2051,0,0,33,0,0,0.757064,0.578719,0.757064,0.578719,-0.0230415,-0.201404,-0.0230415,-0.201404,-2.49892,-2.67734,-2.49892,-2.67734
size_sweep,calm_deep,10000,passive|prints-only,40,0,True,"coinbase>=1,000,000",prints-only,5000012,10,0.119159,2.15301e+06,0.603917,3.88333,4.12569,passive,BTC-USD,sell,0.115907,10000,86276.4,0.23529,1.84617e+06,0.115907,1,1,86286.8,-1.19989,8,8.00096,10001.2,0,-1.19989,8.00096,-3.5595e-07,6.80106,2.9e-09,0.000863117,6.80107,-4.12569,20,25,1,18,25.1027,0,0,25,0,0,0.68654,0.396196,0.68654,0.396196,0.520579,0.230243,0.520579,0.230243,2.36605,2.07566,2.36605,2.07566
size_sweep,calm_deep,10000,aggressive,40,0,True,"coinbase>=1,000,000",prints+quotes,5000013,10,0.120686,2.22517e+06,0.532952,4.15,-4.98667,aggressive,BTC-USD,buy,0.115902,10000,86280,0.108948,2.1747e+06,0.115902,1,0,86280.5,0.0544738,18,18.0001,0,10000.1,0.0544738,18.0001,-0,18.0546,0,0,18.0546,-4.98667,1,1,0,0,0.0178179,0,0,0,0,0,0.241654,0.187181,,,0.328,0.273528,,,0.589357,0.534886,,
size_sweep,calm_deep,10000,aggressive,40,0,True,"coinbase>=1,000,000",prints+quotes,5000013,10,0.120686,2.22517e+06,0.532952,4.15,-4.98667,aggressive,BTC-USD,sell,0.115902,10000,86280,0.108948,2.59797e+06,0.115902,1,0,86279.1,0.102954,18,17.9998,0,9999.9,0.102954,17.9998,0,18.1028,0,0,18.1028,4.98667,1,2,0,0,0.0178179,0,0,0,0,0,-0.0842277,-0.187181,,,-0.170575,-0.273528,,,-0.431936,-0.534886,,
size_sweep,calm_deep,10000,hybrid,40,0,True,"coinbase>=1,000,000",prints+quotes,5000013,10,0.120686,2.22517e+06,0.532952,4.15,-4.98667,hybrid,BTC-USD,buy,0.115902,10000,86280,0.108948,2.1747e+06,0.115902,1,1,86279.6,-0.0533148,8,7.99996,9999.95,0,-0.0533148,7.99996,-0,7.94664,0,0,7.94664,-4.98667,1,3,0,0,0.6,0,0,2,1,0,0.0389365,-0.255305,0.0389365,-0.255305,0.552562,0.258336,0.552562,0.258336,0.250662,-0.043573,0.250662,-0.043573
size_sweep,calm_deep,10000,hybrid,40,0,True,"coinbase>=1,000,000",prints+quotes,5000013,10,0.120686,2.22517e+06,0.532952,4.15,-4.98667,hybrid,BTC-USD,sell,0.115902,10000,86280,0.108948,2.59797e+06,0.115902,1,1,86280.5,-0.0533148,8,8.00004,10000.1,0,-0.0533148,8.00004,0,7.94673,0,0,7.94673,4.98667,1,1,0,0,1.9,0,0,0,1,0,-0.0880848,-0.152409,-0.0880848,-0.152409,-0.41029,-0.474612,-0.41029,-0.474612,-0.239915,-0.304238,-0.239915,-0.304238
size_sweep,calm_deep,10000,hybrid|prints-only,40,0,True,"coinbase>=1,000,000",prints-only,5000013,10,0.120686,2.22517e+06,0.532952,4.15,-4.98667,hybrid,BTC-USD,buy,0.115902,10000,86280,0.108948,2.1747e+06,0.115902,1,1,86274,-0.695427,8,7.99944,9999.3,0,-0.695427,7.99944,-0,7.30402,0,0,7.30402,-4.98667,27,34,0,26,36.3329,0,2,32,0,0,0.340142,-0.00815106,0.340142,-0.00815106,2.29891,1.95069,2.29891,1.95069,3.08003,2.73184,3.08003,2.73184
size_sweep,calm_deep,10000,hybrid|prints-only,40,0,True,"coinbase>=1,000,000",prints-only,5000013,10,0.120686,2.22517e+06,0.532952,4.15,-4.98667,hybrid,BTC-USD,sell,0.115902,10000,86280,0.108948,2.59797e+06,0.115902,1,1,86279.7,0.0347705,8,7.99997,9999.96,0,0.0347705,7.99997,0,8.03474,0,0,8.03474,4.98667,3,1,0,2,3.40952,0,0,1,0,0,-0.793929,-0.482747,-0.793929,-0.482747,-0.411452,-0.100258,-0.411452,-0.100258,-0.602111,-0.290923,-0.602111,-0.290923
size_sweep,calm_deep,10000,passive,40,0,True,"coinbase>=1,000,000",prints+quotes,5000013,10,0.120686,2.22517e+06,0.532952,4.15,-4.98667,passive,BTC-USD,buy,0.115902,10000,86280,0.108948,2.1747e+06,0.115902,1,1,86279.6,-0.0533148,8,7.99996,9999.95,0,-0.0533148,7.99996,-0,7.94664,0,0,7.94664,-4.98667,1,3,0,0,0.6,0,0,2,1,0,0.0389365,-0.255305,0.0389365,-0.255305,0.552562,0.258336,0.552562,0.258336,0.250662,-0.043573,0.250662,-0.043573
size_sweep,calm_deep,10000,passive,40,0,True,"coinbase>=1,000,000",prints+quotes,5000013,10,0.120686,2.22517e+06,0.532952,4.15,-4.98667,passive,BTC-USD,sell,0.115902,10000,86280,0.108948,2.59797e+06,0.115902,1,1,86280.5,-0.0533148,8,8.00004,10000.1,0,-0.0533148,8.00004,0,7.94673,0,0,7.94673,4.98667,1,1,0,0,1.9,0,0,0,1,0,-0.0880848,-0.152409,-0.0880848,-0.152409,-0.41029,-0.474612,-0.41029,-0.474612,-0.239915,-0.304238,-0.239915,-0.304238
size_sweep,calm_deep,10000,passive|prints-only,40,0,True,"coinbase>=1,000,000",prints-only,5000013,10,0.120686,2.22517e+06,0.532952,4.15,-4.98667,passive,BTC-USD,buy,0.115902,10000,86280,0.108948,2.1747e+06,0.115902,1,1,86274,-0.695427,8,7.99944,9999.3,0,-0.695427,7.99944,-0,7.30402,0,0,7.30402,-4.98667,27,34,0,26,36.3329,0,2,32,0,0,0.340142,-0.00815106,0.340142,-0.00815106,2.29891,1.95069,2.29891,1.95069,3.08003,2.73184,3.08003,2.73184
size_sweep,calm_deep,10000,passive|prints-only,40,0,True,"coinbase>=1,000,000",prints-only,5000013,10,0.120686,2.22517e+06,0.532952,4.15,-4.98667,passive,BTC-USD,sell,0.115902,10000,86280,0.108948,2.59797e+06,0.115902,1,1,86279.7,0.0347705,8,7.99997,9999.96,0,0.0347705,7.99997,0,8.03474,0,0,8.03474,4.98667,3,1,0,2,3.40952,0,0,1,0,0,-0.793929,-0.482747,-0.793929,-0.482747,-0.411452,-0.100258,-0.411452,-0.100258,-0.602111,-0.290923,-0.602111,-0.290923
size_sweep,calm_deep,10000,aggressive,40,0,True,"coinbase>=1,000,000",prints+quotes,5000014,10,0.112918,2.18498e+06,0.558509,4.13333,-2.67094,aggressive,BTC-USD,buy,0.115926,10000,86261.8,0.175049,1.94585e+06,0.115926,1,0,86262.6,0.0875243,18,18.0002,0,10000.1,0.0875243,18.0002,-0,18.0877,0,0,18.0877,-2.67094,1,1,0,0,0.0437027,0,0,0,0,0,1.30764,1.22012,,,0.461962,0.374442,,,3.69569,3.6082,,
size_sweep,calm_deep,10000,aggressive,40,0,True,"coinbase>=1,000,000",prints+quotes,5000014,10,0.112918,2.18498e+06,0.558509,4.13333,-2.67094,aggressive,BTC-USD,sell,0.115926,10000,86261.8,0.175049,2.30575e+06,0.115926,1,0,86261,0.0875243,18,17.9998,0,9999.91,0.0875243,17.9998,0,18.0874,0,0,18.0874,2.67094,1,1,0,0,0.0437027,0,0,0,0,0,-1.13261,-1.22012,,,-0.28692,-0.374442,,,-3.52071,-3.6082,,
size_sweep,calm_deep,10000,hybrid,40,0,True,"coinbase>=1,000,000",prints+quotes,5000014,10,0.112918,2.18498e+06,0.558509,4.13333,-2.67094,hybrid,BTC-USD,buy,0.115926,10000,86261.8,0.175049,1.94585e+06,0.115926,1,1,86261.1,-0.086365,8,7.99993,9999.91,0,-0.086365,7.99993,-0,7.91357,0,0,7.91357,-2.67094,1,1,0,0,0.1,0,0,0,1,0,1.13377,1.06944,1.13377,1.06944,0.27011,0.205772,0.27011,0.205772,3.86617,3.80186,3.86617,3.80186
size_sweep,calm_deep,10000,hybrid,40,0,True,"coinbase>=1,000,000",prints+quotes,5000014,10,0.112918,2.18498e+06,0.558509,4.13333,-2.67094,hybrid,BTC-USD,sell,0.115926,10000,86261.8,0.175049,2.30575e+06,0.115926,1,1,86251.9,1.15289,8,7.99908,9998.85,0,1.15289,7.99908,0,9.15196,0,0,9.15196,2.67094,2,1,0,1,1.3,0,0,0,1,0,0.308979,0.166371,0.308979,0.166371,1.02317,0.880548,1.02317,0.880548,-2.97791,-3.12047,-2.97791,-3.12047
size_sweep,calm_deep,10000,hybrid|prints-only,40,0,True,"coinbase>=1,000,000",prints-only,5000014,10,0.112918,2.18498e+06,0.558509,4.13333,-2.67094,hybrid,BTC-USD,buy,0.115926,10000,86261.8,0.175049,1.94585e+06,0.115926,1,1,86255,-0.786469,8,7.99937,9999.21,0,-0.786469,7.99937,-0,7.2129,0,0,7.2129,-2.67094,8,10,0,7,8.72217,0,0,10,0,0,-0.123297,-0.21008,-0.123297,-0.21008,-0.202527,-0.289311,-0.202527,-0.289311,4.78501,4.69827,4.78501,4.69827
size_sweep,calm_deep,10000,hybrid|prints-only,40,0,True,"coinbase>=1,000,000",prints-only,5000014,10,0.112918,2.18498e+06,0.558509,4.13333,-2.67094,hybrid,BTC-USD,sell,0.115926,10000,86261.8,0.175049,2.30575e+06,0.115926,1,1,86225.8,4.1699,8,7.99666,9995.83,0,4.1699,7.99666,0,12.1666,0,0,12.1666,2.67094,27,37,0,26,32.6114,0,0,37,0,0,-0.239967,-0.271662,-0.239967,-0.271662,-0.541801,-0.573494,-0.541801,-0.573494,0.183703,0.152008,0.183703,0.152008
size_sweep,calm_deep,10000,passive,40,0,True,"coinbase>=1,000,000",prints+quotes,5000014,10,0.112918,2.18498e+06,0.558509,4.13333,-2.67094,passive,BTC-USD,buy,0.115926,10000,86261.8,0.175049,1.94585e+06,0.115926,1,1,86261.1,-0.086365,8,7.99993,9999.91,0,-0.086365,7.99993,-0,7.91357,0,0,7.91357,-2.67094,1,1,0,0,0.1,0,0,0,1,0,1.13377,1.06944,1.13377,1.06944,0.27011,0.205772,0.27011,0.205772,3.86617,3.80186,3.86617,3.80186
size_sweep,calm_deep,10000,passive,40,0,True,"coinbase>=1,000,000",prints+quotes,5000014,10,0.112918,2.18498e+06,0.558509,4.13333,-2.67094,passive,BTC-USD,sell,0.115926,10000,86261.8,0.175049,2.30575e+06,0.115926,1,1,86251.9,1.15289,8,7.99908,9998.85,0,1.15289,7.99908,0,9.15196,0,0,9.15196,2.67094,2,1,0,1,1.3,0,0,0,1,0,0.308979,0.166371,0.308979,0.166371,1.02317,0.880548,1.02317,0.880548,-2.97791,-3.12047,-2.97791,-3.12047
size_sweep,calm_deep,10000,passive|prints-only,40,0,True,"coinbase>=1,000,000",prints-only,5000014,10,0.112918,2.18498e+06,0.558509,4.13333,-2.67094,passive,BTC-USD,buy,0.115926,10000,86261.8,0.175049,1.94585e+06,0.115926,1,1,86255,-0.786469,8,7.99937,9999.21,0,-0.786469,7.99937,-0,7.2129,0,0,7.2129,-2.67094,8,10,0,7,8.72217,0,0,10,0,0,-0.123297,-0.21008,-0.123297,-0.21008,-0.202527,-0.289311,-0.202527,-0.289311,4.78501,4.69827,4.78501,4.69827
size_sweep,calm_deep,10000,passive|prints-only,40,0,True,"coinbase>=1,000,000",prints-only,5000014,10,0.112918,2.18498e+06,0.558509,4.13333,-2.67094,passive,BTC-USD,sell,0.115926,10000,86261.8,0.175049,2.30575e+06,0.115926,1,1,86225.8,4.1699,8,7.99666,9995.83,0,4.1699,7.99666,0,12.1666,0,0,12.1666,2.67094,27,37,0,26,32.6114,0,0,37,0,0,-0.239967,-0.271662,-0.239967,-0.271662,-0.541801,-0.573494,-0.541801,-0.573494,0.183703,0.152008,0.183703,0.152008
size_sweep,calm_deep,10000,aggressive,40,0,True,"coinbase>=1,000,000",prints+quotes,5000015,10,0.117368,2.15726e+06,0.613401,4.41667,5.79826,aggressive,BTC-USD,buy,0.115873,10000,86301.7,0.106603,2.41212e+06,0.115873,1,0,86302.2,0.0533014,18,18.0001,0,10000.1,0.0533014,18.0001,0,18.0534,0,0,18.0534,5.79826,1,1,0,0,0.0499315,0,0,0,0,0,-1.56427,-1.61758,,,-2.43679,-2.4901,,,-4.42631,-4.47963,,
size_sweep,calm_deep,10000,aggressive,40,0,True,"coinbase>=1,000,000",prints+quotes,5000015,10,0.117368,2.15726e+06,0.613401,4.41667,5.79826,aggressive,BTC-USD,sell,0.115873,10000,86301.7,0.106603,1.99607e+06,0.115873,1,0,86301.2,0.055196,18,17.9999,0,9999.94,0.055196,17.9999,-0,18.0551,0,0,18.0551,-5.79826,1,2,0,0,0.0499315,0,0,0,0,0,1.67279,1.61758,,,2.54531,2.4901,,,4.53485,4.47963,,
size_sweep,calm_deep,10000,hybrid,40,0,True,"coinbase>=1,000,000",prints+quotes,5000015,10,0.117368,2.15726e+06,0.613401,4.41667,5.79826,hybrid,BTC-USD,buy,0.115873,10000,86301.7,0.106603,2.41212e+06,0.115873,1,1,86312.8,1.28199,8,8.00103,10001.3,0,1.28199,8.00103,0,9.28301,0,0,9.28301,5.79826,4,3,0,3,3.9,0,0,1,2,0,-1.11018,-1.21374,-1.11018,-1.21374,-1.11595,-1.21951,-1.11595,-1.21951,-3.15537,-3.25895,-3.15537,-3.25895
size_sweep,calm_deep,10000,hybrid,40,0,True,"coinbase>=1,000,000",prints+quotes,5000015,10,0.117368,2.15726e+06,0.613401,4.41667,5.79826,hybrid,BTC-USD,sell,0.115873,10000,86301.7,0.106603,1.99607e+06,0.115873,1,1,86302.2,-0.0521426,8,8.00004,10000.1,0,-0.0521426,8.00004,-0,7.9479,0,0,7.9479,-5.79826,1,1,0,0,0.2,0,0,0,1,0,1.54573,1.17606,1.54573,1.17606,2.42172,2.05202,2.42172,2.05202,4.38401,4.01424,4.38401,4.01424
size_sweep,calm_deep,10000,hybrid|prints-only,40,0,True,"coinbase>=1,000,000",prints-only,5000015,10,0.117368,2.15726e+06,0.613401,4.41667,5.79826,hybrid,BTC-USD,buy,0.115873,10000,86301.7,0.106603,2.41212e+06,0.115873,1,1,86326.1,2.82697,8,8.00226,10002.8,0,2.82697,8.00226,0,10.8292,0,0,10.8292,5.79826,13,13,1,11,15.5035,0,2,11,0,0,0.679571,0.254493,0.679571,0.254493,1.94708,1.52206,1.94708,1.52206,-1.57528,-2.00045,-1.57528,-2.00045
size_sweep,calm_deep,10000,hybrid|prints-only,40,0,True,"coinbase>=1,000,000",prints-only,5000015,10,0.117368,2.15726e+06,0.613401,4.41667,5.79826,hybrid,BTC-USD,sell,0.115873,10000,86301.7,0.106603,1.99607e+06,0.115873,1,1,86319,-2.00514,8,8.0016,10002,0,-2.00514,8.0016,-0,5.99647,0,0,5.99647,-5.79826,5,11,0,4,4.60079,0,0,11,0,0,0.296535,0.308921,0.296535,0.308921,1.13156,1.14395,1.13156,1.14395,4.16332,4.17572,4.16332,4.17572
size_sweep,calm_deep,10000,passive,40,0,True,"coinbase>=1,000,000",prints+quotes,5000015,10,0.117368,2.15726e+06,0.613401,4.41667,5.79826,passive,BTC-USD,buy,0.115873,10000,86301.7,0.106603,2.41212e+06,0.115873,1,1,86312.8,1.28199,8,8.00103,10001.3,0,1.28199,8.00103,0,9.28301,0,0,9.28301,5.79826,4,3,0,3,3.9,0,0,1,2,0,-1.11018,-1.21374,-1.11018,-1.21374,-1.11595,-1.21951,-1.11595,-1.21951,-3.15537,-3.25895,-3.15537,-3.25895
size_sweep,calm_deep,10000,passive,40,0,True,"coinbase>=1,000,000",prints+quotes,5000015,10,0.117368,2.15726e+06,0.613401,4.41667,5.79826,passive,BTC-USD,sell,0.115873,10000,86301.7,0.106603,1.99607e+06,0.115873,1,1,86302.2,-0.0521426,8,8.00004,10000.1,0,-0.0521426,8.00004,-0,7.9479,0,0,7.9479,-5.79826,1,1,0,0,0.2,0,0,0,1,0,1.54573,1.17606,1.54573,1.17606,2.42172,2.05202,2.42172,2.05202,4.38401,4.01424,4.38401,4.01424
size_sweep,calm_deep,10000,passive|prints-only,40,0,True,"coinbase>=1,000,000",prints-only,5000015,10,0.117368,2.15726e+06,0.613401,4.41667,5.79826,passive,BTC-USD,buy,0.115873,10000,86301.7,0.106603,2.41212e+06,0.115873,1,1,86326.1,2.82697,8,8.00226,10002.8,0,2.82697,8.00226,0,10.8292,0,0,10.8292,5.79826,13,13,1,11,15.5035,0,2,11,0,0,0.679571,0.254493,0.679571,0.254493,1.94708,1.52206,1.94708,1.52206,-1.57528,-2.00045,-1.57528,-2.00045
size_sweep,calm_deep,10000,passive|prints-only,40,0,True,"coinbase>=1,000,000",prints-only,5000015,10,0.117368,2.15726e+06,0.613401,4.41667,5.79826,passive,BTC-USD,sell,0.115873,10000,86301.7,0.106603,1.99607e+06,0.115873,1,1,86319,-2.00514,8,8.0016,10002,0,-2.00514,8.0016,-0,5.99647,0,0,5.99647,-5.79826,5,11,0,4,4.60079,0,0,11,0,0,0.296535,0.308921,0.296535,0.308921,1.13156,1.14395,1.13156,1.14395,4.16332,4.17572,4.16332,4.17572
size_sweep,calm_deep,10000,aggressive,40,0,True,"coinbase>=1,000,000",prints+quotes,5000016,10,0.121257,2.18992e+06,0.52107,3.73333,0.288644,aggressive,BTC-USD,buy,0.115921,10000,86265.4,0.0834633,2.27849e+06,0.115921,1,0,86265.8,0.0417317,18,18.0001,0,10000,0.0417317,18.0001,0,18.0418,0,0,18.0418,0.288644,1,1,0,0,0.0469352,0,0,0,0,0,0.120558,0.0788265,,,-1.20152,-1.24326,,,1.32555,1.28383,,
size_sweep,calm_deep,10000,aggressive,40,0,True,"coinbase>=1,000,000",prints+quotes,5000016,10,0.121257,2.18992e+06,0.52107,3.73333,0.288644,aggressive,BTC-USD,sell,0.115921,10000,86265.4,0.0834633,2.22426e+06,0.115921,1,0,86265.1,0.0417317,18,17.9999,0,9999.96,0.0417317,17.9999,-0,18.0417,0,0,18.0417,-0.288644,1,1,0,0,0.0469352,0,0,0,0,0,-0.037095,-0.0788265,,,1.28499,1.24326,,,-1.2421,-1.28383,,
size_sweep,calm_deep,10000,hybrid,40,0,True,"coinbase>=1,000,000",prints+quotes,5000016,10,0.121257,2.18992e+06,0.52107,3.73333,0.288644,hybrid,BTC-USD,buy,0.115921,10000,86265.4,0.0834633,2.27849e+06,0.115921,1,1,86265.1,-0.0405725,8,7.99997,9999.96,0,-0.0405725,7.99997,0,7.9594,0,0,7.9594,0.288644,1,1,0,0,0.1,0,0,0,1,0,0.00405726,-0.0991142,0.00405726,-0.0991142,-1.27108,-1.37427,-1.27108,-1.37427,1.58871,1.48555,1.58871,1.48555
size_sweep,calm_deep,10000,hybrid,40,0,True,"coinbase>=1,000,000",prints+quotes,5000016,10,0.121257,2.18992e+06,0.52107,3.73333,0.288644,hybrid,BTC-USD,sell,0.115921,10000,86265.4,0.0834633,2.22426e+06,0.115921,1,1,86265.8,-0.0405725,8,8.00003,10000,0,-0.0405725,8.00003,-0,7.95946,0,0,7.95946,-0.288644,1,1,0,0,0.2,0,0,0,1,0,-0.0289802,-0.0811442,-0.0289802,-0.0811442,1.23456,1.18239,1.23456,1.18239,-1.37018,-1.42234,-1.37018,-1.42234
size_sweep,calm_deep,10000,hybrid|prints-only,40,0,True,"coinbase>=1,000,000",prints-only,5000016,10,0.121257,2.18992e+06,0.52107,3.73333,0.288644,hybrid,BTC-USD,buy,0.115921,10000,86265.4,0.0834633,2.27849e+06,0.115921,1,1,86258.7,-0.775624,8,7.99938,9999.22,0,-0.775624,7.99938,0,7.22376,0,0,7.22376,0.288644,20,55,0,19,32.3059,0,0,55,0,0,0.368378,0.303824,0.368378,0.303824,1.2006,1.13605,1.2006,1.13605,-1.21647,-1.28103,-1.21647,-1.28103
size_sweep,calm_deep,10000,hybrid|prints-only,40,0,True,"coinbase>=1,000,000",prints-only,5000016,10,0.121257,2.18992e+06,0.52107,3.73333,0.288644,hybrid,BTC-USD,sell,0.115921,10000,86265.4,0.0834633,2.22426e+06,0.115921,1,1,86262.6,0.327561,8,7.99974,9999.67,0,0.327561,7.99974,-0,8.3273,0,0,8.3273,-0.288644,23,30,0,22,36.2197,0,0,30,0,0,0.0302826,-0.105062,0.0302826,-0.105062,-0.097186,-0.232534,-0.097186,-0.232534,-0.0787771,-0.214118,-0.0787771,-0.214118
size_sweep,calm_deep,10000,passive,40,0,True,"coinbase>=1,000,000",prints+quotes,5000016,10,0.121257,2.18992e+06,0.52107,3.73333,0.288644,passive,BTC-USD,buy,0.115921,10000,86265.4,0.0834633,2.27849e+06,0.115921,1,1,86265.1,-0.0405725,8,7.99997,9999.96,0,-0.0405725,7.99997,0,7.9594,0,0,7.9594,0.288644,1,1,0,0,0.1,0,0,0,1,0,0.00405726,-0.0991142,0.00405726,-0.0991142,-1.27108,-1.37427,-1.27108,-1.37427,1.58871,1.48555,1.58871,1.48555
size_sweep,calm_deep,10000,passive,40,0,True,"coinbase>=1,000,000",prints+quotes,5000016,10,0.121257,2.18992e+06,0.52107,3.73333,0.288644,passive,BTC-USD,sell,0.115921,10000,86265.4,0.0834633,2.22426e+06,0.115921,1,1,86265.8,-0.0405725,8,8.00003,10000,0,-0.0405725,8.00003,-0,7.95946,0,0,7.95946,-0.288644,1,1,0,0,0.2,0,0,0,1,0,-0.0289802,-0.0811442,-0.0289802,-0.0811442,1.23456,1.18239,1.23456,1.18239,-1.37018,-1.42234,-1.37018,-1.42234
size_sweep,calm_deep,10000,passive|prints-only,40,0,True,"coinbase>=1,000,000",prints-only,5000016,10,0.121257,2.18992e+06,0.52107,3.73333,0.288644,passive,BTC-USD,buy,0.115921,10000,86265.4,0.0834633,2.27849e+06,0.115921,1,1,86258.7,-0.775624,8,7.99938,9999.22,0,-0.775624,7.99938,0,7.22376,0,0,7.22376,0.288644,20,55,0,19,32.3059,0,0,55,0,0,0.368378,0.303824,0.368378,0.303824,1.2006,1.13605,1.2006,1.13605,-1.21647,-1.28103,-1.21647,-1.28103
size_sweep,calm_deep,10000,passive|prints-only,40,0,True,"coinbase>=1,000,000",prints-only,5000016,10,0.121257,2.18992e+06,0.52107,3.73333,0.288644,passive,BTC-USD,sell,0.115921,10000,86265.4,0.0834633,2.22426e+06,0.115921,1,1,86262.6,0.327561,8,7.99974,9999.67,0,0.327561,7.99974,-0,8.3273,0,0,8.3273,-0.288644,23,30,0,22,36.2197,0,0,30,0,0,0.0302826,-0.105062,0.0302826,-0.105062,-0.097186,-0.232534,-0.097186,-0.232534,-0.0787771,-0.214118,-0.0787771,-0.214118
size_sweep,calm_deep,10000,aggressive,40,0,True,"coinbase>=1,000,000",prints+quotes,5000017,10,0.127059,2.19808e+06,0.529186,3.88333,0.795744,aggressive,BTC-USD,buy,0.115913,10000,86271.4,0.125186,2.32915e+06,0.115913,1,0,86272,0.0649252,18,18.0001,0,10000.1,0.0649252,18.0001,0,18.065,0,0,18.065,0.795744,1,2,0,0,0.0440388,0,0,0,0,0,0.791696,0.726776,,,1.33127,1.26635,,,0.769093,0.704173,,
size_sweep,calm_deep,10000,aggressive,40,0,True,"coinbase>=1,000,000",prints+quotes,5000017,10,0.127059,2.19808e+06,0.529186,3.88333,0.795744,aggressive,BTC-USD,sell,0.115913,10000,86271.4,0.125186,2.48979e+06,0.115913,1,0,86270.9,0.0625931,18,17.9999,0,9999.94,0.0625931,17.9999,-0,18.0625,0,0,18.0625,-0.795744,1,1,0,0,0.0440388,0,0,0,0,0,-0.664187,-0.726776,,,-1.20377,-1.26635,,,-0.641584,-0.704173,,
size_sweep,calm_deep,10000,hybrid,40,0,True,"coinbase>=1,000,000",prints+quotes,5000017,10,0.127059,2.19808e+06,0.529186,3.88333,0.795744,hybrid,BTC-USD,buy,0.115913,10000,86271.4,0.125186,2.32915e+06,0.115913,1,1,86270.9,-0.061434,8,7.99995,9999.94,0,-0.061434,7.99995,0,7.93852,0,0,7.93852,0.795744,1,1,0,0,0.3,0,0,0,1,0,0.326298,-0.32458,0.326298,-0.32458,1.11277,0.461947,1.11277,0.461947,0.554069,-0.0967944,0.554069,-0.0967944
size_sweep,calm_deep,10000,hybrid,40,0,True,"coinbase>=1,000,000",prints+quotes,5000017,10,0.127059,2.19808e+06,0.529186,3.88333,0.795744,hybrid,BTC-USD,sell,0.115913,10000,86271.4,0.125186,2.48979e+06,0.115913,1,1,86263.5,0.923828,8,7.99926,9999.08,0,0.923828,7.99926,-0,8.92309,0,0,8.92309,-0.795744,2,1,0,1,0.7,0,0,0,1,0,1.17663,1.13837,1.17663,1.13837,-0.339657,-0.377911,-0.339657,-0.377911,0.0185478,-0.019707,0.0185478,-0.019707
size_sweep,calm_deep,10000,hybrid|prints-only,40,0,True,"coinbase>=1,000,000",prints-only,5000017,10,0.127059,2.19808e+06,0.529186,3.88333,0.795744,hybrid,BTC-USD,buy,0.115913,10000,86271.4,0.125186,2.32915e+06,0.115913,1,1,86270.9,-0.061434,8,7.99995,9999.94,0,-0.061434,7.99995,0,7.93852,0,0,7.93852,0.795744,1,1,0,1,0.511408,0,0,1,0,0,-0.301376,-0.821293,-0.301376,-0.821293,1.0838,0.563951,1.0838,0.563951,0.735474,0.215611,0.735474,0.215611
size_sweep,calm_deep,10000,hybrid|prints-only,40,0,True,"coinbase>=1,000,000",prints-only,5000017,10,0.127059,2.19808e+06,0.529186,3.88333,0.795744,hybrid,BTC-USD,sell,0.115913,10000,86271.4,0.125186,2.48979e+06,0.115913,1,1,86254.1,2.01505,8,7.99839,9997.98,0,2.01505,7.99839,-0,10.0134,0,0,10.0134,-0.795744,17,21,0,16,19.4181,0,0,21,0,0,0.78619,0.812584,0.78619,0.812584,1.90373,1.93013,1.90373,1.93013,0.370662,0.397049,0.370662,0.397049
size_sweep,calm_deep,10000,passive,40,0,True,"coinbase>=1,000,000",prints+quotes,5000017,10,0.127059,2.19808e+06,0.529186,3.88333,0.795744,passive,BTC-USD,buy,0.115913,10000,86271.4,0.125186,2.32915e+06,0.115913,1,1,86270.9,-0.061434,8,7.99995,9999.94,0,-0.061434,7.99995,0,7.93852,0,0,7.93852,0.795744,1,1,0,0,0.3,0,0,0,1,0,0.326298,-0.32458,0.326298,-0.32458,1.11277,0.461947,1.11277,0.461947,0.554069,-0.0967944,0.554069,-0.0967944
size_sweep,calm_deep,10000,passive,40,0,True,"coinbase>=1,000,000",prints+quotes,5000017,10,0.127059,2.19808e+06,0.529186,3.88333,0.795744,passive,BTC-USD,sell,0.115913,10000,86271.4,0.125186,2.48979e+06,0.115913,1,1,86263.5,0.923828,8,7.99926,9999.08,0,0.923828,7.99926,-0,8.92309,0,0,8.92309,-0.795744,2,1,0,1,0.7,0,0,0,1,0,1.17663,1.13837,1.17663,1.13837,-0.339657,-0.377911,-0.339657,-0.377911,0.0185478,-0.019707,0.0185478,-0.019707
size_sweep,calm_deep,10000,passive|prints-only,40,0,True,"coinbase>=1,000,000",prints-only,5000017,10,0.127059,2.19808e+06,0.529186,3.88333,0.795744,passive,BTC-USD,buy,0.115913,10000,86271.4,0.125186,2.32915e+06,0.115913,1,1,86270.9,-0.061434,8,7.99995,9999.94,0,-0.061434,7.99995,0,7.93852,0,0,7.93852,0.795744,1,1,0,1,0.511408,0,0,1,0,0,-0.301376,-0.821293,-0.301376,-0.821293,1.0838,0.563951,1.0838,0.563951,0.735474,0.215611,0.735474,0.215611
size_sweep,calm_deep,10000,passive|prints-only,40,0,True,"coinbase>=1,000,000",prints-only,5000017,10,0.127059,2.19808e+06,0.529186,3.88333,0.795744,passive,BTC-USD,sell,0.115913,10000,86271.4,0.125186,2.48979e+06,0.115913,1,1,86254.1,2.01505,8,7.99839,9997.98,0,2.01505,7.99839,-0,10.0134,0,0,10.0134,-0.795744,17,21,0,16,19.4181,0,0,21,0,0,0.78619,0.812584,0.78619,0.812584,1.90373,1.93013,1.90373,1.93013,0.370662,0.397049,0.370662,0.397049
size_sweep,calm_deep,10000,aggressive,40,0,True,"coinbase>=1,000,000",prints+quotes,5000018,10,0.124306,2.18463e+06,0.629605,3.86667,6.48128,aggressive,BTC-USD,buy,0.115923,10000,86263.8,0.383707,2.14372e+06,0.115923,1,0,86265.5,0.191853,18,18.0003,0,10000.2,0.191853,18.0003,0,18.1922,0,0,18.1922,6.48128,1,1,0,0,0.0531086,0,0,0,0,0,0.560479,0.368636,,,1.09488,0.903043,,,-0.481653,-0.673515,,
size_sweep,calm_deep,10000,aggressive,40,0,True,"coinbase>=1,000,000",prints+quotes,5000018,10,0.124306,2.18463e+06,0.629605,3.86667,6.48128,aggressive,BTC-USD,sell,0.115923,10000,86263.8,0.383707,2.3656e+06,0.115923,1,0,86262.2,0.191853,18,17.9997,0,9999.81,0.191853,17.9997,-0,18.1915,0,0,18.1915,-6.48128,1,1,0,0,0.0531086,0,0,0,0,0,-0.176787,-0.368636,,,-0.711204,-0.903043,,,0.865385,0.673515,,
size_sweep,calm_deep,10000,hybrid,40,0,True,"coinbase>=1,000,000",prints+quotes,5000018,10,0.124306,2.18463e+06,0.629605,3.86667,6.48128,hybrid,BTC-USD,buy,0.115923,10000,86263.8,0.383707,2.14372e+06,0.115923,1,1,86262.2,-0.190694,8,7.99985,9999.81,0,-0.190694,7.99985,0,7.80915,0,0,7.80915,6.48128,1,1,0,0,0.8,0,0,0,1,0,0.382555,0.202294,0.382555,0.202294,0.475295,0.295036,0.475295,0.295036,-0.190698,-0.370969,-0.190698,-0.370969
size_sweep,calm_deep,10000,hybrid,40,0,True,"coinbase>=1,000,000",prints+quotes,5000018,10,0.124306,2.18463e+06,0.629605,3.86667,6.48128,hybrid,BTC-USD,sell,0.115923,10000,86263.8,0.383707,2.3656e+06,0.115923,1,1,86252.8,1.28156,8,7.99897,9998.72,0,1.28156,7.99897,-0,9.28054,0,0,9.28054,-6.48128,3,2,0,2,3.8,0,0,1,1,0,0.347165,0.272775,0.347165,0.272775,1.45119,1.37679,1.45119,1.37679,1.82644,1.75204,1.82644,1.75204
size_sweep,calm_deep,10000,hybrid|prints-only,40,0,True,"coinbase>=1,000,000",prints-only,5000018,10,0.124306,2.18463e+06,0.629605,3.86667,6.48128,hybrid,BTC-USD,buy,0.115923,10000,86263.8,0.383707,2.14372e+06,0.115923,1,1,86257.7,-0.709009,8,7.99943,9999.29,0,-0.709009,7.99943,0,7.29042,0,0,7.29042,6.48128,2,3,0,2,3.61439,0,0,3,0,0,0.714643,0.407607,0.714643,0.407607,-0.526544,-0.833617,-0.526544,-0.833617,-1.28215,-1.58925,-1.28215,-1.58925
size_sweep,calm_deep,10000,hybrid|prints-only,40,0,True,"coinbase>=1,000,000",prints-only,5000018,10,0.124306,2.18463e+06,0.629605,3.86667,6.48128,hybrid,BTC-USD,sell,0.115923,10000,86263.8,0.383707,2.3656e+06,0.115923,1,0.944866,86265.5,-0.190045,8.55149,8.55165,9448.69,551.496,-0.190045,8.55165,-0,8.3616,0,0,8.3616,-6.48128,37,44,0,36,42.1396,0,0,43,0,0,0.361821,0.320171,0.355817,0.314949,0.596954,0.555298,0.720069,0.679194,6.31898,6.2773,6.37507,6.33418
size_sweep,calm_deep,10000,passive,40,0,True,"coinbase>=1,000,000",prints+quotes,5000018,10,0.124306,2.18463e+06,0.629605,3.86667,6.48128,passive,BTC-USD,buy,0.115923,10000,86263.8,0.383707,2.14372e+06,0.115923,1,1,86262.2,-0.190694,8,7.99985,9999.81,0,-0.190694,7.99985,0,7.80915,0,0,7.80915,6.48128,1,1,0,0,0.8,0,0,0,1,0,0.382555,0.202294,0.382555,0.202294,0.475295,0.295036,0.475295,0.295036,-0.190698,-0.370969,-0.190698,-0.370969
size_sweep,calm_deep,10000,passive,40,0,True,"coinbase>=1,000,000",prints+quotes,5000018,10,0.124306,2.18463e+06,0.629605,3.86667,6.48128,passive,BTC-USD,sell,0.115923,10000,86263.8,0.383707,2.3656e+06,0.115923,1,1,86252.8,1.28156,8,7.99897,9998.72,0,1.28156,7.99897,-0,9.28054,0,0,9.28054,-6.48128,3,2,0,2,3.8,0,0,1,1,0,0.347165,0.272775,0.347165,0.272775,1.45119,1.37679,1.45119,1.37679,1.82644,1.75204,1.82644,1.75204
size_sweep,calm_deep,10000,passive|prints-only,40,0,True,"coinbase>=1,000,000",prints-only,5000018,10,0.124306,2.18463e+06,0.629605,3.86667,6.48128,passive,BTC-USD,buy,0.115923,10000,86263.8,0.383707,2.14372e+06,0.115923,1,1,86257.7,-0.709009,8,7.99943,9999.29,0,-0.709009,7.99943,0,7.29042,0,0,7.29042,6.48128,2,3,0,2,3.61439,0,0,3,0,0,0.714643,0.407607,0.714643,0.407607,-0.526544,-0.833617,-0.526544,-0.833617,-1.28215,-1.58925,-1.28215,-1.58925
size_sweep,calm_deep,10000,passive|prints-only,40,0,True,"coinbase>=1,000,000",prints-only,5000018,10,0.124306,2.18463e+06,0.629605,3.86667,6.48128,passive,BTC-USD,sell,0.115923,10000,86263.8,0.383707,2.3656e+06,0.115923,1,1,86265.7,-0.211612,8,8.00017,10000.2,0,-0.211612,8.00017,-0,7.78856,0,0,7.78856,-6.48128,38,47,0,37,43.8219,0,0,47,0,0,0.328766,0.276009,0.328766,0.276009,0.662225,0.609462,0.662225,0.609462,6.24553,6.19275,6.24553,6.19275
size_sweep,calm_deep,10000,aggressive,40,0,True,"coinbase>=1,000,000",prints+quotes,5000019,10,0.116385,2.15257e+06,0.493382,3.86667,-3.05525,aggressive,BTC-USD,buy,0.115883,10000,86294.2,0.00231765,1.97467e+06,0.115883,1,0,86294.2,0.00182322,18,18,0,10000,0.00182322,18,-0,18.0018,0,0,18.0018,-3.05525,1,2,0,0,0.0288745,0,0,0,0,0,-0.148245,-0.150068,,,0.110753,0.10893,,,2.59933,2.59751,,
size_sweep,calm_deep,10000,aggressive,40,0,True,"coinbase>=1,000,000",prints+quotes,5000019,10,0.116385,2.15257e+06,0.493382,3.86667,-3.05525,aggressive,BTC-USD,sell,0.115883,10000,86294.2,0.00231765,1.96305e+06,0.115883,1,0,86294.2,0.00115883,18,18,0,10000,0.00115883,18,0,18.0012,0,0,18.0012,3.05525,1,1,0,0,0.0288745,0,0,0,0,0,0.151227,0.150068,,,-0.107771,-0.10893,,,-2.59635,-2.59751,,
size_sweep,calm_deep,10000,hybrid,40,0,True,"coinbase>=1,000,000",prints+quotes,5000019,10,0.116385,2.15257e+06,0.493382,3.86667,-3.05525,hybrid,BTC-USD,buy,0.115883,10000,86294.2,0.00231765,1.97467e+06,0.115883,1,1,86300.4,0.719631,8,8.00058,10000.7,0,0.719631,8.00058,-0,8.72021,0,0,8.72021,-3.05525,2,2,0,1,2,0,0,1,1,0,1.3594,0.852161,1.3594,0.852161,0.834188,0.326922,0.834188,0.326922,2.78964,2.28247,2.78964,2.28247
size_sweep,calm_deep,10000,hybrid,40,0,True,"coinbase>=1,000,000",prints+quotes,5000019,10,0.116385,2.15257e+06,0.493382,3.86667,-3.05525,hybrid,BTC-USD,sell,0.115883,10000,86294.2,0.00231765,1.96305e+06,0.115883,1,1,86294.2,-0.00115883,8,8,10000,0,-0.00115883,8,0,7.99884,0,0,7.99884,3.05525,1,1,0,0,0.2,0,0,0,1,0,0.155283,0.0249144,0.155283,0.0249144,-0.1379,-0.268265,-0.1379,-0.268265,-2.59403,-2.72436,-2.59403,-2.72436
size_sweep,calm_deep,10000,hybrid|prints-only,40,0,True,"coinbase>=1,000,000",prints-only,5000019,10,0.116385,2.15257e+06,0.493382,3.86667,-3.05525,hybrid,BTC-USD,buy,0.115883,10000,86294.2,0.00231765,1.97467e+06,0.115883,1,0.412146,86293.5,-0.0851528,13.8788,13.8786,4121.2,5878.72,-0.0851528,13.8786,-0,13.7935,0,0,13.7935,-3.05525,29,45,1,27,42.1629,0,0,44,0,0,0.00749588,-0.0272878,-0.202463,-0.180254,1.41366,1.37888,0.0442072,0.0664146,5.74632,5.71158,1.7166,1.73881
size_sweep,calm_deep,10000,hybrid|prints-only,40,0,True,"coinbase>=1,000,000",prints-only,5000019,10,0.116385,2.15257e+06,0.493382,3.86667,-3.05525,hybrid,BTC-USD,sell,0.115883,10000,86294.2,0.00231765,1.96305e+06,0.115883,1,0.262348,86293.3,0.111142,15.3767,15.3765,2623.25,7376.64,0.111142,15.3765,3.65888e-16,15.4877,0,0,15.4877,3.05525,30,45,1,28,42.1359,0,0,44,0,0,-0.00655319,-0.0784899,-0.0103168,-0.0743643,-1.74815,-1.82007,-0.409249,-0.473295,-6.80118,-6.87307,-2.24327,-2.30731
size_sweep,calm_deep,10000,passive,40,0,True,"coinbase>=1,000,000",prints+quotes,5000019,10,0.116385,2.15257e+06,0.493382,3.86667,-3.05525,passive,BTC-USD,buy,0.115883,10000,86294.2,0.00231765,1.97467e+06,0.115883,1,1,86300.4,0.719631,8,8.00058,10000.7,0,0.719631,8.00058,-0,8.72021,0,0,8.72021,-3.05525,2,2,0,1,2,0,0,1,1,0,1.3594,0.852161,1.3594,0.852161,0.834188,0.326922,0.834188,0.326922,2.78964,2.28247,2.78964,2.28247
size_sweep,calm_deep,10000,passive,40,0,True,"coinbase>=1,000,000",prints+quotes,5000019,10,0.116385,2.15257e+06,0.493382,3.86667,-3.05525,passive,BTC-USD,sell,0.115883,10000,86294.2,0.00231765,1.96305e+06,0.115883,1,1,86294.2,-0.00115883,8,8,10000,0,-0.00115883,8,0,7.99884,0,0,7.99884,3.05525,1,1,0,0,0.2,0,0,0,1,0,0.155283,0.0249144,0.155283,0.0249144,-0.1379,-0.268265,-0.1379,-0.268265,-2.59403,-2.72436,-2.59403,-2.72436
size_sweep,calm_deep,10000,passive|prints-only,40,0,True,"coinbase>=1,000,000",prints-only,5000019,10,0.116385,2.15257e+06,0.493382,3.86667,-3.05525,passive,BTC-USD,buy,0.115883,10000,86294.2,0.00231765,1.97467e+06,0.115883,1,1,86284.4,-1.13916,8,7.99909,9998.86,0,-1.13916,7.99909,-3.65888e-16,6.85993,0,0,6.85993,-3.05525,34,57,1,32,48.7069,0,0,57,0,0,0.178345,0.120726,0.178345,0.120726,0.664314,0.606702,0.664314,0.606702,5.51335,5.45578,5.51335,5.45578
size_sweep,calm_deep,10000,passive|prints-only,40,0,True,"coinbase>=1,000,000",prints-only,5000019,10,0.116385,2.15257e+06,0.493382,3.86667,-3.05525,passive,BTC-USD,sell,0.115883,10000,86294.2,0.00231765,1.96305e+06,0.0642453,0.5544,1,86285.3,1.03702,8,4.43474,5543.43,0,0.574924,4.43474,1.36142,6.37108,0.0999181,4454.54,14.4892,3.05525,41,57,1,40,59.5145,0,0,57,0,0,-0.334015,-0.33278,-0.334015,-0.33278,-0.764876,-0.763643,-0.764876,-0.763643,-5.05951,-5.0583,-5.05951,-5.0583
size_sweep,calm_deep,50000,aggressive,40,0,True,"coinbase>=1,000,000",prints+quotes,5001000,10,0.116929,2.18931e+06,0.625816,3.73333,-2.54343,aggressive,BTC-USD,buy,0.579368,50000,86300.9,0.0730004,2.39228e+06,0.579368,1,0,86301.5,0.0611141,18,90.0005,0,50000.3,0.0611141,18.0001,-0,18.0612,0,0,18.0612,-2.54343,1,4,0,0,0.0399604,0,0,0,0,0,1.0582,0.997092,,,2.97358,2.91248,,,3.52571,3.46462,,
size_sweep,calm_deep,50000,aggressive,40,0,True,"coinbase>=1,000,000",prints+quotes,5001000,10,0.116929,2.18931e+06,0.625816,3.73333,-2.54343,aggressive,BTC-USD,sell,0.579368,50000,86300.9,0.0730004,1.97148e+06,0.579368,1,0,86300.4,0.0587174,18,89.9995,0,49999.7,0.0587174,17.9999,0,18.0586,0,0,18.0586,2.54343,1,3,0,0,0.0399604,0,0,0,0,0,-0.93838,-0.997092,,,-2.85378,-2.91248,,,-3.40592,-3.46462,,
size_sweep,calm_deep,50000,hybrid,40,0,True,"coinbase>=1,000,000",prints+quotes,5001000,10,0.116929,2.18931e+06,0.625816,3.73333,-2.54343,hybrid,BTC-USD,buy,0.579368,50000,86300.9,0.0730004,2.39228e+06,0.579368,1,1,86300.6,-0.0353414,8,39.9999,49999.8,0,-0.0353414,7.99997,-0,7.96463,0,0,7.96463,-2.54343,1,2,0,0,0.5,0,0,0,2,0,1.18878,1.08476,1.18878,1.08476,2.92049,2.81649,2.92049,2.81649,3.02238,2.91838,3.02238,2.91838
size_sweep,calm_deep,50000,hybrid,40,0,True,"coinbase>=1,000,000",prints+quotes,5001000,10,0.116929,2.18931e+06,0.625816,3.73333,-2.54343,hybrid,BTC-USD,sell,0.579368,50000,86300.9,0.0730004,1.97148e+06,0.579368,1,1,86296.3,0.542257,8,39.9978,49997.3,0,0.542257,7.99957,4.87388e-16,8.54182,0,0,8.54182,2.54343,2,4,0,1,1.3,0,0,1,3,0,-1.43856,-1.49779,-1.43856,-1.49779,-2.40601,-2.46523,-2.40601,-2.46523,-2.24358,-2.3028,-2.24358,-2.3028
size_sweep,calm_deep,50000,hybrid|prints-only,40,0,True,"coinbase>=1,000,000",prints-only,5001000,10,0.116929,2.18931e+06,0.625816,3.73333,-2.54343,hybrid,BTC-USD,buy,0.579368,50000,86300.9,0.0730004,2.39228e+06,0.579368,1,1,86289.9,-1.27485,8,39.9949,49993.6,0,-1.27485,7.99898,-4.87388e-16,6.72413,0,0,6.72413,-2.54343,12,24,0,12,19.6195,0,0,24,0,0,1.79759,1.37816,1.79759,1.37816,1.78371,1.36428,1.78371,1.36428,0.609972,0.190495,0.609972,0.190495
size_sweep,calm_deep,50000,hybrid|prints-only,40,0,True,"coinbase>=1,000,000",prints-only,5001000,10,0.116929,2.18931e+06,0.625816,3.73333,-2.54343,hybrid,BTC-USD,sell,0.579368,50000,86300.9,0.0730004,1.97148e+06,0.579368,1,0.824599,86284.9,1.86028,9.75382,48.76,41223.2,8767.46,1.86028,9.752,4.87388e-16,11.6123,0,0,11.6123,2.54343,33,40,0,32,42.1739,0,0,39,0,0,0.131398,0.0604413,0.0164736,-0.0643983,0.0122071,-0.0587506,0.0310758,-0.0497979,-0.225831,-0.296784,-0.676231,-0.757099
size_sweep,calm_deep,50000,passive,40,0,True,"coinbase>=1,000,000",prints+quotes,5001000,10,0.116929,2.18931e+06,0.625816,3.73333,-2.54343,passive,BTC-USD,buy,0.579368,50000,86300.9,0.0730004,2.39228e+06,0.579368,1,1,86300.6,-0.0353414,8,39.9999,49999.8,0,-0.0353414,7.99997,-0,7.96463,0,0,7.96463,-2.54343,1,2,0,0,0.5,0,0,0,2,0,1.18878,1.08476,1.18878,1.08476,2.92049,2.81649,2.92049,2.81649,3.02238,2.91838,3.02238,2.91838
size_sweep,calm_deep,50000,passive,40,0,True,"coinbase>=1,000,000",prints+quotes,5001000,10,0.116929,2.18931e+06,0.625816,3.73333,-2.54343,passive,BTC-USD,sell,0.579368,50000,86300.9,0.0730004,1.97148e+06,0.579368,1,1,86296.3,0.542257,8,39.9978,49997.3,0,0.542257,7.99957,4.87388e-16,8.54182,0,0,8.54182,2.54343,2,4,0,1,1.3,0,0,1,3,0,-1.43856,-1.49779,-1.43856,-1.49779,-2.40601,-2.46523,-2.40601,-2.46523,-2.24358,-2.3028,-2.24358,-2.3028
size_sweep,calm_deep,50000,passive|prints-only,40,0,True,"coinbase>=1,000,000",prints-only,5001000,10,0.116929,2.18931e+06,0.625816,3.73333,-2.54343,passive,BTC-USD,buy,0.579368,50000,86300.9,0.0730004,2.39228e+06,0.579368,1,1,86289.9,-1.27485,8,39.9949,49993.6,0,-1.27485,7.99898,-4.87388e-16,6.72413,0,0,6.72413,-2.54343,12,24,0,12,19.6195,0,0,24,0,0,1.79759,1.37816,1.79759,1.37816,1.78371,1.36428,1.78371,1.36428,0.609972,0.190495,0.609972,0.190495
size_sweep,calm_deep,50000,passive|prints-only,40,0,True,"coinbase>=1,000,000",prints-only,5001000,10,0.116929,2.18931e+06,0.625816,3.73333,-2.54343,passive,BTC-USD,sell,0.579368,50000,86300.9,0.0730004,1.97148e+06,0.550577,0.950306,1,86285.8,1.74875,8,38.0056,47507,0,1.66185,7.60112,0.126394,9.38936,0.00198659,2484.07,10.2856,2.54343,51,68,0,51,59.1262,0,0,68,0,0,-0.0250561,-0.135896,-0.0250561,-0.135896,0.0227854,-0.088058,0.0227854,-0.088058,-0.600439,-0.711277,-0.600439,-0.711277
size_sweep,calm_deep,50000,aggressive,40,0,True,"coinbase>=1,000,000",prints+quotes,5001001,10,0.126596,2.19805e+06,0.568942,3.95,0.293844,aggressive,BTC-USD,buy,0.579574,50000,86270.2,0.0799813,1.87578e+06,0.579574,1,0,86271.5,0.145062,18,90.0013,0,50000.7,0.145062,18.0003,0,18.1453,0,0,18.1453,0.293844,1,4,0,0,0.025717,0,0,0,0,0,-0.220647,-0.365711,,,-1.95065,-2.09574,,,-1.47483,-1.61991,,
size_sweep,calm_deep,50000,aggressive,40,0,True,"coinbase>=1,000,000",prints+quotes,5001001,10,0.126596,2.19805e+06,0.568942,3.95,0.293844,aggressive,BTC-USD,sell,0.579574,50000,86270.2,0.0799813,2.85882e+06,0.579574,1,0,86268.7,0.179544,18,89.9984,0,49999.1,0.179544,17.9997,-0,18.1792,0,0,18.1792,-0.293844,1,3,0,0,0.025717,0,0,0,0,0,0.545268,0.365711,,,2.27533,2.09574,,,1.79949,1.61991,,
size_sweep,calm_deep,50000,hybrid,40,0,True,"coinbase>=1,000,000",prints+quotes,5001001,10,0.126596,2.19805e+06,0.568942,3.95,0.293844,hybrid,BTC-USD,buy,0.579574,50000,86270.2,0.0799813,1.87578e+06,0.579574,1,1,86269.9,-0.0388315,8,39.9998,49999.8,0,-0.0388315,7.99997,0,7.96114,0,0,7.96114,0.293844,1,1,0,0,0.2,0,0,0,1,0,-0.551757,-1.03807,-0.551757,-1.03807,-2.12936,-2.61576,-2.12936,-2.61576,-1.73641,-2.22278,-1.73641,-2.22278
size_sweep,calm_deep,50000,hybrid,40,0,True,"coinbase>=1,000,000",prints+quotes,5001001,10,0.126596,2.19805e+06,0.568942,3.95,0.293844,hybrid,BTC-USD,sell,0.579574,50000,86270.2,0.0799813,2.85882e+06,0.579574,1,1,86270.5,-0.0388315,8,40.0002,50000.2,0,-0.0388315,8.00003,5.62883e-17,7.9612,0,0,7.9612,-0.293844,1,5,0,0,0.9,0,0,2,3,0,0.938315,0.842465,0.938315,0.842465,1.465,1.36915,1.465,1.36915,2.01877,1.92291,2.01877,1.92291
size_sweep,calm_deep,50000,hybrid|prints-only,40,0,True,"coinbase>=1,000,000",prints-only,5001001,10,0.126596,2.19805e+06,0.568942,3.95,0.293844,hybrid,BTC-USD,buy,0.579574,50000,86270.2,0.0799813,1.87578e+06,0.579574,1,1,86284.9,1.70386,8,40.0068,50008.5,0,1.70386,8.00136,0,9.70522,0,0,9.70522,0.293844,24,47,0,23,37.6048,0,0,47,0,0,-0.231595,-0.339707,-0.231595,-0.339707,-0.785658,-0.893787,-0.785658,-0.893787,-0.28236,-0.390476,-0.28236,-0.390476
size_sweep,calm_deep,50000,hybrid|prints-only,40,0,True,"coinbase>=1,000,000",prints-only,5001001,10,0.126596,2.19805e+06,0.568942,3.95,0.293844,hybrid,BTC-USD,sell,0.579574,50000,86270.2,0.0799813,2.85882e+06,0.579574,1,1,86287.6,-2.01803,8,40.0081,50010.1,0,-2.01803,8.00161,-5.07e-09,5.98359,2e-11,0.000862727,5.98359,-0.293844,6,10,0,5,6.71349,0,0,10,0,0,-0.840581,-0.67581,-0.840581,-0.67581,0.33062,0.495409,0.33062,0.495409,-0.73645,-0.571679,-0.73645,-0.571679
size_sweep,calm_deep,50000,passive,40,0,True,"coinbase>=1,000,000",prints+quotes,5001001,10,0.126596,2.19805e+06,0.568942,3.95,0.293844,passive,BTC-USD,buy,0.579574,50000,86270.2,0.0799813,1.87578e+06,0.579574,1,1,86269.9,-0.0388315,8,39.9998,49999.8,0,-0.0388315,7.99997,0,7.96114,0,0,7.96114,0.293844,1,1,0,0,0.2,0,0,0,1,0,-0.551757,-1.03807,-0.551757,-1.03807,-2.12936,-2.61576,-2.12936,-2.61576,-1.73641,-2.22278,-1.73641,-2.22278
size_sweep,calm_deep,50000,passive,40,0,True,"coinbase>=1,000,000",prints+quotes,5001001,10,0.126596,2.19805e+06,0.568942,3.95,0.293844,passive,BTC-USD,sell,0.579574,50000,86270.2,0.0799813,2.85882e+06,0.579574,1,1,86270.5,-0.0388315,8,40.0002,50000.2,0,-0.0388315,8.00003,5.62883e-17,7.9612,0,0,7.9612,-0.293844,1,5,0,0,0.9,0,0,2,3,0,0.938315,0.842465,0.938315,0.842465,1.465,1.36915,1.465,1.36915,2.01877,1.92291,2.01877,1.92291
size_sweep,calm_deep,50000,passive|prints-only,40,0,True,"coinbase>=1,000,000",prints-only,5001001,10,0.126596,2.19805e+06,0.568942,3.95,0.293844,passive,BTC-USD,buy,0.579574,50000,86270.2,0.0799813,1.87578e+06,0.579574,1,1,86284.9,1.70386,8,40.0068,50008.5,0,1.70386,8.00136,0,9.70522,0,0,9.70522,0.293844,24,47,0,23,37.6048,0,0,47,0,0,-0.231595,-0.339707,-0.231595,-0.339707,-0.785658,-0.893787,-0.785658,-0.893787,-0.28236,-0.390476,-0.28236,-0.390476
size_sweep,calm_deep,50000,passive|prints-only,40,0,True,"coinbase>=1,000,000",prints-only,5001001,10,0.126596,2.19805e+06,0.568942,3.95,0.293844,passive,BTC-USD,sell,0.579574,50000,86270.2,0.0799813,2.85882e+06,0.579574,1,1,86287.6,-2.01803,8,40.0081,50010.1,0,-2.01803,8.00161,-5.07e-09,5.98359,2e-11,0.000862727,5.98359,-0.293844,6,10,0,5,6.71349,0,0,10,0,0,-0.840581,-0.67581,-0.840581,-0.67581,0.33062,0.495409,0.33062,0.495409,-0.73645,-0.571679,-0.73645,-0.571679
size_sweep,calm_deep,50000,aggressive,40,0,True,"coinbase>=1,000,000",prints+quotes,5001002,10,0.1289,2.14203e+06,0.506959,4.93333,0.476288,aggressive,BTC-USD,buy,0.579426,50000,86292.3,0.114726,1.99557e+06,0.579426,1,0,86293.6,0.158733,18,90.0014,0,50000.8,0.158733,18.0003,0,18.159,0,0,18.159,0.476288,1,3,0,0,0.0558872,0,0,0,0,0,0.472774,0.314049,,,-0.183126,-0.341861,,,2.51927,2.36058,,
size_sweep,calm_deep,50000,aggressive,40,0,True,"coinbase>=1,000,000",prints+quotes,5001002,10,0.1289,2.14203e+06,0.506959,4.93333,0.476288,aggressive,BTC-USD,sell,0.579426,50000,86292.3,0.114726,2.16528e+06,0.579426,1,0,86290.7,0.184877,18,89.9983,0,49999.1,0.184877,17.9997,-9.12603e-17,18.1845,0,0,18.1845,-0.476288,1,5,0,0,0.0558872,0,0,0,0,0,-0.129174,-0.314049,,,0.526748,0.341861,,,-2.17575,-2.36058,,
size_sweep,calm_deep,50000,hybrid,40,0,True,"coinbase>=1,000,000",prints+quotes,5001002,10,0.1289,2.14203e+06,0.506959,4.93333,0.476288,hybrid,BTC-USD,buy,0.579426,50000,86292.3,0.114726,1.99557e+06,0.579426,1,1,86291.8,-0.0562043,8,39.9998,49999.7,0,-0.0562043,7.99996,0,7.94375,0,0,7.94375,0.476288,1,3,0,0,0.8,0,0,1,2,0,0.187575,0.0883559,0.187575,0.0883559,-0.677521,-0.776749,-0.677521,-0.776749,2.46569,2.36649,2.46569,2.36649
size_sweep,calm_deep,50000,hybrid,40,0,True,"coinbase>=1,000,000",prints+quotes,5001002,10,0.1289,2.14203e+06,0.506959,4.93333,0.476288,hybrid,BTC-USD,sell,0.579426,50000,86292.3,0.114726,2.16528e+06,0.579426,1,1,86289.2,0.3574,8,39.9986,49998.2,0,0.3574,7.99971,-9.12603e-17,8.35711,0,0,8.35711,-0.476288,2,8,0,1,2.1,0,0,5,3,0,0.684551,0.528104,0.684551,0.528104,0.780107,0.623658,0.780107,0.623658,-2.1227,-2.2791,-2.1227,-2.2791
size_sweep,calm_deep,50000,hybrid|prints-only,40,0,True,"coinbase>=1,000,000",prints-only,5001002,10,0.1289,2.14203e+06,0.506959,4.93333,0.476288,hybrid,BTC-USD,buy,0.579426,50000,86292.3,0.114726,1.99557e+06,0.579426,1,1,86291.8,-0.0518895,8,39.9998,49999.7,0,-0.0518895,7.99996,0,7.94807,0,0,7.94807,0.476288,4,21,0,3,8.91014,0,0,21,0,0,0.13528,-0.00334589,0.13528,-0.00334589,-0.864297,-1.00294,-0.864297,-1.00294,2.60794,2.46935,2.60794,2.46935
size_sweep,calm_deep,50000,hybrid|prints-only,40,0,True,"coinbase>=1,000,000",prints-only,5001002,10,0.1289,2.14203e+06,0.506959,4.93333,0.476288,hybrid,BTC-USD,sell,0.579426,50000,86292.3,0.114726,2.16528e+06,0.579426,1,1,86268.9,2.70367,8,39.9892,49986.5,0,2.70367,7.99784,-0,10.7015,0,0,10.7015,-0.476288,27,47,0,26,36.0046,0,0,47,0,0,-0.588449,-0.518235,-0.588449,-0.518235,0.781085,0.851346,0.781085,0.851346,1.31694,1.38718,1.31694,1.38718
size_sweep,calm_deep,50000,passive,40,0,True,"coinbase>=1,000,000",prints+quotes,5001002,10,0.1289,2.14203e+06,0.506959,4.93333,0.476288,passive,BTC-USD,buy,0.579426,50000,86292.3,0.114726,1.99557e+06,0.579426,1,1,86291.8,-0.0562043,8,39.9998,49999.7,0,-0.0562043,7.99996,0,7.94375,0,0,7.94375,0.476288,1,3,0,0,0.8,0,0,1,2,0,0.187575,0.0883559,0.187575,0.0883559,-0.677521,-0.776749,-0.677521,-0.776749,2.46569,2.36649,2.46569,2.36649
size_sweep,calm_deep,50000,passive,40,0,True,"coinbase>=1,000,000",prints+quotes,5001002,10,0.1289,2.14203e+06,0.506959,4.93333,0.476288,passive,BTC-USD,sell,0.579426,50000,86292.3,0.114726,2.16528e+06,0.579426,1,1,86289.2,0.3574,8,39.9986,49998.2,0,0.3574,7.99971,-9.12603e-17,8.35711,0,0,8.35711,-0.476288,2,8,0,1,2.1,0,0,5,3,0,0.684551,0.528104,0.684551,0.528104,0.780107,0.623658,0.780107,0.623658,-2.1227,-2.2791,-2.1227,-2.2791
size_sweep,calm_deep,50000,passive|prints-only,40,0,True,"coinbase>=1,000,000",prints-only,5001002,10,0.1289,2.14203e+06,0.506959,4.93333,0.476288,passive,BTC-USD,buy,0.579426,50000,86292.3,0.114726,1.99557e+06,0.579426,1,1,86291.8,-0.0518895,8,39.9998,49999.7,0,-0.0518895,7.99996,0,7.94807,0,0,7.94807,0.476288,4,21,0,3,8.91014,0,0,21,0,0,0.13528,-0.00334589,0.13528,-0.00334589,-0.864297,-1.00294,-0.864297,-1.00294,2.60794,2.46935,2.60794,2.46935
size_sweep,calm_deep,50000,passive|prints-only,40,0,True,"coinbase>=1,000,000",prints-only,5001002,10,0.1289,2.14203e+06,0.506959,4.93333,0.476288,passive,BTC-USD,sell,0.579426,50000,86292.3,0.114726,2.16528e+06,0.579426,1,1,86268.9,2.70367,8,39.9892,49986.5,0,2.70367,7.99784,-0,10.7015,0,0,10.7015,-0.476288,27,47,0,26,36.0046,0,0,47,0,0,-0.588449,-0.518235,-0.588449,-0.518235,0.781085,0.851346,0.781085,0.851346,1.31694,1.38718,1.31694,1.38718
size_sweep,calm_deep,50000,aggressive,40,0,True,"coinbase>=1,000,000",prints+quotes,5001003,10,0.124245,2.21897e+06,0.499344,3.96667,-5.46123,aggressive,BTC-USD,buy,0.579626,50000,86262.6,0.157658,2.2085e+06,0.579626,1,0,86263.9,0.154076,18,90.0014,0,50000.8,0.154076,18.0003,1.04605e-15,18.1544,0,0,18.1544,-5.46123,1,5,0,0,0.0545013,0,0,0,0,0,0.754557,0.600492,,,1.88887,1.73482,,,0.26594,0.111868,,
size_sweep,calm_deep,50000,aggressive,40,0,True,"coinbase>=1,000,000",prints+quotes,5001003,10,0.124245,2.21897e+06,0.499344,3.96667,-5.46123,aggressive,BTC-USD,sell,0.579626,50000,86262.6,0.157658,2.34173e+06,0.579626,1,0,86261.8,0.0883565,18,89.9992,0,49999.6,0.0883565,17.9998,0,18.0882,0,0,18.0882,5.46123,1,4,0,0,0.0545013,0,0,0,0,0,-0.51214,-0.600492,,,-1.64648,-1.73482,,,-0.0235114,-0.111868,,
size_sweep,calm_deep,50000,hybrid,40,0,True,"coinbase>=1,000,000",prints+quotes,5001003,10,0.124245,2.21897e+06,0.499344,3.96667,-5.46123,hybrid,BTC-USD,buy,0.579626,50000,86262.6,0.157658,2.2085e+06,0.579626,1,1,86261.9,-0.0776698,8,39.9997,49999.6,0,-0.0776698,7.99994,-0,7.92227,0,0,7.92227,-5.46123,1,2,0,0,0.7,0,0,0,2,0,0.173309,-0.00839573,0.173309,-0.00839573,0.951173,0.769482,0.951173,0.769482,0.702057,0.520361,0.702057,0.520361
size_sweep,calm_deep,50000,hybrid,40,0,True,"coinbase>=1,000,000",prints+quotes,5001003,10,0.124245,2.21897e+06,0.499344,3.96667,-5.46123,hybrid,BTC-USD,sell,0.579626,50000,86262.6,0.157658,2.34173e+06,0.579626,1,1,86263.2,-0.0776698,8,40.0003,50000.4,0,-0.0776698,8.00006,0,7.92239,0,0,7.92239,5.46123,1,3,0,0,0.4,0,0,0,3,0,-0.52527,-0.807541,-0.52527,-0.807541,-1.4641,-1.74635,-1.4641,-1.74635,-0.768022,-1.05029,-0.768022,-1.05029
size_sweep,calm_deep,50000,hybrid|prints-only,40,0,True,"coinbase>=1,000,000",prints-only,5001003,10,0.124245,2.21897e+06,0.499344,3.96667,-5.46123,hybrid,BTC-USD,buy,0.579626,50000,86262.6,0.157658,2.2085e+06,0.579626,1,1,86249.2,-1.54444,8,39.9938,49992.3,0,-1.54444,7.99876,-0,6.45433,0,0,6.45433,-5.46123,29,40,1,27,38.614,0,0,40,0,0,0.581896,0.29975,0.581896,0.29975,0.528419,0.246275,0.528419,0.246275,1.89155,1.60945,1.89155,1.60945
size_sweep,calm_deep,50000,hybrid|prints-only,40,0,True,"coinbase>=1,000,000",prints-only,5001003,10,0.124245,2.21897e+06,0.499344,3.96667,-5.46123,hybrid,BTC-USD,sell,0.579626,50000,86262.6,0.157658,2.34173e+06,0.579626,1,1,86248.4,1.64504,8,39.9934,49991.8,0,1.64504,7.99868,0,9.64372,0,0,9.64372,5.46123,26,28,0,25,34.0084,0,0,28,0,0,0.453783,0.21377,0.453783,0.21377,-1.02992,-1.26989,-1.02992,-1.26989,-2.06065,-2.3006,-2.06065,-2.3006
size_sweep,calm_deep,50000,passive,40,0,True,"coinbase>=1,000,000",prints+quotes,5001003,10,0.124245,2.21897e+06,0.499344,3.96667,-5.46123,passive,BTC-USD,buy,0.579626,50000,86262.6,0.157658,2.2085e+06,0.579626,1,1,86261.9,-0.0776698,8,39.9997,49999.6,0,-0.0776698,7.99994,-0,7.92227,0,0,7.92227,-5.46123,1,2,0,0,0.7,0,0,0,2,0,0.173309,-0.00839573,0.173309,-0.00839573,0.951173,0.769482,0.951173,0.769482,0.702057,0.520361,0.702057,0.520361
size_sweep,calm_deep,50000,passive,40,0,True,"coinbase>=1,000,000",prints+quotes,5001003,10,0.124245,2.21897e+06,0.499344,3.96667,-5.46123,passive,BTC-USD,sell,0.579626,50000,86262.6,0.157658,2.34173e+06,0.579626,1,1,86263.2,-0.0776698,8,40.0003,50000.4,0,-0.0776698,8.00006,0,7.92239,0,0,7.92239,5.46123,1,3,0,0,0.4,0,0,0,3,0,-0.52527,-0.807541,-0.52527,-0.807541,-1.4641,-1.74635,-1.4641,-1.74635,-0.768022,-1.05029,-0.768022,-1.05029
size_sweep,calm_deep,50000,passive|prints-only,40,0,True,"coinbase>=1,000,000",prints-only,5001003,10,0.124245,2.21897e+06,0.499344,3.96667,-5.46123,passive,BTC-USD,buy,0.579626,50000,86262.6,0.157658,2.2085e+06,0.579626,1,1,86249.2,-1.54444,8,39.9938,49992.3,0,-1.54444,7.99876,-0,6.45433,0,0,6.45433,-5.46123,29,40,1,27,38.614,0,0,40,0,0,0.581896,0.29975,0.581896,0.29975,0.528419,0.246275,0.528419,0.246275,1.89155,1.60945,1.89155,1.60945
size_sweep,calm_deep,50000,passive|prints-only,40,0,True,"coinbase>=1,000,000",prints-only,5001003,10,0.124245,2.21897e+06,0.499344,3.96667,-5.46123,passive,BTC-USD,sell,0.579626,50000,86262.6,0.157658,2.34173e+06,0.579626,1,1,86248.4,1.64504,8,39.9934,49991.8,0,1.64504,7.99868,0,9.64372,0,0,9.64372,5.46123,26,28,0,25,34.0084,0,0,28,0,0,0.453783,0.21377,0.453783,0.21377,-1.02992,-1.26989,-1.02992,-1.26989,-2.06065,-2.3006,-2.06065,-2.3006
size_sweep,calm_deep,50000,aggressive,40,0,True,"coinbase>=1,000,000",prints+quotes,5001004,10,0.122377,2.14199e+06,0.595916,3.61667,3.82848,aggressive,BTC-USD,buy,0.579459,50000,86287.4,0.165725,2.4245e+06,0.579459,1,0,86288.3,0.102006,18,90.0009,0,50000.5,0.102006,18.0002,0,18.1022,0,0,18.1022,3.82848,1,2,0,0,0.0318945,0,0,0,0,0,1.15255,1.05056,,,2.35028,2.2483,,,-2.63939,-2.74142,,
size_sweep,calm_deep,50000,aggressive,40,0,True,"coinbase>=1,000,000",prints+quotes,5001004,10,0.122377,2.14199e+06,0.595916,3.61667,3.82848,aggressive,BTC-USD,sell,0.579459,50000,86287.4,0.165725,2.33877e+06,0.579459,1,0,86286.1,0.15668,18,89.9986,0,49999.2,0.15668,17.9997,-0,18.1564,0,0,18.1564,-3.82848,1,2,0,0,0.0318945,0,0,0,0,0,-0.893892,-1.05056,,,-2.09165,-2.2483,,,2.89815,2.74142,,
size_sweep,calm_deep,50000,hybrid,40,0,True,"coinbase>=1,000,000",prints+quotes,5001004,10,0.122377,2.14199e+06,0.595916,3.61667,3.82848,hybrid,BTC-USD,buy,0.579459,50000,86287.4,0.165725,2.4245e+06,0.579459,1,1,86286.7,-0.0817037,8,39.9997,49999.6,0,-0.0817037,7.99993,0,7.91823,0,0,7.91823,3.82848,1,2,0,0,0.2,0,0,0,2,0,1.1837,1.09902,1.1837,1.09902,2.10171,2.01704,2.10171,2.01704,-3.0277,-3.11241,-3.0277,-3.11241
size_sweep,calm_deep,50000,hybrid,40,0,True,"coinbase>=1,000,000",prints+quotes,5001004,10,0.122377,2.14199e+06,0.595916,3.61667,3.82848,hybrid,BTC-USD,sell,0.579459,50000,86287.4,0.165725,2.33877e+06,0.579459,1,1,86274.2,1.53407,8,39.9939,49992.3,0,1.53407,7.99877,-6.607e-08,9.53284,2.46e-09,0.000863192,9.53284,-3.82848,3,4,0,2,1.9,0,0,2,2,0,-0.670336,-0.872837,-0.670336,-0.872837,0.0216893,-0.180826,0.0216893,-0.180826,5.36316,5.16053,5.36316,5.16053
size_sweep,calm_deep,50000,hybrid|prints-only,40,0,True,"coinbase>=1,000,000",prints-only,5001004,10,0.122377,2.14199e+06,0.595916,3.61667,3.82848,hybrid,BTC-USD,buy,0.579459,50000,86287.4,0.165725,2.4245e+06,0.579459,1,0.776197,86315.3,3.237,10.2385,51.2089,38820.3,11195.9,3.237,10.2418,0,13.4788,0,0,13.4788,3.82848,32,42,0,31,42.1163,0,1,40,0,0,0.438093,0.423555,0.493606,0.487232,-0.0331922,-0.047732,-0.536052,-0.542429,-0.849081,-0.863616,-1.3504,-1.35677
size_sweep,calm_deep,50000,hybrid|prints-only,40,0,True,"coinbase>=1,000,000",prints-only,5001004,10,0.122377,2.14199e+06,0.595916,3.61667,3.82848,hybrid,BTC-USD,sell,0.579459,50000,86287.4,0.165725,2.33877e+06,0.579459,1,0.500961,86325.7,-4.43721,12.9907,64.9824,25057.6,24964.6,-4.43721,12.9965,-0,8.55926,0,0,8.55926,-3.82848,36,45,0,35,42.1214,0,0,44,0,0,-0.42478,-0.514796,-0.688694,-0.825688,-0.764262,-0.85428,0.0933063,-0.0436971,-0.462838,-0.552856,-0.123104,-0.260105
size_sweep,calm_deep,50000,passive,40,0,True,"coinbase>=1,000,000",prints+quotes,5001004,10,0.122377,2.14199e+06,0.595916,3.61667,3.82848,passive,BTC-USD,buy,0.579459,50000,86287.4,0.165725,2.4245e+06,0.579459,1,1,86286.7,-0.0817037,8,39.9997,49999.6,0,-0.0817037,7.99993,0,7.91823,0,0,7.91823,3.82848,1,2,0,0,0.2,0,0,0,2,0,1.1837,1.09902,1.1837,1.09902,2.10171,2.01704,2.10171,2.01704,-3.0277,-3.11241,-3.0277,-3.11241
size_sweep,calm_deep,50000,passive,40,0,True,"coinbase>=1,000,000",prints+quotes,5001004,10,0.122377,2.14199e+06,0.595916,3.61667,3.82848,passive,BTC-USD,sell,0.579459,50000,86287.4,0.165725,2.33877e+06,0.579459,1,1,86274.2,1.53407,8,39.9939,49992.3,0,1.53407,7.99877,-6.607e-08,9.53284,2.46e-09,0.000863192,9.53284,-3.82848,3,4,0,2,1.9,0,0,2,2,0,-0.670336,-0.872837,-0.670336,-0.872837,0.0216893,-0.180826,0.0216893,-0.180826,5.36316,5.16053,5.36316,5.16053
size_sweep,calm_deep,50000,passive|prints-only,40,0,True,"coinbase>=1,000,000",prints-only,5001004,10,0.122377,2.14199e+06,0.595916,3.61667,3.82848,passive,BTC-USD,buy,0.579459,50000,86287.4,0.165725,2.4245e+06,0.579459,1,1,86314.8,3.17702,8,40.0127,50015.9,0,3.17702,8.00254,0,11.1796,0,0,11.1796,3.82848,37,56,0,36,50.1343,0,1,55,0,0,0.570196,0.49828,0.570196,0.49828,0.0120891,-0.0598224,0.0120891,-0.0598224,-0.805726,-0.877637,-0.805726,-0.877637
size_sweep,calm_deep,50000,passive|prints-only,40,0,True,"coinbase>=1,000,000",prints-only,5001004,10,0.122377,2.14199e+06,0.595916,3.61667,3.82848,passive,BTC-USD,sell,0.579459,50000,86287.4,0.165725,2.33877e+06,0.313803,0.541546,1,86320.5,-3.8347,8,21.6701,27087.7,0,-2.07667,4.33403,-1.75519,0.502176,0.0862476,22931.1,8.84361,-3.82848,47,57,0,47,59.8071,0,0,57,0,0,-0.628238,-0.764818,-0.628238,-0.764818,0.0281525,-0.108436,0.0281525,-0.108436,-0.165635,-0.30222,-0.165635,-0.30222
size_sweep,calm_deep,50000,aggressive,40,0,True,"coinbase>=1,000,000",prints+quotes,5001005,10,0.129998,2.14457e+06,0.629936,3.7,-6.34831,aggressive,BTC-USD,buy,0.579278,50000,86314.3,0.00231711,2.24567e+06,0.579278,1,0,86316.5,0.251295,18,90.0023,0,50001.3,0.251295,18.0005,-0,18.2517,0,0,18.2517,-6.34831,1,5,0,0,0.0648296,0,0,0,0,0,0.54787,0.29659,,,-1.41467,-1.666,,,3.47779,3.22658,,
size_sweep,calm_deep,50000,aggressive,40,0,True,"coinbase>=1,000,000",prints+quotes,5001005,10,0.129998,2.14457e+06,0.629936,3.7,-6.34831,aggressive,BTC-USD,sell,0.579278,50000,86314.3,0.00231711,2.4678e+06,0.579278,1,0,86314.3,0.00764237,18,89.9999,0,50000,0.00764237,18,0,18.0076,0,0,18.0076,6.34831,1,3,0,0,0.0648296,0,0,0,0,0,-0.288948,-0.29659,,,1.67365,1.666,,,-3.21894,-3.22658,,
size_sweep,calm_deep,50000,hybrid,40,0,True,"coinbase>=1,000,000",prints+quotes,5001005,10,0.129998,2.14457e+06,0.629936,3.7,-6.34831,hybrid,BTC-USD,buy,0.579278,50000,86314.3,0.00231711,2.24567e+06,0.579278,1,1,86318.3,0.45763,8,40.0018,50002.3,0,0.45763,8.00037,-0,8.458,0,0,8.458,-6.34831,2,2,0,1,0.8,0,0,0,2,0,0.776692,0.556656,0.776692,0.556656,-1.41928,-1.63937,-1.41928,-1.63937,3.98549,3.76552,3.98549,3.76552
size_sweep,calm_deep,50000,hybrid,40,0,True,"coinbase>=1,000,000",prints+quotes,5001005,10,0.129998,2.14457e+06,0.629936,3.7,-6.34831,hybrid,BTC-USD,sell,0.579278,50000,86314.3,0.00231711,2.4678e+06,0.579278,1,1,86314.3,-0.00115856,8,40,50000,0,-0.00115856,8,0,7.99884,0,0,7.99884,6.34831,1,2,0,0,0.3,0,0,0,2,0,-0.0912414,-0.314169,-0.0912414,-0.314169,1.43849,1.21553,1.43849,1.21553,-3.0024,-3.22526,-3.0024,-3.22526
size_sweep,calm_deep,50000,hybrid|prints-only,40,0,True,"coinbase>=1,000,000",prints-only,5001005,10,0.129998,2.14457e+06,0.629936,3.7,-6.34831,hybrid,BTC-USD,buy,0.579278,50000,86314.3,0.00231711,2.24567e+06,0.579278,1,0.799143,86300.9,-1.55994,10.0074,50.029,39957,10035.2,-1.55994,10.0058,-1.21669e-15,8.44586,0,0,8.44586,-6.34831,34,53,0,33,42.1461,0,0,52,0,0,0.861156,0.544856,0.955935,0.56101,2.08588,1.76964,2.7018,2.30695,4.87774,4.56161,6.71247,6.31776
size_sweep,calm_deep,50000,hybrid|prints-only,40,0,True,"coinbase>=1,000,000",prints-only,5001005,10,0.129998,2.14457e+06,0.629936,3.7,-6.34831,hybrid,BTC-USD,sell,0.579278,50000,86314.3,0.00231711,2.4678e+06,0.579278,1,0.442185,86277.8,4.23511,13.5763,67.8526,22109.3,27869.6,4.23511,13.5705,1.0959e-07,17.8056,1.61e-09,0.000862587,17.8056,6.34831,29,40,0,28,42.1372,0,0,37,0,0,-0.302607,-0.358222,-0.0907979,-0.203859,-0.382463,-0.438071,-1.34203,-1.45508,-1.67739,-1.73297,-6.86595,-6.97893
size_sweep,calm_deep,50000,passive,40,0,True,"coinbase>=1,000,000",prints+quotes,5001005,10,0.129998,2.14457e+06,0.629936,3.7,-6.34831,passive,BTC-USD,buy,0.579278,50000,86314.3,0.00231711,2.24567e+06,0.579278,1,1,86318.3,0.45763,8,40.0018,50002.3,0,0.45763,8.00037,-0,8.458,0,0,8.458,-6.34831,2,2,0,1,0.8,0,0,0,2,0,0.776692,0.556656,0.776692,0.556656,-1.41928,-1.63937,-1.41928,-1.63937,3.98549,3.76552,3.98549,3.76552
size_sweep,calm_deep,50000,passive,40,0,True,"coinbase>=1,000,000",prints+quotes,5001005,10,0.129998,2.14457e+06,0.629936,3.7,-6.34831,passive,BTC-USD,sell,0.579278,50000,86314.3,0.00231711,2.4678e+06,0.579278,1,1,86314.3,-0.00115856,8,40,50000,0,-0.00115856,8,0,7.99884,0,0,7.99884,6.34831,1,2,0,0,0.3,0,0,0,2,0,-0.0912414,-0.314169,-0.0912414,-0.314169,1.43849,1.21553,1.43849,1.21553,-3.0024,-3.22526,-3.0024,-3.22526
size_sweep,calm_deep,50000,passive|prints-only,40,0,True,"coinbase>=1,000,000",prints-only,5001005,10,0.129998,2.14457e+06,0.629936,3.7,-6.34831,passive,BTC-USD,buy,0.579278,50000,86314.3,0.00231711,2.24567e+06,0.500731,0.864405,1,86309.2,-0.596498,8,34.5741,43217.7,0,-0.515615,6.91482,-0.860801,5.53841,0.0126461,6775.53,7.99024,-6.34831,42,69,0,42,59.8192,0,0,69,0,0,0.89038,0.515319,0.89038,0.515319,2.49916,2.12417,2.49916,2.12417,5.91863,5.54376,5.91863,5.54376
size_sweep,calm_deep,50000,passive|prints-only,40,0,True,"coinbase>=1,000,000",prints-only,5001005,10,0.129998,2.14457e+06,0.629936,3.7,-6.34831,passive,BTC-USD,sell,0.579278,50000,86314.3,0.00231711,2.4678e+06,0.329157,0.568219,1,86300.4,1.60918,8,22.7251,28406.4,0,0.914367,4.54502,2.74108,8.20047,0.0439302,21575.1,16.0114,6.34831,35,59,0,35,58.1065,0,0,59,0,0,-0.0870153,-0.166018,-0.0870153,-0.166018,-0.894829,-0.973819,-0.894829,-0.973819,-4.61573,-4.69467,-4.61573,-4.69467
size_sweep,calm_deep,50000,aggressive,40,0,True,"coinbase>=1,000,000",prints+quotes,5001006,10,0.128285,2.16879e+06,0.47915,3.95,-10.4693,aggressive,BTC-USD,buy,0.57944,50000,86290.1,0.0463552,2.29211e+06,0.57944,1,0,86290.7,0.0656377,18,90.0006,0,50000.3,0.0656377,18.0001,-0,18.0658,0,0,18.0658,-10.4693,1,3,0,0,0.040996,0,0,0,0,0,-0.405445,-0.471085,,,-1.02834,-1.09398,,,4.51513,4.44952,,
size_sweep,calm_deep,50000,aggressive,40,0,True,"coinbase>=1,000,000",prints+quotes,5001006,10,0.128285,2.16879e+06,0.47915,3.95,-10.4693,aggressive,BTC-USD,sell,0.57944,50000,86290.1,0.0463552,2.07202e+06,0.57944,1,0,86289.8,0.0444445,18,89.9996,0,49999.8,0.0444445,17.9999,0,18.0444,0,0,18.0444,10.4693,1,2,0,0,0.040996,0,0,0,0,0,0.515532,0.471085,,,1.13843,1.09398,,,-4.4051,-4.44952,,
size_sweep,calm_deep,50000,hybrid,40,0,True,"coinbase>=1,000,000",prints+quotes,5001006,10,0.128285,2.16879e+06,0.47915,3.95,-10.4693,hybrid,BTC-USD,buy,0.57944,50000,86290.1,0.0463552,2.29211e+06,0.57944,1,1,86297.5,0.84734,8,40.0034,50004.2,0,0.84734,8.00068,-0,8.84802,0,0,8.84802,-10.4693,3,6,0,2,1.7,0,0,2,4,0,-0.514231,-0.650426,-0.514231,-0.650426,-0.935135,-1.07134,-0.935135,-1.07134,5.10675,4.97063,5.10675,4.97063
size_sweep,calm_deep,50000,hybrid,40,0,True,"coinbase>=1,000,000",prints+quotes,5001006,10,0.128285,2.16879e+06,0.47915,3.95,-10.4693,hybrid,BTC-USD,sell,0.57944,50000,86290.1,0.0463552,2.07202e+06,0.57944,1,1,86290.3,-0.0220187,8,40.0001,50000.1,0,-0.0220187,8.00002,0,7.978,0,0,7.978,10.4693,1,1,0,0,0.2,0,0,0,1,0,0.77471,0.411966,0.77471,0.411966,0.880747,0.518,0.880747,0.518,-4.75893,-5.12148,-4.75893,-5.12148
size_sweep,calm_deep,50000,hybrid|prints-only,40,0,True,"coinbase>=1,000,000",prints-only,5001006,10,0.128285,2.16879e+06,0.47915,3.95,-10.4693,hybrid,BTC-USD,buy,0.57944,50000,86290.1,0.0463552,2.29211e+06,0.57944,1,1,86298.6,0.97808,8,40.0039,50004.9,0,0.97808,8.00078,-0,8.97886,0,0,8.97886,-10.4693,14,26,0,13,17.201,0,0,26,0,0,0.955051,0.613061,0.955051,0.613061,2.52834,2.18641,2.52834,2.18641,8.07548,7.73373,8.07548,7.73373
size_sweep,calm_deep,50000,hybrid|prints-only,40,0,True,"coinbase>=1,000,000",prints-only,5001006,10,0.128285,2.16879e+06,0.47915,3.95,-10.4693,hybrid,BTC-USD,sell,0.57944,50000,86290.1,0.0463552,2.07202e+06,0.57944,1,0.314958,86237,6.16467,14.8501,74.2048,15739.8,34229.4,6.16467,14.841,0,21.0056,0,0,21.0056,10.4693,33,41,0,32,42.1301,0,0,38,0,0,-0.248824,-0.429297,-0.397607,-0.513043,-0.698226,-0.87869,-0.700801,-0.816233,-4.61594,-4.79633,-5.45177,-5.56714
size_sweep,calm_deep,50000,passive,40,0,True,"coinbase>=1,000,000",prints+quotes,5001006,10,0.128285,2.16879e+06,0.47915,3.95,-10.4693,passive,BTC-USD,buy,0.57944,50000,86290.1,0.0463552,2.29211e+06,0.57944,1,1,86297.5,0.84734,8,40.0034,50004.2,0,0.84734,8.00068,-0,8.84802,0,0,8.84802,-10.4693,3,6,0,2,1.7,0,0,2,4,0,-0.514231,-0.650426,-0.514231,-0.650426,-0.935135,-1.07134,-0.935135,-1.07134,5.10675,4.97063,5.10675,4.97063
size_sweep,calm_deep,50000,passive,40,0,True,"coinbase>=1,000,000",prints+quotes,5001006,10,0.128285,2.16879e+06,0.47915,3.95,-10.4693,passive,BTC-USD,sell,0.57944,50000,86290.1,0.0463552,2.07202e+06,0.57944,1,1,86290.3,-0.0220187,8,40.0001,50000.1,0,-0.0220187,8.00002,0,7.978,0,0,7.978,10.4693,1,1,0,0,0.2,0,0,0,1,0,0.77471,0.411966,0.77471,0.411966,0.880747,0.518,0.880747,0.518,-4.75893,-5.12148,-4.75893,-5.12148
size_sweep,calm_deep,50000,passive|prints-only,40,0,True,"coinbase>=1,000,000",prints-only,5001006,10,0.128285,2.16879e+06,0.47915,3.95,-10.4693,passive,BTC-USD,buy,0.57944,50000,86290.1,0.0463552,2.29211e+06,0.57944,1,1,86298.6,0.97808,8,40.0039,50004.9,0,0.97808,8.00078,-0,8.97886,0,0,8.97886,-10.4693,14,26,0,13,17.201,0,0,26,0,0,0.955051,0.613061,0.955051,0.613061,2.52834,2.18641,2.52834,2.18641,8.07548,7.73373,8.07548,7.73373
size_sweep,calm_deep,50000,passive|prints-only,40,0,True,"coinbase>=1,000,000",prints-only,5001006,10,0.128285,2.16879e+06,0.47915,3.95,-10.4693,passive,BTC-USD,sell,0.57944,50000,86290.1,0.0463552,2.07202e+06,0.249171,0.430019,1,86233.8,6.53404,8,17.1895,21486.9,0,2.80976,3.43791,5.96732,12.215,0.0336875,28469,22.4975,10.4693,44,59,0,44,59.321,0,0,59,0,0,-0.344181,-0.444345,-0.344181,-0.444345,-0.45398,-0.554139,-0.45398,-0.554139,-4.5379,-4.63802,-4.5379,-4.63802
size_sweep,calm_deep,50000,aggressive,40,0,True,"coinbase>=1,000,000",prints+quotes,5001007,10,0.122653,2.19546e+06,0.772695,3.8,8.34895,aggressive,BTC-USD,buy,0.579587,50000,86268.3,0.217925,1.93315e+06,0.579587,1,0,86269.4,0.129043,18,90.0012,0,50000.6,0.129043,18.0002,0,18.1293,0,0,18.1293,8.34895,1,3,0,0,0.0246808,0,0,0,0,0,-1.25963,-1.38869,,,-1.97773,-2.1068,,,-3.15949,-3.28858,,
size_sweep,calm_deep,50000,aggressive,40,0,True,"coinbase>=1,000,000",prints+quotes,5001007,10,0.122653,2.19546e+06,0.772695,3.8,8.34895,aggressive,BTC-USD,sell,0.579587,50000,86268.3,0.217925,2.15873e+06,0.579587,1,0,86266.7,0.190238,18,89.9983,0,49999,0.190238,17.9997,-0,18.1899,0,0,18.1899,-8.34895,1,3,0,0,0.0246808,0,0,0,0,0,1.57896,1.38869,,,2.29708,2.1068,,,3.47888,3.28858,,
size_sweep,calm_deep,50000,hybrid,40,0,True,"coinbase>=1,000,000",prints+quotes,5001007,10,0.122653,2.19546e+06,0.772695,3.8,8.34895,hybrid,BTC-USD,buy,0.579587,50000,86268.3,0.217925,1.93315e+06,0.579587,1,1,86279.5,1.29596,8,40.0052,50006.5,0,1.29596,8.00104,0,9.29699,0,0,9.29699,8.34895,3,2,0,2,1.6,0,0,0,2,0,-0.192398,-0.524183,-0.192398,-0.524183,-2.1241,-2.45595,-2.1241,-2.45595,-0.100233,-0.432014,-0.100233,-0.432014
size_sweep,calm_deep,50000,hybrid,40,0,True,"coinbase>=1,000,000",prints+quotes,5001007,10,0.122653,2.19546e+06,0.772695,3.8,8.34895,hybrid,BTC-USD,sell,0.579587,50000,86268.3,0.217925,2.15873e+06,0.579587,1,1,86269.3,-0.107803,8,40.0004,50000.5,0,-0.107803,8.00009,-0,7.89228,0,0,7.89228,-8.34895,1,3,0,0,0.3,0,0,1,2,0,1.22389,0.957464,1.22389,0.957464,2.10963,1.84318,2.10963,1.84318,3.11336,2.84689,3.11336,2.84689
size_sweep,calm_deep,50000,hybrid|prints-only,40,0,True,"coinbase>=1,000,000",prints-only,5001007,10,0.122653,2.19546e+06,0.772695,3.8,8.34895,hybrid,BTC-USD,buy,0.579587,50000,86268.3,0.217925,1.93315e+06,0.579587,1,0.334773,86293.7,2.94323,14.6527,73.2853,16741.2,33273.5,2.94323,14.6571,0,17.6003,0,0,17.6003,8.34895,33,49,0,32,42.1558,0,0,45,0,0,-0.239909,-0.378981,-0.446826,-0.475814,-0.254538,-0.393607,-0.951034,-0.980023,-3.96916,-4.10829,-2.89203,-2.92102
size_sweep,calm_deep,50000,hybrid|prints-only,40,0,True,"coinbase>=1,000,000",prints-only,5001007,10,0.122653,2.19546e+06,0.772695,3.8,8.34895,hybrid,BTC-USD,sell,0.579587,50000,86268.3,0.217925,2.15873e+06,0.579587,1,0.576242,86287,-2.15839,12.2381,61.2037,28815.7,21195,-2.15839,12.2407,-0,10.0823,0,0,10.0823,-8.34895,30,40,0,29,42.1298,0,0,39,0,0,0.576786,0.535677,0.683093,0.686744,0.556246,0.515143,0.817877,0.821538,4.16163,4.1205,3.68646,3.6901
size_sweep,calm_deep,50000,passive,40,0,True,"coinbase>=1,000,000",prints+quotes,5001007,10,0.122653,2.19546e+06,0.772695,3.8,8.34895,passive,BTC-USD,buy,0.579587,50000,86268.3,0.217925,1.93315e+06,0.579587,1,1,86279.5,1.29596,8,40.0052,50006.5,0,1.29596,8.00104,0,9.29699,0,0,9.29699,8.34895,3,2,0,2,1.6,0,0,0,2,0,-0.192398,-0.524183,-0.192398,-0.524183,-2.1241,-2.45595,-2.1241,-2.45595,-0.100233,-0.432014,-0.100233,-0.432014
size_sweep,calm_deep,50000,passive,40,0,True,"coinbase>=1,000,000",prints+quotes,5001007,10,0.122653,2.19546e+06,0.772695,3.8,8.34895,passive,BTC-USD,sell,0.579587,50000,86268.3,0.217925,2.15873e+06,0.579587,1,1,86269.3,-0.107803,8,40.0004,50000.5,0,-0.107803,8.00009,-0,7.89228,0,0,7.89228,-8.34895,1,3,0,0,0.3,0,0,1,2,0,1.22389,0.957464,1.22389,0.957464,2.10963,1.84318,2.10963,1.84318,3.11336,2.84689,3.11336,2.84689
size_sweep,calm_deep,50000,passive|prints-only,40,0,True,"coinbase>=1,000,000",prints-only,5001007,10,0.122653,2.19546e+06,0.772695,3.8,8.34895,passive,BTC-USD,buy,0.579587,50000,86268.3,0.217925,1.93315e+06,0.218391,0.376804,1,86283.8,1.79703,8,15.0749,18843.6,0,0.67713,3.01498,5.20303,8.89514,0.129027,31186.4,20.2513,8.34895,50,54,0,50,53.0068,0,0,54,0,0,-0.348095,-0.35595,-0.348095,-0.35595,-1.01115,-1.019,-1.01115,-1.019,-3.23177,-3.23962,-3.23177,-3.23962
size_sweep,calm_deep,50000,passive|prints-only,40,0,True,"coinbase>=1,000,000",prints-only,5001007,10,0.122653,2.19546e+06,0.772695,3.8,8.34895,passive,BTC-USD,sell,0.579587,50000,86268.3,0.217925,2.15873e+06,0.579587,1,1,86292.8,-2.83368,8,40.0113,50014.2,0,-2.83368,8.00227,-0,5.16859,0,0,5.16859,-8.34895,42,52,0,41,55.4217,0,0,52,0,0,0.821798,0.82091,0.821798,0.82091,1.88844,1.88755,1.88844,1.88755,4.01786,4.01697,4.01786,4.01697
size_sweep,calm_deep,50000,aggressive,40,0,True,"coinbase>=1,000,000",prints+quotes,5001008,10,0.111321,2.23684e+06,0.513629,4.28333,-0.556184,aggressive,BTC-USD,buy,0.579358,50000,86302.4,0.00231743,2.30721e+06,0.579358,1,0,86303.4,0.121476,18,90.0011,0,50000.6,0.121476,18.0002,-9.6e-09,18.1217,2e-11,0.000862976,18.1217,-0.556184,1,3,0,0,0.0576434,0,0,0,0,0,0.188679,0.0672055,,,0.9204,0.798935,,,0.37523,0.253759,,
size_sweep,calm_deep,50000,aggressive,40,0,True,"coinbase>=1,000,000",prints+quotes,5001008,10,0.111321,2.23684e+06,0.513629,4.28333,-0.556184,aggressive,BTC-USD,sell,0.579358,50000,86302.4,0.00231743,2.21899e+06,0.579358,1,0,86302,0.0411498,18,89.9996,0,49999.8,0.0411498,17.9999,9.6e-09,18.0411,2e-11,0.000862976,18.0411,0.556184,1,3,0,0,0.0576434,0,0,0,0,0,-0.0260557,-0.0672055,,,-0.757788,-0.798935,,,-0.21261,-0.253759,,
size_sweep,calm_deep,50000,hybrid,40,0,True,"coinbase>=1,000,000",prints+quotes,5001008,10,0.111321,2.23684e+06,0.513629,4.28333,-0.556184,hybrid,BTC-USD,buy,0.579358,50000,86302.4,0.00231743,2.30721e+06,0.579358,1,1,86302.4,-0.00115872,8,40,50000,0,-0.00115872,8,-9.6e-09,7.99884,2e-11,0.000862976,7.99884,-0.556184,1,5,0,0,0.4,0,0,2,3,0,0.338483,0.218737,0.338483,0.218737,1.21042,1.09068,1.21042,1.09068,-0.247871,-0.367624,-0.247871,-0.367624
size_sweep,calm_deep,50000,hybrid,40,0,True,"coinbase>=1,000,000",prints+quotes,5001008,10,0.111321,2.23684e+06,0.513629,4.28333,-0.556184,hybrid,BTC-USD,sell,0.579358,50000,86302.4,0.00231743,2.21899e+06,0.579358,1,1,86299.3,0.356827,8,39.9986,49998.2,0,0.356827,7.99971,9.6e-09,8.35654,2e-11,0.000862976,8.35654,0.556184,2,3,0,1,1.1,0,0,0,3,0,-0.0290762,-0.340749,-0.0290762,-0.340749,-1.39513,-1.70676,-1.39513,-1.70676,0.428097,0.116407,0.428097,0.116407
size_sweep,calm_deep,50000,hybrid|prints-only,40,0,True,"coinbase>=1,000,000",prints-only,5001008,10,0.111321,2.23684e+06,0.513629,4.28333,-0.556184,hybrid,BTC-USD,buy,0.579358,50000,86302.4,0.00231743,2.30721e+06,0.579358,1,1,86297,-0.631059,8,39.9975,49996.8,0,-0.631059,7.9995,-0,7.36844,0,0,7.36844,-0.556184,25,44,0,24,32.8161,0,0,44,0,0,-0.322037,-0.528427,-0.322037,-0.528427,-0.519208,-0.725606,-0.519208,-0.725606,-0.701704,-0.908096,-0.701704,-0.908096
size_sweep,calm_deep,50000,hybrid|prints-only,40,0,True,"coinbase>=1,000,000",prints-only,5001008,10,0.111321,2.23684e+06,0.513629,4.28333,-0.556184,hybrid,BTC-USD,sell,0.579358,50000,86302.4,0.00231743,2.21899e+06,0.579358,1,1,86278.1,2.81678,8,39.9887,49985.9,0,2.81678,7.99775,0,10.8145,0,0,10.8145,0.556184,13,23,0,12,14.7021,0,0,23,0,0,0.128443,0.0780146,0.128443,0.0780146,0.911117,0.860654,0.911117,0.860654,3.2425,3.19202,3.2425,3.19202
size_sweep,calm_deep,50000,passive,40,0,True,"coinbase>=1,000,000",prints+quotes,5001008,10,0.111321,2.23684e+06,0.513629,4.28333,-0.556184,passive,BTC-USD,buy,0.579358,50000,86302.4,0.00231743,2.30721e+06,0.579358,1,1,86302.4,-0.00115872,8,40,50000,0,-0.00115872,8,-9.6e-09,7.99884,2e-11,0.000862976,7.99884,-0.556184,1,5,0,0,0.4,0,0,2,3,0,0.338483,0.218737,0.338483,0.218737,1.21042,1.09068,1.21042,1.09068,-0.247871,-0.367624,-0.247871,-0.367624
size_sweep,calm_deep,50000,passive,40,0,True,"coinbase>=1,000,000",prints+quotes,5001008,10,0.111321,2.23684e+06,0.513629,4.28333,-0.556184,passive,BTC-USD,sell,0.579358,50000,86302.4,0.00231743,2.21899e+06,0.579358,1,1,86299.3,0.356827,8,39.9986,49998.2,0,0.356827,7.99971,9.6e-09,8.35654,2e-11,0.000862976,8.35654,0.556184,2,3,0,1,1.1,0,0,0,3,0,-0.0290762,-0.340749,-0.0290762,-0.340749,-1.39513,-1.70676,-1.39513,-1.70676,0.428097,0.116407,0.428097,0.116407
size_sweep,calm_deep,50000,passive|prints-only,40,0,True,"coinbase>=1,000,000",prints-only,5001008,10,0.111321,2.23684e+06,0.513629,4.28333,-0.556184,passive,BTC-USD,buy,0.579358,50000,86302.4,0.00231743,2.30721e+06,0.579358,1,1,86297,-0.631059,8,39.9975,49996.8,0,-0.631059,7.9995,-0,7.36844,0,0,7.36844,-0.556184,25,44,0,24,32.8161,0,0,44,0,0,-0.322037,-0.528427,-0.322037,-0.528427,-0.519208,-0.725606,-0.519208,-0.725606,-0.701704,-0.908096,-0.701704,-0.908096
size_sweep,calm_deep,50000,passive|prints-only,40,0,True,"coinbase>=1,000,000",prints-only,5001008,10,0.111321,2.23684e+06,0.513629,4.28333,-0.556184,passive,BTC-USD,sell,0.579358,50000,86302.4,0.00231743,2.21899e+06,0.579358,1,1,86278.1,2.81678,8,39.9887,49985.9,0,2.81678,7.99775,0,10.8145,0,0,10.8145,0.556184,13,23,0,12,14.7021,0,0,23,0,0,0.128443,0.0780146,0.128443,0.0780146,0.911117,0.860654,0.911117,0.860654,3.2425,3.19202,3.2425,3.19202
size_sweep,calm_deep,50000,aggressive,40,0,True,"coinbase>=1,000,000",prints+quotes,5001009,10,0.124415,2.15443e+06,0.508688,4.18333,-7.57587,aggressive,BTC-USD,buy,0.579461,50000,86287.1,0.318703,2.22786e+06,0.579461,1,0,86288.5,0.160264,18,90.0014,0,50000.8,0.160264,18.0003,-0,18.1606,0,0,18.1606,-7.57587,1,2,0,0,0.0674229,0,0,0,0,0,0.535167,0.374911,,,0.866613,0.706362,,,6.91724,6.75709,,
size_sweep,calm_deep,50000,aggressive,40,0,True,"coinbase>=1,000,000",prints+quotes,5001009,10,0.124415,2.15443e+06,0.508688,4.18333,-7.57587,aggressive,BTC-USD,sell,0.579461,50000,86287.1,0.318703,2.22542e+06,0.579461,1,0,86285.1,0.237599,18,89.9979,0,49998.8,0.237599,17.9996,0,18.2372,0,0,18.2372,7.57587,1,2,0,0,0.0674229,0,0,0,0,0,-0.137315,-0.374911,,,-0.468775,-0.706362,,,-6.51965,-6.75709,,
size_sweep,calm_deep,50000,hybrid,40,0,True,"coinbase>=1,000,000",prints+quotes,5001009,10,0.124415,2.15443e+06,0.508688,4.18333,-7.57587,hybrid,BTC-USD,buy,0.579461,50000,86287.1,0.318703,2.22786e+06,0.579461,1,1,86285.8,-0.158193,8,39.9994,49999.2,0,-0.158193,7.99987,-0,7.84168,0,0,7.84168,-7.57587,1,4,0,0,0.70063,0,0,2,2,0,-0.0732674,-0.147284,-0.0732674,-0.147284,0.731773,0.657762,0.731773,0.657762,6.29992,6.22596,6.29992,6.22596
size_sweep,calm_deep,50000,hybrid,40,0,True,"coinbase>=1,000,000",prints+quotes,5001009,10,0.124415,2.15443e+06,0.508688,4.18333,-7.57587,hybrid,BTC-USD,sell,0.579461,50000,86287.1,0.318703,2.22542e+06,0.579461,1,1,86283.2,0.458353,8,39.9982,49997.7,0,0.458353,7.99963,0,8.45799,0,0,8.45799,7.57587,2,3,0,1,1.2,0,0,0,3,0,0.503052,0.30593,0.503052,0.30593,-0.906417,-1.10351,-0.906417,-1.10351,-6.50423,-6.70121,-6.50423,-6.70121
size_sweep,calm_deep,50000,hybrid|prints-only,40,0,True,"coinbase>=1,000,000",prints-only,5001009,10,0.124415,2.15443e+06,0.508688,4.18333,-7.57587,hybrid,BTC-USD,buy,0.579461,50000,86287.1,0.318703,2.22786e+06,0.579461,1,0.598004,86250.6,-4.23549,12.0187,60.0683,29893.6,20085.2,-4.23549,12.0137,-0,7.77816,0,0,7.77816,-7.57587,27,54,0,26,42.1308,0,0,51,0,0,-0.161611,-0.25101,0.0742407,0.0488169,-0.0304497,-0.119856,1.23458,1.20916,2.16047,2.07108,4.4582,4.4328
size_sweep,calm_deep,50000,hybrid|prints-only,40,0,True,"coinbase>=1,000,000",prints-only,5001009,10,0.124415,2.15443e+06,0.508688,4.18333,-7.57587,hybrid,BTC-USD,sell,0.579461,50000,86287.1,0.318703,2.22542e+06,0.579461,1,1,86245.7,4.80139,8,39.9808,49976,0,4.80139,7.99616,0,12.7976,0,0,12.7976,7.57587,22,21,0,21,23.9004,0,0,21,0,0,0.125467,0.0733623,0.125467,0.0733623,-0.725616,-0.777708,-0.725616,-0.777708,-1.48541,-1.5375,-1.48541,-1.5375
size_sweep,calm_deep,50000,passive,40,0,True,"coinbase>=1,000,000",prints+quotes,5001009,10,0.124415,2.15443e+06,0.508688,4.18333,-7.57587,passive,BTC-USD,buy,0.579461,50000,86287.1,0.318703,2.22786e+06,0.579461,1,1,86285.8,-0.158193,8,39.9994,49999.2,0,-0.158193,7.99987,-0,7.84168,0,0,7.84168,-7.57587,1,4,0,0,0.70063,0,0,2,2,0,-0.0732674,-0.147284,-0.0732674,-0.147284,0.731773,0.657762,0.731773,0.657762,6.29992,6.22596,6.29992,6.22596
size_sweep,calm_deep,50000,passive,40,0,True,"coinbase>=1,000,000",prints+quotes,5001009,10,0.124415,2.15443e+06,0.508688,4.18333,-7.57587,passive,BTC-USD,sell,0.579461,50000,86287.1,0.318703,2.22542e+06,0.579461,1,1,86283.2,0.458353,8,39.9982,49997.7,0,0.458353,7.99963,0,8.45799,0,0,8.45799,7.57587,2,3,0,1,1.2,0,0,0,3,0,0.503052,0.30593,0.503052,0.30593,-0.906417,-1.10351,-0.906417,-1.10351,-6.50423,-6.70121,-6.50423,-6.70121
size_sweep,calm_deep,50000,passive|prints-only,40,0,True,"coinbase>=1,000,000",prints-only,5001009,10,0.124415,2.15443e+06,0.508688,4.18333,-7.57587,passive,BTC-USD,buy,0.579461,50000,86287.1,0.318703,2.22786e+06,0.370622,0.639599,1,86266,-2.45576,8,25.5777,31972.1,0,-1.5707,5.11553,-2.73035,0.814475,0.0567499,18006.7,7.35364,-7.57587,39,75,0,39,60.0009,0,0,75,0,0.00017712,0.082581,0.0526825,0.082581,0.0526825,1.16197,1.13208,1.16197,1.13208,4.11681,4.08693,4.11681,4.08693
size_sweep,calm_deep,50000,passive|prints-only,40,0,True,"coinbase>=1,000,000",prints-only,5001009,10,0.124415,2.15443e+06,0.508688,4.18333,-7.57587,passive,BTC-USD,sell,0.579461,50000,86287.1,0.318703,2.22542e+06,0.579461,1,1,86245.7,4.80139,8,39.9808,49976,0,4.80139,7.99616,0,12.7976,0,0,12.7976,7.57587,22,21,0,21,23.9004,0,0,21,0,0,0.125467,0.0733623,0.125467,0.0733623,-0.725616,-0.777708,-0.725616,-0.777708,-1.48541,-1.5375,-1.48541,-1.5375
size_sweep,calm_deep,50000,aggressive,40,0,True,"coinbase>=1,000,000",prints+quotes,5001010,10,0.128983,2.15801e+06,0.679413,3.85,2.31073,aggressive,BTC-USD,buy,0.579422,50000,86292.9,0.114726,2.43855e+06,0.579422,1,0,86293.7,0.0933375,18,90.0008,0,50000.5,0.0933375,18.0002,3.988e-08,18.0935,1.89e-09,0.000863138,18.0935,2.31073,1,4,0,0,0.0393861,0,0,0,0,0,0.513413,0.420081,,,-0.265902,-0.359242,,,-2.51925,-2.61261,,
size_sweep,calm_deep,50000,aggressive,40,0,True,"coinbase>=1,000,000",prints+quotes,5001010,10,0.128983,2.15801e+06,0.679413,3.85,2.31073,aggressive,BTC-USD,sell,0.579422,50000,86292.9,0.114726,2.73326e+06,0.579422,1,0,86291.1,0.215651,18,89.9981,0,49998.9,0.215651,17.9996,-3.988e-08,18.2153,1.89e-09,0.000863119,18.2153,-2.31073,1,3,0,0,0.0393861,0,0,0,0,0,-0.204434,-0.420081,,,0.574905,0.359242,,,2.82833,2.61261,,
size_sweep,calm_deep,50000,hybrid,40,0,True,"coinbase>=1,000,000",prints+quotes,5001010,10,0.128983,2.15801e+06,0.679413,3.85,2.31073,hybrid,BTC-USD,buy,0.579422,50000,86292.9,0.114726,2.43855e+06,0.579422,1,1,86292.4,-0.0562039,8,39.9998,49999.7,0,-0.0562039,7.99995,3.988e-08,7.94375,1.89e-09,0.000863138,7.94375,2.31073,1,2,0,0,1,0,0,0,2,0,0.582519,0.393772,0.582519,0.393772,-0.0431761,-0.231934,-0.0431761,-0.231934,-3.04486,-3.23368,-3.04486,-3.23368
size_sweep,calm_deep,50000,hybrid,40,0,True,"coinbase>=1,000,000",prints+quotes,5001010,10,0.128983,2.15801e+06,0.679413,3.85,2.31073,hybrid,BTC-USD,sell,0.579422,50000,86292.9,0.114726,2.73326e+06,0.579422,1,1,86290.2,0.319292,8,39.9987,49998.4,0,0.319292,7.99974,-3.988e-08,8.31904,1.89e-09,0.000863119,8.31904,-2.31073,2,7,0,1,2.6,0,0,3,4,0,0.459611,0.309513,0.459611,0.309513,-0.133166,-0.283247,-0.133166,-0.283247,3.34731,3.19717,3.34731,3.19717
size_sweep,calm_deep,50000,hybrid|prints-only,40,0,True,"coinbase>=1,000,000",prints-only,5001010,10,0.128983,2.15801e+06,0.679413,3.85,2.31073,hybrid,BTC-USD,buy,0.579422,50000,86292.9,0.114726,2.43855e+06,0.579422,1,0.366934,86301.3,0.975314,14.331,71.6618,18347,31657.9,0.975314,14.3324,0,15.3077,0,0,15.3077,2.31073,35,43,0,34,42.1238,0,0,40,0,0,1.06529,0.96847,0.307337,0.369396,1.09872,1.0019,0.299483,0.361544,-1.43176,-1.5286,-2.33782,-2.27575
size_sweep,calm_deep,50000,hybrid|prints-only,40,0,True,"coinbase>=1,000,000",prints-only,5001010,10,0.128983,2.15801e+06,0.679413,3.85,2.31073,hybrid,BTC-USD,sell,0.579422,50000,86292.9,0.114726,2.73326e+06,0.579422,1,0.586282,86297.1,-0.481203,12.1374,60.6901,29314.3,20688.1,-0.481203,12.138,-3.988e-08,11.6568,1.89e-09,0.000863119,11.6568,-2.31073,37,48,0,36,42.1324,0,0,46,0,0,-0.45375,-0.553048,0.0218213,-0.014871,-0.512843,-0.612132,-0.038497,-0.0751751,1.75891,1.65959,2.09431,2.05761
size_sweep,calm_deep,50000,passive,40,0,True,"coinbase>=1,000,000",prints+quotes,5001010,10,0.128983,2.15801e+06,0.679413,3.85,2.31073,passive,BTC-USD,buy,0.579422,50000,86292.9,0.114726,2.43855e+06,0.579422,1,1,86292.4,-0.0562039,8,39.9998,49999.7,0,-0.0562039,7.99995,3.988e-08,7.94375,1.89e-09,0.000863138,7.94375,2.31073,1,2,0,0,1,0,0,0,2,0,0.582519,0.393772,0.582519,0.393772,-0.0431761,-0.231934,-0.0431761,-0.231934,-3.04486,-3.23368,-3.04486,-3.23368
size_sweep,calm_deep,50000,passive,40,0,True,"coinbase>=1,000,000",prints+quotes,5001010,10,0.128983,2.15801e+06,0.679413,3.85,2.31073,passive,BTC-USD,sell,0.579422,50000,86292.9,0.114726,2.73326e+06,0.579422,1,1,86290.2,0.319292,8,39.9987,49998.4,0,0.319292,7.99974,-3.988e-08,8.31904,1.89e-09,0.000863119,8.31904,-2.31073,2,7,0,1,2.6,0,0,3,4,0,0.459611,0.309513,0.459611,0.309513,-0.133166,-0.283247,-0.133166,-0.283247,3.34731,3.19717,3.34731,3.19717
size_sweep,calm_deep,50000,passive|prints-only,40,0,True,"coinbase>=1,000,000",prints-only,5001010,10,0.128983,2.15801e+06,0.679413,3.85,2.31073,passive,BTC-USD,buy,0.579422,50000,86292.9,0.114726,2.43855e+06,0.302201,0.521556,1,86297.1,0.480186,8,20.8633,26079.1,0,0.250444,4.17265,1.10556,5.52865,0.0593154,23928,14.202,2.31073,49,62,0,49,58.7104,0,0,62,0,0,0.544319,0.614233,0.544319,0.614233,0.556619,0.626534,0.556619,0.626534,-1.96052,-1.89058,-1.96052,-1.89058
size_sweep,calm_deep,50000,passive|prints-only,40,0,True,"coinbase>=1,000,000",prints-only,5001010,10,0.128983,2.15801e+06,0.679413,3.85,2.31073,passive,BTC-USD,sell,0.579422,50000,86292.9,0.114726,2.73326e+06,0.351692,0.60697,1,86293.7,-0.091796,8,24.279,30348.8,0,-0.0557174,4.8558,-0.908189,3.8919,0.0440196,19655.8,11.012,-2.31073,52,71,0,52,59.6074,0,0,71,0,0,0.0384532,0.000681892,0.0384532,0.000681892,0.00580504,-0.0319526,0.00580504,-0.0319526,2.08777,2.04999,2.08777,2.04999
size_sweep,calm_deep,50000,aggressive,40,0,True,"coinbase>=1,000,000",prints+quotes,5001011,10,0.130827,2.17623e+06,0.643678,3.6,-4.47146,aggressive,BTC-USD,buy,0.579581,50000,86269.3,0.0927329,2.0038e+06,0.579581,1,0,86270.6,0.151182,18,90.0014,0,50000.8,0.151182,18.0003,-0,18.1515,0,0,18.1515,-4.47146,1,3,0,0,0.0423356,0,0,0,0,0,0.377213,0.226036,,,3.30289,3.15176,,,1.7195,1.56834,,
size_sweep,calm_deep,50000,aggressive,40,0,True,"coinbase>=1,000,000",prints+quotes,5001011,10,0.130827,2.17623e+06,0.643678,3.6,-4.47146,aggressive,BTC-USD,sell,0.579581,50000,86269.3,0.0927329,2.28849e+06,0.579581,1,0,86267.7,0.183418,18,89.9983,0,49999.1,0.183418,17.9997,0,18.1831,0,0,18.1831,4.47146,1,3,0,0,0.0423356,0,0,0,0,0,-0.0426179,-0.226036,,,-2.96839,-3.15176,,,-1.38495,-1.56834,,
size_sweep,calm_deep,50000,hybrid,40,0,True,"coinbase>=1,000,000",prints+quotes,5001011,10,0.130827,2.17623e+06,0.643678,3.6,-4.47146,hybrid,BTC-USD,buy,0.579581,50000,86269.3,0.0927329,2.0038e+06,0.579581,1,1,86268.9,-0.0452073,8,39.9998,49999.8,0,-0.0452073,7.99996,-0,7.95476,0,0,7.95476,-4.47146,1,3,0,0,0.9,0,0,1,2,0,1.95741,1.77719,1.95741,1.77719,4.30286,4.12269,4.30286,4.12269,1.80179,1.62157,1.80179,1.62157
size_sweep,calm_deep,50000,hybrid,40,0,True,"coinbase>=1,000,000",prints+quotes,5001011,10,0.130827,2.17623e+06,0.643678,3.6,-4.47146,hybrid,BTC-USD,sell,0.579581,50000,86269.3,0.0927329,2.28849e+06,0.579581,1,1,86269.7,-0.0452073,8,40.0002,50000.2,0,-0.0452073,8.00004,0,7.95483,0,0,7.95483,4.47146,1,2,0,0,0.2,0,0,0,2,0,-0.285551,-0.529658,-0.285551,-0.529658,-3.54097,-3.785,-3.54097,-3.785,-1.67308,-1.91716,-1.67308,-1.91716
size_sweep,calm_deep,50000,hybrid|prints-only,40,0,True,"coinbase>=1,000,000",prints-only,5001011,10,0.130827,2.17623e+06,0.643678,3.6,-4.47146,hybrid,BTC-USD,buy,0.579581,50000,86269.3,0.0927329,2.0038e+06,0.579581,1,1,86258.9,-1.20342,8,39.9952,49994,0,-1.20342,7.99904,-0,6.79562,0,0,6.79562,-4.47146,15,21,0,14,20.129,0,0,21,0,0,1.47773,1.34773,1.47773,1.34773,2.80509,2.6751,2.80509,2.6751,1.40858,1.27857,1.40858,1.27857
size_sweep,calm_deep,50000,hybrid|prints-only,40,0,True,"coinbase>=1,000,000",prints-only,5001011,10,0.130827,2.17623e+06,0.643678,3.6,-4.47146,hybrid,BTC-USD,sell,0.579581,50000,86269.3,0.0927329,2.28849e+06,0.579581,1,0.111309,86236.7,3.77717,16.8867,84.4015,5564.51,44416.6,3.77717,16.8803,0,20.6575,0,0,20.6575,4.47146,37,38,1,35,42.1416,0,0,35,0,0,0.214589,0.166879,-0.000151453,-0.232094,1.49878,1.45107,0.287985,0.0560351,-2.97455,-3.02225,-0.843541,-1.07546
size_sweep,calm_deep,50000,passive,40,0,True,"coinbase>=1,000,000",prints+quotes,5001011,10,0.130827,2.17623e+06,0.643678,3.6,-4.47146,passive,BTC-USD,buy,0.579581,50000,86269.3,0.0927329,2.0038e+06,0.579581,1,1,86268.9,-0.0452073,8,39.9998,49999.8,0,-0.0452073,7.99996,-0,7.95476,0,0,7.95476,-4.47146,1,3,0,0,0.9,0,0,1,2,0,1.95741,1.77719,1.95741,1.77719,4.30286,4.12269,4.30286,4.12269,1.80179,1.62157,1.80179,1.62157
size_sweep,calm_deep,50000,passive,40,0,True,"coinbase>=1,000,000",prints+quotes,5001011,10,0.130827,2.17623e+06,0.643678,3.6,-4.47146,passive,BTC-USD,sell,0.579581,50000,86269.3,0.0927329,2.28849e+06,0.579581,1,1,86269.7,-0.0452073,8,40.0002,50000.2,0,-0.0452073,8.00004,0,7.95483,0,0,7.95483,4.47146,1,2,0,0,0.2,0,0,0,2,0,-0.285551,-0.529658,-0.285551,-0.529658,-3.54097,-3.785,-3.54097,-3.785,-1.67308,-1.91716,-1.67308,-1.91716
size_sweep,calm_deep,50000,passive|prints-only,40,0,True,"coinbase>=1,000,000",prints-only,5001011,10,0.130827,2.17623e+06,0.643678,3.6,-4.47146,passive,BTC-USD,buy,0.579581,50000,86269.3,0.0927329,2.0038e+06,0.579581,1,1,86258.9,-1.20342,8,39.9952,49994,0,-1.20342,7.99904,-0,6.79562,0,0,6.79562,-4.47146,15,21,0,14,20.129,0,0,21,0,0,1.47773,1.34773,1.47773,1.34773,2.80509,2.6751,2.80509,2.6751,1.40858,1.27857,1.40858,1.27857
size_sweep,calm_deep,50000,passive|prints-only,40,0,True,"coinbase>=1,000,000",prints-only,5001011,10,0.130827,2.17623e+06,0.643678,3.6,-4.47146,passive,BTC-USD,sell,0.579581,50000,86269.3,0.0927329,2.28849e+06,0.0728212,0.125645,1,86253.3,1.85596,8,5.02486,6281.07,0,0.233192,1.00497,3.90965,5.14781,0.19763,43697.2,21.0764,4.47146,51,49,2,49,58.2116,0,0,49,0,0,-0.0296586,-0.212455,-0.0296586,-0.212455,0.0841774,-0.0986296,0.0841774,-0.0986296,-1.03813,-1.22091,-1.03813,-1.22091
size_sweep,calm_deep,50000,aggressive,40,0,True,"coinbase>=1,000,000",prints+quotes,5001012,10,0.125125,2.16933e+06,0.572023,4.71667,5.86786,aggressive,BTC-USD,buy,0.579599,50000,86266.6,0.0950542,1.96948e+06,0.579599,1,0,86267.2,0.0688521,18,90.0006,0,50000.3,0.0688521,18.0001,0,18.069,0,0,18.069,5.86786,1,3,0,0,0.0436186,0,0,0,0,0,0.533107,0.464259,,,0.0479862,-0.0208656,,,-2.51962,-2.58849,,
size_sweep,calm_deep,50000,aggressive,40,0,True,"coinbase>=1,000,000",prints+quotes,5001012,10,0.125125,2.16933e+06,0.572023,4.71667,5.86786,aggressive,BTC-USD,sell,0.579599,50000,86266.6,0.0950542,2.15111e+06,0.579599,1,0,86265.2,0.163368,18,89.9985,0,49999.2,0.163368,17.9997,-1.12399e-15,18.1631,0,0,18.1631,-5.86786,1,6,0,0,0.0436186,0,0,0,0,0,-0.300895,-0.464259,,,0.184237,0.0208656,,,2.7519,2.58849,,
size_sweep,calm_deep,50000,hybrid,40,0,True,"coinbase>=1,000,000",prints+quotes,5001012,10,0.125125,2.16933e+06,0.572023,4.71667,5.86786,hybrid,BTC-USD,buy,0.579599,50000,86266.6,0.0950542,1.96948e+06,0.579599,1,1,86266.2,-0.0463679,8,39.9998,49999.8,0,-0.0463679,7.99996,0,7.9536,0,0,7.9536,5.86786,1,2,0,0,1.1,0,0,0,2,0,0.728875,0.316228,0.728875,0.316228,-0.129815,-0.542497,-0.129815,-0.542497,-3.27093,-3.68374,-3.27093,-3.68374
size_sweep,calm_deep,50000,hybrid,40,0,True,"coinbase>=1,000,000",prints+quotes,5001012,10,0.125125,2.16933e+06,0.572023,4.71667,5.86786,hybrid,BTC-USD,sell,0.579599,50000,86266.6,0.0950542,2.15111e+06,0.579599,1,1,86267,-0.0463679,8,40.0002,50000.2,0,-0.0463679,8.00004,-0,7.95367,0,0,7.95367,-5.86786,1,2,0,0,0.2,0,0,0,2,0,-0.356314,-0.658399,-0.356314,-0.658399,-0.394196,-0.69628,-0.394196,-0.69628,2.5402,2.23803,2.5402,2.23803
size_sweep,calm_deep,50000,hybrid|prints-only,40,0,True,"coinbase>=1,000,000",prints-only,5001012,10,0.125125,2.16933e+06,0.572023,4.71667,5.86786,hybrid,BTC-USD,buy,0.579599,50000,86266.6,0.0950542,1.96948e+06,0.579599,1,0.0506577,86306.5,4.62172,17.4935,87.5078,2533.8,47489.3,4.62172,17.5016,0,22.1233,0,0,22.1233,5.86786,30,28,0,29,42.193,0,0,25,0,0,0.222626,0.117296,-0.494712,-0.70275,0.294449,0.189121,-0.336288,-0.544315,-0.378247,-0.483583,-1.97705,-2.1851
size_sweep,calm_deep,50000,hybrid|prints-only,40,0,True,"coinbase>=1,000,000",prints-only,5001012,10,0.125125,2.16933e+06,0.572023,4.71667,5.86786,hybrid,BTC-USD,sell,0.579599,50000,86266.6,0.0950542,2.15111e+06,0.579599,1,1,86297.5,-3.57907,8,40.0143,50017.9,0,-3.57907,8.00286,-1.12399e-15,4.4238,0,0,4.4238,-5.86786,30,59,0,29,39.4037,0,0,59,0,0,0.549433,0.0997728,0.549433,0.0997728,0.715859,0.266198,0.715859,0.266198,1.93271,1.48299,1.93271,1.48299
size_sweep,calm_deep,50000,passive,40,0,True,"coinbase>=1,000,000",prints+quotes,5001012,10,0.125125,2.16933e+06,0.572023,4.71667,5.86786,passive,BTC-USD,buy,0.579599,50000,86266.6,0.0950542,1.96948e+06,0.579599,1,1,86266.2,-0.0463679,8,39.9998,49999.8,0,-0.0463679,7.99996,0,7.9536,0,0,7.9536,5.86786,1,2,0,0,1.1,0,0,0,2,0,0.728875,0.316228,0.728875,0.316228,-0.129815,-0.542497,-0.129815,-0.542497,-3.27093,-3.68374,-3.27093,-3.68374
size_sweep,calm_deep,50000,passive,40,0,True,"coinbase>=1,000,000",prints+quotes,5001012,10,0.125125,2.16933e+06,0.572023,4.71667,5.86786,passive,BTC-USD,sell,0.579599,50000,86266.6,0.0950542,2.15111e+06,0.579599,1,1,86267,-0.0463679,8,40.0002,50000.2,0,-0.0463679,8.00004,-0,7.95367,0,0,7.95367,-5.86786,1,2,0,0,0.2,0,0,0,2,0,-0.356314,-0.658399,-0.356314,-0.658399,-0.394196,-0.69628,-0.394196,-0.69628,2.5402,2.23803,2.5402,2.23803
size_sweep,calm_deep,50000,passive|prints-only,40,0,True,"coinbase>=1,000,000",prints-only,5001012,10,0.125125,2.16933e+06,0.572023,4.71667,5.86786,passive,BTC-USD,buy,0.579599,50000,86266.6,0.0950542,1.96948e+06,0.579599,1,1,86310.5,5.08795,8,40.0204,50025.4,0,5.08795,8.00407,0,13.092,0,0,13.092,5.86786,39,41,0,39,57.0307,0,0,41,0,0,-0.160212,0.425163,-0.160212,0.425163,-1.25152,-0.666071,-1.25152,-0.666071,2.65419,3.23936,2.65419,3.23936
size_sweep,calm_deep,50000,passive|prints-only,40,0,True,"coinbase>=1,000,000",prints-only,5001012,10,0.125125,2.16933e+06,0.572023,4.71667,5.86786,passive,BTC-USD,sell,0.579599,50000,86266.6,0.0950542,2.15111e+06,0.579599,1,1,86297.5,-3.57907,8,40.0143,50017.9,0,-3.57907,8.00286,-1.12399e-15,4.4238,0,0,4.4238,-5.86786,30,59,0,29,39.4037,0,0,59,0,0,0.549433,0.0997728,0.549433,0.0997728,0.715859,0.266198,0.715859,0.266198,1.93271,1.48299,1.93271,1.48299
size_sweep,calm_deep,50000,aggressive,40,0,True,"coinbase>=1,000,000",prints+quotes,5001013,10,0.116529,2.17505e+06,0.486267,3.8,-3.74443,aggressive,BTC-USD,buy,0.579723,50000,86248.1,0.25044,1.73678e+06,0.579723,1,0,86249.4,0.15104,18,90.0014,0,50000.8,0.15104,18.0003,-6.459e-08,18.1513,2.49e-09,0.000862171,18.1513,-3.74443,1,4,0,0,0.0599616,0,0,0,0,0,0.948145,0.797119,,,3.14294,2.99195,,,5.24499,5.09402,,
size_sweep,calm_deep,50000,aggressive,40,0,True,"coinbase>=1,000,000",prints+quotes,5001013,10,0.116529,2.17505e+06,0.486267,3.8,-3.74443,aggressive,BTC-USD,sell,0.579723,50000,86248.1,0.25044,2.25527e+06,0.579723,1,0,86246.5,0.18188,18,89.9984,0,49999.1,0.18188,17.9997,6.459e-08,18.1816,2.49e-09,0.000862146,18.1816,3.74443,1,4,0,0,0.0599616,0,0,0,0,0,-0.615249,-0.797119,,,-2.81012,-2.99195,,,-4.91223,-5.09402,,
size_sweep,calm_deep,50000,hybrid,40,0,True,"coinbase>=1,000,000",prints+quotes,5001013,10,0.116529,2.17505e+06,0.486267,3.8,-3.74443,hybrid,BTC-USD,buy,0.579723,50000,86248.1,0.25044,1.73678e+06,0.579723,1,1,86247,-0.124061,8,39.9995,49999.4,0,-0.124061,7.9999,-6.459e-08,7.87584,2.49e-09,0.000862171,7.87584,-3.74443,1,1,0,0,0.3,0,0,0,1,0,0.982063,0.4383,0.982063,0.4383,2.78097,2.2373,2.78097,2.2373,4.70451,4.16095,4.70451,4.16095
size_sweep,calm_deep,50000,hybrid,40,0,True,"coinbase>=1,000,000",prints+quotes,5001013,10,0.116529,2.17505e+06,0.486267,3.8,-3.74443,hybrid,BTC-USD,sell,0.579723,50000,86248.1,0.25044,2.25527e+06,0.579723,1,1,86227.7,2.36074,8,39.9906,49988.2,0,2.36074,7.99811,0,10.3589,0,0,10.3589,3.74443,6,9,0,5,5.5,0,0,4,5,0,0.162999,-0.094628,0.162999,-0.094628,0.903872,0.646213,0.903872,0.646213,-2.82719,-3.08475,-2.82719,-3.08475
size_sweep,calm_deep,50000,hybrid|prints-only,40,0,True,"coinbase>=1,000,000",prints-only,5001013,10,0.116529,2.17505e+06,0.486267,3.8,-3.74443,hybrid,BTC-USD,buy,0.579723,50000,86248.1,0.25044,1.73678e+06,0.579723,1,0.246244,86215.5,-3.78302,15.5371,77.6563,12309.7,37671.4,-3.78302,15.5313,-6.459e-08,11.7482,2.49e-09,0.000862171,11.7482,-3.74443,35,52,0,34,42.1451,0,0,50,0,0,0.12513,0.110205,-0.0600481,-0.0619693,-0.241202,-0.256131,0.172544,0.170612,-0.346705,-0.361635,2.62009,2.61816
size_sweep,calm_deep,50000,hybrid|prints-only,40,0,True,"coinbase>=1,000,000",prints-only,5001013,10,0.116529,2.17505e+06,0.486267,3.8,-3.74443,hybrid,BTC-USD,sell,0.579723,50000,86248.1,0.25044,2.25527e+06,0.579723,1,1,86228.1,2.32127,8,39.9907,49988.4,0,2.32127,7.99814,6.459e-08,10.3194,2.49e-09,0.000862146,10.3194,3.74443,7,8,0,6,5.804,0,0,8,0,0,-0.318576,-0.308355,-0.318576,-0.308355,0.681989,0.692212,0.681989,0.692212,-2.73115,-2.72093,-2.73115,-2.72093
size_sweep,calm_deep,50000,passive,40,0,True,"coinbase>=1,000,000",prints+quotes,5001013,10,0.116529,2.17505e+06,0.486267,3.8,-3.74443,passive,BTC-USD,buy,0.579723,50000,86248.1,0.25044,1.73678e+06,0.579723,1,1,86247,-0.124061,8,39.9995,49999.4,0,-0.124061,7.9999,-6.459e-08,7.87584,2.49e-09,0.000862171,7.87584,-3.74443,1,1,0,0,0.3,0,0,0,1,0,0.982063,0.4383,0.982063,0.4383,2.78097,2.2373,2.78097,2.2373,4.70451,4.16095,4.70451,4.16095
size_sweep,calm_deep,50000,passive,40,0,True,"coinbase>=1,000,000",prints+quotes,5001013,10,0.116529,2.17505e+06,0.486267,3.8,-3.74443,passive,BTC-USD,sell,0.579723,50000,86248.1,0.25044,2.25527e+06,0.579723,1,1,86227.7,2.36074,8,39.9906,49988.2,0,2.36074,7.99811,0,10.3589,0,0,10.3589,3.74443,6,9,0,5,5.5,0,0,4,5,0,0.162999,-0.094628,0.162999,-0.094628,0.903872,0.646213,0.903872,0.646213,-2.82719,-3.08475,-2.82719,-3.08475
size_sweep,calm_deep,50000,passive|prints-only,40,0,True,"coinbase>=1,000,000",prints-only,5001013,10,0.116529,2.17505e+06,0.486267,3.8,-3.74443,passive,BTC-USD,buy,0.579723,50000,86248.1,0.25044,1.73678e+06,0.149352,0.257627,1,86229.4,-2.16492,8,10.3029,12878.6,0,-0.557743,2.06057,-2.77976,-1.27694,0.107713,37105.3,12.1887,-3.74443,48,63,0,48,59.9044,0,0,63,0,0,-0.0567255,-0.056459,-0.0567255,-0.056459,0.144719,0.144975,0.144719,0.144975,2.42083,2.42108,2.42083,2.42108
size_sweep,calm_deep,50000,passive|prints-only,40,0,True,"coinbase>=1,000,000",prints-only,5001013,10,0.116529,2.17505e+06,0.486267,3.8,-3.74443,passive,BTC-USD,sell,0.579723,50000,86248.1,0.25044,2.25527e+06,0.579723,1,1,86228.1,2.32127,8,39.9907,49988.4,0,2.32127,7.99814,6.459e-08,10.3194,2.49e-09,0.000862146,10.3194,3.74443,7,8,0,6,5.804,0,0,8,0,0,-0.318576,-0.308355,-0.318576,-0.308355,0.681989,0.692212,0.681989,0.692212,-2.73115,-2.72093,-2.73115,-2.72093
size_sweep,calm_deep,50000,aggressive,40,0,True,"coinbase>=1,000,000",prints+quotes,5001014,10,0.119647,2.18474e+06,0.510657,3.68333,-4.40732,aggressive,BTC-USD,buy,0.57953,50000,86276.9,0.00231812,2.37811e+06,0.57953,1,0,86277.3,0.0480173,18,90.0004,0,50000.2,0.0480173,18.0001,-7.605e-08,18.0481,2.03e-09,0.000862399,18.0481,-4.40732,1,4,0,0,0.0515336,0,0,0,0,0,0.157548,0.109531,,,1.7072,1.65919,,,5.63813,5.59014,,
size_sweep,calm_deep,50000,aggressive,40,0,True,"coinbase>=1,000,000",prints+quotes,5001014,10,0.119647,2.18474e+06,0.510657,3.68333,-4.40732,aggressive,BTC-USD,sell,0.57953,50000,86276.9,0.00231812,2.08894e+06,0.57953,1,0,86276.3,0.061594,18,89.9994,0,49999.7,0.061594,17.9999,7.605e-08,18.0615,2.03e-09,0.000862378,18.0615,4.40732,1,3,0,0,0.0515336,0,0,0,0,0,-0.0479372,-0.109531,,,-1.59761,-1.65919,,,-5.52858,-5.59014,,
size_sweep,calm_deep,50000,hybrid,40,0,True,"coinbase>=1,000,000",prints+quotes,5001014,10,0.119647,2.18474e+06,0.510657,3.68333,-4.40732,hybrid,BTC-USD,buy,0.57953,50000,86276.9,0.00231812,2.37811e+06,0.57953,1,1,86276.9,-0.00115906,8,40,50000,0,-0.00115906,8,-7.605e-08,7.99884,2.03e-09,0.000862399,7.99884,-4.40732,1,4,0,0,1.2,0,0,0,4,0,0.680932,0.546757,0.680932,0.546757,2.07319,1.93903,2.07319,1.93903,5.38523,5.25112,5.38523,5.25112
size_sweep,calm_deep,50000,hybrid,40,0,True,"coinbase>=1,000,000",prints+quotes,5001014,10,0.119647,2.18474e+06,0.510657,3.68333,-4.40732,hybrid,BTC-USD,sell,0.57953,50000,86276.9,0.00231812,2.08894e+06,0.57953,1,1,86276.9,-0.00115906,8,40,50000,0,-0.00115906,8,7.605e-08,7.99884,2.03e-09,0.000862378,7.99884,4.40732,1,5,0,0,0.8,0,0,2,3,0,-0.487486,-0.654855,-0.487486,-0.654855,-2.17907,-2.34641,-2.17907,-2.34641,-5.37494,-5.54223,-5.37494,-5.54223
size_sweep,calm_deep,50000,hybrid|prints-only,40,0,True,"coinbase>=1,000,000",prints-only,5001014,10,0.119647,2.18474e+06,0.510657,3.68333,-4.40732,hybrid,BTC-USD,buy,0.57953,50000,86276.9,0.00231812,2.37811e+06,0.57953,1,0.0905733,86233.7,-5.00808,17.0942,85.4283,4526.6,45448.4,-5.00808,17.0857,-7.605e-08,12.0776,2.03e-09,0.000862399,12.0776,-4.40732,37,49,0,36,42.0314,0,0,46,0,0,-0.194078,-0.279663,0.191105,0.0794229,0.406178,0.320598,0.140715,0.0290358,-1.99614,-2.08175,0.438564,0.326875
size_sweep,calm_deep,50000,hybrid|prints-only,40,0,True,"coinbase>=1,000,000",prints-only,5001014,10,0.119647,2.18474e+06,0.510657,3.68333,-4.40732,hybrid,BTC-USD,sell,0.57953,50000,86276.9,0.00231812,2.08894e+06,0.57953,1,1,86251.1,2.99168,8,39.988,49985,0,2.99168,7.99761,7.605e-08,10.9893,2.03e-09,0.000862378,10.9893,4.40732,20,23,0,19,26.2376,0,0,23,0,0,-0.2345,-0.285144,-0.2345,-0.285144,-2.09406,-2.1447,-2.09406,-2.1447,-2.43793,-2.48858,-2.43793,-2.48858
size_sweep,calm_deep,50000,passive,40,0,True,"coinbase>=1,000,000",prints+quotes,5001014,10,0.119647,2.18474e+06,0.510657,3.68333,-4.40732,passive,BTC-USD,buy,0.57953,50000,86276.9,0.00231812,2.37811e+06,0.57953,1,1,86276.9,-0.00115906,8,40,50000,0,-0.00115906,8,-7.605e-08,7.99884,2.03e-09,0.000862399,7.99884,-4.40732,1,4,0,0,1.2,0,0,0,4,0,0.680932,0.546757,0.680932,0.546757,2.07319,1.93903,2.07319,1.93903,5.38523,5.25112,5.38523,5.25112
size_sweep,calm_deep,50000,passive,40,0,True,"coinbase>=1,000,000",prints+quotes,5001014,10,0.119647,2.18474e+06,0.510657,3.68333,-4.40732,passive,BTC-USD,sell,0.57953,50000,86276.9,0.00231812,2.08894e+06,0.57953,1,1,86276.9,-0.00115906,8,40,50000,0,-0.00115906,8,7.605e-08,7.99884,2.03e-09,0.000862378,7.99884,4.40732,1,5,0,0,0.8,0,0,2,3,0,-0.487486,-0.654855,-0.487486,-0.654855,-2.17907,-2.34641,-2.17907,-2.34641,-5.37494,-5.54223,-5.37494,-5.54223
size_sweep,calm_deep,50000,passive|prints-only,40,0,True,"coinbase>=1,000,000",prints-only,5001014,10,0.119647,2.18474e+06,0.510657,3.68333,-4.40732,passive,BTC-USD,buy,0.57953,50000,86276.9,0.00231812,2.37811e+06,0.272595,0.470374,1,86235.7,-4.77671,8,18.806,23507.4,0,-2.24684,3.76119,-2.33423,-0.819882,0.0992255,26470.1,8.8086,-4.40732,48,58,0,48,58.6015,0,0,58,0,0,0.687632,0.268482,0.687632,0.268482,0.10126,-0.31792,0.10126,-0.31792,-2.35932,-2.77863,-2.35932,-2.77863
size_sweep,calm_deep,50000,passive|prints-only,40,0,True,"coinbase>=1,000,000",prints-only,5001014,10,0.119647,2.18474e+06,0.510657,3.68333,-4.40732,passive,BTC-USD,sell,0.57953,50000,86276.9,0.00231812,2.08894e+06,0.57953,1,1,86251.1,2.99168,8,39.988,49985,0,2.99168,7.99761,7.605e-08,10.9893,2.03e-09,0.000862378,10.9893,4.40732,20,23,0,19,26.2376,0,0,23,0,0,-0.2345,-0.285144,-0.2345,-0.285144,-2.09406,-2.1447,-2.09406,-2.1447,-2.43793,-2.48858,-2.43793,-2.48858
size_sweep,calm_deep,50000,aggressive,40,0,True,"coinbase>=1,000,000",prints+quotes,5001015,10,0.12659,2.14149e+06,0.57761,3.95,-1.56587,aggressive,BTC-USD,buy,0.579524,50000,86277.8,0.406826,2.19591e+06,0.579524,1,0,86279.6,0.209114,18,90.0019,0,50001,0.209114,18.0004,-2.702e-08,18.2095,5.5e-10,0.000862645,18.2095,-1.56587,1,4,0,0,0.0445936,0,0,0,0,0,-0.5147,-0.723825,,,0.293139,0.0840309,,,-4.11578,-4.32498,,
size_sweep,calm_deep,50000,aggressive,40,0,True,"coinbase>=1,000,000",prints+quotes,5001015,10,0.12659,2.14149e+06,0.57761,3.95,-1.56587,aggressive,BTC-USD,sell,0.579524,50000,86277.8,0.406826,2.0271e+06,0.579524,1,0,86275.7,0.240629,18,89.9978,0,49998.8,0.240629,17.9996,2.702e-08,18.2402,5.5e-10,0.00086264,18.2402,1.56587,1,3,0,0,0.0445936,0,0,0,0,0,0.964477,0.723825,,,0.156602,-0.0840309,,,4.56572,4.32498,,
size_sweep,calm_deep,50000,hybrid,40,0,True,"coinbase>=1,000,000",prints+quotes,5001015,10,0.12659,2.14149e+06,0.57761,3.95,-1.56587,hybrid,BTC-USD,buy,0.579524,50000,86277.8,0.406826,2.19591e+06,0.579524,1,1,86283.7,0.69112,8,40.0028,50003.5,0,0.69112,8.00055,2.99982e-16,8.69167,0,0,8.69167,-1.56587,3,6,0,2,1.7,0,0,3,3,0,0.459508,0.314368,0.459508,0.314368,0.678609,0.53347,0.678609,0.53347,-4.03372,-4.17893,-4.03372,-4.17893
size_sweep,calm_deep,50000,hybrid,40,0,True,"coinbase>=1,000,000",prints+quotes,5001015,10,0.12659,2.14149e+06,0.57761,3.95,-1.56587,hybrid,BTC-USD,sell,0.579524,50000,86277.8,0.406826,2.0271e+06,0.579524,1,1,86279.5,-0.202254,8,40.0008,50001,0,-0.202254,8.00016,2.702e-08,7.79791,5.5e-10,0.00086264,7.79791,1.56587,1,3,0,0,0.9,0,0,1,2,0,0.266079,-0.112866,0.266079,-0.112866,0.0764046,-0.302534,0.0764046,-0.302534,4.21946,3.84037,4.21946,3.84037
size_sweep,calm_deep,50000,hybrid|prints-only,40,0,True,"coinbase>=1,000,000",prints-only,5001015,10,0.12659,2.14149e+06,0.57761,3.95,-1.56587,hybrid,BTC-USD,buy,0.579524,50000,86277.8,0.406826,2.19591e+06,0.579524,1,1,86326.2,5.60787,8,40.0224,50028,0,5.60787,8.00449,-2.702e-08,13.6124,5.5e-10,0.000862645,13.6124,-1.56587,24,42,0,23,36.2043,0,0,42,0,0,0.350145,0.0384343,0.350145,0.0384343,2.16113,1.84947,2.16113,1.84947,8.27986,7.9684,8.27986,7.9684
size_sweep,calm_deep,50000,hybrid|prints-only,40,0,True,"coinbase>=1,000,000",prints-only,5001015,10,0.12659,2.14149e+06,0.57761,3.95,-1.56587,hybrid,BTC-USD,sell,0.579524,50000,86277.8,0.406826,2.0271e+06,0.579524,1,0.47845,86308.8,-3.59343,13.2148,66.0976,23934.7,26083.3,-3.59343,13.2195,2.702e-08,9.62609,5.5e-10,0.00086264,9.62609,1.56587,29,54,0,28,42.1445,0,0,52,0,0,-0.158775,-0.288068,-0.129944,-0.269243,-1.87468,-2.00395,-2.57567,-2.71493,-5.05134,-5.18057,-6.91554,-7.05474
size_sweep,calm_deep,50000,passive,40,0,True,"coinbase>=1,000,000",prints+quotes,5001015,10,0.12659,2.14149e+06,0.57761,3.95,-1.56587,passive,BTC-USD,buy,0.579524,50000,86277.8,0.406826,2.19591e+06,0.579524,1,1,86283.7,0.69112,8,40.0028,50003.5,0,0.69112,8.00055,2.99982e-16,8.69167,0,0,8.69167,-1.56587,3,6,0,2,1.7,0,0,3,3,0,0.459508,0.314368,0.459508,0.314368,0.678609,0.53347,0.678609,0.53347,-4.03372,-4.17893,-4.03372,-4.17893
size_sweep,calm_deep,50000,passive,40,0,True,"coinbase>=1,000,000",prints+quotes,5001015,10,0.12659,2.14149e+06,0.57761,3.95,-1.56587,passive,BTC-USD,sell,0.579524,50000,86277.8,0.406826,2.0271e+06,0.579524,1,1,86279.5,-0.202254,8,40.0008,50001,0,-0.202254,8.00016,2.702e-08,7.79791,5.5e-10,0.00086264,7.79791,1.56587,1,3,0,0,0.9,0,0,1,2,0,0.266079,-0.112866,0.266079,-0.112866,0.0764046,-0.302534,0.0764046,-0.302534,4.21946,3.84037,4.21946,3.84037
size_sweep,calm_deep,50000,passive|prints-only,40,0,True,"coinbase>=1,000,000",prints-only,5001015,10,0.12659,2.14149e+06,0.57761,3.95,-1.56587,passive,BTC-USD,buy,0.579524,50000,86277.8,0.406826,2.19591e+06,0.579524,1,1,86326.2,5.60787,8,40.0224,50028,0,5.60787,8.00449,-2.702e-08,13.6124,5.5e-10,0.000862645,13.6124,-1.56587,24,42,0,23,36.2043,0,0,42,0,0,0.350145,0.0384343,0.350145,0.0384343,2.16113,1.84947,2.16113,1.84947,8.27986,7.9684,8.27986,7.9684
size_sweep,calm_deep,50000,passive|prints-only,40,0,True,"coinbase>=1,000,000",prints-only,5001015,10,0.12659,2.14149e+06,0.57761,3.95,-1.56587,passive,BTC-USD,sell,0.579524,50000,86277.8,0.406826,2.0271e+06,0.322113,0.555823,1,86317.7,-4.62502,8,22.2432,27804,0,-2.5707,4.44864,0.695524,2.57347,0.0141576,22205.3,10.5815,1.56587,45,69,0,45,56.23,0,0,69,0,0,-0.153828,-0.300806,-0.153828,-0.300806,-2.44134,-2.58828,-2.44134,-2.58828,-6.27225,-6.41914,-6.27225,-6.41914
size_sweep,calm_deep,50000,aggressive,40,0,True,"coinbase>=1,000,000",prints+quotes,5001016,10,0.123515,2.10163e+06,0.559321,4.38333,-4.24726,aggressive,BTC-USD,buy,0.579435,50000,86290.9,0.147177,2.09441e+06,0.579435,1,0,86291.6,0.0793608,18,90.0007,0,50000.4,0.0793608,18.0001,-7.33e-08,18.0795,1.87e-09,0.000862552,18.0795,-4.24726,1,3,0,0,0.0303038,0,0,0,0,0,1.01166,0.932311,,,2.78762,2.70828,,,2.67231,2.59297,,
size_sweep,calm_deep,50000,aggressive,40,0,True,"coinbase>=1,000,000",prints+quotes,5001016,10,0.123515,2.10163e+06,0.559321,4.38333,-4.24726,aggressive,BTC-USD,sell,0.579435,50000,86290.9,0.147177,2.12971e+06,0.579435,1,0,86289.8,0.132093,18,89.9988,0,49999.3,0.132093,17.9998,7.33e-08,18.1319,1.87e-09,0.000862533,18.1319,4.24726,1,3,0,0,0.0303038,0,0,0,0,0,-0.800228,-0.932311,,,-2.57622,-2.70828,,,-2.46091,-2.59297,,
size_sweep,calm_deep,50000,hybrid,40,0,True,"coinbase>=1,000,000",prints+quotes,5001016,10,0.123515,2.10163e+06,0.559321,4.38333,-4.24726,hybrid,BTC-USD,buy,0.579435,50000,86290.9,0.147177,2.09441e+06,0.579435,1,1,86290.3,-0.0724294,8,39.9997,49999.6,0,-0.0724294,7.99994,-7.33e-08,7.92751,1.87e-09,0.000862552,7.92751,-4.24726,1,5,0,0,0.4,0,0,2,3,0,1.00971,0.596146,1.00971,0.596146,2.34749,1.93398,2.34749,1.93398,2.7451,2.33161,2.7451,2.33161
size_sweep,calm_deep,50000,hybrid,40,0,True,"coinbase>=1,000,000",prints+quotes,5001016,10,0.123515,2.10163e+06,0.559321,4.38333,-4.24726,hybrid,BTC-USD,sell,0.579435,50000,86290.9,0.147177,2.12971e+06,0.579435,1,1,86270.6,2.35888,8,39.9906,49988.2,0,2.35888,7.99811,7.33e-08,10.357,1.87e-09,0.000862533,10.357,4.24726,4,4,0,3,5.3,0,0,2,2,0,-0.66296,-0.796989,-0.66296,-0.796989,-0.250831,-0.384866,-0.250831,-0.384866,-1.50303,-1.63705,-1.50303,-1.63705
size_sweep,calm_deep,50000,hybrid|prints-only,40,0,True,"coinbase>=1,000,000",prints-only,5001016,10,0.123515,2.10163e+06,0.559321,4.38333,-4.24726,hybrid,BTC-USD,buy,0.579435,50000,86290.9,0.147177,2.09441e+06,0.579435,1,0.412468,86256.4,-3.99634,13.8749,69.3467,20617.4,29362.7,-3.99634,13.8693,-7.33e-08,9.87299,1.87e-09,0.000862552,9.87299,-4.24726,37,65,0,36,42.1339,0,0,62,0,0,0.449281,0.349705,0.0411576,-0.12491,0.0552906,-0.044289,-0.565575,-0.73165,-0.154729,-0.254297,1.66015,1.49412
size_sweep,calm_deep,50000,hybrid|prints-only,40,0,True,"coinbase>=1,000,000",prints-only,5001016,10,0.123515,2.10163e+06,0.559321,4.38333,-4.24726,hybrid,BTC-USD,sell,0.579435,50000,86290.9,0.147177,2.12971e+06,0.579435,1,1,86267.7,2.68737,8,39.9892,49986.6,0,2.68737,7.99785,7.33e-08,10.6852,1.87e-09,0.000862533,10.6852,4.24726,27,34,0,26,31.7032,0,0,34,0,0,0.0848024,0.0729335,0.0848024,0.0729335,0.173423,0.161553,0.173423,0.161553,-1.95383,-1.9657,-1.95383,-1.9657
size_sweep,calm_deep,50000,passive,40,0,True,"coinbase>=1,000,000",prints+quotes,5001016,10,0.123515,2.10163e+06,0.559321,4.38333,-4.24726,passive,BTC-USD,buy,0.579435,50000,86290.9,0.147177,2.09441e+06,0.579435,1,1,86290.3,-0.0724294,8,39.9997,49999.6,0,-0.0724294,7.99994,-7.33e-08,7.92751,1.87e-09,0.000862552,7.92751,-4.24726,1,5,0,0,0.4,0,0,2,3,0,1.00971,0.596146,1.00971,0.596146,2.34749,1.93398,2.34749,1.93398,2.7451,2.33161,2.7451,2.33161
size_sweep,calm_deep,50000,passive,40,0,True,"coinbase>=1,000,000",prints+quotes,5001016,10,0.123515,2.10163e+06,0.559321,4.38333,-4.24726,passive,BTC-USD,sell,0.579435,50000,86290.9,0.147177,2.12971e+06,0.579435,1,1,86270.6,2.35888,8,39.9906,49988.2,0,2.35888,7.99811,7.33e-08,10.357,1.87e-09,0.000862533,10.357,4.24726,4,4,0,3,5.3,0,0,2,2,0,-0.66296,-0.796989,-0.66296,-0.796989,-0.250831,-0.384866,-0.250831,-0.384866,-1.50303,-1.63705,-1.50303,-1.63705
size_sweep,calm_deep,50000,passive|prints-only,40,0,True,"coinbase>=1,000,000",prints-only,5001016,10,0.123515,2.10163e+06,0.559321,4.38333,-4.24726,passive,BTC-USD,buy,0.579435,50000,86290.9,0.147177,2.09441e+06,0.579435,1,1,86255.5,-4.10561,8,39.9836,49979.5,0,-4.10561,7.99672,-7.33e-08,3.89111,1.87e-09,0.000862552,3.89111,-4.24726,46,90,0,45,58.8177,0,0,90,0,0,-0.219183,-0.225331,-0.219183,-0.225331,-1.10389,-1.11003,-1.10389,-1.11003,-1.67285,-1.67897,-1.67285,-1.67897
size_sweep,calm_deep,50000,passive|prints-only,40,0,True,"coinbase>=1,000,000",prints-only,5001016,10,0.123515,2.10163e+06,0.559321,4.38333,-4.24726,passive,BTC-USD,sell,0.579435,50000,86290.9,0.147177,2.12971e+06,0.579435,1,1,86267.7,2.68737,8,39.9892,49986.6,0,2.68737,7.99785,7.33e-08,10.6852,1.87e-09,0.000862533,10.6852,4.24726,27,34,0,26,31.7032,0,0,34,0,0,0.0848024,0.0729335,0.0848024,0.0729335,0.173423,0.161553,0.173423,0.161553,-1.95383,-1.9657,-1.95383,-1.9657
size_sweep,calm_deep,50000,aggressive,40,0,True,"coinbase>=1,000,000",prints+quotes,5001017,10,0.130103,2.20976e+06,0.493649,3.56667,-1.72592,aggressive,BTC-USD,buy,0.579555,50000,86273,0.0278187,1.98989e+06,0.579555,1,0,86273.7,0.0793789,18,90.0007,0,50000.4,0.0793789,18.0001,-3.30624e-16,18.0795,0,0,18.0795,-1.72592,1,4,0,0,0.030149,0,0,0,0,0,0.39987,0.320494,,,0.145447,0.0660693,,,0.968409,0.889038,,
size_sweep,calm_deep,50000,aggressive,40,0,True,"coinbase>=1,000,000",prints+quotes,5001017,10,0.130103,2.20976e+06,0.493649,3.56667,-1.72592,aggressive,BTC-USD,sell,0.579555,50000,86273,0.0278187,2.45869e+06,0.579555,1,0,86272.9,0.0139093,18,89.9999,0,49999.9,0.0139093,18,0,18.0139,0,0,18.0139,1.72592,1,1,0,0,0.030149,0,0,0,0,0,-0.306585,-0.320494,,,-0.0521601,-0.0660693,,,-0.87513,-0.889038,,
size_sweep,calm_deep,50000,hybrid,40,0,True,"coinbase>=1,000,000",prints+quotes,5001017,10,0.130103,2.20976e+06,0.493649,3.56667,-1.72592,hybrid,BTC-USD,buy,0.579555,50000,86273,0.0278187,1.98989e+06,0.579555,1,1,86272.9,-0.0127502,8,39.9999,49999.9,0,-0.0127502,7.99999,-0,7.98724,0,0,7.98724,-1.72592,1,3,0,0,0.7,0,0,0,3,0,0.0909962,-0.104444,0.0909962,-0.104444,0.182302,-0.0131363,0.182302,-0.0131363,0.447341,0.251908,0.447341,0.251908
size_sweep,calm_deep,50000,hybrid,40,0,True,"coinbase>=1,000,000",prints+quotes,5001017,10,0.130103,2.20976e+06,0.493649,3.56667,-1.72592,hybrid,BTC-USD,sell,0.579555,50000,86273,0.0278187,2.45869e+06,0.579555,1,1,86268.6,0.511168,8,39.998,49997.4,0,0.511168,7.99959,0,8.51076,0,0,8.51076,1.72592,2,3,0,1,2.9,0,0,1,2,0,0.735802,0.552284,0.735802,0.552284,0.158861,-0.0246466,0.158861,-0.0246466,-1.74986,-1.93333,-1.74986,-1.93333
size_sweep,calm_deep,50000,hybrid|prints-only,40,0,True,"coinbase>=1,000,000",prints-only,5001017,10,0.130103,2.20976e+06,0.493649,3.56667,-1.72592,hybrid,BTC-USD,buy,0.579555,50000,86273,0.0278187,1.98989e+06,0.579555,1,0.988685,86267.3,-0.66569,8.11315,40.563,49431,565.692,-0.66569,8.11261,-2.978e-08,7.44692,1.8e-10,0.000862582,7.44692,-1.72592,25,44,0,24,42.1583,0,0,43,0,0,-0.92346,-0.681865,-0.929525,-0.683546,-0.693303,-0.451713,-0.697284,-0.451311,-0.292484,-0.0509186,-0.274612,-0.0286637
size_sweep,calm_deep,50000,hybrid|prints-only,40,0,True,"coinbase>=1,000,000",prints-only,5001017,10,0.130103,2.20976e+06,0.493649,3.56667,-1.72592,hybrid,BTC-USD,sell,0.579555,50000,86273,0.0278187,2.45869e+06,0.579555,1,1,86273.2,-0.0207392,8,40.0001,50000.1,0,-0.0207392,8.00002,0,7.97928,0,0,7.97928,1.72592,14,16,0,13,22.7027,0,0,16,0,0,0.0963166,-0.0393096,0.0963166,-0.0393096,0.0255494,-0.110076,0.0255494,-0.110076,-1.12563,-1.26122,-1.12563,-1.26122
size_sweep,calm_deep,50000,passive,40,0,True,"coinbase>=1,000,000",prints+quotes,5001017,10,0.130103,2.20976e+06,0.493649,3.56667,-1.72592,passive,BTC-USD,buy,0.579555,50000,86273,0.0278187,1.98989e+06,0.579555,1,1,86272.9,-0.0127502,8,39.9999,49999.9,0,-0.0127502,7.99999,-0,7.98724,0,0,7.98724,-1.72592,1,3,0,0,0.7,0,0,0,3,0,0.0909962,-0.104444,0.0909962,-0.104444,0.182302,-0.0131363,0.182302,-0.0131363,0.447341,0.251908,0.447341,0.251908
size_sweep,calm_deep,50000,passive,40,0,True,"coinbase>=1,000,000",prints+quotes,5001017,10,0.130103,2.20976e+06,0.493649,3.56667,-1.72592,passive,BTC-USD,sell,0.579555,50000,86273,0.0278187,2.45869e+06,0.579555,1,1,86268.6,0.511168,8,39.998,49997.4,0,0.511168,7.99959,0,8.51076,0,0,8.51076,1.72592,2,3,0,1,2.9,0,0,1,2,0,0.735802,0.552284,0.735802,0.552284,0.158861,-0.0246466,0.158861,-0.0246466,-1.74986,-1.93333,-1.74986,-1.93333
size_sweep,calm_deep,50000,passive|prints-only,40,0,True,"coinbase>=1,000,000",prints-only,5001017,10,0.130103,2.20976e+06,0.493649,3.56667,-1.72592,passive,BTC-USD,buy,0.579555,50000,86273,0.0278187,1.98989e+06,0.579555,1,1,86267.3,-0.658595,8,39.9974,49996.7,0,-0.658595,7.99947,-2.978e-08,7.34088,1.8e-10,0.000862582,7.34088,-1.72592,25,46,0,24,43.615,0,0,46,0,0,-0.914356,-0.675663,-0.914356,-0.675663,-0.695644,-0.456957,-0.695644,-0.456957,-0.277411,-0.0387492,-0.277411,-0.0387492
size_sweep,calm_deep,50000,passive|prints-only,40,0,True,"coinbase>=1,000,000",prints-only,5001017,10,0.130103,2.20976e+06,0.493649,3.56667,-1.72592,passive,BTC-USD,sell,0.579555,50000,86273,0.0278187,2.45869e+06,0.579555,1,1,86273.2,-0.0207392,8,40.0001,50000.1,0,-0.0207392,8.00002,0,7.97928,0,0,7.97928,1.72592,14,16,0,13,22.7027,0,0,16,0,0,0.0963166,-0.0393096,0.0963166,-0.0393096,0.0255494,-0.110076,0.0255494,-0.110076,-1.12563,-1.26122,-1.12563,-1.26122
size_sweep,calm_deep,50000,aggressive,40,0,True,"coinbase>=1,000,000",prints+quotes,5001018,10,0.11925,2.16674e+06,0.54179,4.33333,7.961,aggressive,BTC-USD,buy,0.579445,50000,86289.5,0.00231778,2.22149e+06,0.579445,1,0,86289.3,-0.0178109,18,89.9998,0,49999.9,-0.0178109,18,0,17.9822,0,0,17.9822,7.961,1,4,0,0,0.92886,0,0,0,0,0,-0.038671,-0.0706927,,,2.01836,1.98635,,,-4.03221,-4.06425,,
size_sweep,calm_deep,50000,aggressive,40,0,True,"coinbase>=1,000,000",prints+quotes,5001018,10,0.11925,2.16674e+06,0.54179,4.33333,7.961,aggressive,BTC-USD,sell,0.579445,50000,86289.5,0.00231778,2.44196e+06,0.579445,1,0,86287.9,0.18342,18,89.9983,0,49999.1,0.18342,17.9997,-0,18.1831,0,0,18.1831,-7.961,1,4,0,0,0.92886,0,0,0,0,0,0.204285,0.0706927,,,-1.85278,-1.98635,,,4.19789,4.06425,,
size_sweep,calm_deep,50000,hybrid,40,0,True,"coinbase>=1,000,000",prints+quotes,5001018,10,0.11925,2.16674e+06,0.54179,4.33333,7.961,hybrid,BTC-USD,buy,0.579445,50000,86289.5,0.00231778,2.22149e+06,0.579445,1,1,86287.7,-0.205124,8,39.9992,49999,0,-0.205124,7.99984,0,7.79471,0,0,7.79471,7.961,2,3,1,0,2.3,0,0,1,2,0,1.25562,1.02197,1.25562,1.02197,0.820527,0.586864,0.820527,0.586864,-5.45372,-5.68753,-5.45372,-5.68753
size_sweep,calm_deep,50000,hybrid,40,0,True,"coinbase>=1,000,000",prints+quotes,5001018,10,0.11925,2.16674e+06,0.54179,4.33333,7.961,hybrid,BTC-USD,sell,0.579445,50000,86289.5,0.00231778,2.44196e+06,0.579445,1,1,86289.5,-0.00115889,8,40,50000,0,-0.00115889,8,-0,7.99884,0,0,7.99884,-7.961,1,3,0,0,1.6,0,0,0,3,0,-0.898749,-0.991591,-0.898749,-0.991591,-1.41717,-1.51001,-1.41717,-1.51001,4.54445,4.45156,4.54445,4.45156
size_sweep,calm_deep,50000,hybrid|prints-only,40,0,True,"coinbase>=1,000,000",prints-only,5001018,10,0.11925,2.16674e+06,0.54179,4.33333,7.961,hybrid,BTC-USD,buy,0.579445,50000,86289.5,0.00231778,2.22149e+06,0.579445,1,1,86273.4,-1.86232,8,39.9925,49990.7,0,-1.86232,7.99851,1.3739e-07,6.13619,3.5e-10,0.000863583,6.13619,7.961,5,8,1,3,4.90066,0,0,8,0,0,0.173814,0.312866,0.173814,0.312866,-1.81449,-1.67541,-1.81449,-1.67541,-7.04399,-6.90484,-7.04399,-6.90484
size_sweep,calm_deep,50000,hybrid|prints-only,40,0,True,"coinbase>=1,000,000",prints-only,5001018,10,0.11925,2.16674e+06,0.54179,4.33333,7.961,hybrid,BTC-USD,sell,0.579445,50000,86289.5,0.00231778,2.44196e+06,0.579445,1,0.422048,86314.5,-2.90146,13.7807,68.9236,21102.6,28912,-2.90146,13.7847,-1.3739e-07,10.8832,3.5e-10,0.00086358,10.8832,-7.961,36,49,0,35,42.124,0,0,45,0,0,-0.0966552,-0.166255,0.0431482,-0.103652,1.01535,0.945743,1.56761,1.42078,3.79914,3.7295,5.86115,5.71426
size_sweep,calm_deep,50000,passive,40,0,True,"coinbase>=1,000,000",prints+quotes,5001018,10,0.11925,2.16674e+06,0.54179,4.33333,7.961,passive,BTC-USD,buy,0.579445,50000,86289.5,0.00231778,2.22149e+06,0.579445,1,1,86287.7,-0.205124,8,39.9992,49999,0,-0.205124,7.99984,0,7.79471,0,0,7.79471,7.961,2,3,1,0,2.3,0,0,1,2,0,1.25562,1.02197,1.25562,1.02197,0.820527,0.586864,0.820527,0.586864,-5.45372,-5.68753,-5.45372,-5.68753
size_sweep,calm_deep,50000,passive,40,0,True,"coinbase>=1,000,000",prints+quotes,5001018,10,0.11925,2.16674e+06,0.54179,4.33333,7.961,passive,BTC-USD,sell,0.579445,50000,86289.5,0.00231778,2.44196e+06,0.579445,1,1,86289.5,-0.00115889,8,40,50000,0,-0.00115889,8,-0,7.99884,0,0,7.99884,-7.961,1,3,0,0,1.6,0,0,0,3,0,-0.898749,-0.991591,-0.898749,-0.991591,-1.41717,-1.51001,-1.41717,-1.51001,4.54445,4.45156,4.54445,4.45156
size_sweep,calm_deep,50000,passive|prints-only,40,0,True,"coinbase>=1,000,000",prints-only,5001018,10,0.11925,2.16674e+06,0.54179,4.33333,7.961,passive,BTC-USD,buy,0.579445,50000,86289.5,0.00231778,2.22149e+06,0.579445,1,1,86273.4,-1.86232,8,39.9925,49990.7,0,-1.86232,7.99851,1.3739e-07,6.13619,3.5e-10,0.000863583,6.13619,7.961,5,8,1,3,4.90066,0,0,8,0,0,0.173814,0.312866,0.173814,0.312866,-1.81449,-1.67541,-1.81449,-1.67541,-7.04399,-6.90484,-7.04399,-6.90484
size_sweep,calm_deep,50000,passive|prints-only,40,0,True,"coinbase>=1,000,000",prints-only,5001018,10,0.11925,2.16674e+06,0.54179,4.33333,7.961,passive,BTC-USD,sell,0.579445,50000,86289.5,0.00231778,2.44196e+06,0.579445,1,1,86323.3,-3.92404,8,40.0157,50019.6,0,-3.92404,8.00314,-0,4.0791,0,0,4.0791,-7.961,43,61,0,42,51.4097,0,0,61,0,0,0.271451,0.180437,0.271451,0.180437,1.71545,1.62442,1.71545,1.62442,1.98199,1.89094,1.98199,1.89094
size_sweep,calm_deep,50000,aggressive,40,0,True,"coinbase>=1,000,000",prints+quotes,5001019,10,0.117261,2.17591e+06,0.497143,3.81667,-12.8368,aggressive,BTC-USD,buy,0.579331,50000,86306.5,0.0347599,1.75012e+06,0.579331,1,0,86306.8,0.0394319,18,90.0004,0,50000.2,0.0394319,18.0001,-0,18.0395,0,0,18.0395,-12.8368,1,2,0,0,0.055783,0,0,0,0,0,-0.333656,-0.373089,,,-0.362622,-0.402056,,,5.37389,5.33448,,
size_sweep,calm_deep,50000,aggressive,40,0,True,"coinbase>=1,000,000",prints+quotes,5001019,10,0.117261,2.17591e+06,0.497143,3.81667,-12.8368,aggressive,BTC-USD,sell,0.579331,50000,86306.5,0.0347599,2.06698e+06,0.579331,1,0,86306,0.0494273,18,89.9996,0,49999.8,0.0494273,17.9999,0,18.0493,0,0,18.0493,12.8368,1,2,0,0,0.055783,0,0,0,0,0,0.422518,0.373089,,,0.451485,0.402056,,,-5.28508,-5.33448,,
size_sweep,calm_deep,50000,hybrid,40,0,True,"coinbase>=1,000,000",prints+quotes,5001019,10,0.117261,2.17591e+06,0.497143,3.81667,-12.8368,hybrid,BTC-USD,buy,0.579331,50000,86306.5,0.0347599,1.75012e+06,0.579331,1,1,86310.7,0.497066,8,40.002,50002.5,0,0.497066,8.0004,-0,8.49746,0,0,8.49746,-12.8368,2,3,0,1,1.2,0,0,0,3,0,0.424185,0.252578,0.424185,0.252578,0.698901,0.527299,0.698901,0.527299,7.76864,7.59716,7.76864,7.59716
size_sweep,calm_deep,50000,hybrid,40,0,True,"coinbase>=1,000,000",prints+quotes,5001019,10,0.117261,2.17591e+06,0.497143,3.81667,-12.8368,hybrid,BTC-USD,sell,0.579331,50000,86306.5,0.0347599,2.06698e+06,0.579331,1,1,86306.6,-0.0162213,8,40.0001,50000.1,0,-0.0162213,8.00001,0,7.98379,0,0,7.98379,12.8368,1,2,0,0,0.2,0,0,0,2,0,0.268722,0.0489236,0.268722,0.0489236,0.182308,-0.0374881,0.182308,-0.0374881,-5.60349,-5.82316,-5.60349,-5.82316
size_sweep,calm_deep,50000,hybrid|prints-only,40,0,True,"coinbase>=1,000,000",prints-only,5001019,10,0.117261,2.17591e+06,0.497143,3.81667,-12.8368,hybrid,BTC-USD,buy,0.579331,50000,86306.5,0.0347599,1.75012e+06,0.579331,1,1,86266.2,-4.66476,8,39.9813,49976.7,0,-4.66476,7.99627,-0,3.33151,0,0,3.33151,-12.8368,28,42,0,27,36.0123,0,0,42,0,0,0.993413,0.904095,0.993413,0.904095,-0.273704,-0.363038,-0.273704,-0.363038,5.12477,5.03549,5.12477,5.03549
size_sweep,calm_deep,50000,hybrid|prints-only,40,0,True,"coinbase>=1,000,000",prints-only,5001019,10,0.117261,2.17591e+06,0.497143,3.81667,-12.8368,hybrid,BTC-USD,sell,0.579331,50000,86306.5,0.0347599,2.06698e+06,0.579331,1,1,86244.6,7.16789,8,39.9713,49964.2,0,7.16789,7.99427,2.2158e-07,15.1622,8e-10,0.000861953,15.1622,12.8368,32,35,0,31,40.0183,0,0,35,0,0,-0.301712,-0.482082,-0.301712,-0.482082,-0.840098,-1.02046,-0.840098,-1.02046,-6.23309,-6.41335,-6.23309,-6.41335
size_sweep,calm_deep,50000,passive,40,0,True,"coinbase>=1,000,000",prints+quotes,5001019,10,0.117261,2.17591e+06,0.497143,3.81667,-12.8368,passive,BTC-USD,buy,0.579331,50000,86306.5,0.0347599,1.75012e+06,0.579331,1,1,86310.7,0.497066,8,40.002,50002.5,0,0.497066,8.0004,-0,8.49746,0,0,8.49746,-12.8368,2,3,0,1,1.2,0,0,0,3,0,0.424185,0.252578,0.424185,0.252578,0.698901,0.527299,0.698901,0.527299,7.76864,7.59716,7.76864,7.59716
size_sweep,calm_deep,50000,passive,40,0,True,"coinbase>=1,000,000",prints+quotes,5001019,10,0.117261,2.17591e+06,0.497143,3.81667,-12.8368,passive,BTC-USD,sell,0.579331,50000,86306.5,0.0347599,2.06698e+06,0.579331,1,1,86306.6,-0.0162213,8,40.0001,50000.1,0,-0.0162213,8.00001,0,7.98379,0,0,7.98379,12.8368,1,2,0,0,0.2,0,0,0,2,0,0.268722,0.0489236,0.268722,0.0489236,0.182308,-0.0374881,0.182308,-0.0374881,-5.60349,-5.82316,-5.60349,-5.82316
size_sweep,calm_deep,50000,passive|prints-only,40,0,True,"coinbase>=1,000,000",prints-only,5001019,10,0.117261,2.17591e+06,0.497143,3.81667,-12.8368,passive,BTC-USD,buy,0.579331,50000,86306.5,0.0347599,1.75012e+06,0.579331,1,1,86266.2,-4.66476,8,39.9813,49976.7,0,-4.66476,7.99627,-0,3.33151,0,0,3.33151,-12.8368,28,42,0,27,36.0123,0,0,42,0,0,0.993413,0.904095,0.993413,0.904095,-0.273704,-0.363038,-0.273704,-0.363038,5.12477,5.03549,5.12477,5.03549
size_sweep,calm_deep,50000,passive|prints-only,40,0,True,"coinbase>=1,000,000",prints-only,5001019,10,0.117261,2.17591e+06,0.497143,3.81667,-12.8368,passive,BTC-USD,sell,0.579331,50000,86306.5,0.0347599,2.06698e+06,0.579331,1,1,86244.6,7.16789,8,39.9713,49964.2,0,7.16789,7.99427,2.2158e-07,15.1622,8e-10,0.000861953,15.1622,12.8368,32,35,0,31,40.0183,0,0,35,0,0,-0.301712,-0.482082,-0.301712,-0.482082,-0.840098,-1.02046,-0.840098,-1.02046,-6.23309,-6.41335,-6.23309,-6.41335
size_sweep,calm_deep,250000,aggressive,40,0,True,"coinbase>=1,000,000",prints+quotes,5002000,10,0.128245,2.14867e+06,0.689943,3.93333,-7.17611,aggressive,BTC-USD,buy,2.89686,250000,86300.2,0.203939,2.41315e+06,2.89686,1,0,86301.6,0.160277,18,450.007,0,250004,0.160277,18.0003,-0,18.1606,0,0,18.1606,-7.17611,1,12,0,0,0.0467244,0,0,0,0,0,0.358416,0.198146,,,4.30504,4.14483,,,4.71002,4.54982,,
size_sweep,calm_deep,250000,aggressive,40,0,True,"coinbase>=1,000,000",prints+quotes,5002000,10,0.128245,2.14867e+06,0.689943,3.93333,-7.17611,aggressive,BTC-USD,sell,2.89686,250000,86300.2,0.203939,2.17532e+06,2.89686,1,0,86297,0.368571,18,449.983,0,249991,0.368571,17.9993,0,18.3679,0,0,18.3679,7.17611,1,15,0,0,0.0467244,0,0,0,0,0,0.170433,-0.198146,,,-3.7764,-4.14483,,,-4.1814,-4.54982,,
size_sweep,calm_deep,250000,hybrid,40,0,True,"coinbase>=1,000,000",prints+quotes,5002000,10,0.128245,2.14867e+06,0.689943,3.93333,-7.17611,hybrid,BTC-USD,buy,2.89686,250000,86300.2,0.203939,2.41315e+06,2.89686,1,1,86299.3,-0.100811,8,199.998,249997,0,-0.100811,7.99992,-0,7.89911,0,0,7.89911,-7.17611,1,11,0,0,1.3,0,0,2,9,0,0.977401,0.663279,0.977401,0.663279,4.76103,4.44703,4.76103,4.44703,4.2349,3.92087,4.2349,3.92087
size_sweep,calm_deep,250000,hybrid,40,0,True,"coinbase>=1,000,000",prints+quotes,5002000,10,0.128245,2.14867e+06,0.689943,3.93333,-7.17611,hybrid,BTC-USD,sell,2.89686,250000,86300.2,0.203939,2.17532e+06,2.89686,1,1,86262.8,4.33555,8,199.913,249892,0,4.33555,7.99653,0,12.3321,0,0,12.3321,7.17611,7,11,0,6,6.6,0,0,2,9,0,-0.577527,-0.809147,-0.577527,-0.809147,-0.596154,-0.827776,-0.596154,-0.827776,0.392466,0.160821,0.392466,0.160821
size_sweep,calm_deep,250000,hybrid|prints-only,40,0,True,"coinbase>=1,000,000",prints-only,5002000,10,0.128245,2.14867e+06,0.689943,3.93333,-7.17611,hybrid,BTC-USD,buy,2.89686,250000,86300.2,0.203939,2.41315e+06,2.89686,1,0.27426,86248.2,-6.0228,15.2571,381.198,68530.8,181319,-6.0228,15.2479,-2.4772e-08,9.22513,2.72e-10,0.000862389,9.22513,-7.17611,32,53,0,31,42.1723,0,0,46,0,0,0.6536,0.498036,0.145069,0.105363,1.46279,1.30724,0.275827,0.236129,4.3126,4.15711,2.29666,2.25699
size_sweep,calm_deep,250000,hybrid|prints-only,40,0,True,"coinbase>=1,000,000",prints-only,5002000,10,0.128245,2.14867e+06,0.689943,3.93333,-7.17611,hybrid,BTC-USD,sell,2.89686,250000,86300.2,0.203939,2.17532e+06,2.89686,1,0.158234,86244.2,6.48544,16.4174,410.169,39538.8,210299,6.48544,16.4068,2.4772e-08,22.8922,2.72e-10,0.000862376,22.8922,7.17611,29,58,0,28,42.1233,0,0,44,0,0,-0.393103,-0.547203,0.121634,-0.0193523,-1.14333,-1.29742,1.04913,0.908133,-4.21015,-4.36419,-1.50492,-1.64588
size_sweep,calm_deep,250000,passive,40,0,True,"coinbase>=1,000,000",prints+quotes,5002000,10,0.128245,2.14867e+06,0.689943,3.93333,-7.17611,passive,BTC-USD,buy,2.89686,250000,86300.2,0.203939,2.41315e+06,2.89686,1,1,86299.3,-0.100811,8,199.998,249997,0,-0.100811,7.99992,-0,7.89911,0,0,7.89911,-7.17611,1,11,0,0,1.3,0,0,2,9,0,0.977401,0.663279,0.977401,0.663279,4.76103,4.44703,4.76103,4.44703,4.2349,3.92087,4.2349,3.92087
size_sweep,calm_deep,250000,passive,40,0,True,"coinbase>=1,000,000",prints+quotes,5002000,10,0.128245,2.14867e+06,0.689943,3.93333,-7.17611,passive,BTC-USD,sell,2.89686,250000,86300.2,0.203939,2.17532e+06,2.89686,1,1,86262.8,4.33555,8,199.913,249892,0,4.33555,7.99653,0,12.3321,0,0,12.3321,7.17611,7,11,0,6,6.6,0,0,2,9,0,-0.577527,-0.809147,-0.577527,-0.809147,-0.596154,-0.827776,-0.596154,-0.827776,0.392466,0.160821,0.392466,0.160821
size_sweep,calm_deep,250000,passive|prints-only,40,0,True,"coinbase>=1,000,000",prints-only,5002000,10,0.128245,2.14867e+06,0.689943,3.93333,-7.17611,passive,BTC-USD,buy,2.89686,250000,86300.2,0.203939,2.41315e+06,1.11826,0.386023,1,86253,-5.47383,8,77.1624,96453,0,-2.11303,3.0865,-4.40597,-3.4325,0.171869,153388,7.78333,-7.17611,48,65,0,48,59.6004,0,0,65,0,0,0.26436,0.215459,0.26436,0.215459,0.246151,0.197256,0.246151,0.197256,2.89301,2.84414,2.89301,2.84414
size_sweep,calm_deep,250000,passive|prints-only,40,0,True,"coinbase>=1,000,000",prints-only,5002000,10,0.128245,2.14867e+06,0.689943,3.93333,-7.17611,passive,BTC-USD,sell,2.89686,250000,86300.2,0.203939,2.17532e+06,0.468273,0.161648,1,86256.8,5.03223,8,32.3134,40391.7,0,0.813451,1.29253,6.01611,8.12209,0.228535,209432,23.4297,7.17611,40,59,0,40,59.9087,0,0,59,0,0,0.101405,-0.0377352,0.101405,-0.0377352,1.02443,0.885279,1.02443,0.885279,-1.56744,-1.70656,-1.56744,-1.70656
size_sweep,calm_deep,250000,aggressive,40,0,True,"coinbase>=1,000,000",prints+quotes,5002001,10,0.120488,2.16958e+06,0.594867,4.18333,-1.06128,aggressive,BTC-USD,buy,2.89808,250000,86264.1,0.00231846,2.03309e+06,2.89808,1,0,86265.5,0.156742,18,450.007,0,250004,0.156742,18.0003,-0,18.157,0,0,18.157,-1.06128,1,12,0,0,0.025484,0,0,0,0,0,0.848788,0.69206,,,-0.862209,-1.01896,,,0.417562,0.260827,,
size_sweep,calm_deep,250000,aggressive,40,0,True,"coinbase>=1,000,000",prints+quotes,5002001,10,0.120488,2.16958e+06,0.594867,4.18333,-1.06128,aggressive,BTC-USD,sell,2.89808,250000,86264.1,0.00231846,1.99234e+06,2.89808,1,0,86259.7,0.5101,18,449.977,0,249987,0.5101,17.9991,3.25251e-16,18.5092,0,0,18.5092,1.06128,1,12,0,0,0.025484,0,0,0,0,0,-0.181965,-0.69206,,,1.52915,1.01896,,,0.249291,-0.260827,,
size_sweep,calm_deep,250000,hybrid,40,0,True,"coinbase>=1,000,000",prints+quotes,5002001,10,0.120488,2.16958e+06,0.594867,4.18333,-1.06128,hybrid,BTC-USD,buy,2.89808,250000,86264.1,0.00231846,2.03309e+06,2.89808,1,1,86264.1,-0.00115923,8,200,250000,0,-0.00115923,8,-0,7.99884,0,0,7.99884,-1.06128,1,6,0,0,0.6,0,0,1,5,0,0.94467,0.751875,0.94467,0.751875,-0.398298,-0.591118,-0.398298,-0.591118,0.523142,0.330339,0.523142,0.330339
size_sweep,calm_deep,250000,hybrid,40,0,True,"coinbase>=1,000,000",prints+quotes,5002001,10,0.120488,2.16958e+06,0.594867,4.18333,-1.06128,hybrid,BTC-USD,sell,2.89808,250000,86264.1,0.00231846,1.99234e+06,2.89808,1,1,86258.7,0.635243,8,199.987,249984,0,0.635243,7.99949,0,8.63473,0,0,8.63473,1.06128,2,7,0,1,2.1,0,0,4,3,0,1.14704,0.550955,1.14704,0.550955,0.432291,-0.16375,0.432291,-0.16375,-1.06687,-1.66282,-1.06687,-1.66282
size_sweep,calm_deep,250000,hybrid|prints-only,40,0,True,"coinbase>=1,000,000",prints-only,5002001,10,0.120488,2.16958e+06,0.594867,4.18333,-1.06128,hybrid,BTC-USD,buy,2.89808,250000,86264.1,0.00231846,2.03309e+06,2.89808,1,0.128698,86244.6,-2.26626,16.7129,417.728,32169.9,217773,-2.26626,16.7091,-0,14.4429,0,0,14.4429,-1.06128,35,65,0,34,42.1422,0,0,55,0,0,0.791995,0.385268,0.91155,0.528575,-0.56463,-0.971414,1.15632,0.773348,-0.511539,-0.918322,0.0498656,-0.33316
size_sweep,calm_deep,250000,hybrid|prints-only,40,0,True,"coinbase>=1,000,000",prints-only,5002001,10,0.120488,2.16958e+06,0.594867,4.18333,-1.06128,hybrid,BTC-USD,sell,2.89808,250000,86264.1,0.00231846,1.99234e+06,2.89808,1,0.242589,86243.3,2.41926,15.5737,389.247,60644,189295,2.41926,15.5699,7.324e-09,17.9891,6.2e-10,0.00172508,17.9891,1.06128,35,69,0,34,42.1422,0,0,61,0,0,0.0338273,-0.19796,0.576833,0.320764,1.04214,0.81033,-0.241194,-0.497242,0.582416,0.350619,-1.43571,-1.69172
size_sweep,calm_deep,250000,passive,40,0,True,"coinbase>=1,000,000",prints+quotes,5002001,10,0.120488,2.16958e+06,0.594867,4.18333,-1.06128,passive,BTC-USD,buy,2.89808,250000,86264.1,0.00231846,2.03309e+06,2.89808,1,1,86264.1,-0.00115923,8,200,250000,0,-0.00115923,8,-0,7.99884,0,0,7.99884,-1.06128,1,6,0,0,0.6,0,0,1,5,0,0.94467,0.751875,0.94467,0.751875,-0.398298,-0.591118,-0.398298,-0.591118,0.523142,0.330339,0.523142,0.330339
size_sweep,calm_deep,250000,passive,40,0,True,"coinbase>=1,000,000",prints+quotes,5002001,10,0.120488,2.16958e+06,0.594867,4.18333,-1.06128,passive,BTC-USD,sell,2.89808,250000,86264.1,0.00231846,1.99234e+06,2.89808,1,1,86258.7,0.635243,8,199.987,249984,0,0.635243,7.99949,0,8.63473,0,0,8.63473,1.06128,2,7,0,1,2.1,0,0,4,3,0,1.14704,0.550955,1.14704,0.550955,0.432291,-0.16375,0.432291,-0.16375,-1.06687,-1.66282,-1.06687,-1.66282
size_sweep,calm_deep,250000,passive|prints-only,40,0,True,"coinbase>=1,000,000",prints-only,5002001,10,0.120488,2.16958e+06,0.594867,4.18333,-1.06128,passive,BTC-USD,buy,2.89808,250000,86264.1,0.00231846,2.03309e+06,0.569281,0.196434,1,86248.8,-1.77612,8,39.2799,49099.8,0,-0.348891,1.5712,-0.852804,0.369499,0.126994,200873,14.9594,-1.06128,47,81,0,47,59.3256,0,0,81,0,0,0.672356,0.372335,0.672356,0.372335,0.356531,0.0565078,0.356531,0.0565078,-0.138339,-0.438396,-0.138339,-0.438396
size_sweep,calm_deep,250000,passive|prints-only,40,0,True,"coinbase>=1,000,000",prints-only,5002001,10,0.120488,2.16958e+06,0.594867,4.18333,-1.06128,passive,BTC-USD,sell,2.89808,250000,86264.1,0.00231846,1.99234e+06,0.710537,0.245175,1,86259.5,0.535228,8,49.0325,61290.6,0,0.131225,1.9613,0.801077,2.8936,0.107849,188683,16.5867,1.06128,46,76,0,46,59.9014,0,1,75,0,0,0.575229,0.320422,0.575229,0.320422,-0.232937,-0.487724,-0.232937,-0.487724,-1.42395,-1.6787,-1.42395,-1.6787
size_sweep,calm_deep,250000,aggressive,40,0,True,"coinbase>=1,000,000",prints+quotes,5002002,10,0.12307,2.13242e+06,0.401951,3.78333,6.57384,aggressive,BTC-USD,buy,2.8975,250000,86281.4,0.201666,2.05889e+06,2.8975,1,0,86284,0.305042,18,450.014,0,250008,0.305042,18.0005,0,18.3056,0,0,18.3056,6.57384,1,11,0,0,0.0608595,0,0,0,0,0,0.0239837,-0.281057,,,-0.321387,-0.626439,,,-5.47993,-5.78514,,
size_sweep,calm_deep,250000,aggressive,40,0,True,"coinbase>=1,000,000",prints+quotes,5002002,10,0.12307,2.13242e+06,0.401951,3.78333,6.57384,aggressive,BTC-USD,sell,2.8975,250000,86281.4,0.201666,2.02362e+06,2.8975,1,0,86279.9,0.172852,18,449.992,0,249996,0.172852,17.9997,-0,18.1725,0,0,18.1725,-6.57384,1,11,0,0,0.0608595,0,0,0,0,0,0.453917,0.281057,,,0.799304,0.626439,,,5.9581,5.78514,,
size_sweep,calm_deep,250000,hybrid,40,0,True,"coinbase>=1,000,000",prints+quotes,5002002,10,0.12307,2.13242e+06,0.401951,3.78333,6.57384,hybrid,BTC-USD,buy,2.8975,250000,86281.4,0.201666,2.05889e+06,2.8975,1,1,86285.6,0.485795,8,200.01,250012,0,0.485795,8.00039,-1.00755e-15,8.48618,0,0,8.48618,6.57384,2,11,0,1,4.5,0,0,3,8,0,-0.145931,-0.36595,-0.145931,-0.36595,-1.26292,-1.48297,-1.26292,-1.48297,-5.20883,-5.42896,-5.20883,-5.42896
size_sweep,calm_deep,250000,hybrid,40,0,True,"coinbase>=1,000,000",prints+quotes,5002002,10,0.12307,2.13242e+06,0.401951,3.78333,6.57384,hybrid,BTC-USD,sell,2.8975,250000,86281.4,0.201666,2.02362e+06,2.8975,1,1,86282.3,-0.0996739,8,200.002,250002,0,-0.0996739,8.00008,-0,7.90041,0,0,7.90041,-6.57384,1,7,0,0,1.5,0,0,1,6,0,0.776995,0.374153,0.776995,0.374153,1.12992,0.727066,1.12992,0.727066,5.66742,5.26438,5.66742,5.26438
size_sweep,calm_deep,250000,hybrid|prints-only,40,0,True,"coinbase>=1,000,000",prints-only,5002002,10,0.12307,2.13242e+06,0.401951,3.78333,6.57384,hybrid,BTC-USD,buy,2.8975,250000,86281.4,0.201666,2.05889e+06,2.8975,1,0.0868687,86333.9,6.08879,17.1314,428.546,21728.1,228424,6.08879,17.1418,2.2688e-08,23.2306,4e-12,0.000863381,23.2306,6.57384,30,42,1,28,42.1527,0,0,28,0,0,0.501551,0.383049,-0.363286,-0.460714,0.127542,0.00903469,-0.163837,-0.261263,-3.99597,-4.11453,-2.96056,-3.05801
size_sweep,calm_deep,250000,hybrid|prints-only,40,0,True,"coinbase>=1,000,000",prints-only,5002002,10,0.12307,2.13242e+06,0.401951,3.78333,6.57384,hybrid,BTC-USD,sell,2.8975,250000,86281.4,0.201666,2.02362e+06,2.8975,1,0.747227,86322,-4.70579,10.528,263.324,186888,63229.9,-4.70579,10.533,-2.2688e-08,5.82717,4e-12,0.000863381,5.82717,-6.57384,34,65,1,32,42.134,0,1,61,0,0,0.308906,0.0811808,0.476094,0.265375,0.340929,0.113209,0.373969,0.163261,3.51168,3.28389,3.17966,2.9689
size_sweep,calm_deep,250000,passive,40,0,True,"coinbase>=1,000,000",prints+quotes,5002002,10,0.12307,2.13242e+06,0.401951,3.78333,6.57384,passive,BTC-USD,buy,2.8975,250000,86281.4,0.201666,2.05889e+06,2.8975,1,1,86285.6,0.485795,8,200.01,250012,0,0.485795,8.00039,-1.00755e-15,8.48618,0,0,8.48618,6.57384,2,11,0,1,4.5,0,0,3,8,0,-0.145931,-0.36595,-0.145931,-0.36595,-1.26292,-1.48297,-1.26292,-1.48297,-5.20883,-5.42896,-5.20883,-5.42896
size_sweep,calm_deep,250000,passive,40,0,True,"coinbase>=1,000,000",prints+quotes,5002002,10,0.12307,2.13242e+06,0.401951,3.78333,6.57384,passive,BTC-USD,sell,2.8975,250000,86281.4,0.201666,2.02362e+06,2.8975,1,1,86282.3,-0.0996739,8,200.002,250002,0,-0.0996739,8.00008,-0,7.90041,0,0,7.90041,-6.57384,1,7,0,0,1.5,0,0,1,6,0,0.776995,0.374153,0.776995,0.374153,1.12992,0.727066,1.12992,0.727066,5.66742,5.26438,5.66742,5.26438
size_sweep,calm_deep,250000,passive|prints-only,40,0,True,"coinbase>=1,000,000",prints-only,5002002,10,0.12307,2.13242e+06,0.401951,3.78333,6.57384,passive,BTC-USD,buy,2.8975,250000,86281.4,0.201666,2.05889e+06,0.254285,0.0877602,1,86324.8,5.03551,8,17.5609,21951.1,0,0.441918,0.702435,5.99692,7.14127,0.282557,228217,23.8554,6.57384,40,42,1,39,59.3127,0,0,42,0,0,-0.356467,-0.453635,-0.356467,-0.453635,-0.166456,-0.263621,-0.166456,-0.263621,-2.96259,-3.05978,-2.96259,-3.05978
size_sweep,calm_deep,250000,passive|prints-only,40,0,True,"coinbase>=1,000,000",prints-only,5002002,10,0.12307,2.13242e+06,0.401951,3.78333,6.57384,passive,BTC-USD,sell,2.8975,250000,86281.4,0.201666,2.02362e+06,2.42271,0.836139,1,86320.6,-4.54596,8,167.304,209130,0,-3.80106,6.69215,-1.0772,1.8139,0.00155642,40992.1,4.76689,-6.57384,45,92,1,44,58.1025,0,1,91,0,0,0.502314,0.253252,0.502314,0.253252,0.513946,0.264888,0.513946,0.264888,3.04881,2.7997,3.04881,2.7997
size_sweep,calm_deep,250000,aggressive,40,0,True,"coinbase>=1,000,000",prints+quotes,5002003,10,0.119602,2.15177e+06,0.461326,4.2,3.51631,aggressive,BTC-USD,buy,2.8979,250000,86269.5,0.194739,2.1716e+06,2.8979,1,0,86271.9,0.280657,18,450.013,0,250007,0.280657,18.0005,0,18.2812,0,0,18.2812,3.51631,1,13,0,0,0.0310482,0,0,0,0,0,-0.369621,-0.650288,,,1.13782,0.857198,,,-3.07618,-3.35692,,
size_sweep,calm_deep,250000,aggressive,40,0,True,"coinbase>=1,000,000",prints+quotes,5002003,10,0.119602,2.15177e+06,0.461326,4.2,3.51631,aggressive,BTC-USD,sell,2.8979,250000,86269.5,0.194739,2.31459e+06,2.8979,1,0,86267.7,0.202606,18,449.991,0,249995,0.202606,17.9996,-5.38858e-16,18.2022,0,0,18.2022,-3.51631,1,12,0,0,0.0310482,0,0,0,0,0,0.852912,0.650288,,,-0.654605,-0.857198,,,3.5596,3.35692,,
size_sweep,calm_deep,250000,hybrid,40,0,True,"coinbase>=1,000,000",prints+quotes,5002003,10,0.119602,2.15177e+06,0.461326,4.2,3.51631,hybrid,BTC-USD,buy,2.8979,250000,86269.5,0.194739,2.1716e+06,2.8979,1,1,86271.9,0.278485,8,200.006,250007,0,0.278485,8.00022,0,8.27871,0,0,8.27871,3.51631,3,10,0,2,4.3,0,0,3,7,0,0.400661,0.130485,0.400661,0.130485,1.01013,0.73998,1.01013,0.73998,-2.94725,-3.21751,-2.94725,-3.21751
size_sweep,calm_deep,250000,hybrid,40,0,True,"coinbase>=1,000,000",prints+quotes,5002003,10,0.119602,2.15177e+06,0.461326,4.2,3.51631,hybrid,BTC-USD,sell,2.8979,250000,86269.5,0.194739,2.31459e+06,2.8979,1,1,86270.3,-0.102104,8,200.002,250003,0,-0.102104,8.00008,-0,7.89798,0,0,7.89798,-3.51631,4,15,0,3,4.8,0,0,7,8,0,-0.085256,-0.265019,-0.085256,-0.265019,-0.866593,-1.04634,-0.866593,-1.04634,3.15301,2.9732,3.15301,2.9732
size_sweep,calm_deep,250000,hybrid|prints-only,40,0,True,"coinbase>=1,000,000",prints-only,5002003,10,0.119602,2.15177e+06,0.461326,4.2,3.51631,hybrid,BTC-USD,buy,2.8979,250000,86269.5,0.194739,2.1716e+06,2.8979,1,0.316646,86300.7,3.61688,14.8343,370.991,79172,170918,3.61688,14.8396,0,18.4565,0,0,18.4565,3.51631,27,41,0,26,42.174,0,0,31,0,0,-0.189431,-0.529942,0.350908,-0.0370392,0.790191,0.44971,-0.109678,-0.497645,-0.564791,-0.90532,-2.75108,-3.13915
size_sweep,calm_deep,250000,hybrid|prints-only,40,0,True,"coinbase>=1,000,000",prints-only,5002003,10,0.119602,2.15177e+06,0.461326,4.2,3.51631,hybrid,BTC-USD,sell,2.8979,250000,86269.5,0.194739,2.31459e+06,2.8979,1,0.218364,86299.7,-3.505,15.817,395.563,54595,195493,-3.505,15.8225,-5.38858e-16,12.3175,0,0,12.3175,-3.51631,20,68,1,18,42.1495,0,0,58,0,0,0.694412,0.606442,0.169264,0.0627282,-0.642644,-0.730603,-0.0582011,-0.164738,0.713482,0.625512,3.43562,3.32905
size_sweep,calm_deep,250000,passive,40,0,True,"coinbase>=1,000,000",prints+quotes,5002003,10,0.119602,2.15177e+06,0.461326,4.2,3.51631,passive,BTC-USD,buy,2.8979,250000,86269.5,0.194739,2.1716e+06,2.8979,1,1,86271.9,0.278485,8,200.006,250007,0,0.278485,8.00022,0,8.27871,0,0,8.27871,3.51631,3,10,0,2,4.3,0,0,3,7,0,0.400661,0.130485,0.400661,0.130485,1.01013,0.73998,1.01013,0.73998,-2.94725,-3.21751,-2.94725,-3.21751
size_sweep,calm_deep,250000,passive,40,0,True,"coinbase>=1,000,000",prints+quotes,5002003,10,0.119602,2.15177e+06,0.461326,4.2,3.51631,passive,BTC-USD,sell,2.8979,250000,86269.5,0.194739,2.31459e+06,2.8979,1,1,86270.3,-0.102104,8,200.002,250003,0,-0.102104,8.00008,-0,7.89798,0,0,7.89798,-3.51631,4,15,0,3,4.8,0,0,7,8,0,-0.085256,-0.265019,-0.085256,-0.265019,-0.866593,-1.04634,-0.866593,-1.04634,3.15301,2.9732,3.15301,2.9732
size_sweep,calm_deep,250000,passive|prints-only,40,0,True,"coinbase>=1,000,000",prints-only,5002003,10,0.119602,2.15177e+06,0.461326,4.2,3.51631,passive,BTC-USD,buy,2.8979,250000,86269.5,0.194739,2.1716e+06,0.993315,0.342771,1,86282.3,1.48838,8,68.5644,85705.5,0,0.510173,2.74257,2.31102,5.56377,0.142687,164369,17.541,3.51631,41,51,0,41,60.005,0,2,49,0,1.596e-05,0.293478,-0.0698547,0.293478,-0.0698547,-0.115364,-0.478715,-0.115364,-0.478715,-2.68334,-3.04678,-2.68334,-3.04678
size_sweep,calm_deep,250000,passive|prints-only,40,0,True,"coinbase>=1,000,000",prints-only,5002003,10,0.119602,2.15177e+06,0.461326,4.2,3.51631,passive,BTC-USD,sell,2.8979,250000,86269.5,0.194739,2.31459e+06,0.652947,0.225318,1,86276.6,-0.828686,8,45.0673,56334.1,0,-0.186718,1.80269,-2.72402,-1.10805,0.0922607,193736,12.9332,-3.51631,33,74,1,32,59.3007,0,0,74,0,0,0.16878,0.0629671,0.16878,0.0629671,-0.0755642,-0.181377,-0.0755642,-0.181377,3.35993,3.25409,3.35993,3.25409
size_sweep,calm_deep,250000,aggressive,40,0,True,"coinbase>=1,000,000",prints+quotes,5002004,10,0.123086,2.14068e+06,0.563756,4.06667,-7.1415,aggressive,BTC-USD,buy,2.8974,250000,86284.3,0.0521531,2.31994e+06,2.8974,1,0,86288,0.421569,18,450.019,0,250011,0.421569,18.0008,1.09459e-15,18.4223,0,0,18.4223,-7.1415,1,12,0,0,0.0370349,0,0,0,0,0,1.33071,0.909203,,,1.22989,0.808374,,,4.70198,4.28061,,
size_sweep,calm_deep,250000,aggressive,40,0,True,"coinbase>=1,000,000",prints+quotes,5002004,10,0.123086,2.14068e+06,0.563756,4.06667,-7.1415,aggressive,BTC-USD,sell,2.8974,250000,86284.3,0.0521531,2.55892e+06,2.8974,1,0,86283.6,0.0863979,18,449.996,0,249998,0.0863979,17.9998,1.09459e-15,18.0862,0,0,18.0862,7.1415,1,11,0,0,0.0370349,0,0,0,0,0,-0.822812,-0.909203,,,-0.721982,-0.808374,,,-4.19425,-4.28061,,
size_sweep,calm_deep,250000,hybrid,40,0,True,"coinbase>=1,000,000",prints+quotes,5002004,10,0.123086,2.14068e+06,0.563756,4.06667,-7.1415,hybrid,BTC-USD,buy,2.8974,250000,86284.3,0.0521531,2.31994e+06,2.8974,1,1,86284.1,-0.0249176,8,200,249999,0,-0.0249176,7.99998,-0,7.97506,0,0,7.97506,-7.1415,1,7,0,0,0.6,0,0,1,6,0,1.14412,0.774226,1.14412,0.774226,0.868291,0.498387,0.868291,0.498387,4.27619,3.90641,4.27619,3.90641
size_sweep,calm_deep,250000,hybrid,40,0,True,"coinbase>=1,000,000",prints+quotes,5002004,10,0.123086,2.14068e+06,0.563756,4.06667,-7.1415,hybrid,BTC-USD,sell,2.8974,250000,86284.3,0.0521531,2.55892e+06,2.8974,1,1,86272,1.43304,8,199.971,249964,0,1.43304,7.99885,-1.09459e-15,9.43189,0,0,9.43189,7.1415,3,7,0,2,2.2,0,0,2,5,0,0.39204,0.0519609,0.39204,0.0519609,0.92718,0.587081,0.92718,0.587081,-3.55401,-3.89395,-3.55401,-3.89395
size_sweep,calm_deep,250000,hybrid|prints-only,40,0,True,"coinbase>=1,000,000",prints-only,5002004,10,0.123086,2.14068e+06,0.563756,4.06667,-7.1415,hybrid,BTC-USD,buy,2.8974,250000,86284.3,0.0521531,2.31994e+06,2.8974,1,0.862552,86249.7,-4.01,9.37433,234.264,215555,34344.5,-4.01,9.37057,-0,5.36057,0,0,5.36057,-7.1415,33,53,0,32,42.1362,0,1,50,0,0,0.00732,-0.0295504,-0.113558,-0.153716,0.306424,0.269551,0.348693,0.308532,3.7427,3.70584,3.81758,3.77742
size_sweep,calm_deep,250000,hybrid|prints-only,40,0,True,"coinbase>=1,000,000",prints-only,5002004,10,0.123086,2.14068e+06,0.563756,4.06667,-7.1415,hybrid,BTC-USD,sell,2.8974,250000,86284.3,0.0521531,2.55892e+06,2.8974,1,0.227279,86243.2,4.77186,15.7266,392.978,56807.3,193073,4.77186,15.7191,0,20.491,0,0,20.491,7.1415,32,62,0,31,42.1407,0,0,53,0,0,-0.374651,-0.682271,-0.509605,-0.453189,0.0261809,-0.281463,-1.21005,-1.15364,-3.12687,-3.43441,-4.09533,-4.03893
size_sweep,calm_deep,250000,passive,40,0,True,"coinbase>=1,000,000",prints+quotes,5002004,10,0.123086,2.14068e+06,0.563756,4.06667,-7.1415,passive,BTC-USD,buy,2.8974,250000,86284.3,0.0521531,2.31994e+06,2.8974,1,1,86284.1,-0.0249176,8,200,249999,0,-0.0249176,7.99998,-0,7.97506,0,0,7.97506,-7.1415,1,7,0,0,0.6,0,0,1,6,0,1.14412,0.774226,1.14412,0.774226,0.868291,0.498387,0.868291,0.498387,4.27619,3.90641,4.27619,3.90641
size_sweep,calm_deep,250000,passive,40,0,True,"coinbase>=1,000,000",prints+quotes,5002004,10,0.123086,2.14068e+06,0.563756,4.06667,-7.1415,passive,BTC-USD,sell,2.8974,250000,86284.3,0.0521531,2.55892e+06,2.8974,1,1,86272,1.43304,8,199.971,249964,0,1.43304,7.99885,-1.09459e-15,9.43189,0,0,9.43189,7.1415,3,7,0,2,2.2,0,0,2,5,0,0.39204,0.0519609,0.39204,0.0519609,0.92718,0.587081,0.92718,0.587081,-3.55401,-3.89395,-3.55401,-3.89395
size_sweep,calm_deep,250000,passive|prints-only,40,0,True,"coinbase>=1,000,000",prints-only,5002004,10,0.123086,2.14068e+06,0.563756,4.06667,-7.1415,passive,BTC-USD,buy,2.8974,250000,86284.3,0.0521531,2.31994e+06,2.57464,0.888604,1,86250.4,-3.9388,8,177.651,222064,0,-3.50003,7.10603,-0.795534,2.81047,0.0156265,27829.5,4.82982,-7.1415,46,73,0,46,58.5113,0,1,72,0,0,-0.100467,-0.14288,-0.100467,-0.14288,0.355902,0.313487,0.355902,0.313487,3.71073,3.66832,3.71073,3.66832
size_sweep,calm_deep,250000,passive|prints-only,40,0,True,"coinbase>=1,000,000",prints-only,5002004,10,0.123086,2.14068e+06,0.563756,4.06667,-7.1415,passive,BTC-USD,sell,2.8974,250000,86284.3,0.0521531,2.55892e+06,1.22809,0.423861,1,86242.5,4.8457,8,84.7312,105914,0,2.0539,3.38925,4.1145,9.55765,0.184396,143927,20.1048,7.1415,47,68,0,47,59.9012,0,0,68,0,0,-0.0442242,0.0633288,-0.0442242,0.0633288,-0.124722,-0.0171608,-0.124722,-0.0171608,-2.03642,-1.92887,-2.03642,-1.92887
size_sweep,calm_deep,250000,aggressive,40,0,True,"coinbase>=1,000,000",prints+quotes,5002005,10,0.119169,2.19587e+06,0.55953,4.16667,4.15826,aggressive,BTC-USD,buy,2.89734,250000,86286,0.0115894,2.12183e+06,2.89734,1,0,86289.4,0.392272,18,450.018,0,250010,0.392272,18.0007,6.37357e-16,18.393,0,0,18.393,4.15826,1,16,0,0,0.0271731,0,0,0,0,0,-0.666972,-1.05927,,,1.02675,0.634517,,,0.328515,-0.0637415,,
size_sweep,calm_deep,250000,aggressive,40,0,True,"coinbase>=1,000,000",prints+quotes,5002005,10,0.119169,2.19587e+06,0.55953,4.16667,4.15826,aggressive,BTC-USD,sell,2.89734,250000,86286,0.0115894,2.32622e+06,2.89734,1,0,86283.9,0.243887,18,449.989,0,249994,0.243887,17.9996,-0,18.2434,0,0,18.2434,-4.15826,1,14,0,0,0.0271731,0,0,0,0,0,1.30319,1.05927,,,-0.39064,-0.634517,,,0.307636,0.0637415,,
size_sweep,calm_deep,250000,hybrid,40,0,True,"coinbase>=1,000,000",prints+quotes,5002005,10,0.119169,2.19587e+06,0.55953,4.16667,4.15826,hybrid,BTC-USD,buy,2.89734,250000,86286,0.0115894,2.12183e+06,2.89734,1,1,86296.4,1.1995,8,200.024,250030,0,1.1995,8.00096,0,9.20046,0,0,9.20046,4.15826,3,6,0,2,2.2,0,0,1,5,0,1.60529,1.38113,1.60529,1.38113,1.78525,1.56109,1.78525,1.56109,0.609893,0.385711,0.609893,0.385711
size_sweep,calm_deep,250000,hybrid,40,0,True,"coinbase>=1,000,000",prints+quotes,5002005,10,0.119169,2.19587e+06,0.55953,4.16667,4.15826,hybrid,BTC-USD,sell,2.89734,250000,86286,0.0115894,2.32622e+06,2.89734,1,1,86286.1,-0.00463574,8,200,250000,0,-0.00463574,8,-0,7.99537,0,0,7.99537,-4.15826,1,7,0,0,0.8,0,0,0,7,0,1.19089,0.780811,1.19089,0.780811,-0.481519,-0.891536,-0.481519,-0.891536,0.581212,0.171155,0.581212,0.171155
size_sweep,calm_deep,250000,hybrid|prints-only,40,0,True,"coinbase>=1,000,000",prints-only,5002005,10,0.119169,2.19587e+06,0.55953,4.16667,4.15826,hybrid,BTC-USD,buy,2.89734,250000,86286,0.0115894,2.12183e+06,2.89734,1,0.0265553,86284.6,-0.161482,17.7344,443.354,6638.96,243357,-0.161482,17.7342,0,17.5727,0,0,17.5727,4.15826,27,64,0,26,42.1259,0,0,51,0,0,-0.5571,-0.799066,0.342743,0.328758,-1.12226,-1.36424,0.259999,0.246016,-4.377,-4.61906,-1.77717,-1.79116
size_sweep,calm_deep,250000,hybrid|prints-only,40,0,True,"coinbase>=1,000,000",prints-only,5002005,10,0.119169,2.19587e+06,0.55953,4.16667,4.15826,hybrid,BTC-USD,sell,2.89734,250000,86286,0.0115894,2.32622e+06,2.89734,1,0.143704,86278.8,0.838453,16.5631,414.043,35919.2,214060,0.838453,16.5617,-2.8704e-08,17.4002,5.44e-10,0.00172642,17.4002,-4.15826,29,44,1,27,42.1749,0,0,37,0,0,1.02587,0.793296,0.749641,0.57558,1.54811,1.31552,0.937532,0.763474,4.76046,4.5278,3.69841,3.5243
size_sweep,calm_deep,250000,passive,40,0,True,"coinbase>=1,000,000",prints+quotes,5002005,10,0.119169,2.19587e+06,0.55953,4.16667,4.15826,passive,BTC-USD,buy,2.89734,250000,86286,0.0115894,2.12183e+06,2.89734,1,1,86296.4,1.1995,8,200.024,250030,0,1.1995,8.00096,0,9.20046,0,0,9.20046,4.15826,3,6,0,2,2.2,0,0,1,5,0,1.60529,1.38113,1.60529,1.38113,1.78525,1.56109,1.78525,1.56109,0.609893,0.385711,0.609893,0.385711
size_sweep,calm_deep,250000,passive,40,0,True,"coinbase>=1,000,000",prints+quotes,5002005,10,0.119169,2.19587e+06,0.55953,4.16667,4.15826,passive,BTC-USD,sell,2.89734,250000,86286,0.0115894,2.32622e+06,2.89734,1,1,86286.1,-0.00463574,8,200,250000,0,-0.00463574,8,-0,7.99537,0,0,7.99537,-4.15826,1,7,0,0,0.8,0,0,0,7,0,1.19089,0.780811,1.19089,0.780811,-0.481519,-0.891536,-0.481519,-0.891536,0.581212,0.171155,0.581212,0.171155
size_sweep,calm_deep,250000,passive|prints-only,40,0,True,"coinbase>=1,000,000",prints-only,5002005,10,0.119169,2.19587e+06,0.55953,4.16667,4.15826,passive,BTC-USD,buy,2.89734,250000,86286,0.0115894,2.12183e+06,0.108223,0.0373525,1,86290.5,0.51424,8,7.47088,9338.61,0,0.0192082,0.298835,4.00294,4.32098,0.118799,240765,21.7749,4.15826,38,70,0,38,58.6086,0,0,70,0,0,0.162809,0.100405,0.162809,0.100405,-0.110575,-0.172984,-0.110575,-0.172984,-2.03438,-2.0968,-2.03438,-2.0968
size_sweep,calm_deep,250000,passive|prints-only,40,0,True,"coinbase>=1,000,000",prints-only,5002005,10,0.119169,2.19587e+06,0.55953,4.16667,4.15826,passive,BTC-USD,sell,2.89734,250000,86286,0.0115894,2.32622e+06,1.06385,0.367183,1,86287.4,-0.15242,8,73.4377,91797.1,0,-0.055966,2.93751,-2.63142,0.25012,0.178067,158266,11.8233,-4.15826,39,60,1,38,58.5147,0,0,60,0,0,0.513104,0.254211,0.513104,0.254211,1.10284,0.843936,1.10284,0.843936,3.1408,2.88184,3.1408,2.88184
size_sweep,calm_deep,250000,aggressive,40,0,True,"coinbase>=1,000,000",prints+quotes,5002006,10,0.124157,2.15341e+06,0.589589,3.85,-8.92804,aggressive,BTC-USD,buy,2.89702,250000,86295.5,0.00231762,2.18371e+06,2.89702,1,0,86297.6,0.244987,18,450.011,0,250006,0.244987,18.0004,-0,18.2454,0,0,18.2454,-8.92804,1,12,0,0,0.0444125,0,0,0,0,0,-0.530823,-0.775822,,,-1.41903,-1.66405,,,1.27572,1.03076,,
size_sweep,calm_deep,250000,aggressive,40,0,True,"coinbase>=1,000,000",prints+quotes,5002006,10,0.124157,2.15341e+06,0.589589,3.85,-8.92804,aggressive,BTC-USD,sell,2.89702,250000,86295.5,0.00231762,1.92879e+06,2.89702,1,0,86291.3,0.488219,18,449.978,0,249988,0.488219,17.9991,0,18.4873,0,0,18.4873,8.92804,1,17,0,0,0.0444125,0,0,0,0,0,1.26411,0.775822,,,2.15238,1.66405,,,-0.542563,-1.03076,,
size_sweep,calm_deep,250000,hybrid,40,0,True,"coinbase>=1,000,000",prints+quotes,5002006,10,0.124157,2.15341e+06,0.589589,3.85,-8.92804,hybrid,BTC-USD,buy,2.89702,250000,86295.5,0.00231762,2.18371e+06,2.89702,1,1,86309.4,1.61106,8,200.032,250040,0,1.61106,8.00129,-0,9.61235,0,0,9.61235,-8.92804,4,9,0,3,4.6,0,0,2,7,0,-0.203005,-0.376904,-0.203005,-0.376904,1.43422,1.26035,1.43422,1.26035,3.39191,3.21807,3.39191,3.21807
size_sweep,calm_deep,250000,hybrid,40,0,True,"coinbase>=1,000,000",prints+quotes,5002006,10,0.124157,2.15341e+06,0.589589,3.85,-8.92804,hybrid,BTC-USD,sell,2.89702,250000,86295.5,0.00231762,1.92879e+06,2.89702,1,1,86297.3,-0.200411,8,200.004,250005,0,-0.200411,8.00016,0,7.79975,0,0,7.79975,8.92804,2,12,0,1,1.8,0,0,3,9,0,1.03304,0.673607,1.03304,0.673607,0.973469,0.614038,0.973469,0.614038,-1.59659,-1.95593,-1.59659,-1.95593
size_sweep,calm_deep,250000,hybrid|prints-only,40,0,True,"coinbase>=1,000,000",prints-only,5002006,10,0.124157,2.15341e+06,0.589589,3.85,-8.92804,hybrid,BTC-USD,buy,2.89702,250000,86295.5,0.00231762,2.18371e+06,2.89702,1,0.164319,86267.9,-3.19916,16.356,408.77,41086.3,208834,-3.19916,16.3508,-0,13.1516,0,0,13.1516,-8.92804,33,58,0,32,42.1321,0,0,46,0,0,1.40039,1.28512,0.438589,0.294756,1.23673,1.12146,2.80621,2.66241,5.55062,5.4354,4.07284,3.92905
size_sweep,calm_deep,250000,hybrid|prints-only,40,0,True,"coinbase>=1,000,000",prints-only,5002006,10,0.124157,2.15341e+06,0.589589,3.85,-8.92804,hybrid,BTC-USD,sell,2.89702,250000,86295.5,0.00231762,1.92879e+06,2.89702,1,0.0863931,86257,4.45913,17.1359,428.206,21593.6,228295,4.45913,17.1282,0,21.5874,0,0,21.5874,8.92804,35,58,0,34,42.1234,0,0,45,0,0,-0.940295,-1.35347,0.296964,-0.017049,-0.340629,-0.753833,0.243686,-0.0703248,-5.37388,-5.78687,-6.0577,-6.37151
size_sweep,calm_deep,250000,passive,40,0,True,"coinbase>=1,000,000",prints+quotes,5002006,10,0.124157,2.15341e+06,0.589589,3.85,-8.92804,passive,BTC-USD,buy,2.89702,250000,86295.5,0.00231762,2.18371e+06,2.89702,1,1,86309.4,1.61106,8,200.032,250040,0,1.61106,8.00129,-0,9.61235,0,0,9.61235,-8.92804,4,9,0,3,4.6,0,0,2,7,0,-0.203005,-0.376904,-0.203005,-0.376904,1.43422,1.26035,1.43422,1.26035,3.39191,3.21807,3.39191,3.21807
size_sweep,calm_deep,250000,passive,40,0,True,"coinbase>=1,000,000",prints+quotes,5002006,10,0.124157,2.15341e+06,0.589589,3.85,-8.92804,passive,BTC-USD,sell,2.89702,250000,86295.5,0.00231762,1.92879e+06,2.89702,1,1,86297.3,-0.200411,8,200.004,250005,0,-0.200411,8.00016,0,7.79975,0,0,7.79975,8.92804,2,12,0,1,1.8,0,0,3,9,0,1.03304,0.673607,1.03304,0.673607,0.973469,0.614038,0.973469,0.614038,-1.59659,-1.95593,-1.59659,-1.95593
size_sweep,calm_deep,250000,passive|prints-only,40,0,True,"coinbase>=1,000,000",prints-only,5002006,10,0.124157,2.15341e+06,0.589589,3.85,-8.92804,passive,BTC-USD,buy,2.89702,250000,86295.5,0.00231762,2.18371e+06,0.937355,0.323558,1,86281.5,-1.6212,8,64.7012,80876.5,0,-0.524551,2.58805,-6.0393,-3.9758,0.179659,168964,8.36926,-8.92804,49,66,2,47,59.512,0,0,66,0,0,0.890366,0.687224,0.890366,0.687224,2.02028,1.81715,2.02028,1.81715,4.3014,4.09833,4.3014,4.09833
size_sweep,calm_deep,250000,passive|prints-only,40,0,True,"coinbase>=1,000,000",prints-only,5002006,10,0.124157,2.15341e+06,0.589589,3.85,-8.92804,passive,BTC-USD,sell,2.89702,250000,86295.5,0.00231762,1.92879e+06,0.430784,0.148699,1,86257.2,4.44387,8,29.7266,37158.2,0,0.660799,1.18906,7.60045,9.45031,0.172851,212631,24.9326,8.92804,49,62,0,49,59.6515,0,0,62,0,0,0.346224,0.150253,0.346224,0.150253,-0.141215,-0.337185,-0.141215,-0.337185,-3.6885,-3.88436,-3.6885,-3.88436
size_sweep,calm_deep,250000,aggressive,40,0,True,"coinbase>=1,000,000",prints+quotes,5002007,10,0.123135,2.14084e+06,0.577222,3.86667,-6.31107,aggressive,BTC-USD,buy,2.89738,250000,86284.9,0.0023179,2.04767e+06,2.89738,1,0,86285.7,0.101775,18,450.005,0,250003,0.101775,18.0002,-0,18.102,0,0,18.102,-6.31107,1,17,0,0,0.0368777,0,0,0,0,0,0.0264429,-0.0753319,,,-0.0842359,-0.186012,,,3.68522,3.58348,,
size_sweep,calm_deep,250000,aggressive,40,0,True,"coinbase>=1,000,000",prints+quotes,5002007,10,0.123135,2.14084e+06,0.577222,3.86667,-6.31107,aggressive,BTC-USD,sell,2.89738,250000,86284.9,0.0023179,2.33249e+06,2.89738,1,0,86281.4,0.396166,18,449.982,0,249990,0.396166,17.9993,0,18.3955,0,0,18.3955,6.31107,1,12,0,0,0.0368777,0,0,0,0,0,0.471522,0.0753319,,,0.582206,0.186012,,,-3.18743,-3.58348,,
size_sweep,calm_deep,250000,hybrid,40,0,True,"coinbase>=1,000,000",prints+quotes,5002007,10,0.123135,2.14084e+06,0.577222,3.86667,-6.31107,hybrid,BTC-USD,buy,2.89738,250000,86284.9,0.0023179,2.04767e+06,2.89738,1,1,86284.9,-0.00115895,8,200,250000,0,-0.00115895,8,-0,7.99884,0,0,7.99884,-6.31107,1,4,0,0,0.7,0,0,0,4,0,0.521275,0.332867,0.521275,0.332867,0.0409191,-0.147498,0.0409191,-0.147498,3.57046,3.38211,3.57046,3.38211
size_sweep,calm_deep,250000,hybrid,40,0,True,"coinbase>=1,000,000",prints+quotes,5002007,10,0.123135,2.14084e+06,0.577222,3.86667,-6.31107,hybrid,BTC-USD,sell,2.89738,250000,86284.9,0.0023179,2.33249e+06,2.89738,1,1,86281.5,0.392383,8,199.992,249990,0,0.392383,7.99969,2.1782e-08,8.39207,4.78e-10,0.000862292,8.39207,6.31107,3,13,0,2,3.3,0,0,5,8,0,0.909658,0.494733,0.909658,0.494733,-0.695275,-1.11012,-0.695275,-1.11012,-2.01797,-2.43278,-2.01797,-2.43278
size_sweep,calm_deep,250000,hybrid|prints-only,40,0,True,"coinbase>=1,000,000",prints-only,5002007,10,0.123135,2.14084e+06,0.577222,3.86667,-6.31107,hybrid,BTC-USD,buy,2.89738,250000,86284.9,0.0023179,2.04767e+06,2.89738,1,0.040836,86258.3,-3.08054,17.5916,439.654,10207.6,239715,-3.08054,17.5862,-0,14.5056,0,0,14.5056,-6.31107,32,52,0,31,42.1219,0,0,41,0,0,1.24375,0.981752,0.45259,0.418424,0.741557,0.479543,1.91969,1.88551,4.27996,4.01805,2.97053,2.93637
size_sweep,calm_deep,250000,hybrid|prints-only,40,0,True,"coinbase>=1,000,000",prints-only,5002007,10,0.123135,2.14084e+06,0.577222,3.86667,-6.31107,hybrid,BTC-USD,sell,2.89738,250000,86284.9,0.0023179,2.33249e+06,2.89738,1,0.225238,86257.8,3.13341,15.7472,393.557,56302.2,193619,3.13341,15.7423,9.67315e-16,18.8757,0,0,18.8757,6.31107,31,58,0,30,42.1558,0,0,43,0,0,-0.609491,-0.79043,-0.105892,-0.049833,-0.536991,-0.717947,-1.79993,-1.7439,-3.59401,-3.77489,-2.83614,-2.78008
size_sweep,calm_deep,250000,passive,40,0,True,"coinbase>=1,000,000",prints+quotes,5002007,10,0.123135,2.14084e+06,0.577222,3.86667,-6.31107,passive,BTC-USD,buy,2.89738,250000,86284.9,0.0023179,2.04767e+06,2.89738,1,1,86284.9,-0.00115895,8,200,250000,0,-0.00115895,8,-0,7.99884,0,0,7.99884,-6.31107,1,4,0,0,0.7,0,0,0,4,0,0.521275,0.332867,0.521275,0.332867,0.0409191,-0.147498,0.0409191,-0.147498,3.57046,3.38211,3.57046,3.38211
size_sweep,calm_deep,250000,passive,40,0,True,"coinbase>=1,000,000",prints+quotes,5002007,10,0.123135,2.14084e+06,0.577222,3.86667,-6.31107,passive,BTC-USD,sell,2.89738,250000,86284.9,0.0023179,2.33249e+06,2.89738,1,1,86281.5,0.392383,8,199.992,249990,0,0.392383,7.99969,2.1782e-08,8.39207,4.78e-10,0.000862292,8.39207,6.31107,3,13,0,2,3.3,0,0,5,8,0,0.909658,0.494733,0.909658,0.494733,-0.695275,-1.11012,-0.695275,-1.11012,-2.01797,-2.43278,-2.01797,-2.43278
size_sweep,calm_deep,250000,passive|prints-only,40,0,True,"coinbase>=1,000,000",prints-only,5002007,10,0.123135,2.14084e+06,0.577222,3.86667,-6.31107,passive,BTC-USD,buy,2.89738,250000,86284.9,0.0023179,2.04767e+06,0.140785,0.0485905,1,86269,-1.83652,8,9.71632,12145.4,0,-0.0892373,0.388653,-6.00441,-5.705,0.23165,237708,11.6416,-6.31107,45,63,0,45,58.925,0,0,63,0,0,0.475489,0.376126,0.475489,0.376126,1.87925,1.77988,1.87925,1.77988,3.25567,3.15634,3.25567,3.15634
size_sweep,calm_deep,250000,passive|prints-only,40,0,True,"coinbase>=1,000,000",prints-only,5002007,10,0.123135,2.14084e+06,0.577222,3.86667,-6.31107,passive,BTC-USD,sell,2.89738,250000,86284.9,0.0023179,2.33249e+06,1.09694,0.378596,1,86256.9,3.24462,8,75.6946,94618.2,0,1.2284,3.02778,3.92173,8.17791,0.185315,155248,19.5411,6.31107,44,63,0,44,59.8019,0,0,63,0,0,-0.426579,-0.505683,-0.426579,-0.505683,-1.42819,-1.50731,-1.42819,-1.50731,-3.29904,-3.37811,-3.29904,-3.37811
size_sweep,calm_deep,250000,aggressive,40,0,True,"coinbase>=1,000,000",prints+quotes,5002008,10,0.134357,2.16044e+06,0.5213,4.15,-3.57523,aggressive,BTC-USD,buy,2.8968,250000,86302.2,0.127459,2.05319e+06,2.8968,1,0,86303.2,0.109566,18,450.005,0,250003,0.109566,18.0002,-0,18.1098,0,0,18.1098,-3.57523,1,13,0,0,0.045665,0,0,0,0,0,-0.404321,-0.513892,,,-0.054392,-0.163959,,,4.00224,3.89271,,
size_sweep,calm_deep,250000,aggressive,40,0,True,"coinbase>=1,000,000",prints+quotes,5002008,10,0.134357,2.16044e+06,0.5213,4.15,-3.57523,aggressive,BTC-USD,sell,2.8968,250000,86302.2,0.127459,2.17175e+06,2.8968,1,0,86299.5,0.320275,18,449.986,0,249992,0.320275,17.9994,0,18.3197,0,0,18.3197,3.57523,1,15,0,0,0.045665,0,0,0,0,0,0.834196,0.513892,,,0.484252,0.163959,,,-3.57255,-3.89271,,
size_sweep,calm_deep,250000,hybrid,40,0,True,"coinbase>=1,000,000",prints+quotes,5002008,10,0.134357,2.16044e+06,0.5213,4.15,-3.57523,hybrid,BTC-USD,buy,2.8968,250000,86302.2,0.127459,2.05319e+06,2.8968,1,1,86311.3,1.05154,8,200.021,250026,0,1.05154,8.00084,-1.2342e-08,9.05238,5.66e-10,0.000862728,9.05238,-3.57523,3,9,0,2,2.3,0,0,1,8,0,0.970977,0.716191,0.970977,0.716191,1.64972,1.39496,1.64972,1.39496,4.89136,4.63667,4.89136,4.63667
size_sweep,calm_deep,250000,hybrid,40,0,True,"coinbase>=1,000,000",prints+quotes,5002008,10,0.134357,2.16044e+06,0.5213,4.15,-3.57523,hybrid,BTC-USD,sell,2.8968,250000,86302.2,0.127459,2.17175e+06,2.8968,1,1,86303.6,-0.16205,8,200.003,250004,0,-0.16205,8.00013,0,7.83808,0,0,7.83808,3.57523,2,7,0,1,1.3,0,0,2,5,0,0.941929,0.690713,0.941929,0.690713,-0.498529,-0.749704,-0.498529,-0.749704,-4.06097,-4.31205,-4.06097,-4.31205
size_sweep,calm_deep,250000,hybrid|prints-only,40,0,True,"coinbase>=1,000,000",prints-only,5002008,10,0.134357,2.16044e+06,0.5213,4.15,-3.57523,hybrid,BTC-USD,buy,2.8968,250000,86302.2,0.127459,2.05319e+06,2.8968,1,0.0280134,86265.9,-4.20972,17.7198,442.809,7001.91,242893,-4.20972,17.7123,-0,13.5026,0,0,13.5026,-3.57523,35,59,1,33,42.1247,0,0,45,0,0,0.0978418,-0.347476,0.363623,0.226204,0.428567,-0.016736,0.364573,0.227148,-0.722722,-1.16808,1.96187,1.8245
size_sweep,calm_deep,250000,hybrid|prints-only,40,0,True,"coinbase>=1,000,000",prints-only,5002008,10,0.134357,2.16044e+06,0.5213,4.15,-3.57523,hybrid,BTC-USD,sell,2.8968,250000,86302.2,0.127459,2.17175e+06,2.8968,1,0.532806,86273.8,3.30025,12.6712,316.677,133175,116743,3.30025,12.6671,0,15.9673,0,0,15.9673,3.57523,30,52,0,29,42.1551,0,0,45,0,0,0.476364,0.439522,0.514587,0.505736,0.090586,0.0537459,0.088885,0.0800348,-0.408774,-0.445606,-1.92737,-1.9362
size_sweep,calm_deep,250000,passive,40,0,True,"coinbase>=1,000,000",prints+quotes,5002008,10,0.134357,2.16044e+06,0.5213,4.15,-3.57523,passive,BTC-USD,buy,2.8968,250000,86302.2,0.127459,2.05319e+06,2.8968,1,1,86311.3,1.05154,8,200.021,250026,0,1.05154,8.00084,-1.2342e-08,9.05238,5.66e-10,0.000862728,9.05238,-3.57523,3,9,0,2,2.3,0,0,1,8,0,0.970977,0.716191,0.970977,0.716191,1.64972,1.39496,1.64972,1.39496,4.89136,4.63667,4.89136,4.63667
size_sweep,calm_deep,250000,passive,40,0,True,"coinbase>=1,000,000",prints+quotes,5002008,10,0.134357,2.16044e+06,0.5213,4.15,-3.57523,passive,BTC-USD,sell,2.8968,250000,86302.2,0.127459,2.17175e+06,2.8968,1,1,86303.6,-0.16205,8,200.003,250004,0,-0.16205,8.00013,0,7.83808,0,0,7.83808,3.57523,2,7,0,1,1.3,0,0,2,5,0,0.941929,0.690713,0.941929,0.690713,-0.498529,-0.749704,-0.498529,-0.749704,-4.06097,-4.31205,-4.06097,-4.31205
size_sweep,calm_deep,250000,passive|prints-only,40,0,True,"coinbase>=1,000,000",prints-only,5002008,10,0.134357,2.16044e+06,0.5213,4.15,-3.57523,passive,BTC-USD,buy,2.8968,250000,86302.2,0.127459,2.05319e+06,0.642853,0.221918,1,86267.5,-4.02986,8,44.3658,55457.3,0,-0.8943,1.77463,-2.78182,-1.90148,0.246495,194457,12.3459,-3.57523,45,73,1,44,58.0192,0,0,73,0,0,0.516303,0.0388322,0.516303,0.0388322,-0.477762,-0.955286,-0.477762,-0.955286,-0.1568,-0.634311,-0.1568,-0.634311
size_sweep,calm_deep,250000,passive|prints-only,40,0,True,"coinbase>=1,000,000",prints-only,5002008,10,0.134357,2.16044e+06,0.5213,4.15,-3.57523,passive,BTC-USD,sell,2.8968,250000,86302.2,0.127459,2.17175e+06,1.54777,0.534305,1,86285,1.99713,8,106.84,133549,0,1.06707,4.27358,1.66497,7.00562,0.0928936,116380,15.4779,3.57523,41,55,0,41,55.5006,0,0,55,0,0,0.512855,0.503317,0.512855,0.503317,0.0853358,0.0757973,0.0853358,0.0757973,-1.91947,-1.92898,-1.91947,-1.92898
size_sweep,calm_deep,250000,aggressive,40,0,True,"coinbase>=1,000,000",prints+quotes,5002009,10,0.122638,2.23998e+06,0.535355,3.85,2.11962,aggressive,BTC-USD,buy,2.89724,250000,86289.1,0.171516,2.40904e+06,2.89724,1,0,86290.3,0.139181,18,450.006,0,250003,0.139181,18.0003,0,18.1394,0,0,18.1394,2.11962,1,9,0,0,0.0504264,0,0,0,0,0,-0.666821,-0.806011,,,-0.224709,-0.363893,,,-0.851662,-0.990855,,
size_sweep,calm_deep,250000,aggressive,40,0,True,"coinbase>=1,000,000",prints+quotes,5002009,10,0.122638,2.23998e+06,0.535355,3.85,2.11962,aggressive,BTC-USD,sell,2.89724,250000,86289.1,0.171516,2.09282e+06,2.89724,1,0,86286.8,0.267489,18,449.988,0,249993,0.267489,17.9995,-0,18.267,0,0,18.267,-2.11962,1,12,0,0,0.0504264,0,0,0,0,0,1.07353,0.806011,,,0.631399,0.363893,,,1.25838,0.990855,,
size_sweep,calm_deep,250000,hybrid,40,0,True,"coinbase>=1,000,000",prints+quotes,5002009,10,0.122638,2.23998e+06,0.535355,3.85,2.11962,hybrid,BTC-USD,buy,2.89724,250000,86289.1,0.171516,2.40904e+06,2.89724,1,1,86293.9,0.55511,8,200.011,250014,0,0.55511,8.00044,0,8.55555,0,0,8.55555,2.11962,2,7,0,1,1.7,0,0,2,5,0,0.95856,0.667979,0.95856,0.667979,-1.43379,-1.72444,-1.43379,-1.72444,-1.24452,-1.53517,-1.24452,-1.53517
size_sweep,calm_deep,250000,hybrid,40,0,True,"coinbase>=1,000,000",prints+quotes,5002009,10,0.122638,2.23998e+06,0.535355,3.85,2.11962,hybrid,BTC-USD,sell,2.89724,250000,86289.1,0.171516,2.09282e+06,2.89724,1,1,86289.9,-0.0845993,8,200.002,250002,0,-0.0845993,8.00007,-0,7.91547,0,0,7.91547,-2.11962,1,5,0,0,0.7,0,0,0,5,0,0.213081,-0.0740638,0.213081,-0.0740638,0.978205,0.691038,0.978205,0.691038,0.566396,0.27924,0.566396,0.27924
size_sweep,calm_deep,250000,hybrid|prints-only,40,0,True,"coinbase>=1,000,000",prints-only,5002009,10,0.122638,2.23998e+06,0.535355,3.85,2.11962,hybrid,BTC-USD,buy,2.89724,250000,86289.1,0.171516,2.40904e+06,2.89724,1,0.0221226,86297.5,0.969517,17.7788,444.513,5531.1,244493,0.969517,17.7805,-3.24896e-16,18.75,0,0,18.75,2.11962,32,61,1,30,42.1507,0,0,47,0,0,-0.15699,-0.201546,0.40733,0.339965,0.714876,0.670325,0.659367,0.592002,0.522578,0.478026,0.00874681,-0.0586223
size_sweep,calm_deep,250000,hybrid|prints-only,40,0,True,"coinbase>=1,000,000",prints-only,5002009,10,0.122638,2.23998e+06,0.535355,3.85,2.11962,hybrid,BTC-USD,sell,2.89724,250000,86289.1,0.171516,2.09282e+06,2.89724,1,0.0283873,86292.7,-0.413519,17.7161,442.921,7097.2,242913,-0.413519,17.7169,-7.316e-09,17.3033,1.28e-10,0.000863071,17.3033,-2.11962,31,51,0,30,42.1191,0,0,37,0,0,0.705359,0.199651,-0.220804,-0.284486,-0.148317,-0.653981,0.0297515,-0.0339345,0.0280762,-0.477596,0.0163415,-0.047349
size_sweep,calm_deep,250000,passive,40,0,True,"coinbase>=1,000,000",prints+quotes,5002009,10,0.122638,2.23998e+06,0.535355,3.85,2.11962,passive,BTC-USD,buy,2.89724,250000,86289.1,0.171516,2.40904e+06,2.89724,1,1,86293.9,0.55511,8,200.011,250014,0,0.55511,8.00044,0,8.55555,0,0,8.55555,2.11962,2,7,0,1,1.7,0,0,2,5,0,0.95856,0.667979,0.95856,0.667979,-1.43379,-1.72444,-1.43379,-1.72444,-1.24452,-1.53517,-1.24452,-1.53517
size_sweep,calm_deep,250000,passive,40,0,True,"coinbase>=1,000,000",prints+quotes,5002009,10,0.122638,2.23998e+06,0.535355,3.85,2.11962,passive,BTC-USD,sell,2.89724,250000,86289.1,0.171516,2.09282e+06,2.89724,1,1,86289.9,-0.0845993,8,200.002,250002,0,-0.0845993,8.00007,-0,7.91547,0,0,7.91547,-2.11962,1,5,0,0,0.7,0,0,0,5,0,0.213081,-0.0740638,0.213081,-0.0740638,0.978205,0.691038,0.978205,0.691038,0.566396,0.27924,0.566396,0.27924
size_sweep,calm_deep,250000,passive|prints-only,40,0,True,"coinbase>=1,000,000",prints-only,5002009,10,0.122638,2.23998e+06,0.535355,3.85,2.11962,passive,BTC-USD,buy,2.89724,250000,86289.1,0.171516,2.40904e+06,0.0806979,0.0278534,1,86297.6,0.985142,8,5.57123,6964.04,0,0.0274396,0.222849,2.06058,2.31087,0.35536,243097,20.1692,2.11962,42,66,1,41,60.0388,0,0,66,0,0.0063951,0.382983,0.295907,0.382983,0.295907,0.604834,0.517759,0.604834,0.517759,0.74266,0.655596,0.74266,0.655596
size_sweep,calm_deep,250000,passive|prints-only,40,0,True,"coinbase>=1,000,000",prints-only,5002009,10,0.122638,2.23998e+06,0.535355,3.85,2.11962,passive,BTC-USD,sell,2.89724,250000,86289.1,0.171516,2.09282e+06,0.483379,0.166841,1,86294.8,-0.655477,8,33.3705,41713.1,0,-0.109361,1.33482,-1.76598,-0.54052,0.14848,208330,14.6077,-2.11962,42,60,0,42,59.8041,0,0,60,0,0,0.12232,-0.276698,0.12232,-0.276698,-0.0455062,-0.444534,-0.0455062,-0.444534,-1.14127,-1.54019,-1.14127,-1.54019
size_sweep,calm_deep,250000,aggressive,40,0,True,"coinbase>=1,000,000",prints+quotes,5002010,10,0.125445,2.16094e+06,0.560591,3.95,-1.94801,aggressive,BTC-USD,buy,2.89797,250000,86267.3,0.234156,1.93133e+06,2.89797,1,0,86271.5,0.48554,18,450.022,0,250012,0.48554,18.0009,2.98517e-16,18.4864,0,0,18.4864,-1.94801,1,16,0,0,0.057898,0,0,0,0,0,0.854115,0.368622,,,0.806591,0.321095,,,-4.35676,-4.8425,,
size_sweep,calm_deep,250000,aggressive,40,0,True,"coinbase>=1,000,000",prints+quotes,5002010,10,0.125445,2.16094e+06,0.560591,3.95,-1.94801,aggressive,BTC-USD,sell,2.89797,250000,86267.3,0.234156,2.31663e+06,2.89797,1,0,86266,0.158571,18,449.993,0,249996,0.158571,17.9997,0,18.1583,0,0,18.1583,1.94801,1,13,0,0,0.057898,0,0,0,0,0,-0.210054,-0.368622,,,-0.162526,-0.321095,,,5.00116,4.8425,,
size_sweep,calm_deep,250000,hybrid,40,0,True,"coinbase>=1,000,000",prints+quotes,5002010,10,0.125445,2.16094e+06,0.560591,3.95,-1.94801,hybrid,BTC-USD,buy,2.89797,250000,86267.3,0.234156,1.93133e+06,2.89797,1,1,86266.3,-0.115919,8,199.998,249997,0,-0.115919,7.99991,-0,7.88399,0,0,7.88399,-1.94801,1,7,0,0,1.2,0,0,0,7,0,0.543012,0.294896,0.543012,0.294896,0.0233204,-0.22481,0.0233204,-0.22481,-5.14003,-5.38829,-5.14003,-5.38829
size_sweep,calm_deep,250000,hybrid,40,0,True,"coinbase>=1,000,000",prints+quotes,5002010,10,0.125445,2.16094e+06,0.560591,3.95,-1.94801,hybrid,BTC-USD,sell,2.89797,250000,86267.3,0.234156,2.31663e+06,2.89797,1,1,86258.8,0.986842,8,199.98,249975,0,0.986842,7.99921,0,8.98605,0,0,8.98605,1.94801,3,8,0,2,2.4,0,0,4,4,0,0.709164,0.301218,0.709164,0.301218,0.88473,0.476776,0.88473,0.476776,5.20389,4.79577,5.20389,4.79577
size_sweep,calm_deep,250000,hybrid|prints-only,40,0,True,"coinbase>=1,000,000",prints-only,5002010,10,0.125445,2.16094e+06,0.560591,3.95,-1.94801,hybrid,BTC-USD,buy,2.89797,250000,86267.3,0.234156,1.93133e+06,2.89797,1,0.0222277,86283.4,1.86054,17.7777,444.525,5558.46,244488,1.86054,17.781,2.98517e-16,19.6415,0,0,19.6415,-1.94801,29,44,1,27,42.1514,0,0,31,0,0,0.706542,0.562325,0.626478,0.571752,0.517567,0.373347,0.409246,0.354534,3.75715,3.61298,2.97167,2.91699
size_sweep,calm_deep,250000,hybrid|prints-only,40,0,True,"coinbase>=1,000,000",prints-only,5002010,10,0.125445,2.16094e+06,0.560591,3.95,-1.94801,hybrid,BTC-USD,sell,2.89797,250000,86267.3,0.234156,2.31663e+06,2.89797,1,0.139746,86276.6,-1.07425,16.6026,415.111,34937.7,215089,-1.07425,16.6044,0,15.5302,0,0,15.5302,1.94801,29,71,0,28,42.1691,0,0,57,0,0,0.110721,-0.335587,1.17019,1.05886,0.473458,0.0271422,2.60645,2.49512,-2.36873,-2.81491,2.30662,2.1953
size_sweep,calm_deep,250000,passive,40,0,True,"coinbase>=1,000,000",prints+quotes,5002010,10,0.125445,2.16094e+06,0.560591,3.95,-1.94801,passive,BTC-USD,buy,2.89797,250000,86267.3,0.234156,1.93133e+06,2.89797,1,1,86266.3,-0.115919,8,199.998,249997,0,-0.115919,7.99991,-0,7.88399,0,0,7.88399,-1.94801,1,7,0,0,1.2,0,0,0,7,0,0.543012,0.294896,0.543012,0.294896,0.0233204,-0.22481,0.0233204,-0.22481,-5.14003,-5.38829,-5.14003,-5.38829
size_sweep,calm_deep,250000,passive,40,0,True,"coinbase>=1,000,000",prints+quotes,5002010,10,0.125445,2.16094e+06,0.560591,3.95,-1.94801,passive,BTC-USD,sell,2.89797,250000,86267.3,0.234156,2.31663e+06,2.89797,1,1,86258.8,0.986842,8,199.98,249975,0,0.986842,7.99921,0,8.98605,0,0,8.98605,1.94801,3,8,0,2,2.4,0,0,4,4,0,0.709164,0.301218,0.709164,0.301218,0.88473,0.476776,0.88473,0.476776,5.20389,4.79577,5.20389,4.79577
size_sweep,calm_deep,250000,passive|prints-only,40,0,True,"coinbase>=1,000,000",prints-only,5002010,10,0.125445,2.16094e+06,0.560591,3.95,-1.94801,passive,BTC-USD,buy,2.89797,250000,86267.3,0.234156,1.93133e+06,0.248428,0.0857251,1,86266.1,-0.138787,8,17.1448,21431,0,-0.0118975,0.685791,-1.78102,-1.10713,0.57846,228539,15.9261,-1.94801,43,56,1,42,59.7289,0,0,56,0,0,0.546016,0.548554,0.546016,0.548554,1.18031,1.18285,1.18031,1.18285,0.925879,0.928437,0.925879,0.928437
size_sweep,calm_deep,250000,passive|prints-only,40,0,True,"coinbase>=1,000,000",prints-only,5002010,10,0.125445,2.16094e+06,0.560591,3.95,-1.94801,passive,BTC-USD,sell,2.89797,250000,86267.3,0.234156,2.31663e+06,0.421265,0.145366,1,86270,-0.309334,8,29.0741,36342.6,0,-0.0449666,1.16296,1.66484,2.78284,0.0765203,213615,18.2396,1.94801,39,67,0,39,59.221,0,0,67,0,0,1.11958,1.01327,1.11958,1.01327,2.48316,2.37685,2.48316,2.37685,2.17748,2.07118,2.17748,2.07118
size_sweep,calm_deep,250000,aggressive,40,0,True,"coinbase>=1,000,000",prints+quotes,5002011,10,0.118072,2.2222e+06,0.516693,3.75,8.45906,aggressive,BTC-USD,buy,2.89773,250000,86274.3,0.0533183,2.31152e+06,2.89773,1,0,86274.9,0.0644193,18,450.003,0,250002,0.0644193,18.0001,0,18.0645,0,0,18.0645,8.45906,1,13,0,0,0.0396538,0,0,0,0,0,-0.846623,-0.911047,,,-1.94949,-2.01392,,,-5.36068,-5.42514,,
size_sweep,calm_deep,250000,aggressive,40,0,True,"coinbase>=1,000,000",prints+quotes,5002011,10,0.118072,2.2222e+06,0.516693,3.75,8.45906,aggressive,BTC-USD,sell,2.89773,250000,86274.3,0.0533183,2.56262e+06,2.89773,1,0,86271,0.391846,18,449.982,0,249990,0.391846,17.9993,-0,18.3911,0,0,18.3911,-8.45906,1,14,0,0,0.0396538,0,0,0,0,0,1.30295,0.911047,,,2.40587,2.01392,,,5.81721,5.42514,,
size_sweep,calm_deep,250000,hybrid,40,0,True,"coinbase>=1,000,000",prints+quotes,5002011,10,0.118072,2.2222e+06,0.516693,3.75,8.45906,hybrid,BTC-USD,buy,2.89773,250000,86274.3,0.0533183,2.31152e+06,2.89773,1,1,86291.7,2.01148,8,200.04,250050,0,2.01148,8.00161,2.9192e-08,10.0131,2e-11,0.000863474,10.0131,8.45906,4,15,0,3,4.2,0,0,4,11,0,-0.0860373,-0.294544,-0.0860373,-0.294544,-1.11757,-1.3261,-1.11757,-1.3261,-3.71095,-3.91953,-3.71095,-3.91953
size_sweep,calm_deep,250000,hybrid,40,0,True,"coinbase>=1,000,000",prints+quotes,5002011,10,0.118072,2.2222e+06,0.516693,3.75,8.45906,hybrid,BTC-USD,sell,2.89773,250000,86274.3,0.0533183,2.56262e+06,2.89773,1,1,86274.6,-0.0255001,8,200.001,250001,0,-0.0255001,8.00002,-0,7.97452,0,0,7.97452,-8.45906,1,7,0,1,0.7,0,0,1,6,0,0.749672,0.421844,0.749672,0.421844,2.39639,2.0685,2.39639,2.0685,5.70413,5.37614,5.70413,5.37614
size_sweep,calm_deep,250000,hybrid|prints-only,40,0,True,"coinbase>=1,000,000",prints-only,5002011,10,0.118072,2.2222e+06,0.516693,3.75,8.45906,hybrid,BTC-USD,buy,2.89773,250000,86274.3,0.0533183,2.31152e+06,2.89773,1,0.063419,86331.8,6.66412,17.3659,434.437,15862.9,234304,6.66412,17.3775,0,24.0416,0,0,24.0416,8.45906,28,55,0,27,42.1361,0,0,42,0,0,-0.733483,-1.11841,0.000712889,0.113124,0.914326,0.529475,-0.804524,-0.692103,1.03729,0.652445,-1.0894,-0.976982
size_sweep,calm_deep,250000,hybrid|prints-only,40,0,True,"coinbase>=1,000,000",prints-only,5002011,10,0.118072,2.2222e+06,0.516693,3.75,8.45906,hybrid,BTC-USD,sell,2.89773,250000,86274.3,0.0533183,2.56262e+06,2.89773,1,0.0342362,86326.6,-6.0586,17.6577,441.711,8561.91,241590,-6.0586,17.6684,-0,11.6098,0,0,11.6098,-8.45906,32,56,0,31,42.1255,0,2,41,0,0,1.33672,1.15177,-0.30052,-0.259387,-0.406505,-0.591421,-0.0466325,-0.00549597,-0.458838,-0.643751,2.67272,2.71387
size_sweep,calm_deep,250000,passive,40,0,True,"coinbase>=1,000,000",prints+quotes,5002011,10,0.118072,2.2222e+06,0.516693,3.75,8.45906,passive,BTC-USD,buy,2.89773,250000,86274.3,0.0533183,2.31152e+06,2.89773,1,1,86291.7,2.01148,8,200.04,250050,0,2.01148,8.00161,2.9192e-08,10.0131,2e-11,0.000863474,10.0131,8.45906,4,15,0,3,4.2,0,0,4,11,0,-0.0860373,-0.294544,-0.0860373,-0.294544,-1.11757,-1.3261,-1.11757,-1.3261,-3.71095,-3.91953,-3.71095,-3.91953
size_sweep,calm_deep,250000,passive,40,0,True,"coinbase>=1,000,000",prints+quotes,5002011,10,0.118072,2.2222e+06,0.516693,3.75,8.45906,passive,BTC-USD,sell,2.89773,250000,86274.3,0.0533183,2.56262e+06,2.89773,1,1,86274.6,-0.0255001,8,200.001,250001,0,-0.0255001,8.00002,-0,7.97452,0,0,7.97452,-8.45906,1,7,0,1,0.7,0,0,1,6,0,0.749672,0.421844,0.749672,0.421844,2.39639,2.0685,2.39639,2.0685,5.70413,5.37614,5.70413,5.37614
size_sweep,calm_deep,250000,passive|prints-only,40,0,True,"coinbase>=1,000,000",prints-only,5002011,10,0.118072,2.2222e+06,0.516693,3.75,8.45906,passive,BTC-USD,buy,2.89773,250000,86274.3,0.0533183,2.31152e+06,0.817241,0.282028,1,86335.3,7.06261,8,56.4453,70556.7,0,1.99185,2.25781,6.07337,10.323,0.160716,179649,23.4185,8.45906,38,67,0,38,59.8409,0,0,67,0,0,0.905772,0.836206,0.905772,0.836206,0.275701,0.206152,0.275701,0.206152,2.14054,2.07103,2.14054,2.07103
size_sweep,calm_deep,250000,passive|prints-only,40,0,True,"coinbase>=1,000,000",prints-only,5002011,10,0.118072,2.2222e+06,0.516693,3.75,8.45906,passive,BTC-USD,sell,2.89773,250000,86274.3,0.0533183,2.56262e+06,0.20234,0.069827,1,86323.7,-5.72533,8,13.9734,17466.8,0,-0.399783,0.558936,-7.86839,-7.70924,0.0495698,232739,9.09752,-8.45906,43,59,0,43,55.4108,0,2,57,0,0,-0.234224,-0.154469,-0.234224,-0.154469,-0.412951,-0.333199,-0.412951,-0.333199,-0.724391,-0.644657,-0.724391,-0.644657
size_sweep,calm_deep,250000,aggressive,40,0,True,"coinbase>=1,000,000",prints+quotes,5002012,10,0.118746,2.18643e+06,0.543959,3.96667,-1.75136,aggressive,BTC-USD,buy,2.89673,250000,86304.3,0.00926952,2.14332e+06,2.89673,1,0,86304.9,0.0629273,18,450.003,0,250002,0.0629273,18.0001,-0,18.063,0,0,18.063,-1.75136,1,15,0,0,0.0473137,0,0,0,0,0,0.738439,0.675516,,,1.21292,1.15,,,-0.434148,-0.497078,,
size_sweep,calm_deep,250000,aggressive,40,0,True,"coinbase>=1,000,000",prints+quotes,5002012,10,0.118746,2.18643e+06,0.543959,3.96667,-1.75136,aggressive,BTC-USD,sell,2.89673,250000,86304.3,0.00926952,2.13707e+06,2.89673,1,0,86298.8,0.645933,18,449.971,0,249984,0.645933,17.9988,-2.68496e-16,18.6448,0,0,18.6448,1.75136,1,14,0,0,0.0473137,0,0,0,0,0,-0.0295777,-0.675516,,,-0.504092,-1.15,,,1.14309,0.497078,,
size_sweep,calm_deep,250000,hybrid,40,0,True,"coinbase>=1,000,000",prints+quotes,5002012,10,0.118746,2.18643e+06,0.543959,3.96667,-1.75136,hybrid,BTC-USD,buy,2.89673,250000,86304.3,0.00926952,2.14332e+06,2.89673,1,1,86304.3,-0.00347607,8,200,250000,0,-0.00347607,8,-0,7.99652,0,0,7.99652,-1.75136,1,4,0,0,0.5,0,0,1,3,0,0.760423,0.390116,0.760423,0.390116,1.10175,0.731456,1.10175,0.731456,-0.481018,-0.851372,-0.481018,-0.851372
size_sweep,calm_deep,250000,hybrid,40,0,True,"coinbase>=1,000,000",prints+quotes,5002012,10,0.118746,2.18643e+06,0.543959,3.96667,-1.75136,hybrid,BTC-USD,sell,2.89673,250000,86304.3,0.00926952,2.13707e+06,2.89673,1,1,86295.1,1.06906,8,199.979,249973,0,1.06906,7.99914,0,9.06821,0,0,9.06821,1.75136,4,11,0,3,3.4,0,0,5,6,0,0.991669,0.449921,0.991669,0.449921,-0.481355,-1.02302,-0.481355,-1.02302,2.16145,1.61964,2.16145,1.61964
size_sweep,calm_deep,250000,hybrid|prints-only,40,0,True,"coinbase>=1,000,000",prints-only,5002012,10,0.118746,2.18643e+06,0.543959,3.96667,-1.75136,hybrid,BTC-USD,buy,2.89673,250000,86304.3,0.00926952,2.14332e+06,2.89673,1,0.159424,86314.3,1.15135,16.406,410.198,39854,210175,1.15135,16.4079,2.68496e-16,17.5593,0,0,17.5593,-1.75136,25,62,0,24,42.1398,0,0,49,0,0,0.731372,0.353217,0.312851,0.0470168,1.10928,0.731145,-0.642684,-0.908546,2.7312,2.35312,0.0293089,-0.236546
size_sweep,calm_deep,250000,hybrid|prints-only,40,0,True,"coinbase>=1,000,000",prints-only,5002012,10,0.118746,2.18643e+06,0.543959,3.96667,-1.75136,hybrid,BTC-USD,sell,2.89673,250000,86304.3,0.00926952,2.13707e+06,2.89673,1,0.294992,86309.4,-0.591562,15.0504,376.282,73744.5,176270,-0.591562,15.0513,6.046e-09,14.4597,5.38e-10,0.000862879,14.4597,1.75136,27,58,0,26,42.1471,0,0,46,0,0,-0.13469,-0.167291,0.458361,0.415849,-0.487611,-0.520211,0.769646,0.727132,-1.58461,-1.61721,1.35792,1.3154
size_sweep,calm_deep,250000,passive,40,0,True,"coinbase>=1,000,000",prints+quotes,5002012,10,0.118746,2.18643e+06,0.543959,3.96667,-1.75136,passive,BTC-USD,buy,2.89673,250000,86304.3,0.00926952,2.14332e+06,2.89673,1,1,86304.3,-0.00347607,8,200,250000,0,-0.00347607,8,-0,7.99652,0,0,7.99652,-1.75136,1,4,0,0,0.5,0,0,1,3,0,0.760423,0.390116,0.760423,0.390116,1.10175,0.731456,1.10175,0.731456,-0.481018,-0.851372,-0.481018,-0.851372
size_sweep,calm_deep,250000,passive,40,0,True,"coinbase>=1,000,000",prints+quotes,5002012,10,0.118746,2.18643e+06,0.543959,3.96667,-1.75136,passive,BTC-USD,sell,2.89673,250000,86304.3,0.00926952,2.13707e+06,2.89673,1,1,86295.1,1.06906,8,199.979,249973,0,1.06906,7.99914,0,9.06821,0,0,9.06821,1.75136,4,11,0,3,3.4,0,0,5,6,0,0.991669,0.449921,0.991669,0.449921,-0.481355,-1.02302,-0.481355,-1.02302,2.16145,1.61964,2.16145,1.61964
size_sweep,calm_deep,250000,passive|prints-only,40,0,True,"coinbase>=1,000,000",prints-only,5002012,10,0.118746,2.18643e+06,0.543959,3.96667,-1.75136,passive,BTC-USD,buy,2.89673,250000,86304.3,0.00926952,2.14332e+06,0.812838,0.280606,1,86301.9,-0.280806,8,56.1196,70149.4,0,-0.0787957,2.24478,-1.25992,0.906068,0.175283,179821,14.0285,-1.75136,38,74,0,38,59.9042,0,0,74,0,0,-0.00964986,-0.220423,-0.00964986,-0.220423,-0.467211,-0.677998,-0.467211,-0.677998,0.664558,0.453785,0.664558,0.453785
size_sweep,calm_deep,250000,passive|prints-only,40,0,True,"coinbase>=1,000,000",prints-only,5002012,10,0.118746,2.18643e+06,0.543959,3.96667,-1.75136,passive,BTC-USD,sell,2.89673,250000,86304.3,0.00926952,2.13707e+06,1.16083,0.400739,1,86301.5,0.334041,8,80.1452,100181,0,0.133863,3.20581,1.04952,4.38919,0.165993,149785,15.3397,1.75136,39,70,0,39,60.0276,0,0,70,0,3.984e-05,0.448891,0.308207,0.448891,0.308207,0.173738,0.0330708,0.173738,0.0330708,0.287915,0.14726,0.287915,0.14726
size_sweep,calm_deep,250000,aggressive,40,0,True,"coinbase>=1,000,000",prints+quotes,5002013,10,0.126827,2.17488e+06,0.581938,4.25,5.92068,aggressive,BTC-USD,buy,2.89661,250000,86307.7,0.148307,2.56943e+06,2.89661,1,0,86308.6,0.109094,18,450.005,0,250003,0.109094,18.0002,9.07718e-16,18.1093,0,0,18.1093,5.92068,1,8,0,0,0.0499881,0,0,0,0,0,-0.19331,-0.302406,,,-0.751771,-0.860873,,,-3.08642,-3.19554,,
size_sweep,calm_deep,250000,aggressive,40,0,True,"coinbase>=1,000,000",prints+quotes,5002013,10,0.126827,2.17488e+06,0.581938,4.25,5.92068,aggressive,BTC-USD,sell,2.89661,250000,86307.7,0.148307,2.09553e+06,2.89661,1,0,86305.1,0.301003,18,449.986,0,249992,0.301003,17.9995,9.07718e-16,18.3005,0,0,18.3005,-5.92068,1,17,0,0,0.0499881,0,0,0,0,0,0.60343,0.302406,,,1.16191,0.860873,,,3.49665,3.19554,,
size_sweep,calm_deep,250000,hybrid,40,0,True,"coinbase>=1,000,000",prints+quotes,5002013,10,0.126827,2.17488e+06,0.581938,4.25,5.92068,hybrid,BTC-USD,buy,2.89661,250000,86307.7,0.148307,2.56943e+06,2.89661,1,1,86309.7,0.228601,8,200.005,250006,0,0.228601,8.00018,0,8.22878,0,0,8.22878,5.92068,4,14,0,3,6.1,0,0,5,9,0,-0.238776,-0.492335,-0.238776,-0.492335,-0.341015,-0.594585,-0.341015,-0.594585,-2.11958,-2.37319,-2.11958,-2.37319
size_sweep,calm_deep,250000,hybrid,40,0,True,"coinbase>=1,000,000",prints+quotes,5002013,10,0.126827,2.17488e+06,0.581938,4.25,5.92068,hybrid,BTC-USD,sell,2.89661,250000,86307.7,0.148307,2.09553e+06,2.89661,1,1,86308.3,-0.0729946,8,200.001,250002,0,-0.0729946,8.00006,-0,7.92706,0,0,7.92706,-5.92068,1,5,0,0,0.6,0,0,1,4,0,-0.274067,-0.5812,-0.274067,-0.5812,0.980738,0.673566,0.980738,0.673566,3.6111,3.30385,3.6111,3.30385
size_sweep,calm_deep,250000,hybrid|prints-only,40,0,True,"coinbase>=1,000,000",prints-only,5002013,10,0.126827,2.17488e+06,0.581938,4.25,5.92068,hybrid,BTC-USD,buy,2.89661,250000,86307.7,0.148307,2.56943e+06,2.89661,1,0.0751974,86318.7,1.27726,17.248,431.254,18803.1,231229,1.27726,17.2502,4.088e-08,18.5274,5.44e-10,0.00172719,18.5274,5.92068,36,60,0,35,42.1247,0,0,43,0,0,-0.107754,-0.437645,0.864613,0.898065,-1.87092,-2.20087,0.591261,0.624716,-5.56051,-5.89059,-2.31166,-2.27821
size_sweep,calm_deep,250000,hybrid|prints-only,40,0,True,"coinbase>=1,000,000",prints-only,5002013,10,0.126827,2.17488e+06,0.581938,4.25,5.92068,hybrid,BTC-USD,sell,2.89661,250000,86307.7,0.148307,2.09553e+06,2.89661,1,0.147776,86312.4,-0.544785,16.5223,413.079,36945.3,213068,-0.544785,16.5232,-2.044e-08,15.9784,2.72e-10,0.000863581,15.9784,-5.92068,33,68,0,32,42.0367,0,0,58,0,0,0.806023,0.481174,0.137562,0.23952,2.33243,2.00752,-0.133502,-0.0315415,6.28816,5.96312,3.35315,3.45517
size_sweep,calm_deep,250000,passive,40,0,True,"coinbase>=1,000,000",prints+quotes,5002013,10,0.126827,2.17488e+06,0.581938,4.25,5.92068,passive,BTC-USD,buy,2.89661,250000,86307.7,0.148307,2.56943e+06,2.89661,1,1,86309.7,0.228601,8,200.005,250006,0,0.228601,8.00018,0,8.22878,0,0,8.22878,5.92068,4,14,0,3,6.1,0,0,5,9,0,-0.238776,-0.492335,-0.238776,-0.492335,-0.341015,-0.594585,-0.341015,-0.594585,-2.11958,-2.37319,-2.11958,-2.37319
size_sweep,calm_deep,250000,passive,40,0,True,"coinbase>=1,000,000",prints+quotes,5002013,10,0.126827,2.17488e+06,0.581938,4.25,5.92068,passive,BTC-USD,sell,2.89661,250000,86307.7,0.148307,2.09553e+06,2.89661,1,1,86308.3,-0.0729946,8,200.001,250002,0,-0.0729946,8.00006,-0,7.92706,0,0,7.92706,-5.92068,1,5,0,0,0.6,0,0,1,4,0,-0.274067,-0.5812,-0.274067,-0.5812,0.980738,0.673566,0.980738,0.673566,3.6111,3.30385,3.6111,3.30385
size_sweep,calm_deep,250000,passive|prints-only,40,0,True,"coinbase>=1,000,000",prints-only,5002013,10,0.126827,2.17488e+06,0.581938,4.25,5.92068,passive,BTC-USD,buy,2.89661,250000,86307.7,0.148307,2.56943e+06,0.29606,0.102209,1,86324.1,1.90534,8,20.4457,25557.1,0,0.194743,0.817828,5.31553,6.3281,0.437068,224592,22.9358,5.92068,49,62,0,49,59.9011,0,0,62,0,0,0.601096,0.642235,0.601096,0.642235,-0.295563,-0.254417,-0.295563,-0.254417,-2.85065,-2.8095,-2.85065,-2.8095
size_sweep,calm_deep,250000,passive|prints-only,40,0,True,"coinbase>=1,000,000",prints-only,5002013,10,0.126827,2.17488e+06,0.581938,4.25,5.92068,passive,BTC-USD,sell,2.89661,250000,86307.7,0.148307,2.09553e+06,1.15228,0.397802,1,86341.5,-3.9188,8,79.5915,99489.4,0,-1.55891,3.18366,-3.56542,-1.94067,0.0734813,150637,8.97867,-5.92068,45,92,0,45,59.5058,0,1,91,0,0,0.223514,0.132722,0.223514,0.132722,0.0461855,-0.0446021,0.0461855,-0.0446021,0.973906,0.88315,0.973906,0.88315
size_sweep,calm_deep,250000,aggressive,40,0,True,"coinbase>=1,000,000",prints+quotes,5002014,10,0.130888,2.18255e+06,0.550897,3.81667,13.4812,aggressive,BTC-USD,buy,2.89718,250000,86290.8,0.142541,1.92256e+06,2.89718,1,0,86292.8,0.232277,18,450.01,0,250006,0.232277,18.0004,0,18.2327,0,0,18.2327,13.4812,1,12,0,0,0.0525374,0,0,0,0,0,0.02252,-0.209756,,,0.602522,0.370259,,,-4.34227,-4.57465,,
size_sweep,calm_deep,250000,aggressive,40,0,True,"coinbase>=1,000,000",prints+quotes,5002014,10,0.130888,2.18255e+06,0.550897,3.81667,13.4812,aggressive,BTC-USD,sell,2.89718,250000,86290.8,0.142541,2.37197e+06,2.89718,1,0,86288.4,0.280032,18,449.987,0,249993,0.280032,17.9995,-2.06644e-15,18.2795,0,0,18.2795,-13.4812,1,10,0,0,0.0525374,0,0,0,0,0,0.489803,0.209756,,,-0.0902284,-0.370259,,,4.85482,4.57465,,
size_sweep,calm_deep,250000,hybrid,40,0,True,"coinbase>=1,000,000",prints+quotes,5002014,10,0.130888,2.18255e+06,0.550897,3.81667,13.4812,hybrid,BTC-USD,buy,2.89718,250000,86290.8,0.142541,1.92256e+06,2.89718,1,1,86295.1,0.489623,8,200.01,250012,0,0.489623,8.00039,0,8.49001,0,0,8.49001,13.4812,2,13,0,1,3.9,0,0,6,7,0,0.293178,0.0665424,0.293178,0.0665424,0.155019,-0.0716195,0.155019,-0.0716195,-4.68755,-4.91431,-4.68755,-4.91431
size_sweep,calm_deep,250000,hybrid,40,0,True,"coinbase>=1,000,000",prints+quotes,5002014,10,0.130888,2.18255e+06,0.550897,3.81667,13.4812,hybrid,BTC-USD,sell,2.89718,250000,86290.8,0.142541,2.37197e+06,2.89718,1,1,86291.4,-0.0701117,8,200.001,250002,0,-0.0701117,8.00006,-0,7.92994,0,0,7.92994,-13.4812,1,7,0,0,0.7,0,0,1,6,0,0.41557,0.242633,0.41557,0.242633,-0.689796,-0.862713,-0.689796,-0.862713,4.36472,4.19171,4.36472,4.19171
size_sweep,calm_deep,250000,hybrid|prints-only,40,0,True,"coinbase>=1,000,000",prints-only,5002014,10,0.130888,2.18255e+06,0.550897,3.81667,13.4812,hybrid,BTC-USD,buy,2.89718,250000,86290.8,0.142541,1.92256e+06,2.89718,1,0.0279728,86376.7,9.94826,17.7205,443.453,6994.82,243254,9.94826,17.7381,-2.06644e-15,27.6864,0,0,27.6864,13.4812,33,44,0,32,42.0377,0,0,36,0,0,-0.572148,-0.691853,0.00573762,-0.0926462,-1.57473,-1.69445,-1.03778,-1.13618,-5.21246,-5.33222,-7.92258,-8.02103
size_sweep,calm_deep,250000,hybrid|prints-only,40,0,True,"coinbase>=1,000,000",prints-only,5002014,10,0.130888,2.18255e+06,0.550897,3.81667,13.4812,hybrid,BTC-USD,sell,2.89718,250000,86290.8,0.142541,2.37197e+06,2.89718,1,0.227851,86358.3,-7.823,15.7228,393.377,56975.2,193220,-7.823,15.7351,-0,7.91208,0,0,7.91208,-13.4812,30,64,1,28,42.0752,0,0,51,0,0,1.00709,0.529099,0.119426,-0.0808809,1.99303,1.51499,1.05271,0.852379,6.78879,6.31056,10.0887,9.88821
size_sweep,calm_deep,250000,passive,40,0,True,"coinbase>=1,000,000",prints+quotes,5002014,10,0.130888,2.18255e+06,0.550897,3.81667,13.4812,passive,BTC-USD,buy,2.89718,250000,86290.8,0.142541,1.92256e+06,2.89718,1,1,86295.1,0.489623,8,200.01,250012,0,0.489623,8.00039,0,8.49001,0,0,8.49001,13.4812,2,13,0,1,3.9,0,0,6,7,0,0.293178,0.0665424,0.293178,0.0665424,0.155019,-0.0716195,0.155019,-0.0716195,-4.68755,-4.91431,-4.68755,-4.91431
size_sweep,calm_deep,250000,passive,40,0,True,"coinbase>=1,000,000",prints+quotes,5002014,10,0.130888,2.18255e+06,0.550897,3.81667,13.4812,passive,BTC-USD,sell,2.89718,250000,86290.8,0.142541,2.37197e+06,2.89718,1,1,86291.4,-0.0701117,8,200.001,250002,0,-0.0701117,8.00006,-0,7.92994,0,0,7.92994,-13.4812,1,7,0,0,0.7,0,0,1,6,0,0.41557,0.242633,0.41557,0.242633,-0.689796,-0.862713,-0.689796,-0.862713,4.36472,4.19171,4.36472,4.19171
size_sweep,calm_deep,250000,passive|prints-only,40,0,True,"coinbase>=1,000,000",prints-only,5002014,10,0.130888,2.18255e+06,0.550897,3.81667,13.4812,passive,BTC-USD,buy,2.89718,250000,86290.8,0.142541,1.92256e+06,0.0922672,0.0318473,1,86322.4,3.66125,8,6.37179,7964.73,0,0.116601,0.254871,13.0518,13.4233,0.322048,242373,31.1962,13.4812,45,47,0,45,59.6072,0,0,47,0,0,0.00825378,-0.0849415,0.00825378,-0.0849415,-1.01378,-1.10699,-1.01378,-1.10699,-7.53459,-7.62784,-7.53459,-7.62784
size_sweep,calm_deep,250000,passive|prints-only,40,0,True,"coinbase>=1,000,000",prints-only,5002014,10,0.130888,2.18255e+06,0.550897,3.81667,13.4812,passive,BTC-USD,sell,2.89718,250000,86290.8,0.142541,2.37197e+06,2.89718,1,1,86391.6,-11.6757,8,200.234,250292,0,-11.6757,8.00934,-0,-3.66635,0,0,-3.66635,-13.4812,45,89,2,42,58.8041,0,0,89,0,0,-0.984279,-0.999551,-0.984279,-0.999551,-1.46088,-1.47619,-1.46088,-1.47619,4.47277,4.45745,4.47277,4.45745
size_sweep,calm_deep,250000,aggressive,40,0,True,"coinbase>=1,000,000",prints+quotes,5002015,10,0.123602,2.16793e+06,0.559054,4.03333,0.130384,aggressive,BTC-USD,buy,2.89741,250000,86283.9,0.21325,2.29108e+06,2.89741,1,0,86286,0.249589,18,450.011,0,250006,0.249589,18.0004,0,18.25,0,0,18.25,0.130384,1,14,0,0,0.0295723,0,0,0,0,0,-0.34727,-0.596867,,,0.467462,0.217885,,,-0.551243,-0.800845,,
size_sweep,calm_deep,250000,aggressive,40,0,True,"coinbase>=1,000,000",prints+quotes,5002015,10,0.123602,2.16793e+06,0.559054,4.03333,0.130384,aggressive,BTC-USD,sell,2.89741,250000,86283.9,0.21325,1.97004e+06,2.89741,1,0,86282,0.218502,18,449.99,0,249995,0.218502,17.9996,1.9984e-17,18.2181,0,0,18.2181,-0.130384,1,17,0,0,0.0295723,0,0,0,0,0,0.815387,0.596867,,,0.000617098,-0.217885,,,1.01937,0.800845,,
size_sweep,calm_deep,250000,hybrid,40,0,True,"coinbase>=1,000,000",prints+quotes,5002015,10,0.123602,2.16793e+06,0.559054,4.03333,0.130384,hybrid,BTC-USD,buy,2.89741,250000,86283.9,0.21325,2.29108e+06,2.89741,1,1,86286.3,0.285015,8,200.006,250007,0,0.285015,8.00023,0,8.28524,0,0,8.28524,0.130384,3,18,0,2,3.8,0,0,8,10,0,0.654163,0.420016,0.654163,0.420016,0.208281,-0.0258812,0.208281,-0.0258812,0.0861955,-0.147967,0.0861955,-0.147967
size_sweep,calm_deep,250000,hybrid,40,0,True,"coinbase>=1,000,000",prints+quotes,5002015,10,0.123602,2.16793e+06,0.559054,4.03333,0.130384,hybrid,BTC-USD,sell,2.89741,250000,86283.9,0.21325,1.97004e+06,2.89741,1,1,86286.9,-0.348882,8,200.007,250009,0,-0.348882,8.00028,-4.5e-10,7.6514,1e-11,0.00086285,7.6514,-0.130384,2,7,0,1,1.9,0,0,0,7,0,0.0267634,-0.264905,0.0267634,-0.264905,-0.135023,-0.426685,-0.135023,-0.426685,0.634155,0.342467,0.634155,0.342467
size_sweep,calm_deep,250000,hybrid|prints-only,40,0,True,"coinbase>=1,000,000",prints-only,5002015,10,0.123602,2.16793e+06,0.559054,4.03333,0.130384,hybrid,BTC-USD,buy,2.89741,250000,86283.9,0.21325,2.29108e+06,2.89741,1,0.521242,86273,-1.25796,12.7869,319.633,130310,119658,-1.25796,12.7853,0,11.5274,0,0,11.5274,0.130384,34,60,0,33,42.1479,0,0,49,0,0,0.0956561,-0.175818,0.271294,0.114711,-0.0765631,-0.348051,0.558997,0.402412,-2.0251,-2.29666,0.39574,0.239148
size_sweep,calm_deep,250000,hybrid|prints-only,40,0,True,"coinbase>=1,000,000",prints-only,5002015,10,0.123602,2.16793e+06,0.559054,4.03333,0.130384,hybrid,BTC-USD,sell,2.89741,250000,86283.9,0.21325,1.97004e+06,2.89741,1,0.0679514,86257.9,3.00667,17.3203,432.876,16988.5,232936,3.00667,17.315,-1.9984e-17,20.3217,0,0,20.3217,-0.130384,40,58,0,39,42.1415,0,0,47,0,0,0.692357,0.430294,-0.180883,-0.417848,1.24956,0.987479,-1.21202,-1.44895,4.90975,4.64758,-0.738075,-0.975028
size_sweep,calm_deep,250000,passive,40,0,True,"coinbase>=1,000,000",prints+quotes,5002015,10,0.123602,2.16793e+06,0.559054,4.03333,0.130384,passive,BTC-USD,buy,2.89741,250000,86283.9,0.21325,2.29108e+06,2.89741,1,1,86286.3,0.285015,8,200.006,250007,0,0.285015,8.00023,0,8.28524,0,0,8.28524,0.130384,3,18,0,2,3.8,0,0,8,10,0,0.654163,0.420016,0.654163,0.420016,0.208281,-0.0258812,0.208281,-0.0258812,0.0861955,-0.147967,0.0861955,-0.147967
size_sweep,calm_deep,250000,passive,40,0,True,"coinbase>=1,000,000",prints+quotes,5002015,10,0.123602,2.16793e+06,0.559054,4.03333,0.130384,passive,BTC-USD,sell,2.89741,250000,86283.9,0.21325,1.97004e+06,2.89741,1,1,86286.9,-0.348882,8,200.007,250009,0,-0.348882,8.00028,-4.5e-10,7.6514,1e-11,0.00086285,7.6514,-0.130384,2,7,0,1,1.9,0,0,0,7,0,0.0267634,-0.264905,0.0267634,-0.264905,-0.135023,-0.426685,-0.135023,-0.426685,0.634155,0.342467,0.634155,0.342467
size_sweep,calm_deep,250000,passive|prints-only,40,0,True,"coinbase>=1,000,000",prints-only,5002015,10,0.123602,2.16793e+06,0.559054,4.03333,0.130384,passive,BTC-USD,buy,2.89741,250000,86283.9,0.21325,2.29108e+06,1.51476,0.522797,1,86283.6,-0.0321226,8,104.559,130699,0,-0.0167936,4.18236,0.0622194,4.22779,0.00544159,119302,12.823,0.130384,45,65,0,45,58.1073,0,0,65,0,0,0.271389,0.115573,0.271389,0.115573,0.558162,0.402343,0.558162,0.402343,0.388161,0.232335,0.388161,0.232335
size_sweep,calm_deep,250000,passive|prints-only,40,0,True,"coinbase>=1,000,000",prints-only,5002015,10,0.123602,2.16793e+06,0.559054,4.03333,0.130384,passive,BTC-USD,sell,2.89741,250000,86283.9,0.21325,1.97004e+06,0.433317,0.149553,1,86273.1,1.24664,8,29.9069,37383.6,0,0.186439,1.19627,-0.110884,1.27183,0.154837,212611,16.7346,-0.130384,50,74,0,50,58.9022,0,0,74,0,0,0.0169798,-0.260019,0.0169798,-0.260019,0.273337,-0.0036672,0.273337,-0.0036672,1.99721,1.72014,1.99721,1.72014
size_sweep,calm_deep,250000,aggressive,40,0,True,"coinbase>=1,000,000",prints+quotes,5002016,10,0.114049,2.14321e+06,0.571389,3.73333,-0.525591,aggressive,BTC-USD,buy,2.89742,250000,86283.8,0.181958,2.30318e+06,2.89742,1,0,86285.8,0.234324,18,450.011,0,250006,0.234324,18.0004,-0,18.2347,0,0,18.2347,-0.525591,1,11,0,0,0.04864,0,0,0,0,0,-0.338199,-0.572529,,,0.899548,0.665247,,,3.18092,2.94667,,
size_sweep,calm_deep,250000,aggressive,40,0,True,"coinbase>=1,000,000",prints+quotes,5002016,10,0.114049,2.14321e+06,0.571389,3.73333,-0.525591,aggressive,BTC-USD,sell,2.89742,250000,86283.8,0.181958,2.07029e+06,2.89742,1,0,86281.5,0.25932,18,449.988,0,249994,0.25932,17.9995,-8.05578e-17,18.2589,0,0,18.2589,0.525591,1,12,0,0,0.04864,0,0,0,0,0,0.831872,0.572529,,,-0.405937,-0.665247,,,-2.68742,-2.94667,,
size_sweep,calm_deep,250000,hybrid,40,0,True,"coinbase>=1,000,000",prints+quotes,5002016,10,0.114049,2.14321e+06,0.571389,3.73333,-0.525591,hybrid,BTC-USD,buy,2.89742,250000,86283.8,0.181958,2.30318e+06,2.89742,1,1,86288.2,0.516351,8,200.01,250013,0,0.516351,8.00041,-1.814e-09,8.51676,6e-11,0.000862794,8.51676,-0.525591,4,8,0,3,3.2,0,0,1,7,0,0.400608,0.0605219,0.400608,0.0605219,0.0486715,-0.291426,0.0486715,-0.291426,1.90206,1.56202,1.90206,1.56202
size_sweep,calm_deep,250000,hybrid,40,0,True,"coinbase>=1,000,000",prints+quotes,5002016,10,0.114049,2.14321e+06,0.571389,3.73333,-0.525591,hybrid,BTC-USD,sell,2.89742,250000,86283.8,0.181958,2.07029e+06,2.89742,1,1,86284.6,-0.0898199,8,200.002,250002,0,-0.0898199,8.00007,0,7.91025,0,0,7.91025,0.525591,1,7,0,0,1.1,0,0,2,5,0,0.263137,-0.133327,0.263137,-0.133327,-0.944752,-1.34117,-0.944752,-1.34117,-2.9637,-3.36004,-2.9637,-3.36004
size_sweep,calm_deep,250000,hybrid|prints-only,40,0,True,"coinbase>=1,000,000",prints-only,5002016,10,0.114049,2.14321e+06,0.571389,3.73333,-0.525591,hybrid,BTC-USD,buy,2.89742,250000,86283.8,0.181958,2.30318e+06,2.89742,1,0.474808,86279.2,-0.528103,13.2516,331.273,118703,131284,-0.528103,13.2509,-0,12.7228,0,0,12.7228,-0.525591,34,65,1,32,42.1592,0,0,56,0,0,-0.47041,-0.668701,-0.0935059,-0.292284,0.293762,0.0954903,1.73388,1.53515,-0.984959,-1.18326,0.47989,0.281129
size_sweep,calm_deep,250000,hybrid|prints-only,40,0,True,"coinbase>=1,000,000",prints-only,5002016,10,0.114049,2.14321e+06,0.571389,3.73333,-0.525591,hybrid,BTC-USD,sell,2.89742,250000,86283.8,0.181958,2.07029e+06,2.89742,1,0.0252347,86271.6,1.40803,17.7476,443.628,6308.64,243656,1.40803,17.7451,0,19.1531,0,0,19.1531,0.525591,33,52,1,31,42.1498,0,0,37,0,0,1.16874,0.986399,0.277131,0.113096,1.37785,1.19551,0.952003,0.787958,2.60762,2.42526,-0.574548,-0.738568
size_sweep,calm_deep,250000,passive,40,0,True,"coinbase>=1,000,000",prints+quotes,5002016,10,0.114049,2.14321e+06,0.571389,3.73333,-0.525591,passive,BTC-USD,buy,2.89742,250000,86283.8,0.181958,2.30318e+06,2.89742,1,1,86288.2,0.516351,8,200.01,250013,0,0.516351,8.00041,-1.814e-09,8.51676,6e-11,0.000862794,8.51676,-0.525591,4,8,0,3,3.2,0,0,1,7,0,0.400608,0.0605219,0.400608,0.0605219,0.0486715,-0.291426,0.0486715,-0.291426,1.90206,1.56202,1.90206,1.56202
size_sweep,calm_deep,250000,passive,40,0,True,"coinbase>=1,000,000",prints+quotes,5002016,10,0.114049,2.14321e+06,0.571389,3.73333,-0.525591,passive,BTC-USD,sell,2.89742,250000,86283.8,0.181958,2.07029e+06,2.89742,1,1,86284.6,-0.0898199,8,200.002,250002,0,-0.0898199,8.00007,0,7.91025,0,0,7.91025,0.525591,1,7,0,0,1.1,0,0,2,5,0,0.263137,-0.133327,0.263137,-0.133327,-0.944752,-1.34117,-0.944752,-1.34117,-2.9637,-3.36004,-2.9637,-3.36004
size_sweep,calm_deep,250000,passive|prints-only,40,0,True,"coinbase>=1,000,000",prints-only,5002016,10,0.114049,2.14321e+06,0.571389,3.73333,-0.525591,passive,BTC-USD,buy,2.89742,250000,86283.8,0.181958,2.30318e+06,1.3921,0.480463,1,86284.2,0.048753,8,96.093,120116,0,0.023424,3.84372,-0.273064,3.59408,0.208356,129883,13.154,-0.525591,47,66,1,46,58.4004,0,0,66,0,0,-0.0907267,-0.286809,-0.0907267,-0.286809,1.71397,1.51793,1.71397,1.51793,0.416855,0.220789,0.416855,0.220789
size_sweep,calm_deep,250000,passive|prints-only,40,0,True,"coinbase>=1,000,000",prints-only,5002016,10,0.114049,2.14321e+06,0.571389,3.73333,-0.525591,passive,BTC-USD,sell,2.89742,250000,86283.8,0.181958,2.07029e+06,0.60647,0.209314,1,86276.7,0.819922,8,41.8594,52324.2,0,0.171621,1.67437,0.415578,2.26157,0.13667,197658,16.6296,0.525591,44,58,1,43,59.5057,0,0,58,0,0,0.234789,0.297524,0.234789,0.297524,0.58164,0.64438,0.58164,0.64438,3.66124,3.72402,3.66124,3.72402
size_sweep,calm_deep,250000,aggressive,40,0,True,"coinbase>=1,000,000",prints+quotes,5002017,10,0.117278,2.19088e+06,0.518369,3.93333,-2.91103,aggressive,BTC-USD,buy,2.89712,250000,86292.6,0.0996609,2.2907e+06,2.89712,1,0,86296.2,0.410157,18,450.018,0,250010,0.410157,18.0007,-0,18.4109,0,0,18.4109,-2.91103,1,15,0,0,0.0295862,0,0,0,0,0,0.33829,-0.0718486,,,-0.351196,-0.761363,,,4.05688,3.64689,,
size_sweep,calm_deep,250000,aggressive,40,0,True,"coinbase>=1,000,000",prints+quotes,5002017,10,0.117278,2.19088e+06,0.518369,3.93333,-2.91103,aggressive,BTC-USD,sell,2.89712,250000,86292.6,0.0996609,2.46968e+06,2.89712,1,0,86290.8,0.209067,18,449.991,0,249995,0.209067,17.9996,-4.46221e-16,18.2087,0,0,18.2087,2.91103,1,11,0,0,0.0295862,0,0,0,0,0,0.280922,0.0718486,,,0.97045,0.761363,,,-3.4379,-3.64689,,
size_sweep,calm_deep,250000,hybrid,40,0,True,"coinbase>=1,000,000",prints+quotes,5002017,10,0.117278,2.19088e+06,0.518369,3.93333,-2.91103,hybrid,BTC-USD,buy,2.89712,250000,86292.6,0.0996609,2.2907e+06,2.89712,1,1,86294.4,0.203626,8,200.004,250005,0,0.203626,8.00016,-0,8.20379,0,0,8.20379,-2.91103,4,16,0,3,4,0,0,6,10,0,-0.18882,-0.389739,-0.18882,-0.389739,0.150069,-0.0508406,0.150069,-0.0508406,4.59488,4.39406,4.59488,4.39406
size_sweep,calm_deep,250000,hybrid,40,0,True,"coinbase>=1,000,000",prints+quotes,5002017,10,0.117278,2.19088e+06,0.518369,3.93333,-2.91103,hybrid,BTC-USD,sell,2.89712,250000,86292.6,0.0996609,2.46968e+06,2.89712,1,1,86294.9,-0.260155,8,200.005,250007,0,-0.260155,8.00021,0,7.74005,0,0,7.74005,2.91103,2,10,0,1,2.5,0,0,0,10,0,0.359212,0.116336,0.359212,0.116336,-0.0119973,-0.254858,-0.0119973,-0.254858,-4.32804,-4.5708,-4.32804,-4.5708
size_sweep,calm_deep,250000,hybrid|prints-only,40,0,True,"coinbase>=1,000,000",prints-only,5002017,10,0.117278,2.19088e+06,0.518369,3.93333,-2.91103,hybrid,BTC-USD,buy,2.89712,250000,86292.6,0.0996609,2.2907e+06,2.89712,1,0.543707,86267,-2.9663,12.5628,313.976,135891,114035,-2.9663,12.559,-1.0048e-08,9.59274,4e-12,0.000862675,9.59274,-2.91103,31,57,0,30,42.1413,0,0,49,0,0,0.239315,0.250597,0.255244,0.363131,1.22059,1.23188,1.00108,1.10896,-0.504916,-0.493628,0.0353827,0.143292
size_sweep,calm_deep,250000,hybrid|prints-only,40,0,True,"coinbase>=1,000,000",prints-only,5002017,10,0.117278,2.19088e+06,0.518369,3.93333,-2.91103,hybrid,BTC-USD,sell,2.89712,250000,86292.6,0.0996609,2.46968e+06,2.89712,1,0.220898,86267.1,2.96016,15.7904,394.643,55223.8,194702,2.96016,15.7857,0,18.7459,0,0,18.7459,2.91103,28,33,0,27,42.1665,0,0,20,0,0,0.306654,0.0370169,0.657345,0.578481,-0.884139,-1.15374,-0.282729,-0.361583,0.381981,0.112317,-3.83048,-3.90931
size_sweep,calm_deep,250000,passive,40,0,True,"coinbase>=1,000,000",prints+quotes,5002017,10,0.117278,2.19088e+06,0.518369,3.93333,-2.91103,passive,BTC-USD,buy,2.89712,250000,86292.6,0.0996609,2.2907e+06,2.89712,1,1,86294.4,0.203626,8,200.004,250005,0,0.203626,8.00016,-0,8.20379,0,0,8.20379,-2.91103,4,16,0,3,4,0,0,6,10,0,-0.18882,-0.389739,-0.18882,-0.389739,0.150069,-0.0508406,0.150069,-0.0508406,4.59488,4.39406,4.59488,4.39406
size_sweep,calm_deep,250000,passive,40,0,True,"coinbase>=1,000,000",prints+quotes,5002017,10,0.117278,2.19088e+06,0.518369,3.93333,-2.91103,passive,BTC-USD,sell,2.89712,250000,86292.6,0.0996609,2.46968e+06,2.89712,1,1,86294.9,-0.260155,8,200.005,250007,0,-0.260155,8.00021,0,7.74005,0,0,7.74005,2.91103,2,10,0,1,2.5,0,0,0,10,0,0.359212,0.116336,0.359212,0.116336,-0.0119973,-0.254858,-0.0119973,-0.254858,-4.32804,-4.5708,-4.32804,-4.5708
size_sweep,calm_deep,250000,passive|prints-only,40,0,True,"coinbase>=1,000,000",prints-only,5002017,10,0.117278,2.19088e+06,0.518369,3.93333,-2.91103,passive,BTC-USD,buy,2.89712,250000,86292.6,0.0996609,2.2907e+06,1.64462,0.567674,1,86269.5,-2.68142,8,113.504,141881,0,-1.52218,4.54018,-1.25851,1.75949,0.0758767,108052,9.6151,-2.91103,41,68,0,41,59.7099,0,0,68,0,0,0.23924,0.334861,0.23924,0.334861,0.941175,1.03679,0.941175,1.03679,-0.00584732,0.0897938,-0.00584732,0.0897938
size_sweep,calm_deep,250000,passive|prints-only,40,0,True,"coinbase>=1,000,000",prints-only,5002017,10,0.117278,2.19088e+06,0.518369,3.93333,-2.91103,passive,BTC-USD,sell,2.89712,250000,86292.6,0.0996609,2.46968e+06,0.867956,0.299593,1,86281.6,1.27823,8,59.9109,74888.6,0,0.382947,2.39644,2.0389,4.81829,0.121313,175048,17.543,2.91103,38,44,0,38,58.3078,0,0,44,0,0,0.489866,0.42918,0.489866,0.42918,-0.111519,-0.172196,-0.111519,-0.172196,-2.40249,-2.46315,-2.40249,-2.46315
size_sweep,calm_deep,250000,aggressive,40,0,True,"coinbase>=1,000,000",prints+quotes,5002018,10,0.121394,2.16661e+06,0.509413,3.93333,7.61335,aggressive,BTC-USD,buy,2.89701,250000,86295.8,0.00231761,2.25987e+06,2.89701,1,0,86295.9,0.0185987,18,450.001,0,250000,0.0185987,18,-1.16707e-15,18.0186,0,0,18.0186,7.61335,1,11,0,0,0.0320183,0,0,0,0,0,-0.981448,-1.00005,,,-1.30128,-1.31988,,,-3.897,-3.9156,,
size_sweep,calm_deep,250000,aggressive,40,0,True,"coinbase>=1,000,000",prints+quotes,5002018,10,0.121394,2.16661e+06,0.509413,3.93333,7.61335,aggressive,BTC-USD,sell,2.89701,250000,86295.8,0.00231761,2.0913e+06,2.89701,1,0,86291.5,0.499019,18,449.978,0,249988,0.499019,17.9991,-0,18.4981,0,0,18.4981,-7.61335,1,13,0,0,0.0320183,0,0,0,0,0,1.49915,1.00005,,,1.81899,1.31988,,,4.41485,3.9156,,
size_sweep,calm_deep,250000,hybrid,40,0,True,"coinbase>=1,000,000",prints+quotes,5002018,10,0.121394,2.16661e+06,0.509413,3.93333,7.61335,hybrid,BTC-USD,buy,2.89701,250000,86295.8,0.00231761,2.25987e+06,2.89701,1,1,86304.9,1.0594,8,200.021,250026,0,1.0594,8.00085,2.628e-08,9.06025,8e-11,0.000863617,9.06025,7.61335,3,11,0,2,4.4,0,0,3,8,0,-0.166255,-0.367588,-0.166255,-0.367588,-0.627782,-0.829123,-0.627782,-0.829123,-2.86581,-3.0672,-2.86581,-3.0672
size_sweep,calm_deep,250000,hybrid,40,0,True,"coinbase>=1,000,000",prints+quotes,5002018,10,0.121394,2.16661e+06,0.509413,3.93333,7.61335,hybrid,BTC-USD,sell,2.89701,250000,86295.8,0.00231761,2.0913e+06,2.89701,1,1,86297.4,-0.190096,8,200.004,250005,0,-0.190096,8.00015,-0,7.81006,0,0,7.81006,-7.61335,2,11,0,1,1.1,0,0,4,7,0,0.824679,0.547801,0.824679,0.547801,1.22827,0.951381,1.22827,0.951381,3.20916,2.93222,3.20916,2.93222
size_sweep,calm_deep,250000,hybrid|prints-only,40,0,True,"coinbase>=1,000,000",prints-only,5002018,10,0.121394,2.16661e+06,0.509413,3.93333,7.61335,hybrid,BTC-USD,buy,2.89701,250000,86295.8,0.00231761,2.25987e+06,2.89701,1,0.0381388,86323.3,3.18818,17.6186,440.606,9537.32,240542,3.18818,17.6242,0,20.8124,0,0,20.8124,7.61335,33,53,0,32,42.1405,0,0,41,0,0,0.0178015,-0.242414,0.138526,0.0715213,-1.94472,-2.20499,0.33453,0.267529,-4.89276,-5.15311,-3.03276,-3.0998
size_sweep,calm_deep,250000,hybrid|prints-only,40,0,True,"coinbase>=1,000,000",prints-only,5002018,10,0.121394,2.16661e+06,0.509413,3.93333,7.61335,hybrid,BTC-USD,sell,2.89701,250000,86295.8,0.00231761,2.0913e+06,2.89701,1,0.144084,86317.7,-2.54411,16.5594,414.09,36024.9,214039,-2.54411,16.5636,-0,14.0195,0,0,14.0195,-7.61335,30,63,0,29,42.1331,0,0,51,0,0,0.422473,0.2741,0.525011,0.388383,2.23853,2.09013,0.962083,0.825443,5.11201,4.96357,3.49063,3.35398
size_sweep,calm_deep,250000,passive,40,0,True,"coinbase>=1,000,000",prints+quotes,5002018,10,0.121394,2.16661e+06,0.509413,3.93333,7.61335,passive,BTC-USD,buy,2.89701,250000,86295.8,0.00231761,2.25987e+06,2.89701,1,1,86304.9,1.0594,8,200.021,250026,0,1.0594,8.00085,2.628e-08,9.06025,8e-11,0.000863617,9.06025,7.61335,3,11,0,2,4.4,0,0,3,8,0,-0.166255,-0.367588,-0.166255,-0.367588,-0.627782,-0.829123,-0.627782,-0.829123,-2.86581,-3.0672,-2.86581,-3.0672
size_sweep,calm_deep,250000,passive,40,0,True,"coinbase>=1,000,000",prints+quotes,5002018,10,0.121394,2.16661e+06,0.509413,3.93333,7.61335,passive,BTC-USD,sell,2.89701,250000,86295.8,0.00231761,2.0913e+06,2.89701,1,1,86297.4,-0.190096,8,200.004,250005,0,-0.190096,8.00015,-0,7.81006,0,0,7.81006,-7.61335,2,11,0,1,1.1,0,0,4,7,0,0.824679,0.547801,0.824679,0.547801,1.22827,0.951381,1.22827,0.951381,3.20916,2.93222,3.20916,2.93222
size_sweep,calm_deep,250000,passive|prints-only,40,0,True,"coinbase>=1,000,000",prints-only,5002018,10,0.121394,2.16661e+06,0.509413,3.93333,7.61335,passive,BTC-USD,buy,2.89701,250000,86295.8,0.00231761,2.25987e+06,0.477,0.164652,1,86341.4,5.28636,8,32.9479,41184.8,0,0.870411,1.31791,6.35979,8.54812,0.125596,208999,23.7216,7.61335,44,67,0,44,58.2095,0,0,67,0,0,0.132726,0.0560625,0.132726,0.0560625,-0.200501,-0.277166,-0.200501,-0.277166,-1.80136,-1.87805,-1.80136,-1.87805
size_sweep,calm_deep,250000,passive|prints-only,40,0,True,"coinbase>=1,000,000",prints-only,5002018,10,0.121394,2.16661e+06,0.509413,3.93333,7.61335,passive,BTC-USD,sell,2.89701,250000,86295.8,0.00231761,2.0913e+06,0.63326,0.218591,1,86317.4,-2.5024,8,43.7291,54661.3,0,-0.547001,1.74916,-5.94914,-4.74698,0.0961733,195499,9.4251,-7.61335,39,75,0,39,60.0018,0,0,75,0,1.461e-05,0.404822,0.178143,0.404822,0.178143,1.0441,0.817404,1.0441,0.817404,2.93875,2.71203,2.93875,2.71203
size_sweep,calm_deep,250000,aggressive,40,0,True,"coinbase>=1,000,000",prints+quotes,5002019,10,0.122717,2.20286e+06,0.57005,3.43333,0.0962008,aggressive,BTC-USD,buy,2.89762,250000,86277.8,0.0533161,2.13917e+06,2.89762,1,0,86279.2,0.162948,18,450.007,0,250004,0.162948,18.0003,0,18.1632,0,0,18.1632,0.0962008,1,22,0,0,0.0416083,0,0,0,0,0,-0.086246,-0.249195,,,-0.402081,-0.565035,,,1.40195,1.23902,,
size_sweep,calm_deep,250000,aggressive,40,0,True,"coinbase>=1,000,000",prints+quotes,5002019,10,0.122717,2.20286e+06,0.57005,3.43333,0.0962008,aggressive,BTC-USD,sell,2.89762,250000,86277.8,0.0533161,2.32528e+06,2.89762,1,0,86276.2,0.183582,18,449.992,0,249995,0.183582,17.9997,-0,18.1833,0,0,18.1833,-0.0962008,1,9,0,0,0.0416083,0,0,0,0,0,0.432785,0.249195,,,0.748631,0.565035,,,-1.05546,-1.23902,,
size_sweep,calm_deep,250000,hybrid,40,0,True,"coinbase>=1,000,000",prints+quotes,5002019,10,0.122717,2.20286e+06,0.57005,3.43333,0.0962008,hybrid,BTC-USD,buy,2.89762,250000,86277.8,0.0533161,2.13917e+06,2.89762,1,1,86277.6,-0.025499,8,199.999,249999,0,-0.025499,7.99998,0,7.97448,0,0,7.97448,0.0962008,1,5,0,0,0.5,0,0,0,5,0,0.45194,0.26861,0.45194,0.26861,-0.0773828,-0.260723,-0.0773828,-0.260723,1.55941,1.3761,1.55941,1.3761
size_sweep,calm_deep,250000,hybrid,40,0,True,"coinbase>=1,000,000",prints+quotes,5002019,10,0.122717,2.20286e+06,0.57005,3.43333,0.0962008,hybrid,BTC-USD,sell,2.89762,250000,86277.8,0.0533161,2.32528e+06,2.89762,1,1,86278.5,-0.0763415,8,200.002,250002,0,-0.0763415,8.00006,-0,7.92372,0,0,7.92372,-0.0962008,4,14,0,3,4,0,0,7,7,0,0.335187,0.0231402,0.335187,0.0231402,0.894791,0.582725,0.894791,0.582725,-0.0577741,-0.369807,-0.0577741,-0.369807
size_sweep,calm_deep,250000,hybrid|prints-only,40,0,True,"coinbase>=1,000,000",prints-only,5002019,10,0.122717,2.20286e+06,0.57005,3.43333,0.0962008,hybrid,BTC-USD,buy,2.89762,250000,86277.8,0.0533161,2.13917e+06,2.89762,1,0.0766155,86298.6,2.40952,17.234,430.954,19154,230906,2.40952,17.2382,0,19.6477,0,0,19.6477,0.0962008,32,42,0,31,42.1791,0,0,31,0,0,-0.371449,-0.448723,-0.332224,-0.270601,1.66094,1.58368,-0.562825,-0.501201,0.96058,0.883319,-1.0874,-1.02577
size_sweep,calm_deep,250000,hybrid|prints-only,40,0,True,"coinbase>=1,000,000",prints-only,5002019,10,0.122717,2.20286e+06,0.57005,3.43333,0.0962008,hybrid,BTC-USD,sell,2.89762,250000,86277.8,0.0533161,2.32528e+06,2.89762,1,0.0291124,86296.7,-2.18512,17.7089,442.82,7278.46,242776,-2.18512,17.7128,-0,15.5277,0,0,15.5277,-0.0962008,32,56,0,31,42.1791,0,0,44,0,0,0.729112,0.449172,0.301906,-0.0287194,-1.40527,-1.68515,1.0307,0.700052,-0.727065,-1.00696,0.482792,0.152146
size_sweep,calm_deep,250000,passive,40,0,True,"coinbase>=1,000,000",prints+quotes,5002019,10,0.122717,2.20286e+06,0.57005,3.43333,0.0962008,passive,BTC-USD,buy,2.89762,250000,86277.8,0.0533161,2.13917e+06,2.89762,1,1,86277.6,-0.025499,8,199.999,249999,0,-0.025499,7.99998,0,7.97448,0,0,7.97448,0.0962008,1,5,0,0,0.5,0,0,0,5,0,0.45194,0.26861,0.45194,0.26861,-0.0773828,-0.260723,-0.0773828,-0.260723,1.55941,1.3761,1.55941,1.3761
size_sweep,calm_deep,250000,passive,40,0,True,"coinbase>=1,000,000",prints+quotes,5002019,10,0.122717,2.20286e+06,0.57005,3.43333,0.0962008,passive,BTC-USD,sell,2.89762,250000,86277.8,0.0533161,2.32528e+06,2.89762,1,1,86278.5,-0.0763415,8,200.002,250002,0,-0.0763415,8.00006,-0,7.92372,0,0,7.92372,-0.0962008,4,14,0,3,4,0,0,7,7,0,0.335187,0.0231402,0.335187,0.0231402,0.894791,0.582725,0.894791,0.582725,-0.0577741,-0.369807,-0.0577741,-0.369807
size_sweep,calm_deep,250000,passive|prints-only,40,0,True,"coinbase>=1,000,000",prints-only,5002019,10,0.122717,2.20286e+06,0.57005,3.43333,0.0962008,passive,BTC-USD,buy,2.89762,250000,86277.8,0.0533161,2.13917e+06,0.634988,0.219141,1,86288.6,1.24346,8,43.8337,54792.2,0,0.272493,1.75335,0.0751193,2.10096,0.193825,195221,16.3507,0.0962008,47,54,0,47,59.907,0,0,54,0,0,0.20988,0.122012,0.20988,0.122012,0.206328,0.118462,0.206328,0.118462,1.01117,0.923325,1.01117,0.923325
size_sweep,calm_deep,250000,passive|prints-only,40,0,True,"coinbase>=1,000,000",prints-only,5002019,10,0.122717,2.20286e+06,0.57005,3.43333,0.0962008,passive,BTC-USD,sell,2.89762,250000,86277.8,0.0533161,2.32528e+06,0.436365,0.150594,1,86287.2,-1.08445,8,30.1222,37652.7,0,-0.163312,1.20489,-0.0817135,0.959861,0.0576178,212352,16.3068,-0.0962008,45,67,0,45,59.3094,0,0,67,0,0,-0.0390145,-0.215265,-0.0390145,-0.215265,-0.397156,-0.573406,-0.397156,-0.573406,-1.96276,-2.13899,-1.96276,-2.13899
size_sweep,calm_deep,1e+06,aggressive,40,0,True,"coinbase>=1,000,000",prints+quotes,5003000,10,0.115244,2.13699e+06,0.506232,3.81667,4.65197,aggressive,BTC-USD,buy,11.5879,1e+06,86296.7,0.00463517,1.96234e+06,11.5879,1,0,86300.2,0.39718,18,1800.07,0,1.00004e+06,0.39718,18.0007,0,18.3979,0,0,18.3979,4.65197,1,44,0,0,0.0513155,0,0,0,0,0,-0.546636,-0.943836,,,-0.301561,-0.698752,,,0.831693,0.434547,,
size_sweep,calm_deep,1e+06,aggressive,40,0,True,"coinbase>=1,000,000",prints+quotes,5003000,10,0.115244,2.13699e+06,0.506232,3.81667,4.65197,aggressive,BTC-USD,sell,11.5879,1e+06,86296.7,0.00463517,2.08436e+06,11.5879,1,0,86293.3,0.395569,18,1799.93,0,999960,0.395569,17.9993,-0,18.3949,0,0,18.3949,-4.65197,1,42,0,0,0.0513155,0,0,0,0,0,1.33946,0.943836,,,1.09437,0.698752,,,-0.0389782,-0.434547,,
size_sweep,calm_deep,1e+06,hybrid,40,0,True,"coinbase>=1,000,000",prints+quotes,5003000,10,0.115244,2.13699e+06,0.506232,3.81667,4.65197,hybrid,BTC-USD,buy,11.5879,1e+06,86296.7,0.00463517,1.96234e+06,11.5879,1,1,86305.7,1.04098,8,800.083,1.0001e+06,0,1.04098,8.00083,0,9.04181,0,0,9.04181,4.65197,6,42,0,5,7.3,0,0,10,32,0,0.267697,-0.00078563,0.267697,-0.00078563,-0.123103,-0.391597,-0.123103,-0.391597,0.609452,0.340978,0.609452,0.340978
size_sweep,calm_deep,1e+06,hybrid,40,0,True,"coinbase>=1,000,000",prints+quotes,5003000,10,0.115244,2.13699e+06,0.506232,3.81667,4.65197,hybrid,BTC-USD,sell,11.5879,1e+06,86296.7,0.00463517,2.08436e+06,11.5879,1,1,86299.7,-0.348972,8,800.028,1.00003e+06,0,-0.348972,8.00028,-0,7.65131,0,0,7.65131,-4.65197,2,14,0,1,1.3,0,0,3,11,0,0.988377,0.502101,0.988377,0.502101,0.366183,-0.12006,0.366183,-0.12006,-1.01607,-1.50225,-1.01607,-1.50225
size_sweep,calm_deep,1e+06,hybrid|prints-only,40,0,True,"coinbase>=1,000,000",prints-only,5003000,10,0.115244,2.13699e+06,0.506232,3.81667,4.65197,hybrid,BTC-USD,buy,11.5879,1e+06,86296.7,0.00463517,1.96234e+06,11.5879,1,0.0607684,86314.7,2.08601,17.3924,1739.6,60776.7,939432,2.08601,17.396,0,19.482,0,0,19.482,4.65197,29,91,0,28,42.1524,0,0,42,0,0,0.116488,-0.261894,0.709869,0.605784,-1.16991,-1.54834,0.213978,0.109896,-4.30348,-4.68203,-1.25878,-1.36286
size_sweep,calm_deep,1e+06,hybrid|prints-only,40,0,True,"coinbase>=1,000,000",prints-only,5003000,10,0.115244,2.13699e+06,0.506232,3.81667,4.65197,hybrid,BTC-USD,sell,11.5879,1e+06,86296.7,0.00463517,2.08436e+06,11.5879,1,0.037549,86306.4,-1.12567,17.6245,1762.65,37553.2,962559,-1.12567,17.6265,1.42624e-15,16.5008,0,0,16.5008,-4.65197,31,99,1,29,42.1556,0,0,41,0,0,0.925341,0.327133,0.843705,0.560367,2.25727,1.65898,2.02826,1.74488,5.4488,4.85032,3.94263,3.65919
size_sweep,calm_deep,1e+06,passive,40,0,True,"coinbase>=1,000,000",prints+quotes,5003000,10,0.115244,2.13699e+06,0.506232,3.81667,4.65197,passive,BTC-USD,buy,11.5879,1e+06,86296.7,0.00463517,1.96234e+06,11.5879,1,1,86305.7,1.04098,8,800.083,1.0001e+06,0,1.04098,8.00083,0,9.04181,0,0,9.04181,4.65197,6,42,0,5,7.3,0,0,10,32,0,0.267697,-0.00078563,0.267697,-0.00078563,-0.123103,-0.391597,-0.123103,-0.391597,0.609452,0.340978,0.609452,0.340978
size_sweep,calm_deep,1e+06,passive,40,0,True,"coinbase>=1,000,000",prints+quotes,5003000,10,0.115244,2.13699e+06,0.506232,3.81667,4.65197,passive,BTC-USD,sell,11.5879,1e+06,86296.7,0.00463517,2.08436e+06,11.5879,1,1,86299.7,-0.348972,8,800.028,1.00003e+06,0,-0.348972,8.00028,-0,7.65131,0,0,7.65131,-4.65197,2,14,0,1,1.3,0,0,3,11,0,0.988377,0.502101,0.988377,0.502101,0.366183,-0.12006,0.366183,-0.12006,-1.01607,-1.50225,-1.01607,-1.50225
size_sweep,calm_deep,1e+06,passive|prints-only,40,0,True,"coinbase>=1,000,000",prints-only,5003000,10,0.115244,2.13699e+06,0.506232,3.81667,4.65197,passive,BTC-USD,buy,11.5879,1e+06,86296.7,0.00463517,1.96234e+06,0.802462,0.0692498,1,86310.7,1.61831,8,55.4088,69261,0,0.112067,0.554088,4.32982,4.99598,0.177662,931201,21.9353,4.65197,41,57,0,41,57.1088,0,0,57,0,0,0.507757,0.404101,0.507757,0.404101,0.210638,0.106986,0.210638,0.106986,-1.76453,-1.86819,-1.76453,-1.86819
size_sweep,calm_deep,1e+06,passive|prints-only,40,0,True,"coinbase>=1,000,000",prints-only,5003000,10,0.115244,2.13699e+06,0.506232,3.81667,4.65197,passive,BTC-USD,sell,11.5879,1e+06,86296.7,0.00463517,2.08436e+06,0.874175,0.0754385,1,86317.5,-2.40829,8,60.3653,75456.7,0,-0.181678,0.603653,-4.30103,-3.87906,0.583066,924933,13.3528,-4.65197,41,71,1,40,59.3073,0,0,71,0,0,0.647611,0.526934,0.647611,0.526934,1.61283,1.49214,1.61283,1.49214,4.033,3.91228,4.033,3.91228
size_sweep,calm_deep,1e+06,aggressive,40,0,True,"coinbase>=1,000,000",prints+quotes,5003001,10,0.125152,2.12402e+06,0.520517,4.26667,3.83221,aggressive,BTC-USD,buy,11.5882,1e+06,86295,0.0521467,2.17992e+06,11.5882,1,0,86297.8,0.335006,18,1800.06,0,1.00003e+06,0.335006,18.0006,1.17488e-15,18.3356,0,0,18.3356,3.83221,1,47,0,0,0.0304529,0,0,0,0,0,0.00705992,-0.327945,,,1.07661,0.741642,,,-0.105341,-0.44035,,
size_sweep,calm_deep,1e+06,aggressive,40,0,True,"coinbase>=1,000,000",prints+quotes,5003001,10,0.125152,2.12402e+06,0.520517,4.26667,3.83221,aggressive,BTC-USD,sell,11.5882,1e+06,86295,0.0521467,2.10061e+06,11.5882,1,0,86290,0.576492,18,1799.9,0,999942,0.576492,17.999,-1.17488e-15,18.5755,0,0,18.5755,-3.83221,1,51,0,0,0.0304529,0,0,0,0,0,0.904494,0.327945,,,-0.165155,-0.741642,,,1.01691,0.44035,,
size_sweep,calm_deep,1e+06,hybrid,40,0,True,"coinbase>=1,000,000",prints+quotes,5003001,10,0.125152,2.12402e+06,0.520517,4.26667,3.83221,hybrid,BTC-USD,buy,11.5882,1e+06,86295,0.0521467,2.17992e+06,11.5882,1,1,86294.9,-0.00991945,8,799.999,999999,0,-0.00991945,7.99999,0,7.99007,0,0,7.99007,3.83221,4,26,0,3,4.7,0,0,10,16,0,0.3933,0.112412,0.3933,0.112412,0.906211,0.625335,0.906211,0.625335,-0.63801,-0.918927,-0.63801,-0.918927
size_sweep,calm_deep,1e+06,hybrid,40,0,True,"coinbase>=1,000,000",prints+quotes,5003001,10,0.125152,2.12402e+06,0.520517,4.26667,3.83221,hybrid,BTC-USD,sell,11.5882,1e+06,86295,0.0521467,2.10061e+06,11.5882,1,1,86294.7,0.0339615,8,799.997,999997,0,0.0339615,7.99997,-0,8.03393,0,0,8.03393,-3.83221,5,30,0,4,8.6,0,0,12,18,0,0.494286,0.156293,0.494286,0.156293,-0.927341,-1.26528,-0.927341,-1.26528,0.924671,0.586663,0.924671,0.586663
size_sweep,calm_deep,1e+06,hybrid|prints-only,40,0,True,"coinbase>=1,000,000",prints-only,5003001,10,0.125152,2.12402e+06,0.520517,4.26667,3.83221,hybrid,BTC-USD,buy,11.5882,1e+06,86295,0.0521467,2.17992e+06,11.5882,1,0.0246743,86295.1,0.0170743,17.7533,1775.33,24673.2,975329,0.0170743,17.7533,-5.87441e-16,17.7704,0,0,17.7704,3.83221,25,89,0,24,42.1562,0,0,53,0,0,0.0992803,-0.655672,0.584472,0.500122,-0.53418,-1.28918,0.0130314,-0.0713221,-4.89974,-5.65507,-1.68513,-1.7695
size_sweep,calm_deep,1e+06,hybrid|prints-only,40,0,True,"coinbase>=1,000,000",prints-only,5003001,10,0.125152,2.12402e+06,0.520517,4.26667,3.83221,hybrid,BTC-USD,sell,11.5882,1e+06,86295,0.0521467,2.10061e+06,11.5882,1,0.0297058,86285.2,1.12479,17.7029,1770.09,29703,970185,1.12479,17.7009,-0,18.8257,0,0,18.8257,-3.83221,25,96,1,23,42.1569,0,0,53,0,0,1.04379,0.664592,0.132977,0.000892072,1.67628,1.29706,0.680106,0.548013,5.99424,5.61485,1.22254,1.09044
size_sweep,calm_deep,1e+06,passive,40,0,True,"coinbase>=1,000,000",prints+quotes,5003001,10,0.125152,2.12402e+06,0.520517,4.26667,3.83221,passive,BTC-USD,buy,11.5882,1e+06,86295,0.0521467,2.17992e+06,11.5882,1,1,86294.9,-0.00991945,8,799.999,999999,0,-0.00991945,7.99999,0,7.99007,0,0,7.99007,3.83221,4,26,0,3,4.7,0,0,10,16,0,0.3933,0.112412,0.3933,0.112412,0.906211,0.625335,0.906211,0.625335,-0.63801,-0.918927,-0.63801,-0.918927
size_sweep,calm_deep,1e+06,passive,40,0,True,"coinbase>=1,000,000",prints+quotes,5003001,10,0.125152,2.12402e+06,0.520517,4.26667,3.83221,passive,BTC-USD,sell,11.5882,1e+06,86295,0.0521467,2.10061e+06,11.5882,1,1,86294.7,0.0339615,8,799.997,999997,0,0.0339615,7.99997,-0,8.03393,0,0,8.03393,-3.83221,5,30,0,4,8.6,0,0,12,18,0,0.494286,0.156293,0.494286,0.156293,-0.927341,-1.26528,-0.927341,-1.26528,0.924671,0.586663,0.924671,0.586663
size_sweep,calm_deep,1e+06,passive|prints-only,40,0,True,"coinbase>=1,000,000",prints-only,5003001,10,0.125152,2.12402e+06,0.520517,4.26667,3.83221,passive,BTC-USD,buy,11.5882,1e+06,86295,0.0521467,2.17992e+06,0.393148,0.0339267,1,86300,0.589022,8,27.1429,33928.7,0,0.0199836,0.271429,3.70219,3.9936,0.321101,966476,21.7113,3.83221,37,69,0,37,58.6022,0,0,69,0,0,0.269141,0.118638,0.269141,0.118638,-0.394713,-0.545226,-0.394713,-0.545226,-1.83816,-1.98868,-1.83816,-1.98868
size_sweep,calm_deep,1e+06,passive|prints-only,40,0,True,"coinbase>=1,000,000",prints-only,5003001,10,0.125152,2.12402e+06,0.520517,4.26667,3.83221,passive,BTC-USD,sell,11.5882,1e+06,86295,0.0521467,2.10061e+06,0.35647,0.0307616,1,86287.8,0.83187,8,24.6072,30759,0,0.0255896,0.246072,-3.71432,-3.44266,0.638576,969546,14.6477,-3.83221,37,75,1,36,59.4035,0,0,75,0,0,0.141769,0.0110475,0.141769,0.0110475,0.697105,0.566375,0.697105,0.566375,1.27167,1.14093,1.27167,1.14093
size_sweep,calm_deep,1e+06,aggressive,40,0,True,"coinbase>=1,000,000",prints+quotes,5003002,10,0.122043,2.14377e+06,0.543181,3.91667,3.09798,aggressive,BTC-USD,buy,11.5921,1e+06,86265.9,0.134468,2.33606e+06,11.5921,1,0,86271.5,0.654846,18,1800.12,0,1.00007e+06,0.654846,18.0012,-4.74731e-16,18.656,0,0,18.656,3.09798,1,44,0,0,0.0281823,0,0,0,0,0,0.600898,-0.0539031,,,1.82726,1.17254,,,1.93448,1.27976,,
size_sweep,calm_deep,1e+06,aggressive,40,0,True,"coinbase>=1,000,000",prints+quotes,5003002,10,0.122043,2.14377e+06,0.543181,3.91667,3.09798,aggressive,BTC-USD,sell,11.5921,1e+06,86265.9,0.134468,2.34675e+06,11.5921,1,0,86263.8,0.244289,18,1799.96,0,999976,0.244289,17.9996,-0,18.2438,0,0,18.2438,-3.09798,1,46,0,0,0.0281823,0,0,0,0,0,0.298201,0.0539031,,,-0.928271,-1.17254,,,-1.0355,-1.27976,,
size_sweep,calm_deep,1e+06,hybrid,40,0,True,"coinbase>=1,000,000",prints+quotes,5003002,10,0.122043,2.14377e+06,0.543181,3.91667,3.09798,hybrid,BTC-USD,buy,11.5921,1e+06,86265.9,0.134468,2.33606e+06,11.5921,1,1,86265.3,-0.0644642,8,799.995,999994,0,-0.0644642,7.99995,0,7.93548,0,0,7.93548,3.09798,3,18,0,2,2.9,0,0,5,13,0,-0.0356353,-0.57001,-0.0356353,-0.57001,1.06827,0.53397,1.06827,0.53397,1.01294,0.47863,1.01294,0.47863
size_sweep,calm_deep,1e+06,hybrid,40,0,True,"coinbase>=1,000,000",prints+quotes,5003002,10,0.122043,2.14377e+06,0.543181,3.91667,3.09798,hybrid,BTC-USD,sell,11.5921,1e+06,86265.9,0.134468,2.34675e+06,11.5921,1,1,86263.5,0.27392,8,799.978,999973,0,0.27392,7.99978,-0,8.2737,0,0,8.2737,-3.09798,3,28,0,2,3.1,0,0,6,22,0,0.216228,-0.0199454,0.216228,-0.0199454,-0.0977273,-0.333889,-0.0977273,-0.333889,-0.430297,-0.666451,-0.430297,-0.666451
size_sweep,calm_deep,1e+06,hybrid|prints-only,40,0,True,"coinbase>=1,000,000",prints-only,5003002,10,0.122043,2.14377e+06,0.543181,3.91667,3.09798,hybrid,BTC-USD,buy,11.5921,1e+06,86265.9,0.134468,2.33606e+06,11.5921,1,0.0480963,86281.6,1.82219,17.5191,1752.23,48095.4,952087,1.82219,17.5223,-9.49463e-16,19.3445,0,0,19.3445,3.09798,33,87,0,32,42.1327,0,1,36,0,0,0.60876,0.294327,0.434603,0.315996,-0.293158,-0.607621,1.63848,1.51989,0.743849,0.429421,0.662787,0.544177
size_sweep,calm_deep,1e+06,hybrid|prints-only,40,0,True,"coinbase>=1,000,000",prints-only,5003002,10,0.122043,2.14377e+06,0.543181,3.91667,3.09798,hybrid,BTC-USD,sell,11.5921,1e+06,86265.9,0.134468,2.34675e+06,11.5921,1,0.236978,86272.5,-0.769085,15.6306,1563.18,236961,763116,-0.769085,15.6318,-2.6725e-09,14.8627,5.5e-12,0.000862926,14.8627,-3.09798,34,93,1,32,42.1173,0,0,59,0,0,0.25784,-0.140236,0.869923,0.352382,0.865473,0.467386,0.187214,-0.330255,0.649393,0.251312,2.94204,2.42446
size_sweep,calm_deep,1e+06,passive,40,0,True,"coinbase>=1,000,000",prints+quotes,5003002,10,0.122043,2.14377e+06,0.543181,3.91667,3.09798,passive,BTC-USD,buy,11.5921,1e+06,86265.9,0.134468,2.33606e+06,11.5921,1,1,86265.3,-0.0644642,8,799.995,999994,0,-0.0644642,7.99995,0,7.93548,0,0,7.93548,3.09798,3,18,0,2,2.9,0,0,5,13,0,-0.0356353,-0.57001,-0.0356353,-0.57001,1.06827,0.53397,1.06827,0.53397,1.01294,0.47863,1.01294,0.47863
size_sweep,calm_deep,1e+06,passive,40,0,True,"coinbase>=1,000,000",prints+quotes,5003002,10,0.122043,2.14377e+06,0.543181,3.91667,3.09798,passive,BTC-USD,sell,11.5921,1e+06,86265.9,0.134468,2.34675e+06,11.5921,1,1,86263.5,0.27392,8,799.978,999973,0,0.27392,7.99978,-0,8.2737,0,0,8.2737,-3.09798,3,28,0,2,3.1,0,0,6,22,0,0.216228,-0.0199454,0.216228,-0.0199454,-0.0977273,-0.333889,-0.0977273,-0.333889,-0.430297,-0.666451,-0.430297,-0.666451
size_sweep,calm_deep,1e+06,passive|prints-only,40,0,True,"coinbase>=1,000,000",prints-only,5003002,10,0.122043,2.14377e+06,0.543181,3.91667,3.09798,passive,BTC-USD,buy,11.5921,1e+06,86265.9,0.134468,2.33606e+06,0.594633,0.0512965,1,86265.2,-0.080865,8,41.0369,51296.1,0,-0.00414809,0.410369,2.93907,3.34529,0.22403,949020,20.6517,3.09798,42,50,0,42,56.0142,0,1,49,0,0,0.422533,0.318281,0.422533,0.318281,1.44129,1.33705,1.44129,1.33705,0.62774,0.523486,0.62774,0.523486
size_sweep,calm_deep,1e+06,passive|prints-only,40,0,True,"coinbase>=1,000,000",prints-only,5003002,10,0.122043,2.14377e+06,0.543181,3.91667,3.09798,passive,BTC-USD,sell,11.5921,1e+06,86265.9,0.134468,2.34675e+06,2.87578,0.248081,1,86260.9,0.578878,8,198.454,248067,0,0.143609,1.98454,-2.32943,-0.201284,0.60381,752091,13.9402,-3.09798,46,82,1,45,59.1048,0,0,82,0,0,0.854225,0.333471,0.854225,0.333471,0.170008,-0.350675,0.170008,-0.350675,2.68741,2.16663,2.68741,2.16663
size_sweep,calm_deep,1e+06,aggressive,40,0,True,"coinbase>=1,000,000",prints+quotes,5003003,10,0.116999,2.09819e+06,0.526963,4.13333,-1.36426,aggressive,BTC-USD,buy,11.591,1e+06,86274.1,0.235296,1.97831e+06,11.591,1,0,86281.5,0.855746,18,1800.15,0,1.00009e+06,0.855746,18.0015,-0,18.8573,0,0,18.8573,-1.36426,1,47,0,0,0.0750518,0,0,0,0,0,1.44327,0.587662,,,-0.299859,-1.15562,,,3.1951,2.33963,,
size_sweep,calm_deep,1e+06,aggressive,40,0,True,"coinbase>=1,000,000",prints+quotes,5003003,10,0.116999,2.09819e+06,0.526963,4.13333,-1.36426,aggressive,BTC-USD,sell,11.591,1e+06,86274.1,0.235296,2.31543e+06,11.591,1,0,86271.9,0.263585,18,1799.95,0,999974,0.263585,17.9995,2.09077e-16,18.2631,0,0,18.2631,1.36426,1,44,0,0,0.0750518,0,0,0,0,0,-0.324084,-0.587662,,,1.41924,1.15562,,,-2.0761,-2.33963,,
size_sweep,calm_deep,1e+06,hybrid,40,0,True,"coinbase>=1,000,000",prints+quotes,5003003,10,0.116999,2.09819e+06,0.526963,4.13333,-1.36426,hybrid,BTC-USD,buy,11.591,1e+06,86274.1,0.235296,1.97831e+06,11.591,1,1,86279.6,0.632002,8,800.051,1.00006e+06,0,0.632002,8.00051,-0,8.63251,0,0,8.63251,-1.36426,7,17,0,6,7.4,0,0,4,13,0,0.53956,0.117721,0.53956,0.117721,0.0765097,-0.345351,0.0765097,-0.345351,2.27214,1.85037,2.27214,1.85037
size_sweep,calm_deep,1e+06,hybrid,40,0,True,"coinbase>=1,000,000",prints+quotes,5003003,10,0.116999,2.09819e+06,0.526963,4.13333,-1.36426,hybrid,BTC-USD,sell,11.591,1e+06,86274.1,0.235296,2.31543e+06,11.591,1,1,86265.8,0.962082,8,799.923,999904,0,0.962082,7.99923,1.177e-09,8.96131,1.35e-11,0.000862622,8.96131,1.36426,4,16,0,3,3,0,0,3,13,0,1.19156,0.535565,1.19156,0.535565,2.19755,1.54148,2.19755,1.54148,-0.261853,-0.91776,-0.261853,-0.91776
size_sweep,calm_deep,1e+06,hybrid|prints-only,40,0,True,"coinbase>=1,000,000",prints-only,5003003,10,0.116999,2.09819e+06,0.526963,4.13333,-1.36426,hybrid,BTC-USD,buy,11.591,1e+06,86274.1,0.235296,1.97831e+06,11.591,1,0.0492162,86269.1,-0.588642,17.5079,1750.69,49208.5,950733,-0.588642,17.5069,-0,16.9182,0,0,16.9182,-1.36426,32,93,0,31,42.1457,0,0,53,0,0,0.649614,0.189005,0.538268,0.548346,-0.123755,-0.584399,-0.283948,-0.27387,1.00846,0.547873,-0.836668,-0.826589
size_sweep,calm_deep,1e+06,hybrid|prints-only,40,0,True,"coinbase>=1,000,000",prints-only,5003003,10,0.116999,2.09819e+06,0.526963,4.13333,-1.36426,hybrid,BTC-USD,sell,11.591,1e+06,86274.1,0.235296,2.31543e+06,11.591,1,0.00633122,86261.7,1.44382,17.9367,1793.41,6330.87,993525,1.44382,17.9341,2.09077e-16,19.3779,0,0,19.3779,1.36426,27,99,0,26,42.1481,0,0,54,0,0,0.25412,-0.170887,-0.0907918,-0.246652,1.01701,0.591972,-0.586319,-0.742178,-0.196935,-0.621924,-0.921767,-1.07762
size_sweep,calm_deep,1e+06,passive,40,0,True,"coinbase>=1,000,000",prints+quotes,5003003,10,0.116999,2.09819e+06,0.526963,4.13333,-1.36426,passive,BTC-USD,buy,11.591,1e+06,86274.1,0.235296,1.97831e+06,11.591,1,1,86279.6,0.632002,8,800.051,1.00006e+06,0,0.632002,8.00051,-0,8.63251,0,0,8.63251,-1.36426,7,17,0,6,7.4,0,0,4,13,0,0.53956,0.117721,0.53956,0.117721,0.0765097,-0.345351,0.0765097,-0.345351,2.27214,1.85037,2.27214,1.85037
size_sweep,calm_deep,1e+06,passive,40,0,True,"coinbase>=1,000,000",prints+quotes,5003003,10,0.116999,2.09819e+06,0.526963,4.13333,-1.36426,passive,BTC-USD,sell,11.591,1e+06,86274.1,0.235296,2.31543e+06,11.591,1,1,86265.8,0.962082,8,799.923,999904,0,0.962082,7.99923,1.177e-09,8.96131,1.35e-11,0.000862622,8.96131,1.36426,4,16,0,3,3,0,0,3,13,0,1.19156,0.535565,1.19156,0.535565,2.19755,1.54148,2.19755,1.54148,-0.261853,-0.91776,-0.261853,-0.91776
size_sweep,calm_deep,1e+06,passive|prints-only,40,0,True,"coinbase>=1,000,000",prints-only,5003003,10,0.116999,2.09819e+06,0.526963,4.13333,-1.36426,passive,BTC-USD,buy,11.591,1e+06,86274.1,0.235296,1.97831e+06,0.588163,0.0507433,1,86260.9,-1.53498,8,40.5884,50735.5,0,-0.0778899,0.405884,-1.29503,-0.967035,0.479609,949175,16.5977,-1.36426,43,80,0,43,59.1178,0,0,80,0,0,0.524448,0.52754,0.524448,0.52754,-0.26263,-0.259537,-0.26263,-0.259537,-0.740111,-0.737016,-0.740111,-0.737016
size_sweep,calm_deep,1e+06,passive|prints-only,40,0,True,"coinbase>=1,000,000",prints-only,5003003,10,0.116999,2.09819e+06,0.526963,4.13333,-1.36426,passive,BTC-USD,sell,11.591,1e+06,86274.1,0.235296,2.31543e+06,0.333959,0.028812,1,86268.9,0.604522,8,23.0482,28810.3,0,0.0174175,0.230482,1.32495,1.57285,0.459486,971010,19.5105,1.36426,38,75,0,38,57.3034,0,0,75,0,0,0.624158,0.30589,0.624158,0.30589,-0.441104,-0.759336,-0.441104,-0.759336,-2.12995,-2.44812,-2.12995,-2.44812
size_sweep,calm_deep,1e+06,aggressive,40,0,True,"coinbase>=1,000,000",prints+quotes,5003004,10,0.131957,2.25644e+06,0.642493,4.18333,1.42097,aggressive,BTC-USD,buy,11.5903,1e+06,86279.2,0.122857,1.85268e+06,11.5903,1,0,86287.8,0.988403,18,1800.18,0,1.0001e+06,0.988403,18.0018,-2.17781e-16,18.9902,0,0,18.9902,1.42097,1,55,0,0,0.0362212,0,0,0,0,0,1.0248,0.0365094,,,2.15068,1.1625,,,-2.9016,-3.89027,,
size_sweep,calm_deep,1e+06,aggressive,40,0,True,"coinbase>=1,000,000",prints+quotes,5003004,10,0.131957,2.25644e+06,0.642493,4.18333,1.42097,aggressive,BTC-USD,sell,11.5903,1e+06,86279.2,0.122857,1.9417e+06,11.5903,1,0,86275.9,0.393081,18,1799.93,0,999961,0.393081,17.9993,-6.53344e-16,18.3924,0,0,18.3924,-1.42097,1,53,0,0,0.0362212,0,0,0,0,0,0.35659,-0.0365094,,,-0.769449,-1.1625,,,4.28353,3.89027,,
size_sweep,calm_deep,1e+06,hybrid,40,0,True,"coinbase>=1,000,000",prints+quotes,5003004,10,0.131957,2.25644e+06,0.642493,4.18333,1.42097,hybrid,BTC-USD,buy,11.5903,1e+06,86279.2,0.122857,1.85268e+06,11.5903,1,1,86277,-0.261384,8,799.979,999974,0,-0.261384,7.99979,0,7.73841,0,0,7.73841,1.42097,3,13,0,2,3,0,0,1,12,0,0.733919,-0.0353807,0.733919,-0.0353807,1.64968,0.880449,1.64968,0.880449,-4.16287,-4.93255,-4.16287,-4.93255
size_sweep,calm_deep,1e+06,hybrid,40,0,True,"coinbase>=1,000,000",prints+quotes,5003004,10,0.131957,2.25644e+06,0.642493,4.18333,1.42097,hybrid,BTC-USD,sell,11.5903,1e+06,86279.2,0.122857,1.9417e+06,11.5903,1,1,86270.2,1.0534,8,799.916,999895,0,1.0534,7.99916,-0,9.05256,0,0,9.05256,-1.42097,9,26,0,8,9.5,0,0,5,21,0,0.272577,-0.176177,0.272577,-0.176177,0.570363,0.121597,0.570363,0.121597,4.04286,3.59394,4.04286,3.59394
size_sweep,calm_deep,1e+06,hybrid|prints-only,40,0,True,"coinbase>=1,000,000",prints-only,5003004,10,0.131957,2.25644e+06,0.642493,4.18333,1.42097,hybrid,BTC-USD,buy,11.5903,1e+06,86279.2,0.122857,1.85268e+06,11.5903,1,0.0884728,86298.1,2.18499,17.1155,1711.92,88469.2,911749,2.18499,17.1192,0,19.3042,0,0,19.3042,1.42097,35,90,0,34,42.0945,0,0,42,0,0,0.605855,0.320218,0.0932937,-0.224895,-0.80596,-1.09164,-1.04274,-1.36097,-3.22913,-3.51488,-3.64743,-3.96574
size_sweep,calm_deep,1e+06,hybrid|prints-only,40,0,True,"coinbase>=1,000,000",prints-only,5003004,10,0.131957,2.25644e+06,0.642493,4.18333,1.42097,hybrid,BTC-USD,sell,11.5903,1e+06,86279.2,0.122857,1.9417e+06,11.5903,1,0.881001,86282.2,-0.338875,9.19019,919.05,881011,119023,-0.338875,9.1905,-0,8.85162,0,0,8.85162,-1.42097,30,84,0,29,42.149,0,0,79,0,0,0.622074,0.794828,0.764458,0.978335,0.682914,0.855656,0.608202,0.822067,2.11299,2.28576,1.92692,2.14084
size_sweep,calm_deep,1e+06,passive,40,0,True,"coinbase>=1,000,000",prints+quotes,5003004,10,0.131957,2.25644e+06,0.642493,4.18333,1.42097,passive,BTC-USD,buy,11.5903,1e+06,86279.2,0.122857,1.85268e+06,11.5903,1,1,86277,-0.261384,8,799.979,999974,0,-0.261384,7.99979,0,7.73841,0,0,7.73841,1.42097,3,13,0,2,3,0,0,1,12,0,0.733919,-0.0353807,0.733919,-0.0353807,1.64968,0.880449,1.64968,0.880449,-4.16287,-4.93255,-4.16287,-4.93255
size_sweep,calm_deep,1e+06,passive,40,0,True,"coinbase>=1,000,000",prints+quotes,5003004,10,0.131957,2.25644e+06,0.642493,4.18333,1.42097,passive,BTC-USD,sell,11.5903,1e+06,86279.2,0.122857,1.9417e+06,11.5903,1,1,86270.2,1.0534,8,799.916,999895,0,1.0534,7.99916,-0,9.05256,0,0,9.05256,-1.42097,9,26,0,8,9.5,0,0,5,21,0,0.272577,-0.176177,0.272577,-0.176177,0.570363,0.121597,0.570363,0.121597,4.04286,3.59394,4.04286,3.59394
size_sweep,calm_deep,1e+06,passive|prints-only,40,0,True,"coinbase>=1,000,000",prints-only,5003004,10,0.131957,2.25644e+06,0.642493,4.18333,1.42097,passive,BTC-USD,buy,11.5903,1e+06,86279.2,0.122857,1.85268e+06,1.09459,0.0944405,1,86276.9,-0.271485,8,75.5504,94438,0,-0.0256392,0.755504,1.28677,2.01663,0.638786,905752,18.959,1.42097,47,55,0,47,58.3107,0,0,55,0,0,0.0993201,-0.208104,0.0993201,-0.208104,-0.968398,-1.27586,-0.968398,-1.27586,-3.82427,-4.13181,-3.82427,-4.13181
size_sweep,calm_deep,1e+06,passive|prints-only,40,0,True,"coinbase>=1,000,000",prints-only,5003004,10,0.131957,2.25644e+06,0.642493,4.18333,1.42097,passive,BTC-USD,sell,11.5903,1e+06,86279.2,0.122857,1.9417e+06,11.1608,0.962947,1,86281.4,-0.249054,8,770.377,962971,0,-0.239826,7.70377,-0.0526507,7.41129,0.00592251,37057.4,8.08425,-1.42097,41,90,0,41,57.716,0,0,90,0,0,0.725116,0.905813,0.725116,0.905813,0.611042,0.791729,0.611042,0.791729,2.24036,2.42109,2.24036,2.42109
size_sweep,calm_deep,1e+06,aggressive,40,0,True,"coinbase>=1,000,000",prints+quotes,5003005,10,0.113379,2.15967e+06,0.578766,4.26667,-2.08981,aggressive,BTC-USD,buy,11.5875,1e+06,86299.8,0.0845888,1.94482e+06,11.5875,1,0,86308.6,1.01968,18,1800.18,0,1.0001e+06,1.01968,18.0018,6.40732e-16,19.0215,0,0,19.0215,-2.08981,1,56,0,0,0.0711803,0,0,0,0,0,1.12152,0.10197,,,-0.751408,-1.77115,,,2.7158,1.69641,,
size_sweep,calm_deep,1e+06,aggressive,40,0,True,"coinbase>=1,000,000",prints+quotes,5003005,10,0.113379,2.15967e+06,0.578766,4.26667,-2.08981,aggressive,BTC-USD,sell,11.5875,1e+06,86299.8,0.0845888,2.36823e+06,11.5875,1,0,86298.2,0.191065,18,1799.97,0,999981,0.191065,17.9997,3.20366e-16,18.1907,0,0,18.1907,2.08981,1,51,0,0,0.0711803,0,0,0,0,0,0.089098,-0.10197,,,1.96225,1.77115,,,-1.50537,-1.69641,,
size_sweep,calm_deep,1e+06,hybrid,40,0,True,"coinbase>=1,000,000",prints+quotes,5003005,10,0.113379,2.15967e+06,0.578766,4.26667,-2.08981,hybrid,BTC-USD,buy,11.5875,1e+06,86299.8,0.0845888,1.94482e+06,11.5875,1,1,86302.1,0.269401,8,800.022,1.00003e+06,0,0.269401,8.00022,-0,8.26962,0,0,8.26962,-2.08981,2,26,0,1,3.7,0,0,8,18,0,-0.269284,-0.505108,-0.269284,-0.505108,-1.88055,-2.11641,-1.88055,-2.11641,3.14692,2.91118,3.14692,2.91118
size_sweep,calm_deep,1e+06,hybrid,40,0,True,"coinbase>=1,000,000",prints+quotes,5003005,10,0.113379,2.15967e+06,0.578766,4.26667,-2.08981,hybrid,BTC-USD,sell,11.5875,1e+06,86299.8,0.0845888,2.36823e+06,11.5875,1,1,86299.4,0.0538819,8,799.996,999995,0,0.0538819,7.99996,0,8.05384,0,0,8.05384,2.08981,2,16,0,1,2,0,0,6,10,0,0.372656,0.0146717,0.372656,0.0146717,2.16649,1.80844,2.16649,1.80844,-2.63806,-2.99593,-2.63806,-2.99593
size_sweep,calm_deep,1e+06,hybrid|prints-only,40,0,True,"coinbase>=1,000,000",prints-only,5003005,10,0.113379,2.15967e+06,0.578766,4.26667,-2.08981,hybrid,BTC-USD,buy,11.5875,1e+06,86299.8,0.0845888,1.94482e+06,11.5875,1,0.0385984,86279.4,-2.36801,17.614,1760.98,38592.1,961171,-2.36801,17.6098,3.20366e-16,15.2418,0,0,15.2418,-2.08981,26,101,1,24,42.1586,0,0,48,0,0,0.672285,0.0928916,0.139116,-0.0473812,-1.43481,-2.01433,-0.336393,-0.522892,-0.647317,-1.22679,1.14226,0.955771
size_sweep,calm_deep,1e+06,hybrid|prints-only,40,0,True,"coinbase>=1,000,000",prints-only,5003005,10,0.113379,2.15967e+06,0.578766,4.26667,-2.08981,hybrid,BTC-USD,sell,11.5875,1e+06,86299.8,0.0845888,2.36823e+06,11.5875,1,0.144232,86274.2,2.96358,16.5572,1655.23,144236,855468,2.96358,16.5523,1.8035e-09,19.5159,2.9e-11,0.000862815,19.5159,2.08981,36,106,0,35,42.1536,0,0,60,0,0,0.45434,-0.00330287,0.661571,0.561667,2.19923,1.7415,-0.132664,-0.232562,1.13966,0.681961,-2.97073,-3.07058
size_sweep,calm_deep,1e+06,passive,40,0,True,"coinbase>=1,000,000",prints+quotes,5003005,10,0.113379,2.15967e+06,0.578766,4.26667,-2.08981,passive,BTC-USD,buy,11.5875,1e+06,86299.8,0.0845888,1.94482e+06,11.5875,1,1,86302.1,0.269401,8,800.022,1.00003e+06,0,0.269401,8.00022,-0,8.26962,0,0,8.26962,-2.08981,2,26,0,1,3.7,0,0,8,18,0,-0.269284,-0.505108,-0.269284,-0.505108,-1.88055,-2.11641,-1.88055,-2.11641,3.14692,2.91118,3.14692,2.91118
size_sweep,calm_deep,1e+06,passive,40,0,True,"coinbase>=1,000,000",prints+quotes,5003005,10,0.113379,2.15967e+06,0.578766,4.26667,-2.08981,passive,BTC-USD,sell,11.5875,1e+06,86299.8,0.0845888,2.36823e+06,11.5875,1,1,86299.4,0.0538819,8,799.996,999995,0,0.0538819,7.99996,0,8.05384,0,0,8.05384,2.08981,2,16,0,1,2,0,0,6,10,0,0.372656,0.0146717,0.372656,0.0146717,2.16649,1.80844,2.16649,1.80844,-2.63806,-2.99593,-2.63806,-2.99593
size_sweep,calm_deep,1e+06,passive|prints-only,40,0,True,"coinbase>=1,000,000",prints-only,5003005,10,0.113379,2.15967e+06,0.578766,4.26667,-2.08981,passive,BTC-USD,buy,11.5875,1e+06,86299.8,0.0845888,1.94482e+06,0.549659,0.0474354,1,86286.2,-1.57338,8,37.9424,47428,0,-0.0746341,0.379424,-1.99068,-1.68589,0.485838,952414,15.9434,-2.08981,34,63,1,33,59.2025,0,0,63,0,0,0.302226,0.110182,0.302226,0.110182,-0.198171,-0.390219,-0.198171,-0.390219,1.12533,0.933293,1.12533,0.933293
size_sweep,calm_deep,1e+06,passive|prints-only,40,0,True,"coinbase>=1,000,000",prints-only,5003005,10,0.113379,2.15967e+06,0.578766,4.26667,-2.08981,passive,BTC-USD,sell,11.5875,1e+06,86299.8,0.0845888,2.36823e+06,1.76881,0.152648,1,86301,-0.134152,8,122.12,152650,0,-0.0204781,1.2212,1.7708,2.97153,0.358415,847139,18.5784,2.08981,46,96,0,46,59.6033,0,0,96,0,0,0.633865,0.531119,0.633865,0.531119,-0.0912617,-0.194002,-0.0912617,-0.194002,-2.83676,-2.93946,-2.83676,-2.93946
size_sweep,calm_deep,1e+06,aggressive,40,0,True,"coinbase>=1,000,000",prints+quotes,5003006,10,0.118293,2.12713e+06,0.554063,3.76667,4.785,aggressive,BTC-USD,buy,11.5916,1e+06,86269.6,0.235309,1.96362e+06,11.5916,1,0,86274,0.509225,18,1800.09,0,1.00005e+06,0.509225,18.0009,2.19984e-15,18.5101,0,0,18.5101,4.785,1,56,0,0,0.0284139,0,0,0,0,0,0.559618,0.0504233,,,1.99574,1.48662,,,0.713778,0.204591,,
size_sweep,calm_deep,1e+06,aggressive,40,0,True,"coinbase>=1,000,000",prints+quotes,5003006,10,0.118293,2.12713e+06,0.554063,3.76667,4.785,aggressive,BTC-USD,sell,11.5916,1e+06,86269.6,0.235309,2.46125e+06,11.5916,1,0,86266.1,0.403863,18,1799.93,0,999960,0.403863,17.9993,-7.3328e-16,18.4031,0,0,18.4031,-4.785,1,43,0,0,0.0284139,0,0,0,0,0,0.353457,-0.0504233,,,-1.0828,-1.48662,,,0.199283,-0.204591,,
size_sweep,calm_deep,1e+06,hybrid,40,0,True,"coinbase>=1,000,000",prints+quotes,5003006,10,0.118293,2.12713e+06,0.554063,3.76667,4.785,hybrid,BTC-USD,buy,11.5916,1e+06,86269.6,0.235309,1.96362e+06,11.5916,1,1,86268.6,-0.116495,8,799.991,999988,0,-0.116495,7.99991,-7.3328e-16,7.88341,0,0,7.88341,4.785,1,21,0,0,4.1,0,0,5,16,0,0.227429,-0.105331,0.227429,-0.105331,1.39439,1.06167,1.39439,1.06167,-1.61828,-1.9511,-1.61828,-1.9511
size_sweep,calm_deep,1e+06,hybrid,40,0,True,"coinbase>=1,000,000",prints+quotes,5003006,10,0.118293,2.12713e+06,0.554063,3.76667,4.785,hybrid,BTC-USD,sell,11.5916,1e+06,86269.6,0.235309,2.46125e+06,11.5916,1,1,86258,1.34384,8,799.892,999866,0,1.34384,7.99892,-0,9.34277,0,0,9.34277,-4.785,7,29,0,6,8.1,0,0,9,20,0,0.197422,-0.104264,0.197422,-0.104264,0.200685,-0.101,0.200685,-0.101,3.20743,2.90565,3.20743,2.90565
size_sweep,calm_deep,1e+06,hybrid|prints-only,40,0,True,"coinbase>=1,000,000",prints-only,5003006,10,0.118293,2.12713e+06,0.554063,3.76667,4.785,hybrid,BTC-USD,buy,11.5916,1e+06,86269.6,0.235309,1.96362e+06,11.5916,1,0.0511646,86291.4,2.53525,17.4885,1749.29,51167.3,949086,2.53525,17.4929,0,20.0281,0,0,20.0281,4.785,30,113,0,29,42.1178,0,0,58,0,0,0.326575,-0.0588924,0.962217,0.804685,0.222002,-0.163469,0.659101,0.501571,-3.27197,-3.65758,-3.20093,-3.35853
size_sweep,calm_deep,1e+06,hybrid|prints-only,40,0,True,"coinbase>=1,000,000",prints-only,5003006,10,0.118293,2.12713e+06,0.554063,3.76667,4.785,hybrid,BTC-USD,sell,11.5916,1e+06,86269.6,0.235309,2.46125e+06,11.5916,1,0.0129366,86284.3,-1.70807,17.8707,1787.37,12936.5,987234,-1.70807,17.8737,7.3328e-16,16.1656,0,0,16.1656,-4.785,32,95,0,31,42.1183,0,0,43,0,0,0.621012,0.109563,0.737005,0.422683,0.702894,0.191441,-0.0962073,-0.410507,4.17337,3.66174,3.06324,2.74884
size_sweep,calm_deep,1e+06,passive,40,0,True,"coinbase>=1,000,000",prints+quotes,5003006,10,0.118293,2.12713e+06,0.554063,3.76667,4.785,passive,BTC-USD,buy,11.5916,1e+06,86269.6,0.235309,1.96362e+06,11.5916,1,1,86268.6,-0.116495,8,799.991,999988,0,-0.116495,7.99991,-7.3328e-16,7.88341,0,0,7.88341,4.785,1,21,0,0,4.1,0,0,5,16,0,0.227429,-0.105331,0.227429,-0.105331,1.39439,1.06167,1.39439,1.06167,-1.61828,-1.9511,-1.61828,-1.9511
size_sweep,calm_deep,1e+06,passive,40,0,True,"coinbase>=1,000,000",prints+quotes,5003006,10,0.118293,2.12713e+06,0.554063,3.76667,4.785,passive,BTC-USD,sell,11.5916,1e+06,86269.6,0.235309,2.46125e+06,11.5916,1,1,86258,1.34384,8,799.892,999866,0,1.34384,7.99892,-0,9.34277,0,0,9.34277,-4.785,7,29,0,6,8.1,0,0,9,20,0,0.197422,-0.104264,0.197422,-0.104264,0.200685,-0.101,0.200685,-0.101,3.20743,2.90565,3.20743,2.90565
size_sweep,calm_deep,1e+06,passive|prints-only,40,0,True,"coinbase>=1,000,000",prints-only,5003006,10,0.118293,2.12713e+06,0.554063,3.76667,4.785,passive,BTC-USD,buy,11.5916,1e+06,86269.6,0.235309,1.96362e+06,0.606305,0.0523057,1,86274.7,0.592719,8,41.847,52308.8,0,0.0310026,0.41847,4.53472,4.98419,0.277118,948175,22.3285,4.785,39,79,0,39,59.9003,0,0,79,0,0,0.942045,0.78718,0.942045,0.78718,0.630601,0.475738,0.630601,0.475738,-3.16877,-3.32371,-3.16877,-3.32371
size_sweep,calm_deep,1e+06,passive|prints-only,40,0,True,"coinbase>=1,000,000",prints-only,5003006,10,0.118293,2.12713e+06,0.554063,3.76667,4.785,passive,BTC-USD,sell,11.5916,1e+06,86269.6,0.235309,2.46125e+06,0.421246,0.0363407,1,86283,-1.55845,8,29.0771,36346.3,0,-0.0566352,0.290771,-4.61111,-4.37698,0.644053,964056,13.6201,-4.785,46,66,0,46,60.0026,0,0,66,0,0.00025274,0.483348,0.359567,0.483348,0.359567,0.14815,0.0243753,0.14815,0.0243753,3.35496,3.23114,3.35496,3.23114
size_sweep,calm_deep,1e+06,aggressive,40,0,True,"coinbase>=1,000,000",prints+quotes,5003007,10,0.113504,2.21298e+06,0.569629,3.71667,2.45712,aggressive,BTC-USD,buy,11.5902,1e+06,86279.9,0.00463607,2.22813e+06,11.5902,1,0,86284.4,0.526601,18,1800.09,0,1.00005e+06,0.526601,18.0009,3.76588e-16,18.5275,0,0,18.5275,2.45712,1,49,0,0,0.0458879,0,0,0,0,0,1.10373,0.577191,,,2.85433,2.32789,,,-0.289918,-0.816529,,
size_sweep,calm_deep,1e+06,aggressive,40,0,True,"coinbase>=1,000,000",prints+quotes,5003007,10,0.113504,2.21298e+06,0.569629,3.71667,2.45712,aggressive,BTC-USD,sell,11.5902,1e+06,86279.9,0.00463607,2.79558e+06,11.5902,1,0,86275.1,0.552117,18,1799.9,0,999945,0.552117,17.999,-3.76588e-16,18.5511,0,0,18.5511,-2.45712,1,40,0,0,0.0458879,0,0,0,0,0,-0.0250747,-0.577191,,,-1.77587,-2.32789,,,1.36872,0.816529,,
size_sweep,calm_deep,1e+06,hybrid,40,0,True,"coinbase>=1,000,000",prints+quotes,5003007,10,0.113504,2.21298e+06,0.569629,3.71667,2.45712,hybrid,BTC-USD,buy,11.5902,1e+06,86279.9,0.00463607,2.22813e+06,11.5902,1,1,86276.7,-0.367046,8,799.971,999963,0,-0.367046,7.99971,2.12e-09,7.63266,1.35e-10,0.000863025,7.63266,2.45712,4,25,1,2,3.2,0,0,4,21,0,0.806743,0.433408,0.806743,0.433408,1.28937,0.916057,1.28937,0.916057,-1.05165,-1.42505,-1.05165,-1.42505
size_sweep,calm_deep,1e+06,hybrid,40,0,True,"coinbase>=1,000,000",prints+quotes,5003007,10,0.113504,2.21298e+06,0.569629,3.71667,2.45712,hybrid,BTC-USD,sell,11.5902,1e+06,86279.9,0.00463607,2.79558e+06,11.5902,1,1,86263.1,1.94763,8,799.844,999805,0,1.94763,7.99844,-0,9.94607,0,0,9.94607,-2.45712,7,24,0,6,7.5,0,0,8,16,0,0.095582,-0.210869,0.095582,-0.210869,0.591628,0.285157,0.591628,0.285157,3.65718,3.35062,3.65718,3.35062
size_sweep,calm_deep,1e+06,hybrid|prints-only,40,0,True,"coinbase>=1,000,000",prints-only,5003007,10,0.113504,2.21298e+06,0.569629,3.71667,2.45712,hybrid,BTC-USD,buy,11.5902,1e+06,86279.9,0.00463607,2.22813e+06,11.5902,1,0.0226246,86311,3.60098,17.7738,1778.02,22623.7,977736,3.60098,17.7802,3.76588e-16,21.3812,0,0,21.3812,2.45712,31,86,1,29,42.1264,0,0,38,0,0,-1.01353,-1.29566,-0.261865,-0.333609,0.0457181,-0.236383,-0.791332,-0.863078,1.7919,1.50985,-3.44154,-3.51331
size_sweep,calm_deep,1e+06,hybrid|prints-only,40,0,True,"coinbase>=1,000,000",prints-only,5003007,10,0.113504,2.21298e+06,0.569629,3.71667,2.45712,hybrid,BTC-USD,sell,11.5902,1e+06,86279.9,0.00463607,2.79558e+06,11.5902,1,0.0189547,86301.4,-2.49628,17.8105,1781.49,18956.5,981293,-2.49628,17.8149,-0,15.3187,0,0,15.3187,-2.45712,31,103,0,30,42.1661,0,0,58,0,0,2.15696,1.28906,0.0629196,-0.205165,1.07648,0.208681,-0.206213,-0.474287,-0.697988,-1.56563,1.83354,1.5654
size_sweep,calm_deep,1e+06,passive,40,0,True,"coinbase>=1,000,000",prints+quotes,5003007,10,0.113504,2.21298e+06,0.569629,3.71667,2.45712,passive,BTC-USD,buy,11.5902,1e+06,86279.9,0.00463607,2.22813e+06,11.5902,1,1,86276.7,-0.367046,8,799.971,999963,0,-0.367046,7.99971,2.12e-09,7.63266,1.35e-10,0.000863025,7.63266,2.45712,4,25,1,2,3.2,0,0,4,21,0,0.806743,0.433408,0.806743,0.433408,1.28937,0.916057,1.28937,0.916057,-1.05165,-1.42505,-1.05165,-1.42505
size_sweep,calm_deep,1e+06,passive,40,0,True,"coinbase>=1,000,000",prints+quotes,5003007,10,0.113504,2.21298e+06,0.569629,3.71667,2.45712,passive,BTC-USD,sell,11.5902,1e+06,86279.9,0.00463607,2.79558e+06,11.5902,1,1,86263.1,1.94763,8,799.844,999805,0,1.94763,7.99844,-0,9.94607,0,0,9.94607,-2.45712,7,24,0,6,7.5,0,0,8,16,0,0.095582,-0.210869,0.095582,-0.210869,0.591628,0.285157,0.591628,0.285157,3.65718,3.35062,3.65718,3.35062
size_sweep,calm_deep,1e+06,passive|prints-only,40,0,True,"coinbase>=1,000,000",prints-only,5003007,10,0.113504,2.21298e+06,0.569629,3.71667,2.45712,passive,BTC-USD,buy,11.5902,1e+06,86279.9,0.00463607,2.22813e+06,0.455283,0.0392817,1,86290.1,1.17959,8,31.4291,39286.4,0,0.0463365,0.314291,2.3606,2.72123,0.603725,961015,20.6232,2.45712,44,59,1,43,59.1039,0,0,59,0,0,-0.129017,-0.218265,-0.129017,-0.218265,-0.244159,-0.333406,-0.244159,-0.333406,-1.23839,-1.32764,-1.23839,-1.32764
size_sweep,calm_deep,1e+06,passive|prints-only,40,0,True,"coinbase>=1,000,000",prints-only,5003007,10,0.113504,2.21298e+06,0.569629,3.71667,2.45712,passive,BTC-USD,sell,11.5902,1e+06,86279.9,0.00463607,2.79558e+06,0.566294,0.0488597,1,86300,-2.33063,8,39.0969,48871.1,0,-0.113874,0.390969,-2.33706,-2.05997,0.411912,951333,15.4759,-2.45712,43,75,0,43,60.0183,0,0,75,0,0.00022759,0.758282,0.382722,0.758282,0.382722,0.229817,-0.145716,0.229817,-0.145716,-0.175511,-0.551014,-0.175511,-0.551014
size_sweep,calm_deep,1e+06,aggressive,40,0,True,"coinbase>=1,000,000",prints+quotes,5003008,10,0.122346,2.15452e+06,0.559619,3.95,-0.705621,aggressive,BTC-USD,buy,11.5865,1e+06,86307,0.157577,2.37388e+06,11.5865,1,0,86310.9,0.45612,18,1800.08,0,1.00005e+06,0.45612,18.0008,1.0818e-16,18.4569,0,0,18.4569,-0.705621,1,48,0,0,0.0227767,0,0,0,0,0,-0.0177742,-0.47389,,,1.00353,0.547464,,,-0.843857,-1.30001,,
size_sweep,calm_deep,1e+06,aggressive,40,0,True,"coinbase>=1,000,000",prints+quotes,5003008,10,0.122346,2.15452e+06,0.559619,3.95,-0.705621,aggressive,BTC-USD,sell,11.5865,1e+06,86307,0.157577,1.92459e+06,11.5865,1,0,86294.7,1.42994,18,1799.74,0,999857,1.42994,17.9974,0,19.4274,0,0,19.4274,0.705621,1,61,0,0,0.0227767,0,0,0,0,0,1.90413,0.47389,,,0.882627,-0.547464,,,2.73037,1.30001,,
size_sweep,calm_deep,1e+06,hybrid,40,0,True,"coinbase>=1,000,000",prints+quotes,5003008,10,0.122346,2.15452e+06,0.559619,3.95,-0.705621,hybrid,BTC-USD,buy,11.5865,1e+06,86307,0.157577,2.37388e+06,11.5865,1,1,86307.9,0.106127,8,800.008,1.00001e+06,0,0.106127,8.00008,-0,8.10621,0,0,8.10621,-0.705621,4,19,0,3,3.9,0,0,3,16,0,0.439615,0.117563,0.439615,0.117563,0.470331,0.148284,0.470331,0.148284,-1.83542,-2.15754,-1.83542,-2.15754
size_sweep,calm_deep,1e+06,hybrid,40,0,True,"coinbase>=1,000,000",prints+quotes,5003008,10,0.122346,2.15452e+06,0.559619,3.95,-0.705621,hybrid,BTC-USD,sell,11.5865,1e+06,86307,0.157577,1.92459e+06,11.5865,1,1,86305.7,0.15153,8,799.988,999985,0,0.15153,7.99988,0,8.15141,0,0,8.15141,0.705621,3,22,0,2,3.4,0,0,7,15,0,0.114234,-0.351112,0.114234,-0.351112,-0.190026,-0.655349,-0.190026,-0.655349,1.92828,1.46286,1.92828,1.46286
size_sweep,calm_deep,1e+06,hybrid|prints-only,40,0,True,"coinbase>=1,000,000",prints-only,5003008,10,0.122346,2.15452e+06,0.559619,3.95,-0.705621,hybrid,BTC-USD,buy,11.5865,1e+06,86307,0.157577,2.37388e+06,11.5865,1,0.00812976,86320.1,1.51584,17.9187,1792.14,8129.73,992022,1.51584,17.9214,-1.0818e-16,19.4373,0,0,19.4373,-0.705621,33,90,0,32,42.1241,0,0,44,0,0,1.1749,0.344875,-0.109963,-0.196231,1.3555,0.525492,-1.21624,-1.30252,2.48664,1.65673,-0.380879,-0.467157
size_sweep,calm_deep,1e+06,hybrid|prints-only,40,0,True,"coinbase>=1,000,000",prints-only,5003008,10,0.122346,2.15452e+06,0.559619,3.95,-0.705621,hybrid,BTC-USD,sell,11.5865,1e+06,86307,0.157577,1.92459e+06,11.5865,1,0.114067,86311.8,-0.555273,16.8593,1686.02,114079,885977,-0.555273,16.8602,6.09e-10,16.3049,1.35e-10,0.000862996,16.3049,0.705621,30,90,0,29,42.1345,0,0,47,0,0,-0.130143,-0.319684,-0.0328673,-0.0895861,-0.380404,-0.569942,-0.742084,-0.798812,-1.47527,-1.66479,-1.53543,-1.59214
size_sweep,calm_deep,1e+06,passive,40,0,True,"coinbase>=1,000,000",prints+quotes,5003008,10,0.122346,2.15452e+06,0.559619,3.95,-0.705621,passive,BTC-USD,buy,11.5865,1e+06,86307,0.157577,2.37388e+06,11.5865,1,1,86307.9,0.106127,8,800.008,1.00001e+06,0,0.106127,8.00008,-0,8.10621,0,0,8.10621,-0.705621,4,19,0,3,3.9,0,0,3,16,0,0.439615,0.117563,0.439615,0.117563,0.470331,0.148284,0.470331,0.148284,-1.83542,-2.15754,-1.83542,-2.15754
size_sweep,calm_deep,1e+06,passive,40,0,True,"coinbase>=1,000,000",prints+quotes,5003008,10,0.122346,2.15452e+06,0.559619,3.95,-0.705621,passive,BTC-USD,sell,11.5865,1e+06,86307,0.157577,1.92459e+06,11.5865,1,1,86305.7,0.15153,8,799.988,999985,0,0.15153,7.99988,0,8.15141,0,0,8.15141,0.705621,3,22,0,2,3.4,0,0,7,15,0,0.114234,-0.351112,0.114234,-0.351112,-0.190026,-0.655349,-0.190026,-0.655349,1.92828,1.46286,1.92828,1.46286
size_sweep,calm_deep,1e+06,passive|prints-only,40,0,True,"coinbase>=1,000,000",prints-only,5003008,10,0.122346,2.15452e+06,0.559619,3.95,-0.705621,passive,BTC-USD,buy,11.5865,1e+06,86307,0.157577,2.37388e+06,0.167965,0.0144965,1,86306.8,-0.0251488,8,11.5972,14496.5,0,-0.00036457,0.115972,-0.695392,-0.579784,0.539818,985488,17.6988,-0.705621,46,67,0,46,59.8135,0,2,65,0,0,0.352734,0.144345,0.352734,0.144345,-0.080647,-0.28903,-0.080647,-0.28903,-0.942031,-1.15046,-0.942031,-1.15046
size_sweep,calm_deep,1e+06,passive|prints-only,40,0,True,"coinbase>=1,000,000",prints-only,5003008,10,0.122346,2.15452e+06,0.559619,3.95,-0.705621,passive,BTC-USD,sell,11.5865,1e+06,86307,0.157577,1.92459e+06,1.35812,0.117215,1,86315.8,-1.02181,8,93.7817,117227,0,-0.119771,0.937817,0.622911,1.44096,0.467454,882676,17.7966,0.705621,45,67,0,45,58.7071,0,0,67,0,0,0.0023454,-0.0563013,0.0023454,-0.0563013,-0.712367,-0.771021,-0.712367,-0.771021,-1.37202,-1.43066,-1.37202,-1.43066
size_sweep,calm_deep,1e+06,aggressive,40,0,True,"coinbase>=1,000,000",prints+quotes,5003009,10,0.123372,2.17103e+06,0.456246,3.43333,-0.577124,aggressive,BTC-USD,buy,11.5888,1e+06,86289.9,0.0788041,2.27733e+06,11.5888,1,0,86293.1,0.364122,18,1800.07,0,1.00004e+06,0.364122,18.0007,-8.84626e-17,18.3648,0,0,18.3648,-0.577124,1,53,0,0,0.0311637,0,0,0,0,0,-0.111018,-0.475142,,,-0.0878415,-0.451965,,,-1.67256,-2.03674,,
size_sweep,calm_deep,1e+06,aggressive,40,0,True,"coinbase>=1,000,000",prints+quotes,5003009,10,0.123372,2.17103e+06,0.456246,3.43333,-0.577124,aggressive,BTC-USD,sell,11.5888,1e+06,86289.9,0.0788041,2.08615e+06,11.5888,1,0,86284.2,0.659582,18,1799.88,0,999934,0.659582,17.9988,8.84626e-17,18.6584,0,0,18.6584,0.577124,1,51,0,0,0.0311637,0,0,0,0,0,1.13481,0.475142,,,1.11163,0.451965,,,2.69651,2.03674,,
size_sweep,calm_deep,1e+06,hybrid,40,0,True,"coinbase>=1,000,000",prints+quotes,5003009,10,0.123372,2.17103e+06,0.456246,3.43333,-0.577124,hybrid,BTC-USD,buy,11.5888,1e+06,86289.9,0.0788041,2.27733e+06,11.5888,1,1,86294.4,0.517026,8,800.041,1.00005e+06,0,0.517026,8.00041,-0,8.51744,0,0,8.51744,-0.577124,6,26,0,5,7.2,0,0,12,14,0,0.106593,-0.124246,0.106593,-0.124246,-0.368144,-0.598995,-0.368144,-0.598995,-0.269633,-0.500479,-0.269633,-0.500479
size_sweep,calm_deep,1e+06,hybrid,40,0,True,"coinbase>=1,000,000",prints+quotes,5003009,10,0.123372,2.17103e+06,0.456246,3.43333,-0.577124,hybrid,BTC-USD,sell,11.5888,1e+06,86289.9,0.0788041,2.08615e+06,11.5888,1,1,86290,-0.0110644,8,800.001,1e+06,0,-0.0110644,8.00001,4.98e-10,7.98894,6.8e-11,0.000862842,7.98894,0.577124,6,26,0,5,5,0,0,4,22,0,0.222638,-0.0774209,0.222638,-0.0774209,0.715804,0.415726,0.715804,0.415726,1.15675,0.856662,1.15675,0.856662
size_sweep,calm_deep,1e+06,hybrid|prints-only,40,0,True,"coinbase>=1,000,000",prints-only,5003009,10,0.123372,2.17103e+06,0.456246,3.43333,-0.577124,hybrid,BTC-USD,buy,11.5888,1e+06,86289.9,0.0788041,2.27733e+06,11.5888,1,0.0440651,86278.2,-1.35953,17.5593,1755.69,44062.5,955802,-1.35953,17.5569,1.76925e-16,16.1974,0,0,16.1974,-0.577124,25,108,0,24,42.2351,0,0,54,0,0,0.836553,0.111927,0.682532,0.49065,2.2327,1.50818,1.62776,1.4359,3.6324,2.90798,2.08792,1.89606
size_sweep,calm_deep,1e+06,hybrid|prints-only,40,0,True,"coinbase>=1,000,000",prints-only,5003009,10,0.123372,2.17103e+06,0.456246,3.43333,-0.577124,hybrid,BTC-USD,sell,11.5888,1e+06,86289.9,0.0788041,2.08615e+06,11.5888,1,0.0229164,86270.3,2.27785,17.7707,1776.67,22920.3,976852,2.27785,17.7667,-8.84626e-17,20.0445,0,0,20.0445,0.577124,23,76,0,22,42.0321,0,0,31,0,0,-0.0732797,-0.325692,-0.460515,-0.621236,-1.30719,-1.55957,-0.211263,-0.371987,-2.64118,-2.89353,-5.86099,-6.02162
size_sweep,calm_deep,1e+06,passive,40,0,True,"coinbase>=1,000,000",prints+quotes,5003009,10,0.123372,2.17103e+06,0.456246,3.43333,-0.577124,passive,BTC-USD,buy,11.5888,1e+06,86289.9,0.0788041,2.27733e+06,11.5888,1,1,86294.4,0.517026,8,800.041,1.00005e+06,0,0.517026,8.00041,-0,8.51744,0,0,8.51744,-0.577124,6,26,0,5,7.2,0,0,12,14,0,0.106593,-0.124246,0.106593,-0.124246,-0.368144,-0.598995,-0.368144,-0.598995,-0.269633,-0.500479,-0.269633,-0.500479
size_sweep,calm_deep,1e+06,passive,40,0,True,"coinbase>=1,000,000",prints+quotes,5003009,10,0.123372,2.17103e+06,0.456246,3.43333,-0.577124,passive,BTC-USD,sell,11.5888,1e+06,86289.9,0.0788041,2.08615e+06,11.5888,1,1,86290,-0.0110644,8,800.001,1e+06,0,-0.0110644,8.00001,4.98e-10,7.98894,6.8e-11,0.000862842,7.98894,0.577124,6,26,0,5,5,0,0,4,22,0,0.222638,-0.0774209,0.222638,-0.0774209,0.715804,0.415726,0.715804,0.415726,1.15675,0.856662,1.15675,0.856662
size_sweep,calm_deep,1e+06,passive|prints-only,40,0,True,"coinbase>=1,000,000",prints-only,5003009,10,0.123372,2.17103e+06,0.456246,3.43333,-0.577124,passive,BTC-USD,buy,11.5888,1e+06,86289.9,0.0788041,2.27733e+06,0.855882,0.073854,1,86274.8,-1.75256,8,59.0728,73841.1,0,-0.129433,0.590728,-0.534501,-0.0732062,0.387203,926131,16.9844,-0.577124,35,75,0,35,56.8169,0,0,75,0,0,0.511665,0.331161,0.511665,0.331161,0.851984,0.671487,0.851984,0.671487,2.50634,2.32587,2.50634,2.32587
size_sweep,calm_deep,1e+06,passive|prints-only,40,0,True,"coinbase>=1,000,000",prints-only,5003009,10,0.123372,2.17103e+06,0.456246,3.43333,-0.577124,passive,BTC-USD,sell,11.5888,1e+06,86289.9,0.0788041,2.08615e+06,0.735466,0.0634633,1,86280.2,1.12922,8,50.7649,63456.1,0,0.0716638,0.507649,0.540498,1.11981,0.867995,936396,18.8429,0.577124,33,44,0,33,58.7013,0,0,44,0,0,0.587216,0.457061,0.587216,0.457061,1.23717,1.107,1.23717,1.107,-6.38506,-6.51512,-6.38506,-6.51512
size_sweep,calm_deep,1e+06,aggressive,40,0,True,"coinbase>=1,000,000",prints+quotes,5003010,10,0.111998,2.15909e+06,0.548383,4.2,1.48695,aggressive,BTC-USD,buy,11.5851,1e+06,86317.9,0.0370723,2.12901e+06,11.5851,1,0,86323.5,0.649969,18,1800.12,0,1.00006e+06,0.649969,18.0012,-2.27995e-16,18.6511,0,0,18.6511,1.48695,1,49,0,0,0.0349106,0,0,0,0,0,0.428082,-0.221854,,,1.29227,0.642393,,,1.83847,1.18863,,
size_sweep,calm_deep,1e+06,aggressive,40,0,True,"coinbase>=1,000,000",prints+quotes,5003010,10,0.111998,2.15909e+06,0.548383,4.2,1.48695,aggressive,BTC-USD,sell,11.5851,1e+06,86317.9,0.0370723,2.16234e+06,11.5851,1,0,86314.4,0.402962,18,1799.93,0,999960,0.402962,17.9993,-0,18.4022,0,0,18.4022,-1.48695,1,54,0,0,0.0349106,0,0,0,0,0,0.624844,0.221854,,,-0.239438,-0.642393,,,-0.785697,-1.18863,,
size_sweep,calm_deep,1e+06,hybrid,40,0,True,"coinbase>=1,000,000",prints+quotes,5003010,10,0.111998,2.15909e+06,0.548383,4.2,1.48695,hybrid,BTC-USD,buy,11.5851,1e+06,86317.9,0.0370723,2.12901e+06,11.5851,1,1,86317.8,-0.0113425,8,799.999,999999,0,-0.0113425,7.99999,1.2835e-09,7.98865,3.45e-11,0.00086331,7.98865,1.48695,6,31,0,5,9.3,0,0,8,23,0,0.256869,-0.0731153,0.256869,-0.0731153,-0.903596,-1.23362,-0.903596,-1.23362,1.68945,1.35951,1.68945,1.35951
size_sweep,calm_deep,1e+06,hybrid,40,0,True,"coinbase>=1,000,000",prints+quotes,5003010,10,0.111998,2.15909e+06,0.548383,4.2,1.48695,hybrid,BTC-USD,sell,11.5851,1e+06,86317.9,0.0370723,2.16234e+06,11.5851,1,1,86314.1,0.433962,8,799.965,999957,0,0.433962,7.99965,-0,8.43361,0,0,8.43361,-1.48695,4,22,0,3,5.5,0,0,7,15,0,-0.0206171,-0.428927,-0.0206171,-0.428927,1.49471,1.08633,1.49471,1.08633,-1.31473,-1.72298,-1.31473,-1.72298
size_sweep,calm_deep,1e+06,hybrid|prints-only,40,0,True,"coinbase>=1,000,000",prints-only,5003010,10,0.111998,2.15909e+06,0.548383,4.2,1.48695,hybrid,BTC-USD,buy,11.5851,1e+06,86317.9,0.0370723,2.12901e+06,11.5851,1,0.183804,86318.1,0.0295316,16.1619,1616.19,183813,816190,0.0295316,16.1619,-4.55991e-16,16.1915,0,0,16.1915,1.48695,26,87,0,25,42.0432,0,0,52,0,0,-0.0104262,-0.278079,-0.210557,-0.32707,0.196502,-0.0711503,1.2162,1.0997,0.121564,-0.146085,-0.531641,-0.648166
size_sweep,calm_deep,1e+06,hybrid|prints-only,40,0,True,"coinbase>=1,000,000",prints-only,5003010,10,0.111998,2.15909e+06,0.548383,4.2,1.48695,hybrid,BTC-USD,sell,11.5851,1e+06,86317.9,0.0370723,2.16234e+06,11.5851,1,0.022078,86308.7,1.06702,17.7792,1777.73,22080,977813,1.06702,17.7773,-1.2835e-09,18.8443,3.45e-11,0.000863304,18.8443,-1.48695,28,102,0,27,42.1397,0,0,52,0,0,0.892565,0.202245,-0.117852,-0.358843,1.00679,0.316462,-2.02633,-2.26727,0.493862,-0.196431,-0.676357,-0.917331
size_sweep,calm_deep,1e+06,passive,40,0,True,"coinbase>=1,000,000",prints+quotes,5003010,10,0.111998,2.15909e+06,0.548383,4.2,1.48695,passive,BTC-USD,buy,11.5851,1e+06,86317.9,0.0370723,2.12901e+06,11.5851,1,1,86317.8,-0.0113425,8,799.999,999999,0,-0.0113425,7.99999,1.2835e-09,7.98865,3.45e-11,0.00086331,7.98865,1.48695,6,31,0,5,9.3,0,0,8,23,0,0.256869,-0.0731153,0.256869,-0.0731153,-0.903596,-1.23362,-0.903596,-1.23362,1.68945,1.35951,1.68945,1.35951
size_sweep,calm_deep,1e+06,passive,40,0,True,"coinbase>=1,000,000",prints+quotes,5003010,10,0.111998,2.15909e+06,0.548383,4.2,1.48695,passive,BTC-USD,sell,11.5851,1e+06,86317.9,0.0370723,2.16234e+06,11.5851,1,1,86314.1,0.433962,8,799.965,999957,0,0.433962,7.99965,-0,8.43361,0,0,8.43361,-1.48695,4,22,0,3,5.5,0,0,7,15,0,-0.0206171,-0.428927,-0.0206171,-0.428927,1.49471,1.08633,1.49471,1.08633,-1.31473,-1.72298,-1.31473,-1.72298
size_sweep,calm_deep,1e+06,passive|prints-only,40,0,True,"coinbase>=1,000,000",prints-only,5003010,10,0.111998,2.15909e+06,0.548383,4.2,1.48695,passive,BTC-USD,buy,11.5851,1e+06,86317.9,0.0370723,2.12901e+06,2.32602,0.200777,1,86322.5,0.537678,8,160.631,200788,0,0.107954,1.60631,1.1884,2.90266,0.374031,799379,17.6655,1.48695,36,80,0,36,60.0048,0,0,80,0,0.00015243,-0.150321,-0.263954,-0.150321,-0.263954,1.08368,0.970053,1.08368,0.970053,-0.121791,-0.235431,-0.121791,-0.235431
size_sweep,calm_deep,1e+06,passive|prints-only,40,0,True,"coinbase>=1,000,000",prints-only,5003010,10,0.111998,2.15909e+06,0.548383,4.2,1.48695,passive,BTC-USD,sell,11.5851,1e+06,86317.9,0.0370723,2.16234e+06,0.325707,0.0281144,1,86326,-0.944395,8,22.4936,28117,0,-0.0265511,0.224936,-1.44514,-1.24676,0.535378,971977,16.7842,-1.48695,39,80,0,39,57.6235,0,0,80,0,0,-0.0725851,-0.32153,-0.0725851,-0.32153,-1.50543,-1.75435,-1.50543,-1.75435,-1.45969,-1.70859,-1.45969,-1.70859
size_sweep,calm_deep,1e+06,aggressive,40,0,True,"coinbase>=1,000,000",prints+quotes,5003011,10,0.120546,2.24078e+06,0.50097,3.36667,2.84675,aggressive,BTC-USD,buy,11.5886,1e+06,86291.5,0.268856,2.61334e+06,11.5886,1,0,86293.6,0.24571,18,1800.04,0,1.00002e+06,0.24571,18.0004,-8.72724e-16,18.2462,0,0,18.2462,2.84675,1,41,0,0,0.0351172,0,0,0,0,0,1.0453,0.799615,,,1.03487,0.789185,,,1.60617,1.3605,,
size_sweep,calm_deep,1e+06,aggressive,40,0,True,"coinbase>=1,000,000",prints+quotes,5003011,10,0.120546,2.24078e+06,0.50097,3.36667,2.84675,aggressive,BTC-USD,sell,11.5886,1e+06,86291.5,0.268856,2.3047e+06,11.5886,1,0,86284.3,0.839678,18,1799.85,0,999916,0.839678,17.9985,-4.36362e-16,18.8382,0,0,18.8382,-2.84675,1,46,0,0,0.0351172,0,0,0,0,0,0.040077,-0.799615,,,0.0505076,-0.789185,,,-0.52086,-1.3605,,
size_sweep,calm_deep,1e+06,hybrid,40,0,True,"coinbase>=1,000,000",prints+quotes,5003011,10,0.120546,2.24078e+06,0.50097,3.36667,2.84675,hybrid,BTC-USD,buy,11.5886,1e+06,86291.5,0.268856,2.61334e+06,11.5886,1,1,86287.5,-0.459971,8,799.963,999954,0,-0.459971,7.99963,0,7.53966,0,0,7.53966,2.84675,2,22,0,1,2.1,0,0,5,17,0,0.469105,0.163947,0.469105,0.163947,0.317183,0.012022,0.317183,0.012022,0.93471,0.629566,0.93471,0.629566
size_sweep,calm_deep,1e+06,hybrid,40,0,True,"coinbase>=1,000,000",prints+quotes,5003011,10,0.120546,2.24078e+06,0.50097,3.36667,2.84675,hybrid,BTC-USD,sell,11.5886,1e+06,86291.5,0.268856,2.3047e+06,11.5886,1,1,86284.6,0.796125,8,799.936,999920,0,0.796125,7.99936,-0,8.79549,0,0,8.79549,-2.84675,3,18,0,2,4.6,0,0,5,13,0,0.313386,0.0300885,0.313386,0.0300885,1.54622,1.26288,1.54622,1.26288,-1.24034,-1.5236,-1.24034,-1.5236
size_sweep,calm_deep,1e+06,hybrid|prints-only,40,0,True,"coinbase>=1,000,000",prints-only,5003011,10,0.120546,2.24078e+06,0.50097,3.36667,2.84675,hybrid,BTC-USD,buy,11.5886,1e+06,86291.5,0.268856,2.61334e+06,11.5886,1,0.128807,86285.2,-0.730759,16.712,1671.08,128791,871135,-0.730759,16.7108,-4.36362e-16,15.98,0,0,15.98,2.84675,33,76,0,32,42.1423,0,0,43,0,0,-0.271275,-0.352966,-0.420676,-0.494511,-1.10946,-1.19115,-0.363164,-0.436983,-3.23024,-3.31195,-3.28297,-3.35678
size_sweep,calm_deep,1e+06,hybrid|prints-only,40,0,True,"coinbase>=1,000,000",prints-only,5003011,10,0.120546,2.24078e+06,0.50097,3.36667,2.84675,hybrid,BTC-USD,sell,11.5886,1e+06,86291.5,0.268856,2.3047e+06,11.5886,1,0.00983048,86276.8,1.70095,17.9017,1789.86,9830.27,990000,1.70095,17.8986,-0,19.5996,0,0,19.5996,-2.84675,28,83,0,27,42.1339,0,0,34,0,0,1.29018,0.327937,-0.0466731,-0.0852135,2.24271,1.28038,-0.925498,-0.964037,4.24875,3.28622,1.40105,1.36251
size_sweep,calm_deep,1e+06,passive,40,0,True,"coinbase>=1,000,000",prints+quotes,5003011,10,0.120546,2.24078e+06,0.50097,3.36667,2.84675,passive,BTC-USD,buy,11.5886,1e+06,86291.5,0.268856,2.61334e+06,11.5886,1,1,86287.5,-0.459971,8,799.963,999954,0,-0.459971,7.99963,0,7.53966,0,0,7.53966,2.84675,2,22,0,1,2.1,0,0,5,17,0,0.469105,0.163947,0.469105,0.163947,0.317183,0.012022,0.317183,0.012022,0.93471,0.629566,0.93471,0.629566
size_sweep,calm_deep,1e+06,passive,40,0,True,"coinbase>=1,000,000",prints+quotes,5003011,10,0.120546,2.24078e+06,0.50097,3.36667,2.84675,passive,BTC-USD,sell,11.5886,1e+06,86291.5,0.268856,2.3047e+06,11.5886,1,1,86284.6,0.796125,8,799.936,999920,0,0.796125,7.99936,-0,8.79549,0,0,8.79549,-2.84675,3,18,0,2,4.6,0,0,5,13,0,0.313386,0.0300885,0.313386,0.0300885,1.54622,1.26288,1.54622,1.26288,-1.24034,-1.5236,-1.24034,-1.5236
size_sweep,calm_deep,1e+06,passive|prints-only,40,0,True,"coinbase>=1,000,000",prints-only,5003011,10,0.120546,2.24078e+06,0.50097,3.36667,2.84675,passive,BTC-USD,buy,11.5886,1e+06,86291.5,0.268856,2.61334e+06,2.31677,0.199917,1,86286,-0.63851,8,159.924,199905,0,-0.127649,1.59924,2.27763,3.74922,0.0810874,800319,18.236,2.84675,42,56,0,42,50.1004,0,0,56,0,0,-0.355322,-0.374933,-0.355322,-0.374933,-0.000320758,-0.0199241,-0.000320758,-0.0199241,-2.85261,-2.8722,-2.85261,-2.8722
size_sweep,calm_deep,1e+06,passive|prints-only,40,0,True,"coinbase>=1,000,000",prints-only,5003011,10,0.120546,2.24078e+06,0.50097,3.36667,2.84675,passive,BTC-USD,sell,11.5886,1e+06,86291.5,0.268856,2.3047e+06,0.61105,0.0527284,1,86298.7,-0.830019,8,42.1862,52732.8,0,-0.0437656,0.421862,-2.69664,-2.31854,0.698299,947471,15.4342,-2.84675,37,55,0,37,59.6076,0,0,55,0,0,0.484151,0.535458,0.484151,0.535458,1.00707,1.05838,1.00707,1.05838,0.533874,0.585178,0.533874,0.585178
size_sweep,calm_deep,1e+06,aggressive,40,0,True,"coinbase>=1,000,000",prints+quotes,5003012,10,0.126769,2.16729e+06,0.532783,3.73333,-1.17299,aggressive,BTC-USD,buy,11.5908,1e+06,86275.1,0.156476,2.08973e+06,11.5908,1,0,86280.5,0.624989,18,1800.11,0,1.00006e+06,0.624989,18.0011,1.79767e-16,18.6261,0,0,18.6261,-1.17299,1,49,0,0,0.0310413,0,0,0,0,0,0.349676,-0.275282,,,1.34411,0.719211,,,4.06372,3.439,,
size_sweep,calm_deep,1e+06,aggressive,40,0,True,"coinbase>=1,000,000",prints+quotes,5003012,10,0.126769,2.16729e+06,0.532783,3.73333,-1.17299,aggressive,BTC-USD,sell,11.5908,1e+06,86275.1,0.156476,2.28645e+06,11.5908,1,0,86267.2,0.919466,18,1799.83,0,999908,0.919466,17.9983,0,18.9178,0,0,18.9178,1.17299,1,49,0,0,0.0310413,0,0,0,0,0,1.19487,0.275282,,,0.200282,-0.719211,,,-2.51976,-3.439,,
size_sweep,calm_deep,1e+06,hybrid,40,0,True,"coinbase>=1,000,000",prints+quotes,5003012,10,0.126769,2.16729e+06,0.532783,3.73333,-1.17299,hybrid,BTC-USD,buy,11.5908,1e+06,86275.1,0.156476,2.08973e+06,11.5908,1,1,86274.4,-0.0889403,8,799.993,999991,0,-0.0889403,7.99993,-0,7.91099,0,0,7.91099,-1.17299,5,18,0,4,5.5,0,0,3,15,0,0.707893,0.264826,0.707893,0.264826,1.90137,1.45835,1.90137,1.45835,2.44537,2.00238,2.44537,2.00238
size_sweep,calm_deep,1e+06,hybrid,40,0,True,"coinbase>=1,000,000",prints+quotes,5003012,10,0.126769,2.16729e+06,0.532783,3.73333,-1.17299,hybrid,BTC-USD,sell,11.5908,1e+06,86275.1,0.156476,2.28645e+06,11.5908,1,1,86259,1.86949,8,799.85,999813,0,1.86949,7.9985,0,9.86799,0,0,9.86799,1.17299,10,33,0,9,11.4,0,0,10,23,0,0.0299902,-0.276376,0.0299902,-0.276376,-0.920049,-1.22638,-0.920049,-1.22638,0.336833,0.0304614,0.336833,0.0304614
size_sweep,calm_deep,1e+06,hybrid|prints-only,40,0,True,"coinbase>=1,000,000",prints-only,5003012,10,0.126769,2.16729e+06,0.532783,3.73333,-1.17299,hybrid,BTC-USD,buy,11.5908,1e+06,86275.1,0.156476,2.08973e+06,11.5908,1,0.0471884,86268.7,-0.749473,17.5282,1752.69,47175.6,952750,-0.749473,17.5269,-1.79767e-16,16.7774,0,0,16.7774,-1.17299,33,104,0,32,42.1573,0,0,54,0,0,0.118489,-0.42207,0.854785,0.652351,0.648041,0.107511,1.05297,0.850539,1.93977,1.39932,-1.48512,-1.6876
size_sweep,calm_deep,1e+06,hybrid|prints-only,40,0,True,"coinbase>=1,000,000",prints-only,5003012,10,0.126769,2.16729e+06,0.532783,3.73333,-1.17299,hybrid,BTC-USD,sell,11.5908,1e+06,86275.1,0.156476,2.28645e+06,11.5908,1,0.0736767,86260.6,1.68224,17.2633,1726.04,73654,926178,1.68224,17.2604,-1.79767e-16,18.9427,0,0,18.9427,1.17299,30,97,0,29,42.1544,0,0,46,0,0,0.79388,0.451578,0.244437,0.153559,0.293744,-0.0485408,0.321114,0.230221,-0.961224,-1.30346,1.9148,1.82389
size_sweep,calm_deep,1e+06,passive,40,0,True,"coinbase>=1,000,000",prints+quotes,5003012,10,0.126769,2.16729e+06,0.532783,3.73333,-1.17299,passive,BTC-USD,buy,11.5908,1e+06,86275.1,0.156476,2.08973e+06,11.5908,1,1,86274.4,-0.0889403,8,799.993,999991,0,-0.0889403,7.99993,-0,7.91099,0,0,7.91099,-1.17299,5,18,0,4,5.5,0,0,3,15,0,0.707893,0.264826,0.707893,0.264826,1.90137,1.45835,1.90137,1.45835,2.44537,2.00238,2.44537,2.00238
size_sweep,calm_deep,1e+06,passive,40,0,True,"coinbase>=1,000,000",prints+quotes,5003012,10,0.126769,2.16729e+06,0.532783,3.73333,-1.17299,passive,BTC-USD,sell,11.5908,1e+06,86275.1,0.156476,2.28645e+06,11.5908,1,1,86259,1.86949,8,799.85,999813,0,1.86949,7.9985,0,9.86799,0,0,9.86799,1.17299,10,33,0,9,11.4,0,0,10,23,0,0.0299902,-0.276376,0.0299902,-0.276376,-0.920049,-1.22638,-0.920049,-1.22638,0.336833,0.0304614,0.336833,0.0304614
size_sweep,calm_deep,1e+06,passive|prints-only,40,0,True,"coinbase>=1,000,000",prints-only,5003012,10,0.126769,2.16729e+06,0.532783,3.73333,-1.17299,passive,BTC-USD,buy,11.5908,1e+06,86275.1,0.156476,2.08973e+06,0.632755,0.054591,1,86253.6,-2.4996,8,43.6619,54577.4,0,-0.136456,0.436619,-1.10896,-0.808794,0.460037,945344,16.6674,-1.17299,38,68,0,38,59.8032,0,0,68,0,0,0.766259,0.554491,0.766259,0.554491,0.986796,0.775036,0.986796,0.775036,-1.19011,-1.40191,-1.19011,-1.40191
size_sweep,calm_deep,1e+06,passive|prints-only,40,0,True,"coinbase>=1,000,000",prints-only,5003012,10,0.126769,2.16729e+06,0.532783,3.73333,-1.17299,passive,BTC-USD,sell,11.5908,1e+06,86275.1,0.156476,2.28645e+06,0.931268,0.0803453,1,86250.3,2.88111,8,64.2577,80322.1,0,0.231484,0.642577,1.07875,1.95281,0.316773,919515,18.8209,1.17299,42,61,0,42,59.9016,0,1,60,0,0,0.209433,0.128752,0.209433,0.128752,0.271688,0.190994,0.271688,0.190994,1.59854,1.51783,1.59854,1.51783
size_sweep,calm_deep,1e+06,aggressive,40,0,True,"coinbase>=1,000,000",prints+quotes,5003013,10,0.115435,2.14338e+06,0.54716,3.78333,0.97261,aggressive,BTC-USD,buy,11.5925,1e+06,86262.8,0.00927399,2.25229e+06,11.5925,1,0,86269.5,0.784851,18,1800.14,0,1.00008e+06,0.784851,18.0014,-1.49036e-16,18.7863,0,0,18.7863,0.97261,1,45,0,0,0.0396629,0,0,0,0,0,1.12152,0.336762,,,2.89851,2.11389,,,0.321699,-0.46312,,
size_sweep,calm_deep,1e+06,aggressive,40,0,True,"coinbase>=1,000,000",prints+quotes,5003013,10,0.115435,2.14338e+06,0.54716,3.78333,0.97261,aggressive,BTC-USD,sell,11.5925,1e+06,86262.8,0.00927399,2.46013e+06,11.5925,1,0,86260.7,0.240752,18,1799.96,0,999976,0.240752,17.9996,1.49036e-16,18.2403,0,0,18.2403,-0.97261,1,51,0,0,0.0396629,0,0,0,0,0,-0.09601,-0.336762,,,-1.87318,-2.11389,,,0.703891,0.46312,,
size_sweep,calm_deep,1e+06,hybrid,40,0,True,"coinbase>=1,000,000",prints+quotes,5003013,10,0.115435,2.14338e+06,0.54716,3.78333,0.97261,hybrid,BTC-USD,buy,11.5925,1e+06,86262.8,0.00927399,2.25229e+06,11.5925,1,1,86260.6,-0.254251,8,799.98,999975,0,-0.254251,7.9998,8.39e-10,7.74555,3.9e-11,0.000862715,7.74555,0.97261,2,18,0,1,3.8,0,0,4,14,0,0.529398,0.143355,0.529398,0.143355,1.9995,1.61353,1.9995,1.61353,-0.83973,-1.22582,-0.83973,-1.22582
size_sweep,calm_deep,1e+06,hybrid,40,0,True,"coinbase>=1,000,000",prints+quotes,5003013,10,0.115435,2.14338e+06,0.54716,3.78333,0.97261,hybrid,BTC-USD,sell,11.5925,1e+06,86262.8,0.00927399,2.46013e+06,11.5925,1,1,86252.2,1.22569,8,799.902,999877,0,1.22569,7.99902,-8.39e-10,9.22471,3.9e-11,0.000862707,9.22471,-0.97261,6,26,0,5,8.7,0,0,4,22,0,0.0778276,-0.200995,0.0778276,-0.200995,-0.829361,-1.10817,-0.829361,-1.10817,2.52594,2.24704,2.52594,2.24704
size_sweep,calm_deep,1e+06,hybrid|prints-only,40,0,True,"coinbase>=1,000,000",prints-only,5003013,10,0.115435,2.14338e+06,0.54716,3.78333,0.97261,hybrid,BTC-USD,buy,11.5925,1e+06,86262.8,0.00927399,2.25229e+06,11.5925,1,0.179658,86267.5,0.55289,16.2035,1620.44,179662,820393,0.55289,16.2044,1.49036e-16,16.7573,0,0,16.7573,0.97261,29,104,0,28,42.0321,0,0,57,0,0,0.704094,-0.00934124,0.0181037,-0.118162,0.752676,0.0392454,-0.216957,-0.353241,-1.73644,-2.45009,0.346269,0.209974
size_sweep,calm_deep,1e+06,hybrid|prints-only,40,0,True,"coinbase>=1,000,000",prints-only,5003013,10,0.115435,2.14338e+06,0.54716,3.78333,0.97261,hybrid,BTC-USD,sell,11.5925,1e+06,86262.8,0.00927399,2.46013e+06,11.5925,1,0.0350315,86258.2,0.523291,17.6497,1764.88,35030.7,964917,0.523291,17.6488,-8.39e-10,18.172,3.9e-11,0.000862707,18.172,-0.97261,31,89,0,30,42.0674,0,0,41,0,0,0.302568,-0.00941152,0.116762,0.130504,0.185241,-0.126735,-0.182705,-0.168973,3.23499,2.92292,-0.113724,-0.100018
size_sweep,calm_deep,1e+06,passive,40,0,True,"coinbase>=1,000,000",prints+quotes,5003013,10,0.115435,2.14338e+06,0.54716,3.78333,0.97261,passive,BTC-USD,buy,11.5925,1e+06,86262.8,0.00927399,2.25229e+06,11.5925,1,1,86260.6,-0.254251,8,799.98,999975,0,-0.254251,7.9998,8.39e-10,7.74555,3.9e-11,0.000862715,7.74555,0.97261,2,18,0,1,3.8,0,0,4,14,0,0.529398,0.143355,0.529398,0.143355,1.9995,1.61353,1.9995,1.61353,-0.83973,-1.22582,-0.83973,-1.22582
size_sweep,calm_deep,1e+06,passive,40,0,True,"coinbase>=1,000,000",prints+quotes,5003013,10,0.115435,2.14338e+06,0.54716,3.78333,0.97261,passive,BTC-USD,sell,11.5925,1e+06,86262.8,0.00927399,2.46013e+06,11.5925,1,1,86252.2,1.22569,8,799.902,999877,0,1.22569,7.99902,-8.39e-10,9.22471,3.9e-11,0.000862707,9.22471,-0.97261,6,26,0,5,8.7,0,0,4,22,0,0.0778276,-0.200995,0.0778276,-0.200995,-0.829361,-1.10817,-0.829361,-1.10817,2.52594,2.24704,2.52594,2.24704
size_sweep,calm_deep,1e+06,passive|prints-only,40,0,True,"coinbase>=1,000,000",prints-only,5003013,10,0.115435,2.14338e+06,0.54716,3.78333,0.97261,passive,BTC-USD,buy,11.5925,1e+06,86262.8,0.00927399,2.25229e+06,2.14894,0.185373,1,86264.4,0.19406,8,148.302,185377,0,0.0359735,1.48302,0.792314,2.3113,0.576138,814764,17.5532,0.97261,36,86,0,36,59.8134,0,0,86,0,0,0.0168789,-0.125933,0.0168789,-0.125933,-0.193775,-0.336605,-0.193775,-0.336605,0.231523,0.0886783,0.231523,0.0886783
size_sweep,calm_deep,1e+06,passive|prints-only,40,0,True,"coinbase>=1,000,000",prints-only,5003013,10,0.115435,2.14338e+06,0.54716,3.78333,0.97261,passive,BTC-USD,sell,11.5925,1e+06,86262.8,0.00927399,2.46013e+06,0.509128,0.0439188,1,86262.2,0.0615685,8,35.1348,43918.5,0,0.00270401,0.351348,-0.929894,-0.575842,0.441618,956130,17.0761,-0.97261,39,58,0,39,59.3061,0,0,58,0,0,0.0894855,0.093211,0.0894855,0.093211,-0.125879,-0.122162,-0.125879,-0.122162,0.237137,0.240831,0.237137,0.240831
size_sweep,calm_deep,1e+06,aggressive,40,0,True,"coinbase>=1,000,000",prints+quotes,5003014,10,0.118207,2.22332e+06,0.636265,3.88333,-2.69841,aggressive,BTC-USD,buy,11.5886,1e+06,86291.4,0.242203,2.01771e+06,11.5886,1,0,86298.3,0.80362,18,1800.14,0,1.00008e+06,0.80362,18.0014,4.13625e-16,18.8051,0,0,18.8051,-2.69841,1,53,0,0,0.0335347,0,0,0,0,0,0.0312245,-0.772383,,,1.35802,0.554516,,,1.48374,0.680253,,
size_sweep,calm_deep,1e+06,aggressive,40,0,True,"coinbase>=1,000,000",prints+quotes,5003014,10,0.118207,2.22332e+06,0.636265,3.88333,-2.69841,aggressive,BTC-USD,sell,11.5886,1e+06,86291.4,0.242203,2.295e+06,11.5886,1,0,86286.1,0.611431,18,1799.89,0,999939,0.611431,17.9989,4.13625e-16,18.6103,0,0,18.6103,2.69841,1,53,0,0,0.0335347,0,0,0,0,0,1.38391,0.772383,,,0.056927,-0.554516,,,-0.0688175,-0.680253,,
size_sweep,calm_deep,1e+06,hybrid,40,0,True,"coinbase>=1,000,000",prints+quotes,5003014,10,0.118207,2.22332e+06,0.636265,3.88333,-2.69841,hybrid,BTC-USD,buy,11.5886,1e+06,86291.4,0.242203,2.01771e+06,11.5886,1,1,86291,-0.0496488,8,799.996,999995,0,-0.0496488,7.99996,-0,7.95031,0,0,7.95031,-2.69841,8,26,1,6,8.6,0,0,6,20,0,0.796638,0.272356,0.796638,0.272356,0.480669,-0.0436291,0.480669,-0.0436291,-0.465763,-0.990111,-0.465763,-0.990111
size_sweep,calm_deep,1e+06,hybrid,40,0,True,"coinbase>=1,000,000",prints+quotes,5003014,10,0.118207,2.22332e+06,0.636265,3.88333,-2.69841,hybrid,BTC-USD,sell,11.5886,1e+06,86291.4,0.242203,2.295e+06,11.5886,1,1,86283.6,0.910104,8,799.927,999909,0,0.910104,7.99927,0,8.90938,0,0,8.90938,2.69841,4,12,0,3,3.1,0,0,1,11,0,0.334871,-0.034506,0.334871,-0.034506,0.54625,0.176863,0.54625,0.176863,1.44142,1.07201,1.44142,1.07201
size_sweep,calm_deep,1e+06,hybrid|prints-only,40,0,True,"coinbase>=1,000,000",prints-only,5003014,10,0.118207,2.22332e+06,0.636265,3.88333,-2.69841,hybrid,BTC-USD,buy,11.5886,1e+06,86291.4,0.242203,2.01771e+06,11.5886,1,0.040536,86299.5,0.937684,17.5947,1759.63,40537.7,959556,0.937684,17.5963,-0,18.534,0,0,18.534,-2.69841,34,87,1,32,42.1153,0,0,35,0,0,0.845667,-0.206636,0.701563,0.443278,3.13296,2.0809,0.614344,0.356057,3.37688,2.32485,1.80469,1.54644
size_sweep,calm_deep,1e+06,hybrid|prints-only,40,0,True,"coinbase>=1,000,000",prints-only,5003014,10,0.118207,2.22332e+06,0.636265,3.88333,-2.69841,hybrid,BTC-USD,sell,11.5886,1e+06,86291.4,0.242203,2.295e+06,11.5886,1,0.0354292,86289.3,0.250279,17.6457,1764.53,35428.9,964546,0.250279,17.6453,0,17.8955,0,0,17.8955,2.69841,30,76,0,29,42.1408,0,0,43,0,0,0.369583,0.242474,0.54233,0.47063,-1.9453,-2.07238,0.215278,0.14357,-2.20471,-2.33179,-1.55368,-1.62538
size_sweep,calm_deep,1e+06,passive,40,0,True,"coinbase>=1,000,000",prints+quotes,5003014,10,0.118207,2.22332e+06,0.636265,3.88333,-2.69841,passive,BTC-USD,buy,11.5886,1e+06,86291.4,0.242203,2.01771e+06,11.5886,1,1,86291,-0.0496488,8,799.996,999995,0,-0.0496488,7.99996,-0,7.95031,0,0,7.95031,-2.69841,8,26,1,6,8.6,0,0,6,20,0,0.796638,0.272356,0.796638,0.272356,0.480669,-0.0436291,0.480669,-0.0436291,-0.465763,-0.990111,-0.465763,-0.990111
size_sweep,calm_deep,1e+06,passive,40,0,True,"coinbase>=1,000,000",prints+quotes,5003014,10,0.118207,2.22332e+06,0.636265,3.88333,-2.69841,passive,BTC-USD,sell,11.5886,1e+06,86291.4,0.242203,2.295e+06,11.5886,1,1,86283.6,0.910104,8,799.927,999909,0,0.910104,7.99927,0,8.90938,0,0,8.90938,2.69841,4,12,0,3,3.1,0,0,1,11,0,0.334871,-0.034506,0.334871,-0.034506,0.54625,0.176863,0.54625,0.176863,1.44142,1.07201,1.44142,1.07201
size_sweep,calm_deep,1e+06,passive|prints-only,40,0,True,"coinbase>=1,000,000",prints-only,5003014,10,0.118207,2.22332e+06,0.636265,3.88333,-2.69841,passive,BTC-USD,buy,11.5886,1e+06,86291.4,0.242203,2.01771e+06,0.562056,0.0485006,1,86291.8,0.0415626,8,38.8007,48500.8,0,0.00201581,0.388007,-2.56754,-2.17752,0.495503,951292,15.4412,-2.69841,44,56,1,43,59.7199,0,0,56,0,0,0.54801,0.327299,0.54801,0.327299,0.514903,0.294192,0.514903,0.294192,1.50566,1.28498,1.50566,1.28498
size_sweep,calm_deep,1e+06,passive|prints-only,40,0,True,"coinbase>=1,000,000",prints-only,5003014,10,0.118207,2.22332e+06,0.636265,3.88333,-2.69841,passive,BTC-USD,sell,11.5886,1e+06,86291.4,0.242203,2.295e+06,0.41649,0.0359395,1,86290.2,0.135102,8,28.7512,35939,0,0.00485551,0.287512,2.60143,2.8938,0.451538,963755,20.6929,2.69841,43,63,0,43,59.8116,0,0,63,0,0,0.536524,0.465644,0.536524,0.465644,0.208449,0.137561,0.208449,0.137561,-1.52815,-1.59903,-1.52815,-1.59903
size_sweep,calm_deep,1e+06,aggressive,40,0,True,"coinbase>=1,000,000",prints+quotes,5003015,10,0.109215,2.15614e+06,0.604465,4.31667,8.49978,aggressive,BTC-USD,buy,11.5903,1e+06,86278.7,0.0799734,2.07518e+06,11.5903,1,0,86285.3,0.769911,18,1800.14,0,1.00008e+06,0.769911,18.0014,-1.30269e-15,18.7713,0,0,18.7713,8.49978,1,48,0,0,0.096467,0,0,0,0,0,0.448817,-0.321053,,,0.910657,0.140823,,,-7.94484,-8.71536,,
size_sweep,calm_deep,1e+06,aggressive,40,0,True,"coinbase>=1,000,000",prints+quotes,5003015,10,0.109215,2.15614e+06,0.604465,4.31667,8.49978,aggressive,BTC-USD,sell,11.5903,1e+06,86278.7,0.0799734,2.49198e+06,11.5903,1,0,86277.5,0.141844,18,1799.97,0,999986,0.141844,17.9997,-2.60538e-15,18.1416,0,0,18.1416,-8.49978,1,36,0,0,0.096467,0,0,0,0,0,0.462903,0.321053,,,0.00102154,-0.140823,,,8.85733,8.71536,,
size_sweep,calm_deep,1e+06,hybrid,40,0,True,"coinbase>=1,000,000",prints+quotes,5003015,10,0.109215,2.15614e+06,0.604465,4.31667,8.49978,hybrid,BTC-USD,buy,11.5903,1e+06,86278.7,0.0799734,2.07518e+06,11.5903,1,1,86283.9,0.603325,8,800.048,1.00006e+06,0,0.603325,8.00048,0,8.60381,0,0,8.60381,8.49978,3,20,0,2,3,0,0,8,12,0,-0.145227,-0.356431,-0.145227,-0.356431,-0.780608,-0.991826,-0.780608,-0.991826,-8.15926,-8.37063,-8.15926,-8.37063
size_sweep,calm_deep,1e+06,hybrid,40,0,True,"coinbase>=1,000,000",prints+quotes,5003015,10,0.109215,2.15614e+06,0.604465,4.31667,8.49978,hybrid,BTC-USD,sell,11.5903,1e+06,86278.7,0.0799734,2.49198e+06,11.5903,1,1,86283,-0.500908,8,800.04,1.00005e+06,0,-0.500908,8.0004,-1.4667e-08,7.49949,1.2e-11,0.00172704,7.49949,-8.49978,6,26,0,5,6.5,0,0,8,18,0,0.663802,0.254575,0.663802,0.254575,1.56492,1.15566,1.56492,1.15566,8.09352,7.68399,8.09352,7.68399
size_sweep,calm_deep,1e+06,hybrid|prints-only,40,0,True,"coinbase>=1,000,000",prints-only,5003015,10,0.109215,2.15614e+06,0.604465,4.31667,8.49978,hybrid,BTC-USD,buy,11.5903,1e+06,86278.7,0.0799734,2.07518e+06,11.5903,1,0.0346841,86356.8,9.04865,17.6533,1766.93,34698.2,966207,9.04865,17.6693,0,26.718,0,0,26.718,8.49978,32,93,0,31,42.238,0,0,45,0,0,1.53674,1.0486,-0.0645062,-0.175813,3.89453,3.40651,-0.135269,-0.246601,-2.33791,-2.82624,-5.06996,-5.18133
size_sweep,calm_deep,1e+06,hybrid|prints-only,40,0,True,"coinbase>=1,000,000",prints-only,5003015,10,0.109215,2.15614e+06,0.604465,4.31667,8.49978,hybrid,BTC-USD,sell,11.5903,1e+06,86278.7,0.0799734,2.49198e+06,11.5903,1,0.113435,86347.3,-7.94603,16.866,1687.94,113489,887306,-7.94603,16.8794,-1.30269e-15,8.93338,0,0,8.93338,-8.49978,34,97,0,33,42.1503,0,0,55,0,0,-0.692199,-1.0253,1.11913,0.826643,-2.60585,-2.93888,1.82618,1.53368,3.13179,2.79856,4.11533,3.82274
size_sweep,calm_deep,1e+06,passive,40,0,True,"coinbase>=1,000,000",prints+quotes,5003015,10,0.109215,2.15614e+06,0.604465,4.31667,8.49978,passive,BTC-USD,buy,11.5903,1e+06,86278.7,0.0799734,2.07518e+06,11.5903,1,1,86283.9,0.603325,8,800.048,1.00006e+06,0,0.603325,8.00048,0,8.60381,0,0,8.60381,8.49978,3,20,0,2,3,0,0,8,12,0,-0.145227,-0.356431,-0.145227,-0.356431,-0.780608,-0.991826,-0.780608,-0.991826,-8.15926,-8.37063,-8.15926,-8.37063
size_sweep,calm_deep,1e+06,passive,40,0,True,"coinbase>=1,000,000",prints+quotes,5003015,10,0.109215,2.15614e+06,0.604465,4.31667,8.49978,passive,BTC-USD,sell,11.5903,1e+06,86278.7,0.0799734,2.49198e+06,11.5903,1,1,86283,-0.500908,8,800.04,1.00005e+06,0,-0.500908,8.0004,-1.4667e-08,7.49949,1.2e-11,0.00172704,7.49949,-8.49978,6,26,0,5,6.5,0,0,8,18,0,0.663802,0.254575,0.663802,0.254575,1.56492,1.15566,1.56492,1.15566,8.09352,7.68399,8.09352,7.68399
size_sweep,calm_deep,1e+06,passive|prints-only,40,0,True,"coinbase>=1,000,000",prints-only,5003015,10,0.109215,2.15614e+06,0.604465,4.31667,8.49978,passive,BTC-USD,buy,11.5903,1e+06,86278.7,0.0799734,2.07518e+06,0.421917,0.0364024,1,86314.6,4.16493,8,29.1341,36417.6,0,0.151614,0.291341,8.19037,8.63332,0.556176,964472,26.55,8.49978,44,65,0,44,57.4117,0,0,65,0,0,-0.0395211,-0.15218,-0.0395211,-0.15218,-0.122998,-0.235681,-0.122998,-0.235681,-5.17363,-5.28636,-5.17363,-5.28636
size_sweep,calm_deep,1e+06,passive|prints-only,40,0,True,"coinbase>=1,000,000",prints-only,5003015,10,0.109215,2.15614e+06,0.604465,4.31667,8.49978,passive,BTC-USD,sell,11.5903,1e+06,86278.7,0.0799734,2.49198e+06,1.32478,0.1143,1,86319.4,-4.72172,8,91.4832,114354,0,-0.539693,0.914832,-7.52825,-7.15312,0.399844,886413,9.20216,-8.49978,48,76,0,48,59.8257,0,0,76,0,0,1.1075,0.816781,1.1075,0.816781,1.81162,1.52088,1.81162,1.52088,4.13793,3.84711,4.13793,3.84711
size_sweep,calm_deep,1e+06,aggressive,40,0,True,"coinbase>=1,000,000",prints+quotes,5003016,10,0.1163,2.17899e+06,0.532289,4.55,5.26825,aggressive,BTC-USD,buy,11.5888,1e+06,86290.6,0.0243364,1.856e+06,11.5888,1,0,86295.7,0.597926,18,1800.11,0,1.00006e+06,0.597926,18.0011,-8.07532e-16,18.599,0,0,18.599,5.26825,1,63,0,0,0.0505598,0,0,0,0,0,0.756063,0.158186,,,0.329623,-0.26828,,,-1.92657,-2.52461,,
size_sweep,calm_deep,1e+06,aggressive,40,0,True,"coinbase>=1,000,000",prints+quotes,5003016,10,0.1163,2.17899e+06,0.532289,4.55,5.26825,aggressive,BTC-USD,sell,11.5888,1e+06,86290.6,0.0243364,1.85803e+06,11.5888,1,0,86286.4,0.486881,18,1799.91,0,999951,0.486881,17.9991,8.07532e-16,18.486,0,0,18.486,-5.26825,1,52,0,0,0.0505598,0,0,0,0,0,0.328715,-0.158186,,,0.755202,0.26828,,,3.01164,2.52461,,
size_sweep,calm_deep,1e+06,hybrid,40,0,True,"coinbase>=1,000,000",prints+quotes,5003016,10,0.1163,2.17899e+06,0.532289,4.55,5.26825,hybrid,BTC-USD,buy,11.5888,1e+06,86290.6,0.0243364,1.856e+06,11.5888,1,1,86290.5,-0.0110093,8,799.999,999999,0,-0.0110093,7.99999,0,7.98898,0,0,7.98898,5.26825,1,19,0,0,2.2,0,0,2,17,0,0.185173,-0.09036,0.185173,-0.09036,-1.32793,-1.6035,-1.32793,-1.6035,-2.87366,-3.14928,-2.87366,-3.14928
size_sweep,calm_deep,1e+06,hybrid,40,0,True,"coinbase>=1,000,000",prints+quotes,5003016,10,0.1163,2.17899e+06,0.532289,4.55,5.26825,hybrid,BTC-USD,sell,11.5888,1e+06,86290.6,0.0243364,1.85803e+06,11.5888,1,1,86293.7,-0.363019,8,800.029,1.00004e+06,0,-0.363019,8.00029,-4.546e-09,7.63727,3.75e-11,0.000863357,7.63727,-5.26825,3,28,0,2,6.4,0,0,6,22,0,0.343873,0.0206863,0.343873,0.0206863,0.711784,0.38859,0.711784,0.38859,3.87729,3.55399,3.87729,3.55399
size_sweep,calm_deep,1e+06,hybrid|prints-only,40,0,True,"coinbase>=1,000,000",prints-only,5003016,10,0.1163,2.17899e+06,0.532289,4.55,5.26825,hybrid,BTC-USD,buy,11.5888,1e+06,86290.6,0.0243364,1.856e+06,11.5888,1,0.00413325,86336.1,5.27073,17.9587,1796.81,4134.07,996393,5.27073,17.9681,4.546e-09,23.2389,3.75e-11,0.000863364,23.2389,5.26825,29,81,0,28,42.1518,0,0,34,0,0,-0.212283,-0.451148,0.275057,0.108436,-0.771021,-1.0099,-0.114154,-0.280779,-3.17173,-3.41066,-3.82011,-3.9868
size_sweep,calm_deep,1e+06,hybrid|prints-only,40,0,True,"coinbase>=1,000,000",prints-only,5003016,10,0.1163,2.17899e+06,0.532289,4.55,5.26825,hybrid,BTC-USD,sell,11.5888,1e+06,86290.6,0.0243364,1.85803e+06,11.5888,1,0.0928305,86324.7,-3.95268,17.072,1707.87,92839.7,907556,-3.95268,17.0787,-4.546e-09,13.126,3.75e-11,0.000863356,13.126,-5.26825,27,103,0,26,42.1405,0,0,56,0,0,1.18952,0.444349,0.666993,0.355207,1.68342,0.938206,0.519814,0.208024,4.19136,3.44597,4.12621,3.81434
size_sweep,calm_deep,1e+06,passive,40,0,True,"coinbase>=1,000,000",prints+quotes,5003016,10,0.1163,2.17899e+06,0.532289,4.55,5.26825,passive,BTC-USD,buy,11.5888,1e+06,86290.6,0.0243364,1.856e+06,11.5888,1,1,86290.5,-0.0110093,8,799.999,999999,0,-0.0110093,7.99999,0,7.98898,0,0,7.98898,5.26825,1,19,0,0,2.2,0,0,2,17,0,0.185173,-0.09036,0.185173,-0.09036,-1.32793,-1.6035,-1.32793,-1.6035,-2.87366,-3.14928,-2.87366,-3.14928
size_sweep,calm_deep,1e+06,passive,40,0,True,"coinbase>=1,000,000",prints+quotes,5003016,10,0.1163,2.17899e+06,0.532289,4.55,5.26825,passive,BTC-USD,sell,11.5888,1e+06,86290.6,0.0243364,1.85803e+06,11.5888,1,1,86293.7,-0.363019,8,800.029,1.00004e+06,0,-0.363019,8.00029,-4.546e-09,7.63727,3.75e-11,0.000863357,7.63727,-5.26825,3,28,0,2,6.4,0,0,6,22,0,0.343873,0.0206863,0.343873,0.0206863,0.711784,0.38859,0.711784,0.38859,3.87729,3.55399,3.87729,3.55399
size_sweep,calm_deep,1e+06,passive|prints-only,40,0,True,"coinbase>=1,000,000",prints-only,5003016,10,0.1163,2.17899e+06,0.532289,4.55,5.26825,passive,BTC-USD,buy,11.5888,1e+06,86290.6,0.0243364,1.856e+06,11.5888,1,1,86345.4,6.3582,8,800.509,1.00064e+06,0,6.3582,8.00509,8.07532e-16,14.3633,0,0,14.3633,5.26825,36,101,0,35,52.2034,0,0,101,0,0,-0.00593511,-0.025175,-0.00593511,-0.025175,-0.602318,-0.621559,-0.602318,-0.621559,-3.91506,-3.93431,-3.91506,-3.93431
size_sweep,calm_deep,1e+06,passive|prints-only,40,0,True,"coinbase>=1,000,000",prints-only,5003016,10,0.1163,2.17899e+06,0.532289,4.55,5.26825,passive,BTC-USD,sell,11.5888,1e+06,86290.6,0.0243364,1.85803e+06,1.27491,0.110013,1,86305.5,-1.73342,8,88.0255,110032,0,-0.190699,0.880255,-4.68867,-3.99911,0.290929,890427,12.3195,-5.26825,40,78,0,40,57.0073,0,0,78,0,0,0.651268,0.332853,0.651268,0.332853,0.537739,0.21932,0.537739,0.21932,4.24361,3.92509,4.24361,3.92509
size_sweep,calm_deep,1e+06,aggressive,40,0,True,"coinbase>=1,000,000",prints+quotes,5003017,10,0.117164,2.13148e+06,0.497985,3.93333,0.392329,aggressive,BTC-USD,buy,11.5902,1e+06,86279.7,0.11822,2.17564e+06,11.5902,1,0,86284.9,0.607354,18,1800.11,0,1.00006e+06,0.607354,18.0011,0,18.6084,0,0,18.6084,0.392329,1,44,0,0,0.0583912,0,0,0,0,0,0.790426,0.183125,,,-0.755036,-1.36243,,,0.826353,0.219055,,
size_sweep,calm_deep,1e+06,aggressive,40,0,True,"coinbase>=1,000,000",prints+quotes,5003017,10,0.117164,2.13148e+06,0.497985,3.93333,0.392329,aggressive,BTC-USD,sell,11.5902,1e+06,86279.7,0.11822,2.49037e+06,11.5902,1,0,86276.3,0.38452,18,1799.93,0,999962,0.38452,17.9993,-0,18.3838,0,0,18.3838,-0.392329,1,41,0,0,0.0583912,0,0,0,0,0,0.201403,-0.183125,,,1.74702,1.36243,,,0.165472,-0.219055,,
size_sweep,calm_deep,1e+06,hybrid,40,0,True,"coinbase>=1,000,000",prints+quotes,5003017,10,0.117164,2.13148e+06,0.497985,3.93333,0.392329,hybrid,BTC-USD,buy,11.5902,1e+06,86279.7,0.11822,2.17564e+06,11.5902,1,1,86287.2,0.873989,8,800.07,1.00009e+06,0,0.873989,8.0007,3.385e-10,8.87469,3.45e-11,0.000862834,8.87469,0.392329,10,31,0,9,11.8,0,0,12,19,0,0.312164,-0.0413013,0.312164,-0.0413013,-0.264294,-0.617783,-0.264294,-0.617783,1.7586,1.40517,1.7586,1.40517
size_sweep,calm_deep,1e+06,hybrid,40,0,True,"coinbase>=1,000,000",prints+quotes,5003017,10,0.117164,2.13148e+06,0.497985,3.93333,0.392329,hybrid,BTC-USD,sell,11.5902,1e+06,86279.7,0.11822,2.49037e+06,11.5902,1,1,86276,0.424636,8,799.966,999958,0,0.424636,7.99966,6.01297e-17,8.4243,0,0,8.4243,-0.392329,2,14,0,1,1.6,0,0,4,10,0,0.562672,0.198989,0.562672,0.198989,1.78732,1.42359,1.78732,1.42359,0.623079,0.259395,0.623079,0.259395
size_sweep,calm_deep,1e+06,hybrid|prints-only,40,0,True,"coinbase>=1,000,000",prints-only,5003017,10,0.117164,2.13148e+06,0.497985,3.93333,0.392329,hybrid,BTC-USD,buy,11.5902,1e+06,86279.7,0.11822,2.17564e+06,11.5902,1,0.013367,86270.7,-1.03413,17.8663,1786.45,13366.4,986530,-1.03413,17.8645,-1.20259e-16,16.8303,0,0,16.8303,0.392329,30,102,0,29,42.1625,0,0,49,0,0,0.515837,0.144917,0.229857,-0.110357,-1.01596,-1.38694,-0.103287,-0.443518,-0.85235,-1.22332,-0.354922,-0.695164
size_sweep,calm_deep,1e+06,hybrid|prints-only,40,0,True,"coinbase>=1,000,000",prints-only,5003017,10,0.117164,2.13148e+06,0.497985,3.93333,0.392329,hybrid,BTC-USD,sell,11.5902,1e+06,86279.7,0.11822,2.49037e+06,11.5902,1,0.00628698,86262.4,2.00175,17.9371,1793.35,6286.83,993513,2.00175,17.9335,6.01297e-17,19.9353,0,0,19.9353,-0.392329,36,91,0,35,42.1586,0,0,45,0,0,0.448281,-0.147869,0.0848707,-0.0677048,1.98517,1.38893,-0.163384,-0.315954,1.81347,1.21724,-0.721686,-0.874256
size_sweep,calm_deep,1e+06,passive,40,0,True,"coinbase>=1,000,000",prints+quotes,5003017,10,0.117164,2.13148e+06,0.497985,3.93333,0.392329,passive,BTC-USD,buy,11.5902,1e+06,86279.7,0.11822,2.17564e+06,11.5902,1,1,86287.2,0.873989,8,800.07,1.00009e+06,0,0.873989,8.0007,3.385e-10,8.87469,3.45e-11,0.000862834,8.87469,0.392329,10,31,0,9,11.8,0,0,12,19,0,0.312164,-0.0413013,0.312164,-0.0413013,-0.264294,-0.617783,-0.264294,-0.617783,1.7586,1.40517,1.7586,1.40517
size_sweep,calm_deep,1e+06,passive,40,0,True,"coinbase>=1,000,000",prints+quotes,5003017,10,0.117164,2.13148e+06,0.497985,3.93333,0.392329,passive,BTC-USD,sell,11.5902,1e+06,86279.7,0.11822,2.49037e+06,11.5902,1,1,86276,0.424636,8,799.966,999958,0,0.424636,7.99966,6.01297e-17,8.4243,0,0,8.4243,-0.392329,2,14,0,1,1.6,0,0,4,10,0,0.562672,0.198989,0.562672,0.198989,1.78732,1.42359,1.78732,1.42359,0.623079,0.259395,0.623079,0.259395
size_sweep,calm_deep,1e+06,passive|prints-only,40,0,True,"coinbase>=1,000,000",prints-only,5003017,10,0.117164,2.13148e+06,0.497985,3.93333,0.392329,passive,BTC-USD,buy,11.5902,1e+06,86279.7,0.11822,2.17564e+06,0.210739,0.0181825,1,86277.7,-0.225695,8,14.5457,18182.1,0,-0.00410371,0.145457,0.385195,0.526549,0.742855,981930,18.9441,0.392329,44,70,0,44,58.8022,0,0,70,0,0,0.167202,-0.131483,0.167202,-0.131483,-0.194026,-0.492726,-0.194026,-0.492726,-0.203969,-0.502672,-0.203969,-0.502672
size_sweep,calm_deep,1e+06,passive|prints-only,40,0,True,"coinbase>=1,000,000",prints-only,5003017,10,0.117164,2.13148e+06,0.497985,3.93333,0.392329,passive,BTC-USD,sell,11.5902,1e+06,86279.7,0.11822,2.49037e+06,0.327343,0.028243,1,86278.3,0.155958,8,22.5941,28242.6,0,0.00440473,0.225941,-0.381248,-0.150903,0.364074,971759,17.7048,-0.392329,50,64,1,49,59.0033,0,0,64,0,0,0.298117,0.0959561,0.298117,0.0959561,-0.479514,-0.681657,-0.479514,-0.681657,1.38837,1.18618,1.38837,1.18618
size_sweep,calm_deep,1e+06,aggressive,40,0,True,"coinbase>=1,000,000",prints+quotes,5003018,10,0.125045,2.21563e+06,0.475462,3.83333,-3.46318,aggressive,BTC-USD,buy,11.5903,1e+06,86279.1,0.0904043,2.27389e+06,11.5903,1,0,86285.4,0.726792,18,1800.13,0,1.00007e+06,0.726792,18.0013,-0,18.7281,0,0,18.7281,-3.46318,1,42,0,0,0.0449444,0,0,0,0,0,1.29867,0.571981,,,1.27723,0.550539,,,2.9293,2.20274,,
size_sweep,calm_deep,1e+06,aggressive,40,0,True,"coinbase>=1,000,000",prints+quotes,5003018,10,0.125045,2.21563e+06,0.475462,3.83333,-3.46318,aggressive,BTC-USD,sell,11.5903,1e+06,86279.1,0.0904043,2.04139e+06,11.5903,1,0,86276.2,0.335865,18,1799.94,0,999966,0.335865,17.9994,1.06155e-15,18.3353,0,0,18.3353,3.46318,1,53,0,0,0.0449444,0,0,0,0,0,-0.236123,-0.571981,,,-0.21468,-0.550539,,,-1.86693,-2.20274,,
size_sweep,calm_deep,1e+06,hybrid,40,0,True,"coinbase>=1,000,000",prints+quotes,5003018,10,0.125045,2.21563e+06,0.475462,3.83333,-3.46318,hybrid,BTC-USD,buy,11.5903,1e+06,86279.1,0.0904043,2.27389e+06,11.5903,1,1,86276.2,-0.330995,8,799.974,999967,0,-0.330995,7.99974,-5.30775e-16,7.66874,0,0,7.66874,-3.46318,4,31,0,3,6.1,0,0,10,21,0,0.183107,-0.156217,0.183107,-0.156217,-0.0450949,-0.384424,-0.0450949,-0.384424,2.45853,2.11929,2.45853,2.11929
size_sweep,calm_deep,1e+06,hybrid,40,0,True,"coinbase>=1,000,000",prints+quotes,5003018,10,0.125045,2.21563e+06,0.475462,3.83333,-3.46318,hybrid,BTC-USD,sell,11.5903,1e+06,86279.1,0.0904043,2.04139e+06,11.5903,1,1,86274.6,0.521537,8,799.958,999948,0,0.521537,7.99958,5.30775e-16,8.52112,0,0,8.52112,3.46318,5,24,0,4,7.9,0,0,4,20,0,0.381144,0.146505,0.381144,0.146505,0.596573,0.361928,0.596573,0.361928,-2.09553,-2.33012,-2.09553,-2.33012
size_sweep,calm_deep,1e+06,hybrid|prints-only,40,0,True,"coinbase>=1,000,000",prints-only,5003018,10,0.125045,2.21563e+06,0.475462,3.83333,-3.46318,hybrid,BTC-USD,buy,11.5903,1e+06,86279.1,0.0904043,2.27389e+06,11.5903,1,0.0900853,86269,-1.17251,17.099,1709.7,90085.5,909797,-1.17251,17.097,-2.988e-09,15.9245,4.1e-11,0.000862496,15.9245,-3.46318,28,87,0,27,42.1436,0,0,46,0,0,1.03952,0.205606,0.164429,0.0926792,1.85684,1.02299,0.274335,0.202589,0.429907,-0.404087,3.41975,3.34802
size_sweep,calm_deep,1e+06,hybrid|prints-only,40,0,True,"coinbase>=1,000,000",prints-only,5003018,10,0.125045,2.21563e+06,0.475462,3.83333,-3.46318,hybrid,BTC-USD,sell,11.5903,1e+06,86279.1,0.0904043,2.04139e+06,11.5903,1,0.0195128,86256.1,2.66268,17.8048,1780.01,19511.6,980222,2.66268,17.8001,5.30775e-16,20.4628,0,0,20.4628,3.46318,28,99,0,27,42.1436,0,2,52,0,0,0.288161,-0.205164,0.382467,0.378813,-0.580509,-1.07379,0.45885,0.45521,1.21266,0.719283,-2.10495,-2.10861
size_sweep,calm_deep,1e+06,passive,40,0,True,"coinbase>=1,000,000",prints+quotes,5003018,10,0.125045,2.21563e+06,0.475462,3.83333,-3.46318,passive,BTC-USD,buy,11.5903,1e+06,86279.1,0.0904043,2.27389e+06,11.5903,1,1,86276.2,-0.330995,8,799.974,999967,0,-0.330995,7.99974,-5.30775e-16,7.66874,0,0,7.66874,-3.46318,4,31,0,3,6.1,0,0,10,21,0,0.183107,-0.156217,0.183107,-0.156217,-0.0450949,-0.384424,-0.0450949,-0.384424,2.45853,2.11929,2.45853,2.11929
size_sweep,calm_deep,1e+06,passive,40,0,True,"coinbase>=1,000,000",prints+quotes,5003018,10,0.125045,2.21563e+06,0.475462,3.83333,-3.46318,passive,BTC-USD,sell,11.5903,1e+06,86279.1,0.0904043,2.04139e+06,11.5903,1,1,86274.6,0.521537,8,799.958,999948,0,0.521537,7.99958,5.30775e-16,8.52112,0,0,8.52112,3.46318,5,24,0,4,7.9,0,0,4,20,0,0.381144,0.146505,0.381144,0.146505,0.596573,0.361928,0.596573,0.361928,-2.09553,-2.33012,-2.09553,-2.33012
size_sweep,calm_deep,1e+06,passive|prints-only,40,0,True,"coinbase>=1,000,000",prints-only,5003018,10,0.125045,2.21563e+06,0.475462,3.83333,-3.46318,passive,BTC-USD,buy,11.5903,1e+06,86279.1,0.0904043,2.27389e+06,1.75904,0.151769,1,86267.7,-1.31688,8,121.399,151749,0,-0.199861,1.21399,-2.93758,-1.92345,0.683911,848006,14.0246,-3.46318,36,70,0,36,59.8405,0,0,70,0,0,-0.0624097,-0.11212,-0.0624097,-0.11212,-0.138335,-0.188038,-0.138335,-0.188038,0.495163,0.445468,0.495163,0.445468
size_sweep,calm_deep,1e+06,passive|prints-only,40,0,True,"coinbase>=1,000,000",prints-only,5003018,10,0.125045,2.21563e+06,0.475462,3.83333,-3.46318,passive,BTC-USD,sell,11.5903,1e+06,86279.1,0.0904043,2.04139e+06,0.422044,0.0364135,1,86266.2,1.49046,8,29.1265,36408.1,0,0.0542731,0.291265,3.33707,3.68261,0.29607,963223,21.3167,3.46318,40,77,0,40,59.1054,0,2,75,0,0,-0.101776,-0.137025,-0.101776,-0.137025,-0.312516,-0.347755,-0.312516,-0.347755,-0.345754,-0.381013,-0.345754,-0.381013
size_sweep,calm_deep,1e+06,aggressive,40,0,True,"coinbase>=1,000,000",prints+quotes,5003019,10,0.121456,2.21732e+06,0.568795,3.71667,4.9518,aggressive,BTC-USD,buy,11.5886,1e+06,86291.9,0.00231771,2.02292e+06,11.5886,1,0,86298.8,0.79832,18,1800.14,0,1.00008e+06,0.79832,18.0014,7.59037e-16,18.7998,0,0,18.7998,4.9518,1,47,0,0,0.0500214,0,0,0,0,0,0.683532,-0.114727,,,-0.329807,-1.12815,,,-1.97062,-2.76909,,
size_sweep,calm_deep,1e+06,aggressive,40,0,True,"coinbase>=1,000,000",prints+quotes,5003019,10,0.121456,2.21732e+06,0.568795,3.71667,4.9518,aggressive,BTC-USD,sell,11.5886,1e+06,86291.9,0.00231771,2.33172e+06,11.5886,1,0,86285.4,0.758115,18,1799.86,0,999924,0.758115,17.9986,7.59037e-16,18.7568,0,0,18.7568,-4.9518,1,46,0,0,0.0500214,0,0,0,0,0,0.872913,0.114727,,,1.88641,1.12815,,,3.52748,2.76909,,
size_sweep,calm_deep,1e+06,hybrid,40,0,True,"coinbase>=1,000,000",prints+quotes,5003019,10,0.121456,2.21732e+06,0.568795,3.71667,4.9518,hybrid,BTC-USD,buy,11.5886,1e+06,86291.9,0.00231771,2.02292e+06,11.5886,1,1,86292.1,0.0182854,8,800.001,1e+06,0,0.0182854,8.00001,0,8.0183,0,0,8.0183,4.9518,3,14,0,2,3.8,0,0,4,10,0,0.0707799,-0.279233,0.0707799,-0.279233,-1.66285,-2.01293,-1.66285,-2.01293,-1.65104,-2.00111,-1.65104,-2.00111
size_sweep,calm_deep,1e+06,hybrid,40,0,True,"coinbase>=1,000,000",prints+quotes,5003019,10,0.121456,2.21732e+06,0.568795,3.71667,4.9518,hybrid,BTC-USD,sell,11.5886,1e+06,86291.9,0.00231771,2.33172e+06,11.5886,1,1,86295.5,-0.409343,8,800.033,1.00004e+06,0,-0.409343,8.00033,-8.546e-09,7.59098,2e-12,0.00172669,7.59098,-4.9518,3,42,0,2,6.6,0,0,13,29,0,0.253532,0.000112894,0.253532,0.000112894,1.69225,1.4388,1.69225,1.4388,1.6966,1.44315,1.6966,1.44315
size_sweep,calm_deep,1e+06,hybrid|prints-only,40,0,True,"coinbase>=1,000,000",prints-only,5003019,10,0.121456,2.21732e+06,0.568795,3.71667,4.9518,hybrid,BTC-USD,buy,11.5886,1e+06,86291.9,0.00231771,2.02292e+06,11.5886,1,0.0609705,86308.7,1.94297,17.3903,1739.37,60983.4,939211,1.94297,17.3937,-7.59037e-16,19.3366,0,0,19.3366,4.9518,31,81,0,30,42.1209,0,0,40,0,0,0.460551,-0.0967715,0.35563,0.340138,0.526577,-0.0307444,0.903198,0.887705,0.186426,-0.370913,0.10659,0.0910994
size_sweep,calm_deep,1e+06,hybrid|prints-only,40,0,True,"coinbase>=1,000,000",prints-only,5003019,10,0.121456,2.21732e+06,0.568795,3.71667,4.9518,hybrid,BTC-USD,sell,11.5886,1e+06,86291.9,0.00231771,2.33172e+06,11.5886,1,0.0256639,86299.3,-0.857375,17.7433,1774.49,25668.3,974417,-0.857375,17.7449,-7.59037e-16,16.8875,0,0,16.8875,-4.9518,28,84,0,27,42.1246,0,0,43,0,0,0.620958,0.126771,0.301943,0.188701,0.590222,0.0960367,0.424086,0.310841,0.884493,0.390293,0.100433,-0.0128091
size_sweep,calm_deep,1e+06,passive,40,0,True,"coinbase>=1,000,000",prints+quotes,5003019,10,0.121456,2.21732e+06,0.568795,3.71667,4.9518,passive,BTC-USD,buy,11.5886,1e+06,86291.9,0.00231771,2.02292e+06,11.5886,1,1,86292.1,0.0182854,8,800.001,1e+06,0,0.0182854,8.00001,0,8.0183,0,0,8.0183,4.9518,3,14,0,2,3.8,0,0,4,10,0,0.0707799,-0.279233,0.0707799,-0.279233,-1.66285,-2.01293,-1.66285,-2.01293,-1.65104,-2.00111,-1.65104,-2.00111
size_sweep,calm_deep,1e+06,passive,40,0,True,"coinbase>=1,000,000",prints+quotes,5003019,10,0.121456,2.21732e+06,0.568795,3.71667,4.9518,passive,BTC-USD,sell,11.5886,1e+06,86291.9,0.00231771,2.33172e+06,11.5886,1,1,86295.5,-0.409343,8,800.033,1.00004e+06,0,-0.409343,8.00033,-8.546e-09,7.59098,2e-12,0.00172669,7.59098,-4.9518,3,42,0,2,6.6,0,0,13,29,0,0.253532,0.000112894,0.253532,0.000112894,1.69225,1.4388,1.69225,1.4388,1.6966,1.44315,1.6966,1.44315
size_sweep,calm_deep,1e+06,passive|prints-only,40,0,True,"coinbase>=1,000,000",prints-only,5003019,10,0.121456,2.21732e+06,0.568795,3.71667,4.9518,passive,BTC-USD,buy,11.5886,1e+06,86291.9,0.00231771,2.02292e+06,0.783813,0.0676367,1,86311.3,2.24682,8,54.1215,67651.9,0,0.151968,0.541215,4.61687,5.31006,0.0636392,932831,22.1647,4.9518,41,58,0,41,58.8023,0,0,58,0,0,0.319563,0.296733,0.319563,0.296733,0.817001,0.794172,0.817001,0.794172,0.239849,0.217021,0.239849,0.217021
size_sweep,calm_deep,1e+06,passive|prints-only,40,0,True,"coinbase>=1,000,000",prints-only,5003019,10,0.121456,2.21732e+06,0.568795,3.71667,4.9518,passive,BTC-USD,sell,11.5886,1e+06,86291.9,0.00231771,2.33172e+06,0.350064,0.0302077,1,86306.8,-1.72656,8,24.1703,30212.9,0,-0.0521553,0.241703,-4.80221,-4.61267,1.52907,970120,14.3786,-4.9518,36,59,0,36,57.2135,0,0,59,0,0,0.318386,0.196933,0.318386,0.196933,0.575055,0.453597,0.575055,0.453597,-0.0179293,-0.13938,-0.0179293,-0.13938
size_sweep,calm_thin,10000,aggressive,40,0,True,"coinbase>=1,000,000",prints+quotes,5100000,10,2.05041,415715,0.36798,4.36667,3.1475,aggressive,BTC-USD,buy,0.115887,10000,86290.6,2.1474,354385,0.115887,1,0,86300.4,1.13756,18,18.002,0,10001.1,1.13756,18.002,0,19.1396,0,0,19.1396,3.1475,1,3,0,0,0.0571397,0,0,0,0,0,0.47579,-0.661718,,,0.58587,-0.551624,,,-0.721192,-1.85884,,
size_sweep,calm_thin,10000,aggressive,40,0,True,"coinbase>=1,000,000",prints+quotes,5100000,10,2.05041,415715,0.36798,4.36667,3.1475,aggressive,BTC-USD,sell,0.115887,10000,86290.6,2.1474,437830,0.115887,1,0,86278.8,1.36766,18,17.9975,0,9998.63,1.36766,17.9975,-0,19.3652,0,0,19.3652,-3.1475,1,2,0,0,0.0571397,0,0,0,0,0,2.02967,0.661718,,,1.91956,0.551624,,,3.22695,1.85884,,
size_sweep,calm_thin,10000,hybrid,40,0,True,"coinbase>=1,000,000",prints+quotes,5100000,10,2.05041,415715,0.36798,4.36667,3.1475,hybrid,BTC-USD,buy,0.115887,10000,86290.6,2.1474,354385,0.115887,1,1,86288.8,-0.206859,8,7.99983,9999.79,0,-0.206859,7.99983,0,7.79298,0,0,7.79298,3.1475,3,5,0,2,3.20244,0,0,5,0,0,-0.715625,0.00409561,-0.715625,0.00409561,-1.03432,-0.314574,-1.03432,-0.314574,-0.804071,-0.0843447,-0.804071,-0.0843447
size_sweep,calm_thin,10000,hybrid,40,0,True,"coinbase>=1,000,000",prints+quotes,5100000,10,2.05041,415715,0.36798,4.36667,3.1475,hybrid,BTC-USD,sell,0.115887,10000,86290.6,2.1474,437830,0.115887,1,0.747204,86303.9,-1.54013,10.5275,10.5291,7473.63,2527.91,-1.54013,10.5291,-0,8.98901,0,0,8.98901,-3.1475,10,44,0,9,42.1394,0,0,43,0,0,-0.182989,0.121424,-0.613457,0.11742,-0.340582,-0.036164,-0.721837,0.00903561,0.518695,0.823069,-0.340329,0.390558
size_sweep,calm_thin,10000,hybrid|prints-only,40,0,True,"coinbase>=1,000,000",prints-only,5100000,10,2.05041,415715,0.36798,4.36667,3.1475,hybrid,BTC-USD,buy,0.115887,10000,86290.6,2.1474,354385,0.115887,1,1,86288.8,-0.206859,8,7.99983,9999.79,0,-0.206859,7.99983,0,7.79298,0,0,7.79298,3.1475,3,5,0,2,3.20244,0,0,5,0,0,-0.715625,0.00409561,-0.715625,0.00409561,-1.03432,-0.314574,-1.03432,-0.314574,-0.804071,-0.0843447,-0.804071,-0.0843447
size_sweep,calm_thin,10000,hybrid|prints-only,40,0,True,"coinbase>=1,000,000",prints-only,5100000,10,2.05041,415715,0.36798,4.36667,3.1475,hybrid,BTC-USD,sell,0.115887,10000,86290.6,2.1474,437830,0.115887,1,0.747204,86303.9,-1.54013,10.5275,10.5291,7473.63,2527.91,-1.54013,10.5291,-0,8.98901,0,0,8.98901,-3.1475,10,44,0,9,42.1394,0,0,43,0,0,-0.182989,0.121424,-0.613457,0.11742,-0.340582,-0.036164,-0.721837,0.00903561,0.518695,0.823069,-0.340329,0.390558
size_sweep,calm_thin,10000,passive,40,0,True,"coinbase>=1,000,000",prints+quotes,5100000,10,2.05041,415715,0.36798,4.36667,3.1475,passive,BTC-USD,buy,0.115887,10000,86290.6,2.1474,354385,0.115887,1,1,86288.8,-0.206859,8,7.99983,9999.79,0,-0.206859,7.99983,0,7.79298,0,0,7.79298,3.1475,3,5,0,2,3.20244,0,0,5,0,0,-0.715625,0.00409561,-0.715625,0.00409561,-1.03432,-0.314574,-1.03432,-0.314574,-0.804071,-0.0843447,-0.804071,-0.0843447
size_sweep,calm_thin,10000,passive,40,0,True,"coinbase>=1,000,000",prints+quotes,5100000,10,2.05041,415715,0.36798,4.36667,3.1475,passive,BTC-USD,sell,0.115887,10000,86290.6,2.1474,437830,0.0958658,0.827232,1,86309.8,-2.22417,8,6.61933,8274.16,0,-1.8399,6.61933,-0.543789,4.23563,0.139251,1728.09,7.48544,-3.1475,13,72,0,13,59.5032,0,0,72,0,0,-0.594794,0.150399,-0.594794,0.150399,-0.657575,0.0876168,-0.657575,0.0876168,-0.486884,0.258305,-0.486884,0.258305
size_sweep,calm_thin,10000,passive|prints-only,40,0,True,"coinbase>=1,000,000",prints-only,5100000,10,2.05041,415715,0.36798,4.36667,3.1475,passive,BTC-USD,buy,0.115887,10000,86290.6,2.1474,354385,0.115887,1,1,86288.8,-0.206859,8,7.99983,9999.79,0,-0.206859,7.99983,0,7.79298,0,0,7.79298,3.1475,3,5,0,2,3.20244,0,0,5,0,0,-0.715625,0.00409561,-0.715625,0.00409561,-1.03432,-0.314574,-1.03432,-0.314574,-0.804071,-0.0843447,-0.804071,-0.0843447
size_sweep,calm_thin,10000,passive|prints-only,40,0,True,"coinbase>=1,000,000",prints-only,5100000,10,2.05041,415715,0.36798,4.36667,3.1475,passive,BTC-USD,sell,0.115887,10000,86290.6,2.1474,437830,0.0958658,0.827232,1,86309.8,-2.22417,8,6.61933,8274.16,0,-1.8399,6.61933,-0.543789,4.23563,0.139251,1728.09,7.48544,-3.1475,13,72,0,13,59.5032,0,0,72,0,0,-0.594794,0.150399,-0.594794,0.150399,-0.657575,0.0876168,-0.657575,0.0876168,-0.486884,0.258305,-0.486884,0.258305
size_sweep,calm_thin,10000,aggressive,40,0,True,"coinbase>=1,000,000",prints+quotes,5100001,10,1.97953,424379,0.249561,4.2,-2.08629,aggressive,BTC-USD,buy,0.115905,10000,86277.6,2.23812,460041,0.115905,1,0,86287.3,1.12295,18,18.002,0,10001.1,1.12295,18.002,-0,19.125,0,0,19.125,-2.08629,1,2,0,0,0.0460802,0,0,0,0,0,1.12282,0,,,1.63159,0.508822,,,4.53004,3.4076,,
size_sweep,calm_thin,10000,aggressive,40,0,True,"coinbase>=1,000,000",prints+quotes,5100001,10,1.97953,424379,0.249561,4.2,-2.08629,aggressive,BTC-USD,sell,0.115905,10000,86277.6,2.23812,377725,0.115905,1,0,86267.4,1.18766,18,17.9979,0,9998.81,1.18766,17.9979,2.498e-16,19.1855,0,0,19.1855,2.08629,1,3,0,0,0.0460802,0,0,0,0,0,1.1878,0,,,0.67892,-0.508822,,,-2.22021,-3.4076,,
size_sweep,calm_thin,10000,hybrid,40,0,True,"coinbase>=1,000,000",prints+quotes,5100001,10,1.97953,424379,0.249561,4.2,-2.08629,hybrid,BTC-USD,buy,0.115905,10000,86277.6,2.23812,460041,0.115905,1,1,86245.8,-3.68515,8,7.99705,9996.31,0,-3.68515,7.99705,2.498e-16,4.3119,0,0,4.3119,-2.08629,8,61,0,7,27.9011,0,1,60,0,0,-0.780504,0.071067,-0.780504,0.071067,-0.686176,0.165389,-0.686176,0.165389,-1.42688,-0.575248,-1.42688,-0.575248
size_sweep,calm_thin,10000,hybrid,40,0,True,"coinbase>=1,000,000",prints+quotes,5100001,10,1.97953,424379,0.249561,4.2,-2.08629,hybrid,BTC-USD,sell,0.115905,10000,86277.6,2.23812,377725,0.115905,1,1,86272.7,0.567356,8,7.99955,9999.43,0,0.567356,7.99955,0,8.5669,0,0,8.5669,2.08629,3,9,0,2,15.6058,0,0,9,0,0,-1.45352,-0.0632376,-1.45352,-0.0632376,-2.68967,-1.29956,-2.68967,-1.29956,-1.98545,-0.595245,-1.98545,-0.595245
size_sweep,calm_thin,10000,hybrid|prints-only,40,0,True,"coinbase>=1,000,000",prints-only,5100001,10,1.97953,424379,0.249561,4.2,-2.08629,hybrid,BTC-USD,buy,0.115905,10000,86277.6,2.23812,460041,0.115905,1,1,86245.8,-3.68515,8,7.99705,9996.31,0,-3.68515,7.99705,2.498e-16,4.3119,0,0,4.3119,-2.08629,8,61,0,7,27.9011,0,1,60,0,0,-0.780504,0.071067,-0.780504,0.071067,-0.686176,0.165389,-0.686176,0.165389,-1.42688,-0.575248,-1.42688,-0.575248
size_sweep,calm_thin,10000,hybrid|prints-only,40,0,True,"coinbase>=1,000,000",prints-only,5100001,10,1.97953,424379,0.249561,4.2,-2.08629,hybrid,BTC-USD,sell,0.115905,10000,86277.6,2.23812,377725,0.115905,1,1,86272.7,0.567356,8,7.99955,9999.43,0,0.567356,7.99955,0,8.5669,0,0,8.5669,2.08629,3,9,0,2,15.6058,0,0,9,0,0,-1.45352,-0.0632376,-1.45352,-0.0632376,-2.68967,-1.29956,-2.68967,-1.29956,-1.98545,-0.595245,-1.98545,-0.595245
size_sweep,calm_thin,10000,passive,40,0,True,"coinbase>=1,000,000",prints+quotes,5100001,10,1.97953,424379,0.249561,4.2,-2.08629,passive,BTC-USD,buy,0.115905,10000,86277.6,2.23812,460041,0.115905,1,1,86245.8,-3.68515,8,7.99705,9996.31,0,-3.68515,7.99705,2.498e-16,4.3119,0,0,4.3119,-2.08629,8,61,0,7,27.9011,0,1,60,0,0,-0.780504,0.071067,-0.780504,0.071067,-0.686176,0.165389,-0.686176,0.165389,-1.42688,-0.575248,-1.42688,-0.575248
size_sweep,calm_thin,10000,passive,40,0,True,"coinbase>=1,000,000",prints+quotes,5100001,10,1.97953,424379,0.249561,4.2,-2.08629,passive,BTC-USD,sell,0.115905,10000,86277.6,2.23812,377725,0.115905,1,1,86272.7,0.567356,8,7.99955,9999.43,0,0.567356,7.99955,0,8.5669,0,0,8.5669,2.08629,3,9,0,2,15.6058,0,0,9,0,0,-1.45352,-0.0632376,-1.45352,-0.0632376,-2.68967,-1.29956,-2.68967,-1.29956,-1.98545,-0.595245,-1.98545,-0.595245
size_sweep,calm_thin,10000,passive|prints-only,40,0,True,"coinbase>=1,000,000",prints-only,5100001,10,1.97953,424379,0.249561,4.2,-2.08629,passive,BTC-USD,buy,0.115905,10000,86277.6,2.23812,460041,0.115905,1,1,86245.8,-3.68515,8,7.99705,9996.31,0,-3.68515,7.99705,2.498e-16,4.3119,0,0,4.3119,-2.08629,8,61,0,7,27.9011,0,1,60,0,0,-0.780504,0.071067,-0.780504,0.071067,-0.686176,0.165389,-0.686176,0.165389,-1.42688,-0.575248,-1.42688,-0.575248
size_sweep,calm_thin,10000,passive|prints-only,40,0,True,"coinbase>=1,000,000",prints-only,5100001,10,1.97953,424379,0.249561,4.2,-2.08629,passive,BTC-USD,sell,0.115905,10000,86277.6,2.23812,377725,0.115905,1,1,86272.7,0.567356,8,7.99955,9999.43,0,0.567356,7.99955,0,8.5669,0,0,8.5669,2.08629,3,9,0,2,15.6058,0,0,9,0,0,-1.45352,-0.0632376,-1.45352,-0.0632376,-2.68967,-1.29956,-2.68967,-1.29956,-1.98545,-0.595245,-1.98545,-0.595245
size_sweep,calm_thin,10000,aggressive,40,0,True,"coinbase>=1,000,000",prints+quotes,5100002,10,1.8796,422320,0.217775,3.91667,-2.43927,aggressive,BTC-USD,buy,0.11588,10000,86296.2,2.35236,371556,0.11588,1,0,86308.1,1.382,18,18.0025,0,10001.4,1.382,18.0025,-0,19.3845,0,0,19.3845,-2.43927,1,5,0,0,0.0325033,0,0,0,0,0,1.33836,-0.043455,,,1.69059,0.30882,,,0.048796,-1.3332,,
size_sweep,calm_thin,10000,aggressive,40,0,True,"coinbase>=1,000,000",prints+quotes,5100002,10,1.8796,422320,0.217775,3.91667,-2.43927,aggressive,BTC-USD,sell,0.11588,10000,86296.2,2.35236,425993,0.11588,1,0,86285.2,1.26782,18,17.9977,0,9998.73,1.26782,17.9977,0,19.2655,0,0,19.2655,2.43927,1,3,0,0,0.0325033,0,0,0,0,0,1.31144,0.043455,,,0.95912,-0.30882,,,2.60135,1.3332,,
size_sweep,calm_thin,10000,hybrid,40,0,True,"coinbase>=1,000,000",prints+quotes,5100002,10,1.8796,422320,0.217775,3.91667,-2.43927,hybrid,BTC-USD,buy,0.11588,10000,86296.2,2.35236,371556,0.11588,1,0.755818,86299,0.321062,10.4418,10.4421,7558.43,2441.89,0.321062,10.4421,-0,10.7632,0,0,10.7632,-2.43927,10,67,0,9,42.1417,0,0,66,0,0,-0.453575,0.0309486,-0.876765,0.0409471,-0.390459,0.0940917,-1.01114,-0.093408,1.49587,1.98024,1.52935,2.44684
size_sweep,calm_thin,10000,hybrid,40,0,True,"coinbase>=1,000,000",prints+quotes,5100002,10,1.8796,422320,0.217775,3.91667,-2.43927,hybrid,BTC-USD,sell,0.11588,10000,86296.2,2.35236,425993,0.11588,1,1,86302.3,-0.710985,8,8.00057,10000.7,0,-0.710985,8.00057,0,7.28958,0,0,7.28958,2.43927,5,47,0,4,25.106,0,0,47,0,0,-0.339532,0.145761,-0.339532,0.145761,0.31152,0.796841,0.31152,0.796841,-0.630279,-0.145006,-0.630279,-0.145006
size_sweep,calm_thin,10000,hybrid|prints-only,40,0,True,"coinbase>=1,000,000",prints-only,5100002,10,1.8796,422320,0.217775,3.91667,-2.43927,hybrid,BTC-USD,buy,0.11588,10000,86296.2,2.35236,371556,0.11588,1,0.755818,86299,0.321062,10.4418,10.4421,7558.43,2441.89,0.321062,10.4421,-0,10.7632,0,0,10.7632,-2.43927,10,67,0,9,42.1417,0,0,66,0,0,-0.453575,0.0309486,-0.876765,0.0409471,-0.390459,0.0940917,-1.01114,-0.093408,1.49587,1.98024,1.52935,2.44684
size_sweep,calm_thin,10000,hybrid|prints-only,40,0,True,"coinbase>=1,000,000",prints-only,5100002,10,1.8796,422320,0.217775,3.91667,-2.43927,hybrid,BTC-USD,sell,0.11588,10000,86296.2,2.35236,425993,0.11588,1,1,86302.3,-0.710985,8,8.00057,10000.7,0,-0.710985,8.00057,0,7.28958,0,0,7.28958,2.43927,5,47,0,4,25.106,0,0,47,0,0,-0.339532,0.145761,-0.339532,0.145761,0.31152,0.796841,0.31152,0.796841,-0.630279,-0.145006,-0.630279,-0.145006
size_sweep,calm_thin,10000,passive,40,0,True,"coinbase>=1,000,000",prints+quotes,5100002,10,1.8796,422320,0.217775,3.91667,-2.43927,passive,BTC-USD,buy,0.11588,10000,86296.2,2.35236,371556,0.11588,1,1,86294.1,-0.241817,8,7.99981,9999.76,0,-0.241817,7.99981,-0,7.75799,0,0,7.75799,-2.43927,11,83,0,10,50.8076,0,0,83,0,0,-0.85546,0.0420079,-0.85546,0.0420079,-0.919061,-0.0215818,-0.919061,-0.0215818,0.9445,1.8418,0.9445,1.8418
size_sweep,calm_thin,10000,passive,40,0,True,"coinbase>=1,000,000",prints+quotes,5100002,10,1.8796,422320,0.217775,3.91667,-2.43927,passive,BTC-USD,sell,0.11588,10000,86296.2,2.35236,425993,0.11588,1,1,86302.3,-0.710985,8,8.00057,10000.7,0,-0.710985,8.00057,0,7.28958,0,0,7.28958,2.43927,5,47,0,4,25.106,0,0,47,0,0,-0.339532,0.145761,-0.339532,0.145761,0.31152,0.796841,0.31152,0.796841,-0.630279,-0.145006,-0.630279,-0.145006
size_sweep,calm_thin,10000,passive|prints-only,40,0,True,"coinbase>=1,000,000",prints-only,5100002,10,1.8796,422320,0.217775,3.91667,-2.43927,passive,BTC-USD,buy,0.11588,10000,86296.2,2.35236,371556,0.11588,1,1,86294.1,-0.241817,8,7.99981,9999.76,0,-0.241817,7.99981,-0,7.75799,0,0,7.75799,-2.43927,11,83,0,10,50.8076,0,0,83,0,0,-0.85546,0.0420079,-0.85546,0.0420079,-0.919061,-0.0215818,-0.919061,-0.0215818,0.9445,1.8418,0.9445,1.8418
size_sweep,calm_thin,10000,passive|prints-only,40,0,True,"coinbase>=1,000,000",prints-only,5100002,10,1.8796,422320,0.217775,3.91667,-2.43927,passive,BTC-USD,sell,0.11588,10000,86296.2,2.35236,425993,0.11588,1,1,86302.3,-0.710985,8,8.00057,10000.7,0,-0.710985,8.00057,0,7.28958,0,0,7.28958,2.43927,5,47,0,4,25.106,0,0,47,0,0,-0.339532,0.145761,-0.339532,0.145761,0.31152,0.796841,0.31152,0.796841,-0.630279,-0.145006,-0.630279,-0.145006
size_sweep,calm_thin,10000,aggressive,40,0,True,"coinbase>=1,000,000",prints+quotes,5100003,10,2.06826,411053,0.335142,3.76667,4.05418,aggressive,BTC-USD,buy,0.1159,10000,86281.3,2.04679,407684,0.1159,1,0,86290.2,1.0234,18,18.0018,0,10001,1.0234,18.0018,0,19.0252,0,0,19.0252,4.05418,1,1,0,0,0.0331619,0,0,0,0,0,1.02329,0,,,-0.54873,-1.57218,,,-2.48348,-3.50713,,
size_sweep,calm_thin,10000,aggressive,40,0,True,"coinbase>=1,000,000",prints+quotes,5100003,10,2.06826,411053,0.335142,3.76667,4.05418,aggressive,BTC-USD,sell,0.1159,10000,86281.3,2.04679,410012,0.1159,1,0,86270,1.31468,18,17.9976,0,9998.68,1.31468,17.9976,-0,19.3123,0,0,19.3123,-4.05418,1,5,0,0,0.0331619,0,0,0,0,0,1.31485,0,,,2.88724,1.57218,,,4.82245,3.50713,,
size_sweep,calm_thin,10000,hybrid,40,0,True,"coinbase>=1,000,000",prints+quotes,5100003,10,2.06826,411053,0.335142,3.76667,4.05418,hybrid,BTC-USD,buy,0.1159,10000,86281.3,2.04679,407684,0.1159,1,1,86299.7,2.1303,8,8.0017,10002.1,0,2.1303,8.0017,4.85445e-16,10.132,0,0,10.132,4.05418,6,13,0,5,10.0205,0,0,13,0,0,-1.0033,-0.266106,-1.0033,-0.266106,-0.923863,-0.186673,-0.923863,-0.186673,-1.04906,-0.31186,-1.04906,-0.31186
size_sweep,calm_thin,10000,hybrid,40,0,True,"coinbase>=1,000,000",prints+quotes,5100003,10,2.06826,411053,0.335142,3.76667,4.05418,hybrid,BTC-USD,sell,0.1159,10000,86281.3,2.04679,410012,0.1159,1,1,86298.5,-1.99449,8,8.00159,10002,0,-1.99449,8.0016,-0,6.00711,0,0,6.00711,-4.05418,3,7,0,2,6.10143,0,0,7,0,0,-0.00659593,0.636401,-0.00659593,0.636401,1.04042,1.68348,1.04042,1.68348,1.68006,2.32317,1.68006,2.32317
size_sweep,calm_thin,10000,hybrid|prints-only,40,0,True,"coinbase>=1,000,000",prints-only,5100003,10,2.06826,411053,0.335142,3.76667,4.05418,hybrid,BTC-USD,buy,0.1159,10000,86281.3,2.04679,407684,0.1159,1,1,86299.7,2.1303,8,8.0017,10002.1,0,2.1303,8.0017,4.85445e-16,10.132,0,0,10.132,4.05418,6,13,0,5,10.0205,0,0,13,0,0,-1.0033,-0.266106,-1.0033,-0.266106,-0.923863,-0.186673,-0.923863,-0.186673,-1.04906,-0.31186,-1.04906,-0.31186
size_sweep,calm_thin,10000,hybrid|prints-only,40,0,True,"coinbase>=1,000,000",prints-only,5100003,10,2.06826,411053,0.335142,3.76667,4.05418,hybrid,BTC-USD,sell,0.1159,10000,86281.3,2.04679,410012,0.1159,1,1,86298.5,-1.99449,8,8.00159,10002,0,-1.99449,8.0016,-0,6.00711,0,0,6.00711,-4.05418,3,7,0,2,6.10143,0,0,7,0,0,-0.00659593,0.636401,-0.00659593,0.636401,1.04042,1.68348,1.04042,1.68348,1.68006,2.32317,1.68006,2.32317
size_sweep,calm_thin,10000,passive,40,0,True,"coinbase>=1,000,000",prints+quotes,5100003,10,2.06826,411053,0.335142,3.76667,4.05418,passive,BTC-USD,buy,0.1159,10000,86281.3,2.04679,407684,0.1159,1,1,86299.7,2.1303,8,8.0017,10002.1,0,2.1303,8.0017,4.85445e-16,10.132,0,0,10.132,4.05418,6,13,0,5,10.0205,0,0,13,0,0,-1.0033,-0.266106,-1.0033,-0.266106,-0.923863,-0.186673,-0.923863,-0.186673,-1.04906,-0.31186,-1.04906,-0.31186
size_sweep,calm_thin,10000,passive,40,0,True,"coinbase>=1,000,000",prints+quotes,5100003,10,2.06826,411053,0.335142,3.76667,4.05418,passive,BTC-USD,sell,0.1159,10000,86281.3,2.04679,410012,0.1159,1,1,86298.5,-1.99449,8,8.00159,10002,0,-1.99449,8.0016,-0,6.00711,0,0,6.00711,-4.05418,3,7,0,2,6.10143,0,0,7,0,0,-0.00659593,0.636401,-0.00659593,0.636401,1.04042,1.68348,1.04042,1.68348,1.68006,2.32317,1.68006,2.32317
size_sweep,calm_thin,10000,passive|prints-only,40,0,True,"coinbase>=1,000,000",prints-only,5100003,10,2.06826,411053,0.335142,3.76667,4.05418,passive,BTC-USD,buy,0.1159,10000,86281.3,2.04679,407684,0.1159,1,1,86299.7,2.1303,8,8.0017,10002.1,0,2.1303,8.0017,4.85445e-16,10.132,0,0,10.132,4.05418,6,13,0,5,10.0205,0,0,13,0,0,-1.0033,-0.266106,-1.0033,-0.266106,-0.923863,-0.186673,-0.923863,-0.186673,-1.04906,-0.31186,-1.04906,-0.31186
size_sweep,calm_thin,10000,passive|prints-only,40,0,True,"coinbase>=1,000,000",prints-only,5100003,10,2.06826,411053,0.335142,3.76667,4.05418,passive,BTC-USD,sell,0.1159,10000,86281.3,2.04679,410012,0.1159,1,1,86298.5,-1.99449,8,8.00159,10002,0,-1.99449,8.0016,-0,6.00711,0,0,6.00711,-4.05418,3,7,0,2,6.10143,0,0,7,0,0,-0.00659593,0.636401,-0.00659593,0.636401,1.04042,1.68348,1.04042,1.68348,1.68006,2.32317,1.68006,2.32317
size_sweep,calm_thin,10000,aggressive,40,0,True,"coinbase>=1,000,000",prints+quotes,5100004,10,2.08322,410201,0.36314,4.43333,1.82675,aggressive,BTC-USD,buy,0.115911,10000,86273.3,2.23592,380763,0.115911,1,0,86284.6,1.31159,18,18.0024,0,10001.3,1.31159,18.0024,0,19.3139,0,0,19.3139,1.82675,1,2,0,0,0.0351495,0,0,0,0,0,1.31141,0,,,1.3091,-0.00231821,,,-3.16853,-4.48053,,
size_sweep,calm_thin,10000,aggressive,40,0,True,"coinbase>=1,000,000",prints+quotes,5100004,10,2.08322,410201,0.36314,4.43333,1.82675,aggressive,BTC-USD,sell,0.115911,10000,86273.3,2.23592,465867,0.115911,1,0,86263.3,1.16053,18,17.9979,0,9998.84,1.16053,17.9979,-0,19.1584,0,0,19.1584,-1.82675,1,3,0,0,0.0351495,0,0,0,0,0,1.16066,0,,,1.16298,0.00231821,,,5.64171,4.48053,,
size_sweep,calm_thin,10000,hybrid,40,0,True,"coinbase>=1,000,000",prints+quotes,5100004,10,2.08322,410201,0.36314,4.43333,1.82675,hybrid,BTC-USD,buy,0.115911,10000,86273.3,2.23592,380763,0.115911,1,1,86274.1,0.0931814,8,8.00007,10000.1,0,0.0931814,8.00007,1.576e-07,8.09326,7.325e-08,0.000862964,8.09326,1.82675,4,26,0,3,14.0403,0,0,26,0,0,-1.31823,-0.351909,-1.31823,-0.351909,-1.81484,-0.848465,-1.81484,-0.848465,-3.94838,-2.98178,-3.94838,-2.98178
size_sweep,calm_thin,10000,hybrid,40,0,True,"coinbase>=1,000,000",prints+quotes,5100004,10,2.08322,410201,0.36314,4.43333,1.82675,hybrid,BTC-USD,sell,0.115911,10000,86273.3,2.23592,465867,0.115911,1,1,86295.2,-2.54277,8,8.00203,10002.5,0,-2.54277,8.00203,2.18714e-16,5.45926,0,0,5.45926,-1.82675,3,17,0,2,12.8213,0,0,17,0,0,-0.216001,0.614867,-0.216001,0.614867,0.200525,1.03143,0.200525,1.03143,2.21127,3.04234,2.21127,3.04234
size_sweep,calm_thin,10000,hybrid|prints-only,40,0,True,"coinbase>=1,000,000",prints-only,5100004,10,2.08322,410201,0.36314,4.43333,1.82675,hybrid,BTC-USD,buy,0.115911,10000,86273.3,2.23592,380763,0.115911,1,1,86274.1,0.0931814,8,8.00007,10000.1,0,0.0931814,8.00007,1.576e-07,8.09326,7.325e-08,0.000862964,8.09326,1.82675,4,26,0,3,14.0403,0,0,26,0,0,-1.31823,-0.351909,-1.31823,-0.351909,-1.81484,-0.848465,-1.81484,-0.848465,-3.94838,-2.98178,-3.94838,-2.98178
size_sweep,calm_thin,10000,hybrid|prints-only,40,0,True,"coinbase>=1,000,000",prints-only,5100004,10,2.08322,410201,0.36314,4.43333,1.82675,hybrid,BTC-USD,sell,0.115911,10000,86273.3,2.23592,465867,0.115911,1,1,86295.2,-2.54277,8,8.00203,10002.5,0,-2.54277,8.00203,2.18714e-16,5.45926,0,0,5.45926,-1.82675,3,17,0,2,12.8213,0,0,17,0,0,-0.216001,0.614867,-0.216001,0.614867,0.200525,1.03143,0.200525,1.03143,2.21127,3.04234,2.21127,3.04234
size_sweep,calm_thin,10000,passive,40,0,True,"coinbase>=1,000,000",prints+quotes,5100004,10,2.08322,410201,0.36314,4.43333,1.82675,passive,BTC-USD,buy,0.115911,10000,86273.3,2.23592,380763,0.115911,1,1,86274.1,0.0931814,8,8.00007,10000.1,0,0.0931814,8.00007,1.576e-07,8.09326,7.325e-08,0.000862964,8.09326,1.82675,4,26,0,3,14.0403,0,0,26,0,0,-1.31823,-0.351909,-1.31823,-0.351909,-1.81484,-0.848465,-1.81484,-0.848465,-3.94838,-2.98178,-3.94838,-2.98178
size_sweep,calm_thin,10000,passive,40,0,True,"coinbase>=1,000,000",prints+quotes,5100004,10,2.08322,410201,0.36314,4.43333,1.82675,passive,BTC-USD,sell,0.115911,10000,86273.3,2.23592,465867,0.115911,1,1,86295.2,-2.54277,8,8.00203,10002.5,0,-2.54277,8.00203,2.18714e-16,5.45926,0,0,5.45926,-1.82675,3,17,0,2,12.8213,0,0,17,0,0,-0.216001,0.614867,-0.216001,0.614867,0.200525,1.03143,0.200525,1.03143,2.21127,3.04234,2.21127,3.04234
size_sweep,calm_thin,10000,passive|prints-only,40,0,True,"coinbase>=1,000,000",prints-only,5100004,10,2.08322,410201,0.36314,4.43333,1.82675,passive,BTC-USD,buy,0.115911,10000,86273.3,2.23592,380763,0.115911,1,1,86274.1,0.0931814,8,8.00007,10000.1,0,0.0931814,8.00007,1.576e-07,8.09326,7.325e-08,0.000862964,8.09326,1.82675,4,26,0,3,14.0403,0,0,26,0,0,-1.31823,-0.351909,-1.31823,-0.351909,-1.81484,-0.848465,-1.81484,-0.848465,-3.94838,-2.98178,-3.94838,-2.98178
size_sweep,calm_thin,10000,passive|prints-only,40,0,True,"coinbase>=1,000,000",prints-only,5100004,10,2.08322,410201,0.36314,4.43333,1.82675,passive,BTC-USD,sell,0.115911,10000,86273.3,2.23592,465867,0.115911,1,1,86295.2,-2.54277,8,8.00203,10002.5,0,-2.54277,8.00203,2.18714e-16,5.45926,0,0,5.45926,-1.82675,3,17,0,2,12.8213,0,0,17,0,0,-0.216001,0.614867,-0.216001,0.614867,0.200525,1.03143,0.200525,1.03143,2.21127,3.04234,2.21127,3.04234
size_sweep,calm_thin,10000,aggressive,40,0,True,"coinbase>=1,000,000",prints+quotes,5100005,10,2.03733,422696,0.344633,4.76667,0.0266538,aggressive,BTC-USD,buy,0.115886,10000,86291.6,1.93298,414437,0.115886,1,0,86301.1,1.09464,18,18.002,0,10001.1,1.09464,18.002,0,19.0966,0,0,19.0966,0.0266538,1,4,0,0,0.0801157,0,0,0,0,0,0.7075,-0.38706,,,-0.261781,-1.35645,,,-3.23335,-4.32835,,
size_sweep,calm_thin,10000,aggressive,40,0,True,"coinbase>=1,000,000",prints+quotes,5100005,10,2.03733,422696,0.344633,4.76667,0.0266538,aggressive,BTC-USD,sell,0.115886,10000,86291.6,1.93298,381860,0.115886,1,0,86282.3,1.08138,18,17.9981,0,9998.92,1.08138,17.9981,-0,19.0794,0,0,19.0794,-0.0266538,1,3,0,0,0.0801157,0,0,0,0,0,1.4686,0.38706,,,2.43809,1.35645,,,5.41031,4.32835,,
size_sweep,calm_thin,10000,hybrid,40,0,True,"coinbase>=1,000,000",prints+quotes,5100005,10,2.03733,422696,0.344633,4.76667,0.0266538,hybrid,BTC-USD,buy,0.115886,10000,86291.6,1.93298,414437,0.115886,1,1,86303.8,1.41537,8,8.00113,10001.4,0,1.41537,8.00113,0,9.4165,0,0,9.4165,0.0266538,5,20,0,4,31.103,0,0,20,0,0,-1.07934,0.0213825,-1.07934,0.0213825,-1.57418,-0.473399,-1.57418,-0.473399,0.00473803,1.10533,0.00473803,1.10533
size_sweep,calm_thin,10000,hybrid,40,0,True,"coinbase>=1,000,000",prints+quotes,5100005,10,2.03733,422696,0.344633,4.76667,0.0266538,hybrid,BTC-USD,sell,0.115886,10000,86291.6,1.93298,381860,0.115886,1,1,86313.9,-2.58047,8,8.00206,10002.6,0,-2.58047,8.00206,-0,5.42159,0,0,5.42159,-0.0266538,5,55,0,4,22.1405,0,0,55,0,0,-0.743143,0.134481,-0.743143,0.134481,-0.298948,0.578717,-0.298948,0.578717,0.595393,1.47313,0.595393,1.47313
size_sweep,calm_thin,10000,hybrid|prints-only,40,0,True,"coinbase>=1,000,000",prints-only,5100005,10,2.03733,422696,0.344633,4.76667,0.0266538,hybrid,BTC-USD,buy,0.115886,10000,86291.6,1.93298,414437,0.115886,1,1,86303.8,1.41537,8,8.00113,10001.4,0,1.41537,8.00113,0,9.4165,0,0,9.4165,0.0266538,5,20,0,4,31.103,0,0,20,0,0,-1.07934,0.0213825,-1.07934,0.0213825,-1.57418,-0.473399,-1.57418,-0.473399,0.00473803,1.10533,0.00473803,1.10533
size_sweep,calm_thin,10000,hybrid|prints-only,40,0,True,"coinbase>=1,000,000",prints-only,5100005,10,2.03733,422696,0.344633,4.76667,0.0266538,hybrid,BTC-USD,sell,0.115886,10000,86291.6,1.93298,381860,0.115886,1,1,86313.9,-2.58047,8,8.00206,10002.6,0,-2.58047,8.00206,-0,5.42159,0,0,5.42159,-0.0266538,5,55,0,4,22.1405,0,0,55,0,0,-0.743143,0.134481,-0.743143,0.134481,-0.298948,0.578717,-0.298948,0.578717,0.595393,1.47313,0.595393,1.47313
size_sweep,calm_thin,10000,passive,40,0,True,"coinbase>=1,000,000",prints+quotes,5100005,10,2.03733,422696,0.344633,4.76667,0.0266538,passive,BTC-USD,buy,0.115886,10000,86291.6,1.93298,414437,0.115886,1,1,86303.8,1.41537,8,8.00113,10001.4,0,1.41537,8.00113,0,9.4165,0,0,9.4165,0.0266538,5,20,0,4,31.103,0,0,20,0,0,-1.07934,0.0213825,-1.07934,0.0213825,-1.57418,-0.473399,-1.57418,-0.473399,0.00473803,1.10533,0.00473803,1.10533
size_sweep,calm_thin,10000,passive,40,0,True,"coinbase>=1,000,000",prints+quotes,5100005,10,2.03733,422696,0.344633,4.76667,0.0266538,passive,BTC-USD,sell,0.115886,10000,86291.6,1.93298,381860,0.115886,1,1,86313.9,-2.58047,8,8.00206,10002.6,0,-2.58047,8.00206,-0,5.42159,0,0,5.42159,-0.0266538,5,55,0,4,22.1405,0,0,55,0,0,-0.743143,0.134481,-0.743143,0.134481,-0.298948,0.578717,-0.298948,0.578717,0.595393,1.47313,0.595393,1.47313
size_sweep,calm_thin,10000,passive|prints-only,40,0,True,"coinbase>=1,000,000",prints-only,5100005,10,2.03733,422696,0.344633,4.76667,0.0266538,passive,BTC-USD,buy,0.115886,10000,86291.6,1.93298,414437,0.115886,1,1,86303.8,1.41537,8,8.00113,10001.4,0,1.41537,8.00113,0,9.4165,0,0,9.4165,0.0266538,5,20,0,4,31.103,0,0,20,0,0,-1.07934,0.0213825,-1.07934,0.0213825,-1.57418,-0.473399,-1.57418,-0.473399,0.00473803,1.10533,0.00473803,1.10533
size_sweep,calm_thin,10000,passive|prints-only,40,0,True,"coinbase>=1,000,000",prints-only,5100005,10,2.03733,422696,0.344633,4.76667,0.0266538,passive,BTC-USD,sell,0.115886,10000,86291.6,1.93298,381860,0.115886,1,1,86313.9,-2.58047,8,8.00206,10002.6,0,-2.58047,8.00206,-0,5.42159,0,0,5.42159,-0.0266538,5,55,0,4,22.1405,0,0,55,0,0,-0.743143,0.134481,-0.743143,0.134481,-0.298948,0.578717,-0.298948,0.578717,0.595393,1.47313,0.595393,1.47313
size_sweep,calm_thin,10000,aggressive,40,0,True,"coinbase>=1,000,000",prints+quotes,5100006,10,2.02706,443675,0.309535,3.86667,6.12474,aggressive,BTC-USD,buy,0.115878,10000,86297.5,1.93053,418538,0.115878,1,0,86310.6,1.52211,18,18.0027,0,10001.5,1.52211,18.0027,0,19.5248,0,0,19.5248,6.12474,1,3,0,0,0.0364577,0,0,0,0,0,0.578749,-0.943249,,,0.782084,-0.739882,,,-2.68504,-4.20754,,
size_sweep,calm_thin,10000,aggressive,40,0,True,"coinbase>=1,000,000",prints+quotes,5100006,10,2.02706,443675,0.309535,3.86667,6.12474,aggressive,BTC-USD,sell,0.115878,10000,86297.5,1.93053,437246,0.115878,1,0,86287.3,1.17971,18,17.9979,0,9998.82,1.17971,17.9979,-0,19.1776,0,0,19.1776,-6.12474,1,3,0,0,0.0364577,0,0,0,0,0,2.12321,0.943249,,,1.91982,0.739882,,,5.38789,4.20754,,
size_sweep,calm_thin,10000,hybrid,40,0,True,"coinbase>=1,000,000",prints+quotes,5100006,10,2.02706,443675,0.309535,3.86667,6.12474,hybrid,BTC-USD,buy,0.115878,10000,86297.5,1.93053,418538,0.115878,1,1,86294.9,-0.297807,8,7.99976,9999.7,0,-0.297807,7.99976,0,7.70195,0,0,7.70195,6.12474,2,15,0,1,5.81905,0,0,15,0,0,-0.693978,0.289199,-0.693978,0.289199,-2.19189,-1.20856,-2.19189,-1.20856,-6.87636,-5.89257,-6.87636,-5.89257
size_sweep,calm_thin,10000,hybrid,40,0,True,"coinbase>=1,000,000",prints+quotes,5100006,10,2.02706,443675,0.309535,3.86667,6.12474,hybrid,BTC-USD,sell,0.115878,10000,86297.5,1.93053,437246,0.115878,1,1,86325.9,-3.29526,8,8.00264,10003.3,0,-3.29526,8.00264,-0,4.70738,0,0,4.70738,-6.12474,9,41,0,8,29.6088,0,0,41,0,0,-0.342723,0.323127,-0.342723,0.323127,0.708081,1.37401,0.708081,1.37401,3.11298,3.77904,3.11298,3.77904
size_sweep,calm_thin,10000,hybrid|prints-only,40,0,True,"coinbase>=1,000,000",prints-only,5100006,10,2.02706,443675,0.309535,3.86667,6.12474,hybrid,BTC-USD,buy,0.115878,10000,86297.5,1.93053,418538,0.115878,1,1,86294.9,-0.297807,8,7.99976,9999.7,0,-0.297807,7.99976,0,7.70195,0,0,7.70195,6.12474,2,15,0,1,5.81905,0,0,15,0,0,-0.693978,0.289199,-0.693978,0.289199,-2.19189,-1.20856,-2.19189,-1.20856,-6.87636,-5.89257,-6.87636,-5.89257
size_sweep,calm_thin,10000,hybrid|prints-only,40,0,True,"coinbase>=1,000,000",prints-only,5100006,10,2.02706,443675,0.309535,3.86667,6.12474,hybrid,BTC-USD,sell,0.115878,10000,86297.5,1.93053,437246,0.115878,1,1,86325.9,-3.29526,8,8.00264,10003.3,0,-3.29526,8.00264,-0,4.70738,0,0,4.70738,-6.12474,9,41,0,8,29.6088,0,0,41,0,0,-0.342723,0.323127,-0.342723,0.323127,0.708081,1.37401,0.708081,1.37401,3.11298,3.77904,3.11298,3.77904
size_sweep,calm_thin,10000,passive,40,0,True,"coinbase>=1,000,000",prints+quotes,5100006,10,2.02706,443675,0.309535,3.86667,6.12474,passive,BTC-USD,buy,0.115878,10000,86297.5,1.93053,418538,0.115878,1,1,86294.9,-0.297807,8,7.99976,9999.7,0,-0.297807,7.99976,0,7.70195,0,0,7.70195,6.12474,2,15,0,1,5.81905,0,0,15,0,0,-0.693978,0.289199,-0.693978,0.289199,-2.19189,-1.20856,-2.19189,-1.20856,-6.87636,-5.89257,-6.87636,-5.89257
size_sweep,calm_thin,10000,passive,40,0,True,"coinbase>=1,000,000",prints+quotes,5100006,10,2.02706,443675,0.309535,3.86667,6.12474,passive,BTC-USD,sell,0.115878,10000,86297.5,1.93053,437246,0.115878,1,1,86325.9,-3.29526,8,8.00264,10003.3,0,-3.29526,8.00264,-0,4.70738,0,0,4.70738,-6.12474,9,41,0,8,29.6088,0,0,41,0,0,-0.342723,0.323127,-0.342723,0.323127,0.708081,1.37401,0.708081,1.37401,3.11298,3.77904,3.11298,3.77904
size_sweep,calm_thin,10000,passive|prints-only,40,0,True,"coinbase>=1,000,000",prints-only,5100006,10,2.02706,443675,0.309535,3.86667,6.12474,passive,BTC-USD,buy,0.115878,10000,86297.5,1.93053,418538,0.115878,1,1,86294.9,-0.297807,8,7.99976,9999.7,0,-0.297807,7.99976,0,7.70195,0,0,7.70195,6.12474,2,15,0,1,5.81905,0,0,15,0,0,-0.693978,0.289199,-0.693978,0.289199,-2.19189,-1.20856,-2.19189,-1.20856,-6.87636,-5.89257,-6.87636,-5.89257
size_sweep,calm_thin,10000,passive|prints-only,40,0,True,"coinbase>=1,000,000",prints-only,5100006,10,2.02706,443675,0.309535,3.86667,6.12474,passive,BTC-USD,sell,0.115878,10000,86297.5,1.93053,437246,0.115878,1,1,86325.9,-3.29526,8,8.00264,10003.3,0,-3.29526,8.00264,-0,4.70738,0,0,4.70738,-6.12474,9,41,0,8,29.6088,0,0,41,0,0,-0.342723,0.323127,-0.342723,0.323127,0.708081,1.37401,0.708081,1.37401,3.11298,3.77904,3.11298,3.77904
size_sweep,calm_thin,10000,aggressive,40,0,True,"coinbase>=1,000,000",prints+quotes,5100007,10,2.11356,405882,0.310567,3.76667,-9.61988,aggressive,BTC-USD,buy,0.115902,10000,86279.6,1.9854,403894,0.115902,1,0,86291.7,1.39371,18,18.0025,0,10001.4,1.39371,18.0025,-0,19.3962,0,0,19.3962,-9.61988,1,3,0,0,0.0340608,0,0,0,0,0,1.39699,0.00347707,,,1.68149,0.288017,,,4.48188,3.08879,,
size_sweep,calm_thin,10000,aggressive,40,0,True,"coinbase>=1,000,000",prints+quotes,5100007,10,2.11356,405882,0.310567,3.76667,-9.61988,aggressive,BTC-USD,sell,0.115902,10000,86279.6,1.9854,344950,0.115902,1,0,86269.8,1.13752,18,17.998,0,9998.86,1.13752,17.998,1.15186e-15,19.1355,0,0,19.1355,9.61988,1,4,0,0,0.0340608,0,0,0,0,0,1.13418,-0.00347707,,,0.849605,-0.288017,,,-1.95149,-3.08879,,
size_sweep,calm_thin,10000,hybrid,40,0,True,"coinbase>=1,000,000",prints+quotes,5100007,10,2.11356,405882,0.310567,3.76667,-9.61988,hybrid,BTC-USD,buy,0.115902,10000,86279.6,1.9854,403894,0.115902,1,1,86255,-2.85514,8,7.99772,9997.14,0,-2.85514,7.99772,-0,5.14257,0,0,5.14257,-9.61988,6,38,0,5,32.6457,0,0,38,0,0,-0.891813,0.10271,-0.891813,0.10271,-0.557345,0.437143,-0.557345,0.437143,4.31122,5.30523,4.31122,5.30523
size_sweep,calm_thin,10000,hybrid,40,0,True,"coinbase>=1,000,000",prints+quotes,5100007,10,2.11356,405882,0.310567,3.76667,-9.61988,hybrid,BTC-USD,sell,0.115902,10000,86279.6,1.9854,344950,0.115902,1,1,86275.6,0.464028,8,7.99963,9999.54,0,0.464028,7.99963,-1.15186e-15,8.46366,0,0,8.46366,9.61988,2,7,0,1,7.80536,0,0,7,0,0,-0.678094,0.111847,-0.678094,0.111847,-0.373322,0.416643,-0.373322,0.416643,-4.63566,-3.84603,-4.63566,-3.84603
size_sweep,calm_thin,10000,hybrid|prints-only,40,0,True,"coinbase>=1,000,000",prints-only,5100007,10,2.11356,405882,0.310567,3.76667,-9.61988,hybrid,BTC-USD,buy,0.115902,10000,86279.6,1.9854,403894,0.115902,1,1,86255,-2.85514,8,7.99772,9997.14,0,-2.85514,7.99772,-0,5.14257,0,0,5.14257,-9.61988,6,38,0,5,32.6457,0,0,38,0,0,-0.891813,0.10271,-0.891813,0.10271,-0.557345,0.437143,-0.557345,0.437143,4.31122,5.30523,4.31122,5.30523
size_sweep,calm_thin,10000,hybrid|prints-only,40,0,True,"coinbase>=1,000,000",prints-only,5100007,10,2.11356,405882,0.310567,3.76667,-9.61988,hybrid,BTC-USD,sell,0.115902,10000,86279.6,1.9854,344950,0.115902,1,1,86275.6,0.464028,8,7.99963,9999.54,0,0.464028,7.99963,-1.15186e-15,8.46366,0,0,8.46366,9.61988,2,7,0,1,7.80536,0,0,7,0,0,-0.678094,0.111847,-0.678094,0.111847,-0.373322,0.416643,-0.373322,0.416643,-4.63566,-3.84603,-4.63566,-3.84603
size_sweep,calm_thin,10000,passive,40,0,True,"coinbase>=1,000,000",prints+quotes,5100007,10,2.11356,405882,0.310567,3.76667,-9.61988,passive,BTC-USD,buy,0.115902,10000,86279.6,1.9854,403894,0.115902,1,1,86255,-2.85514,8,7.99772,9997.14,0,-2.85514,7.99772,-0,5.14257,0,0,5.14257,-9.61988,6,38,0,5,32.6457,0,0,38,0,0,-0.891813,0.10271,-0.891813,0.10271,-0.557345,0.437143,-0.557345,0.437143,4.31122,5.30523,4.31122,5.30523
size_sweep,calm_thin,10000,passive,40,0,True,"coinbase>=1,000,000",prints+quotes,5100007,10,2.11356,405882,0.310567,3.76667,-9.61988,passive,BTC-USD,sell,0.115902,10000,86279.6,1.9854,344950,0.115902,1,1,86275.6,0.464028,8,7.99963,9999.54,0,0.464028,7.99963,-1.15186e-15,8.46366,0,0,8.46366,9.61988,2,7,0,1,7.80536,0,0,7,0,0,-0.678094,0.111847,-0.678094,0.111847,-0.373322,0.416643,-0.373322,0.416643,-4.63566,-3.84603,-4.63566,-3.84603
size_sweep,calm_thin,10000,passive|prints-only,40,0,True,"coinbase>=1,000,000",prints-only,5100007,10,2.11356,405882,0.310567,3.76667,-9.61988,passive,BTC-USD,buy,0.115902,10000,86279.6,1.9854,403894,0.115902,1,1,86255,-2.85514,8,7.99772,9997.14,0,-2.85514,7.99772,-0,5.14257,0,0,5.14257,-9.61988,6,38,0,5,32.6457,0,0,38,0,0,-0.891813,0.10271,-0.891813,0.10271,-0.557345,0.437143,-0.557345,0.437143,4.31122,5.30523,4.31122,5.30523
size_sweep,calm_thin,10000,passive|prints-only,40,0,True,"coinbase>=1,000,000",prints-only,5100007,10,2.11356,405882,0.310567,3.76667,-9.61988,passive,BTC-USD,sell,0.115902,10000,86279.6,1.9854,344950,0.115902,1,1,86275.6,0.464028,8,7.99963,9999.54,0,0.464028,7.99963,-1.15186e-15,8.46366,0,0,8.46366,9.61988,2,7,0,1,7.80536,0,0,7,0,0,-0.678094,0.111847,-0.678094,0.111847,-0.373322,0.416643,-0.373322,0.416643,-4.63566,-3.84603,-4.63566,-3.84603
size_sweep,calm_thin,10000,aggressive,40,0,True,"coinbase>=1,000,000",prints+quotes,5100008,10,2.01035,383700,0.257106,4.55,2.33704,aggressive,BTC-USD,buy,0.115867,10000,86305.6,1.84808,445547,0.115867,1,0,86315.8,1.18599,18,18.0021,0,10001.2,1.18599,18.0021,-2.79915e-16,19.1881,0,0,19.1881,2.33704,1,5,0,0,0.0709999,0,0,0,0,0,0.940241,-0.245639,,,1.0642,-0.121661,,,-2.50235,-3.68864,,
size_sweep,calm_thin,10000,aggressive,40,0,True,"coinbase>=1,000,000",prints+quotes,5100008,10,2.01035,383700,0.257106,4.55,2.33704,aggressive,BTC-USD,sell,0.115867,10000,86305.6,1.84808,395741,0.115867,1,0,86296,1.11003,18,17.998,0,9998.89,1.11003,17.998,-0,19.108,0,0,19.108,-2.33704,1,3,0,0,0.0709999,0,0,0,0,0,1.35582,0.245639,,,1.23183,0.121661,,,4.7992,3.68864,,
size_sweep,calm_thin,10000,hybrid,40,0,True,"coinbase>=1,000,000",prints+quotes,5100008,10,2.01035,383700,0.257106,4.55,2.33704,hybrid,BTC-USD,buy,0.115867,10000,86305.6,1.84808,445547,0.115867,1,1,86297.6,-0.922883,8,7.99926,9999.08,0,-0.922883,7.99926,-2.79915e-16,7.07638,0,0,7.07638,2.33704,1,6,0,0,3.8188,0,0,6,0,0,-1.04805,0.0435098,-1.04805,0.0435098,-1.89634,-0.804692,-1.89634,-0.804692,-4.61244,-3.52049,-4.61244,-3.52049
size_sweep,calm_thin,10000,hybrid,40,0,True,"coinbase>=1,000,000",prints+quotes,5100008,10,2.01035,383700,0.257106,4.55,2.33704,hybrid,BTC-USD,sell,0.115867,10000,86305.6,1.84808,395741,0.115867,1,1,86324.4,-2.18268,8,8.00174,10002.2,0,-2.18268,8.00175,-2.017e-07,5.81906,8.415e-08,0.000863174,5.81906,-2.33704,5,57,0,4,22.4215,0,0,57,0,0,-0.653643,0.230066,-0.653643,0.230066,-0.407805,0.475924,-0.407805,0.475924,1.08731,1.97119,1.08731,1.97119
size_sweep,calm_thin,10000,hybrid|prints-only,40,0,True,"coinbase>=1,000,000",prints-only,5100008,10,2.01035,383700,0.257106,4.55,2.33704,hybrid,BTC-USD,buy,0.115867,10000,86305.6,1.84808,445547,0.115867,1,1,86297.6,-0.922883,8,7.99926,9999.08,0,-0.922883,7.99926,-2.79915e-16,7.07638,0,0,7.07638,2.33704,1,6,0,0,3.8188,0,0,6,0,0,-1.04805,0.0435098,-1.04805,0.0435098,-1.89634,-0.804692,-1.89634,-0.804692,-4.61244,-3.52049,-4.61244,-3.52049
size_sweep,calm_thin,10000,hybrid|prints-only,40,0,True,"coinbase>=1,000,000",prints-only,5100008,10,2.01035,383700,0.257106,4.55,2.33704,hybrid,BTC-USD,sell,0.115867,10000,86305.6,1.84808,395741,0.115867,1,1,86324.4,-2.18268,8,8.00174,10002.2,0,-2.18268,8.00175,-2.017e-07,5.81906,8.415e-08,0.000863174,5.81906,-2.33704,5,57,0,4,22.4215,0,0,57,0,0,-0.653643,0.230066,-0.653643,0.230066,-0.407805,0.475924,-0.407805,0.475924,1.08731,1.97119,1.08731,1.97119
size_sweep,calm_thin,10000,passive,40,0,True,"coinbase>=1,000,000",prints+quotes,5100008,10,2.01035,383700,0.257106,4.55,2.33704,passive,BTC-USD,buy,0.115867,10000,86305.6,1.84808,445547,0.115867,1,1,86297.6,-0.922883,8,7.99926,9999.08,0,-0.922883,7.99926,-2.79915e-16,7.07638,0,0,7.07638,2.33704,1,6,0,0,3.8188,0,0,6,0,0,-1.04805,0.0435098,-1.04805,0.0435098,-1.89634,-0.804692,-1.89634,-0.804692,-4.61244,-3.52049,-4.61244,-3.52049
size_sweep,calm_thin,10000,passive,40,0,True,"coinbase>=1,000,000",prints+quotes,5100008,10,2.01035,383700,0.257106,4.55,2.33704,passive,BTC-USD,sell,0.115867,10000,86305.6,1.84808,395741,0.115867,1,1,86324.4,-2.18268,8,8.00174,10002.2,0,-2.18268,8.00175,-2.017e-07,5.81906,8.415e-08,0.000863174,5.81906,-2.33704,5,57,0,4,22.4215,0,0,57,0,0,-0.653643,0.230066,-0.653643,0.230066,-0.407805,0.475924,-0.407805,0.475924,1.08731,1.97119,1.08731,1.97119
size_sweep,calm_thin,10000,passive|prints-only,40,0,True,"coinbase>=1,000,000",prints-only,5100008,10,2.01035,383700,0.257106,4.55,2.33704,passive,BTC-USD,buy,0.115867,10000,86305.6,1.84808,445547,0.115867,1,1,86297.6,-0.922883,8,7.99926,9999.08,0,-0.922883,7.99926,-2.79915e-16,7.07638,0,0,7.07638,2.33704,1,6,0,0,3.8188,0,0,6,0,0,-1.04805,0.0435098,-1.04805,0.0435098,-1.89634,-0.804692,-1.89634,-0.804692,-4.61244,-3.52049,-4.61244,-3.52049
size_sweep,calm_thin,10000,passive|prints-only,40,0,True,"coinbase>=1,000,000",prints-only,5100008,10,2.01035,383700,0.257106,4.55,2.33704,passive,BTC-USD,sell,0.115867,10000,86305.6,1.84808,395741,0.115867,1,1,86324.4,-2.18268,8,8.00174,10002.2,0,-2.18268,8.00175,-2.017e-07,5.81906,8.415e-08,0.000863174,5.81906,-2.33704,5,57,0,4,22.4215,0,0,57,0,0,-0.653643,0.230066,-0.653643,0.230066,-0.407805,0.475924,-0.407805,0.475924,1.08731,1.97119,1.08731,1.97119
size_sweep,calm_thin,10000,aggressive,40,0,True,"coinbase>=1,000,000",prints+quotes,5100009,10,2.17617,408312,0.305631,4.03333,3.55645,aggressive,BTC-USD,buy,0.115902,10000,86279.9,1.60524,367330,0.115902,1,0,86287.6,0.892079,18,18.0016,0,10000.9,0.892079,18.0016,0,18.8937,0,0,18.8937,3.55645,1,3,0,0,0.038835,0,0,0,0,0,0.923867,0.031873,,,0.980074,0.0880854,,,1.6308,0.738874,,
size_sweep,calm_thin,10000,aggressive,40,0,True,"coinbase>=1,000,000",prints+quotes,5100009,10,2.17617,408312,0.305631,4.03333,3.55645,aggressive,BTC-USD,sell,0.115902,10000,86279.9,1.60524,377215,0.115902,1,0,86272.4,0.871705,18,17.9984,0,9999.13,0.871705,17.9984,-0,18.8701,0,0,18.8701,-3.55645,1,3,0,0,0.038835,0,0,0,0,0,0.839906,-0.031873,,,0.783688,-0.0880854,,,0.132843,-0.738874,,
size_sweep,calm_thin,10000,hybrid,40,0,True,"coinbase>=1,000,000",prints+quotes,5100009,10,2.17617,408312,0.305631,4.03333,3.55645,hybrid,BTC-USD,buy,0.115902,10000,86279.9,1.60524,367330,0.115902,1,1,86271.8,-0.948451,8,7.99924,9999.05,0,-0.948451,7.99924,3.0685e-07,7.05079,7.68e-08,0.000863183,7.05079,3.55645,4,35,0,3,16.1013,0,0,35,0,0,-0.927786,0.0777442,-0.927786,0.0777442,-1.19505,-0.189497,-1.19505,-0.189497,-1.51316,-0.507548,-1.51316,-0.507548
size_sweep,calm_thin,10000,hybrid,40,0,True,"coinbase>=1,000,000",prints+quotes,5100009,10,2.17617,408312,0.305631,4.03333,3.55645,hybrid,BTC-USD,sell,0.115902,10000,86279.9,1.60524,377215,0.115902,1,1,86287.5,-0.876412,8,8.0007,10000.9,0,-0.876412,8.0007,4.2584e-16,7.12429,0,0,7.12429,-3.55645,3,26,0,2,19.4092,0,0,26,0,0,-0.744558,0.138014,-0.744558,0.138014,-0.941405,-0.0588465,-0.941405,-0.0588465,0.0377977,0.920436,0.0377977,0.920436
size_sweep,calm_thin,10000,hybrid|prints-only,40,0,True,"coinbase>=1,000,000",prints-only,5100009,10,2.17617,408312,0.305631,4.03333,3.55645,hybrid,BTC-USD,buy,0.115902,10000,86279.9,1.60524,367330,0.115902,1,1,86271.8,-0.948451,8,7.99924,9999.05,0,-0.948451,7.99924,3.0685e-07,7.05079,7.68e-08,0.000863183,7.05079,3.55645,4,35,0,3,16.1013,0,0,35,0,0,-0.927786,0.0777442,-0.927786,0.0777442,-1.19505,-0.189497,-1.19505,-0.189497,-1.51316,-0.507548,-1.51316,-0.507548
size_sweep,calm_thin,10000,hybrid|prints-only,40,0,True,"coinbase>=1,000,000",prints-only,5100009,10,2.17617,408312,0.305631,4.03333,3.55645,hybrid,BTC-USD,sell,0.115902,10000,86279.9,1.60524,377215,0.115902,1,1,86287.5,-0.876412,8,8.0007,10000.9,0,-0.876412,8.0007,4.2584e-16,7.12429,0,0,7.12429,-3.55645,3,26,0,2,19.4092,0,0,26,0,0,-0.744558,0.138014,-0.744558,0.138014,-0.941405,-0.0588465,-0.941405,-0.0588465,0.0377977,0.920436,0.0377977,0.920436
size_sweep,calm_thin,10000,passive,40,0,True,"coinbase>=1,000,000",prints+quotes,5100009,10,2.17617,408312,0.305631,4.03333,3.55645,passive,BTC-USD,buy,0.115902,10000,86279.9,1.60524,367330,0.115902,1,1,86271.8,-0.948451,8,7.99924,9999.05,0,-0.948451,7.99924,3.0685e-07,7.05079,7.68e-08,0.000863183,7.05079,3.55645,4,35,0,3,16.1013,0,0,35,0,0,-0.927786,0.0777442,-0.927786,0.0777442,-1.19505,-0.189497,-1.19505,-0.189497,-1.51316,-0.507548,-1.51316,-0.507548
size_sweep,calm_thin,10000,passive,40,0,True,"coinbase>=1,000,000",prints+quotes,5100009,10,2.17617,408312,0.305631,4.03333,3.55645,passive,BTC-USD,sell,0.115902,10000,86279.9,1.60524,377215,0.115902,1,1,86287.5,-0.876412,8,8.0007,10000.9,0,-0.876412,8.0007,4.2584e-16,7.12429,0,0,7.12429,-3.55645,3,26,0,2,19.4092,0,0,26,0,0,-0.744558,0.138014,-0.744558,0.138014,-0.941405,-0.0588465,-0.941405,-0.0588465,0.0377977,0.920436,0.0377977,0.920436
size_sweep,calm_thin,10000,passive|prints-only,40,0,True,"coinbase>=1,000,000",prints-only,5100009,10,2.17617,408312,0.305631,4.03333,3.55645,passive,BTC-USD,buy,0.115902,10000,86279.9,1.60524,367330,0.115902,1,1,86271.8,-0.948451,8,7.99924,9999.05,0,-0.948451,7.99924,3.0685e-07,7.05079,7.68e-08,0.000863183,7.05079,3.55645,4,35,0,3,16.1013,0,0,35,0,0,-0.927786,0.0777442,-0.927786,0.0777442,-1.19505,-0.189497,-1.19505,-0.189497,-1.51316,-0.507548,-1.51316,-0.507548
size_sweep,calm_thin,10000,passive|prints-only,40,0,True,"coinbase>=1,000,000",prints-only,5100009,10,2.17617,408312,0.305631,4.03333,3.55645,passive,BTC-USD,sell,0.115902,10000,86279.9,1.60524,377215,0.115902,1,1,86287.5,-0.876412,8,8.0007,10000.9,0,-0.876412,8.0007,4.2584e-16,7.12429,0,0,7.12429,-3.55645,3,26,0,2,19.4092,0,0,26,0,0,-0.744558,0.138014,-0.744558,0.138014,-0.941405,-0.0588465,-0.941405,-0.0588465,0.0377977,0.920436,0.0377977,0.920436
size_sweep,calm_thin,10000,aggressive,40,0,True,"coinbase>=1,000,000",prints+quotes,5100010,10,2.10773,458423,0.415756,4.8,-4.22063,aggressive,BTC-USD,buy,0.115888,10000,86290.3,2.22273,434436,0.115888,1,0,86300.2,1.13921,18,18.002,0,10001.1,1.13921,18.0021,-0,19.1413,0,0,19.1413,-4.22063,1,2,0,0,0.0535765,0,0,0,0,0,1.13908,0,,,1.35055,0.211495,,,3.49771,2.3589,,
size_sweep,calm_thin,10000,aggressive,40,0,True,"coinbase>=1,000,000",prints+quotes,5100010,10,2.10773,458423,0.415756,4.8,-4.22063,aggressive,BTC-USD,sell,0.115888,10000,86290.3,2.22273,459036,0.115888,1,0,86280.4,1.14774,18,17.9979,0,9998.85,1.14774,17.9979,5.05429e-16,19.1457,0,0,19.1457,4.22063,1,4,0,0,0.0535765,0,0,0,0,0,1.14787,0,,,0.936348,-0.211495,,,-1.2113,-2.3589,,
size_sweep,calm_thin,10000,hybrid,40,0,True,"coinbase>=1,000,000",prints+quotes,5100010,10,2.10773,458423,0.415756,4.8,-4.22063,hybrid,BTC-USD,buy,0.115888,10000,86290.3,2.22273,434436,0.115888,1,1,86280.8,-1.11021,8,7.99911,9998.89,0,-1.11021,7.99911,-0,6.88891,0,0,6.88891,-4.22063,1,10,0,0,3.90924,0,0,10,0,0,-0.773399,0.29807,-0.773399,0.29807,-2.31375,-1.24212,-2.31375,-1.24212,2.99638,4.06745,2.99638,4.06745
size_sweep,calm_thin,10000,hybrid,40,0,True,"coinbase>=1,000,000",prints+quotes,5100010,10,2.10773,458423,0.415756,4.8,-4.22063,hybrid,BTC-USD,sell,0.115888,10000,86290.3,2.22273,459036,0.115888,1,1,86288.8,0.1796,8,7.99986,9999.82,0,0.1796,7.99986,0,8.17946,0,0,8.17946,4.22063,12,47,0,11,39.9126,0,0,47,0,0,-0.765977,0.402813,-0.765977,0.402813,-0.67019,0.498609,-0.67019,0.498609,-3.32557,-2.15705,-3.32557,-2.15705
size_sweep,calm_thin,10000,hybrid|prints-only,40,0,True,"coinbase>=1,000,000",prints-only,5100010,10,2.10773,458423,0.415756,4.8,-4.22063,hybrid,BTC-USD,buy,0.115888,10000,86290.3,2.22273,434436,0.115888,1,1,86280.8,-1.11021,8,7.99911,9998.89,0,-1.11021,7.99911,-0,6.88891,0,0,6.88891,-4.22063,1,10,0,0,3.90924,0,0,10,0,0,-0.773399,0.29807,-0.773399,0.29807,-2.31375,-1.24212,-2.31375,-1.24212,2.99638,4.06745,2.99638,4.06745
size_sweep,calm_thin,10000,hybrid|prints-only,40,0,True,"coinbase>=1,000,000",prints-only,5100010,10,2.10773,458423,0.415756,4.8,-4.22063,hybrid,BTC-USD,sell,0.115888,10000,86290.3,2.22273,459036,0.115888,1,1,86288.8,0.1796,8,7.99986,9999.82,0,0.1796,7.99986,0,8.17946,0,0,8.17946,4.22063,12,47,0,11,39.9126,0,0,47,0,0,-0.765977,0.402813,-0.765977,0.402813,-0.67019,0.498609,-0.67019,0.498609,-3.32557,-2.15705,-3.32557,-2.15705
size_sweep,calm_thin,10000,passive,40,0,True,"coinbase>=1,000,000",prints+quotes,5100010,10,2.10773,458423,0.415756,4.8,-4.22063,passive,BTC-USD,buy,0.115888,10000,86290.3,2.22273,434436,0.115888,1,1,86280.8,-1.11021,8,7.99911,9998.89,0,-1.11021,7.99911,-0,6.88891,0,0,6.88891,-4.22063,1,10,0,0,3.90924,0,0,10,0,0,-0.773399,0.29807,-0.773399,0.29807,-2.31375,-1.24212,-2.31375,-1.24212,2.99638,4.06745,2.99638,4.06745
size_sweep,calm_thin,10000,passive,40,0,True,"coinbase>=1,000,000",prints+quotes,5100010,10,2.10773,458423,0.415756,4.8,-4.22063,passive,BTC-USD,sell,0.115888,10000,86290.3,2.22273,459036,0.115888,1,1,86288.8,0.1796,8,7.99986,9999.82,0,0.1796,7.99986,0,8.17946,0,0,8.17946,4.22063,12,47,0,11,39.9126,0,0,47,0,0,-0.765977,0.402813,-0.765977,0.402813,-0.67019,0.498609,-0.67019,0.498609,-3.32557,-2.15705,-3.32557,-2.15705
size_sweep,calm_thin,10000,passive|prints-only,40,0,True,"coinbase>=1,000,000",prints-only,5100010,10,2.10773,458423,0.415756,4.8,-4.22063,passive,BTC-USD,buy,0.115888,10000,86290.3,2.22273,434436,0.115888,1,1,86280.8,-1.11021,8,7.99911,9998.89,0,-1.11021,7.99911,-0,6.88891,0,0,6.88891,-4.22063,1,10,0,0,3.90924,0,0,10,0,0,-0.773399,0.29807,-0.773399,0.29807,-2.31375,-1.24212,-2.31375,-1.24212,2.99638,4.06745,2.99638,4.06745
size_sweep,calm_thin,10000,passive|prints-only,40,0,True,"coinbase>=1,000,000",prints-only,5100010,10,2.10773,458423,0.415756,4.8,-4.22063,passive,BTC-USD,sell,0.115888,10000,86290.3,2.22273,459036,0.115888,1,1,86288.8,0.1796,8,7.99986,9999.82,0,0.1796,7.99986,0,8.17946,0,0,8.17946,4.22063,12,47,0,11,39.9126,0,0,47,0,0,-0.765977,0.402813,-0.765977,0.402813,-0.67019,0.498609,-0.67019,0.498609,-3.32557,-2.15705,-3.32557,-2.15705
size_sweep,calm_thin,10000,aggressive,40,0,True,"coinbase>=1,000,000",prints+quotes,5100011,10,2.02339,410212,0.423487,3.46667,1.69064,aggressive,BTC-USD,buy,0.115877,10000,86298.7,2.18427,404626,0.115877,1,0,86308.5,1.14364,18,18.0021,0,10001.1,1.14364,18.0021,0,19.1457,0,0,19.1457,1.69064,1,3,0,0,0.027979,0,0,0,0,0,1.24257,0.0990745,,,1.24257,0.0990745,,,0.862535,-0.281001,,
size_sweep,calm_thin,10000,aggressive,40,0,True,"coinbase>=1,000,000",prints+quotes,5100011,10,2.02339,410212,0.423487,3.46667,1.69064,aggressive,BTC-USD,sell,0.115877,10000,86298.7,2.18427,420906,0.115877,1,0,86288.5,1.17955,18,17.9979,0,9998.82,1.17955,17.9979,-0,19.1774,0,0,19.1774,-1.69064,1,4,0,0,0.027979,0,0,0,0,0,1.08061,-0.0990745,,,1.08061,-0.0990745,,,1.46073,0.281001,,
size_sweep,calm_thin,10000,hybrid,40,0,True,"coinbase>=1,000,000",prints+quotes,5100011,10,2.02339,410212,0.423487,3.46667,1.69064,hybrid,BTC-USD,buy,0.115877,10000,86298.7,2.18427,404626,0.115877,1,1,86289.3,-1.09098,8,7.99913,9998.91,0,-1.09098,7.99913,0,6.90815,0,0,6.90815,1.69064,1,13,0,0,5.80055,0,0,13,0,0,-1.34715,-0.355102,-1.34715,-0.355102,-4.30754,-3.3152,-4.30754,-3.3152,-0.996877,-0.00486458,-0.996877,-0.00486458
size_sweep,calm_thin,10000,hybrid,40,0,True,"coinbase>=1,000,000",prints+quotes,5100011,10,2.02339,410212,0.423487,3.46667,1.69064,hybrid,BTC-USD,sell,0.115877,10000,86298.7,2.18427,420906,0.115877,1,0.836589,86326.3,-3.201,9.63368,9.63676,8369,1634.2,-3.201,9.63677,-0,6.43576,0,0,6.43576,-1.69064,16,55,0,15,42.1464,0,0,53,0,0,-0.876248,-0.230595,-1.21455,-0.275637,-1.79137,-1.1458,-2.3151,-1.37629,-0.908024,-0.262406,-1.45974,-0.520848
size_sweep,calm_thin,10000,hybrid|prints-only,40,0,True,"coinbase>=1,000,000",prints-only,5100011,10,2.02339,410212,0.423487,3.46667,1.69064,hybrid,BTC-USD,buy,0.115877,10000,86298.7,2.18427,404626,0.115877,1,1,86289.3,-1.09098,8,7.99913,9998.91,0,-1.09098,7.99913,0,6.90815,0,0,6.90815,1.69064,1,13,0,0,5.80055,0,0,13,0,0,-1.34715,-0.355102,-1.34715,-0.355102,-4.30754,-3.3152,-4.30754,-3.3152,-0.996877,-0.00486458,-0.996877,-0.00486458
size_sweep,calm_thin,10000,hybrid|prints-only,40,0,True,"coinbase>=1,000,000",prints-only,5100011,10,2.02339,410212,0.423487,3.46667,1.69064,hybrid,BTC-USD,sell,0.115877,10000,86298.7,2.18427,420906,0.115877,1,0.836589,86326.3,-3.201,9.63368,9.63676,8369,1634.2,-3.201,9.63677,-0,6.43576,0,0,6.43576,-1.69064,16,55,0,15,42.1464,0,0,53,0,0,-0.876248,-0.230595,-1.21455,-0.275637,-1.79137,-1.1458,-2.3151,-1.37629,-0.908024,-0.262406,-1.45974,-0.520848
size_sweep,calm_thin,10000,passive,40,0,True,"coinbase>=1,000,000",prints+quotes,5100011,10,2.02339,410212,0.423487,3.46667,1.69064,passive,BTC-USD,buy,0.115877,10000,86298.7,2.18427,404626,0.115877,1,1,86289.3,-1.09098,8,7.99913,9998.91,0,-1.09098,7.99913,0,6.90815,0,0,6.90815,1.69064,1,13,0,0,5.80055,0,0,13,0,0,-1.34715,-0.355102,-1.34715,-0.355102,-4.30754,-3.3152,-4.30754,-3.3152,-0.996877,-0.00486458,-0.996877,-0.00486458
size_sweep,calm_thin,10000,passive,40,0,True,"coinbase>=1,000,000",prints+quotes,5100011,10,2.02339,410212,0.423487,3.46667,1.69064,passive,BTC-USD,sell,0.115877,10000,86298.7,2.18427,420906,0.108303,0.934642,1,86329.7,-3.5982,8,7.47983,9349.78,0,-3.36303,7.47983,-0.110497,4.0063,0.0625947,653.628,5.24542,-1.69064,19,71,0,19,56.6016,0,0,71,0,0,-1.16707,-0.239174,-1.16707,-0.239174,-2.10249,-1.17467,-2.10249,-1.17467,-1.35187,-0.423987,-1.35187,-0.423987
size_sweep,calm_thin,10000,passive|prints-only,40,0,True,"coinbase>=1,000,000",prints-only,5100011,10,2.02339,410212,0.423487,3.46667,1.69064,passive,BTC-USD,buy,0.115877,10000,86298.7,2.18427,404626,0.115877,1,1,86289.3,-1.09098,8,7.99913,9998.91,0,-1.09098,7.99913,0,6.90815,0,0,6.90815,1.69064,1,13,0,0,5.80055,0,0,13,0,0,-1.34715,-0.355102,-1.34715,-0.355102,-4.30754,-3.3152,-4.30754,-3.3152,-0.996877,-0.00486458,-0.996877,-0.00486458
size_sweep,calm_thin,10000,passive|prints-only,40,0,True,"coinbase>=1,000,000",prints-only,5100011,10,2.02339,410212,0.423487,3.46667,1.69064,passive,BTC-USD,sell,0.115877,10000,86298.7,2.18427,420906,0.108303,0.934642,1,86329.7,-3.5982,8,7.47983,9349.78,0,-3.36303,7.47983,-0.110497,4.0063,0.0625947,653.628,5.24542,-1.69064,19,71,0,19,56.6016,0,0,71,0,0,-1.16707,-0.239174,-1.16707,-0.239174,-2.10249,-1.17467,-2.10249,-1.17467,-1.35187,-0.423987,-1.35187,-0.423987
size_sweep,calm_thin,10000,aggressive,40,0,True,"coinbase>=1,000,000",prints+quotes,5100012,10,2.1042,450972,0.275932,3.75,4.81366,aggressive,BTC-USD,buy,0.115894,10000,86285.7,2.41755,419467,0.115894,1,0,86296.2,1.20877,18,18.0022,0,10001.2,1.20877,18.0022,0,19.211,0,0,19.211,4.81366,1,1,0,0,0.0506864,0,0,0,0,0,1.20863,0,,,1.09275,-0.115894,,,0.989036,-0.219619,,
size_sweep,calm_thin,10000,aggressive,40,0,True,"coinbase>=1,000,000",prints+quotes,5100012,10,2.1042,450972,0.275932,3.75,4.81366,aggressive,BTC-USD,sell,0.115894,10000,86285.7,2.41755,415525,0.115894,1,0,86274.8,1.26852,18,17.9977,0,9998.73,1.26852,17.9977,-0,19.2662,0,0,19.2662,-4.81366,1,2,0,0,0.0506864,0,0,0,0,0,1.26868,0,,,1.38459,0.115894,,,1.48833,0.219619,,
size_sweep,calm_thin,10000,hybrid,40,0,True,"coinbase>=1,000,000",prints+quotes,5100012,10,2.1042,450972,0.275932,3.75,4.81366,hybrid,BTC-USD,buy,0.115894,10000,86285.7,2.41755,419467,0.115894,1,1,86277.7,-0.929417,8,7.99926,9999.07,0,-0.929417,7.99926,5.76414e-16,7.06984,0,0,7.06984,4.81366,3,19,0,2,9.22112,0,0,19,0,0,-0.657666,0.197149,-0.657666,0.197149,-1.27977,-0.424904,-1.27977,-0.424904,-2.88826,-2.03325,-2.88826,-2.03325
size_sweep,calm_thin,10000,hybrid,40,0,True,"coinbase>=1,000,000",prints+quotes,5100012,10,2.1042,450972,0.275932,3.75,4.81366,hybrid,BTC-USD,sell,0.115894,10000,86285.7,2.41755,415525,0.115894,1,1,86296.7,-1.27543,8,8.00102,10001.3,0,-1.27543,8.00102,-5.76414e-16,6.72559,0,0,6.72559,-4.81366,2,27,0,1,32.9182,0,0,27,0,0,-0.849892,0.140993,-0.849892,0.140993,-1.10546,-0.114604,-1.10546,-0.114604,0.39666,1.38766,0.39666,1.38766
size_sweep,calm_thin,10000,hybrid|prints-only,40,0,True,"coinbase>=1,000,000",prints-only,5100012,10,2.1042,450972,0.275932,3.75,4.81366,hybrid,BTC-USD,buy,0.115894,10000,86285.7,2.41755,419467,0.115894,1,1,86277.7,-0.929417,8,7.99926,9999.07,0,-0.929417,7.99926,5.76414e-16,7.06984,0,0,7.06984,4.81366,3,19,0,2,9.22112,0,0,19,0,0,-0.657666,0.197149,-0.657666,0.197149,-1.27977,-0.424904,-1.27977,-0.424904,-2.88826,-2.03325,-2.88826,-2.03325
size_sweep,calm_thin,10000,hybrid|prints-only,40,0,True,"coinbase>=1,000,000",prints-only,5100012,10,2.1042,450972,0.275932,3.75,4.81366,hybrid,BTC-USD,sell,0.115894,10000,86285.7,2.41755,415525,0.115894,1,1,86296.7,-1.27543,8,8.00102,10001.3,0,-1.27543,8.00102,-5.76414e-16,6.72559,0,0,6.72559,-4.81366,2,27,0,1,32.9182,0,0,27,0,0,-0.849892,0.140993,-0.849892,0.140993,-1.10546,-0.114604,-1.10546,-0.114604,0.39666,1.38766,0.39666,1.38766
size_sweep,calm_thin,10000,passive,40,0,True,"coinbase>=1,000,000",prints+quotes,5100012,10,2.1042,450972,0.275932,3.75,4.81366,passive,BTC-USD,buy,0.115894,10000,86285.7,2.41755,419467,0.115894,1,1,86277.7,-0.929417,8,7.99926,9999.07,0,-0.929417,7.99926,5.76414e-16,7.06984,0,0,7.06984,4.81366,3,19,0,2,9.22112,0,0,19,0,0,-0.657666,0.197149,-0.657666,0.197149,-1.27977,-0.424904,-1.27977,-0.424904,-2.88826,-2.03325,-2.88826,-2.03325
size_sweep,calm_thin,10000,passive,40,0,True,"coinbase>=1,000,000",prints+quotes,5100012,10,2.1042,450972,0.275932,3.75,4.81366,passive,BTC-USD,sell,0.115894,10000,86285.7,2.41755,415525,0.115894,1,1,86296.7,-1.27543,8,8.00102,10001.3,0,-1.27543,8.00102,-5.76414e-16,6.72559,0,0,6.72559,-4.81366,2,27,0,1,32.9182,0,0,27,0,0,-0.849892,0.140993,-0.849892,0.140993,-1.10546,-0.114604,-1.10546,-0.114604,0.39666,1.38766,0.39666,1.38766
size_sweep,calm_thin,10000,passive|prints-only,40,0,True,"coinbase>=1,000,000",prints-only,5100012,10,2.1042,450972,0.275932,3.75,4.81366,passive,BTC-USD,buy,0.115894,10000,86285.7,2.41755,419467,0.115894,1,1,86277.7,-0.929417,8,7.99926,9999.07,0,-0.929417,7.99926,5.76414e-16,7.06984,0,0,7.06984,4.81366,3,19,0,2,9.22112,0,0,19,0,0,-0.657666,0.197149,-0.657666,0.197149,-1.27977,-0.424904,-1.27977,-0.424904,-2.88826,-2.03325,-2.88826,-2.03325
size_sweep,calm_thin,10000,passive|prints-only,40,0,True,"coinbase>=1,000,000",prints-only,5100012,10,2.1042,450972,0.275932,3.75,4.81366,passive,BTC-USD,sell,0.115894,10000,86285.7,2.41755,415525,0.115894,1,1,86296.7,-1.27543,8,8.00102,10001.3,0,-1.27543,8.00102,-5.76414e-16,6.72559,0,0,6.72559,-4.81366,2,27,0,1,32.9182,0,0,27,0,0,-0.849892,0.140993,-0.849892,0.140993,-1.10546,-0.114604,-1.10546,-0.114604,0.39666,1.38766,0.39666,1.38766
size_sweep,calm_thin,10000,aggressive,40,0,True,"coinbase>=1,000,000",prints+quotes,5100013,10,2.03596,419604,0.271469,3.68333,0.106628,aggressive,BTC-USD,buy,0.1159,10000,86281,2.62746,349851,0.1159,1,0,86292.2,1.30527,18,18.0023,0,10001.3,1.30527,18.0023,0,19.3076,0,0,19.3076,0.106628,1,2,0,0,1.46921,0,0,0,0,0,1.31031,0,,,0.645129,-0.665269,,,1.22282,-0.0875048,,
size_sweep,calm_thin,10000,aggressive,40,0,True,"coinbase>=1,000,000",prints+quotes,5100013,10,2.03596,419604,0.271469,3.68333,0.106628,aggressive,BTC-USD,sell,0.1159,10000,86281,2.62746,398913,0.1159,1,0,86269.3,1.3591,18,17.9976,0,9998.64,1.3591,17.9976,-0,19.3567,0,0,19.3567,-0.106628,1,3,0,0,1.46921,0,0,0,0,0,1.35407,0,,,2.01943,0.665269,,,1.44159,0.0875048,,
size_sweep,calm_thin,10000,hybrid,40,0,True,"coinbase>=1,000,000",prints+quotes,5100013,10,2.03596,419604,0.271469,3.68333,0.106628,hybrid,BTC-USD,buy,0.1159,10000,86281,2.62746,349851,0.1159,1,1,86277,-0.467543,8,7.99963,9999.53,0,-0.467543,7.99963,0,7.53208,0,0,7.53208,0.106628,7,48,0,6,40.4302,0,1,47,0,0,-0.907529,0.00605051,-0.907529,0.00605051,-0.804566,0.109002,-0.804566,0.109002,-1.13081,-0.217206,-1.13081,-0.217206
size_sweep,calm_thin,10000,hybrid,40,0,True,"coinbase>=1,000,000",prints+quotes,5100013,10,2.03596,419604,0.271469,3.68333,0.106628,hybrid,BTC-USD,sell,0.1159,10000,86281,2.62746,398913,0.1159,1,0.661483,86290.9,-1.14488,11.3852,11.3865,6615.55,3385.6,-1.14488,11.3865,-1.27676e-17,10.2416,0,0,10.2416,-0.106628,6,53,0,5,42.1691,0,0,52,0,0,-0.236222,0.016639,-0.809906,0.0251541,-0.184607,0.0682871,-0.499696,0.335393,-0.735246,-0.482336,-0.742634,0.0924274
size_sweep,calm_thin,10000,hybrid|prints-only,40,0,True,"coinbase>=1,000,000",prints-only,5100013,10,2.03596,419604,0.271469,3.68333,0.106628,hybrid,BTC-USD,buy,0.1159,10000,86281,2.62746,349851,0.1159,1,1,86277,-0.467543,8,7.99963,9999.53,0,-0.467543,7.99963,0,7.53208,0,0,7.53208,0.106628,7,48,0,6,40.4302,0,1,47,0,0,-0.907529,0.00605051,-0.907529,0.00605051,-0.804566,0.109002,-0.804566,0.109002,-1.13081,-0.217206,-1.13081,-0.217206
size_sweep,calm_thin,10000,hybrid|prints-only,40,0,True,"coinbase>=1,000,000",prints-only,5100013,10,2.03596,419604,0.271469,3.68333,0.106628,hybrid,BTC-USD,sell,0.1159,10000,86281,2.62746,398913,0.1159,1,0.661483,86290.9,-1.14488,11.3852,11.3865,6615.55,3385.6,-1.14488,11.3865,-1.27676e-17,10.2416,0,0,10.2416,-0.106628,6,53,0,5,42.1691,0,0,52,0,0,-0.236222,0.016639,-0.809906,0.0251541,-0.184607,0.0682871,-0.499696,0.335393,-0.735246,-0.482336,-0.742634,0.0924274
size_sweep,calm_thin,10000,passive,40,0,True,"coinbase>=1,000,000",prints+quotes,5100013,10,2.03596,419604,0.271469,3.68333,0.106628,passive,BTC-USD,buy,0.1159,10000,86281,2.62746,349851,0.1159,1,1,86277,-0.467543,8,7.99963,9999.53,0,-0.467543,7.99963,0,7.53208,0,0,7.53208,0.106628,7,48,0,6,40.4302,0,1,47,0,0,-0.907529,0.00605051,-0.907529,0.00605051,-0.804566,0.109002,-0.804566,0.109002,-1.13081,-0.217206,-1.13081,-0.217206
size_sweep,calm_thin,10000,passive,40,0,True,"coinbase>=1,000,000",prints+quotes,5100013,10,2.03596,419604,0.271469,3.68333,0.106628,passive,BTC-USD,sell,0.1159,10000,86281,2.62746,398913,0.0844368,0.728529,1,86291,-1.15762,8,5.82891,7286.13,0,-0.84336,5.82891,-0.0289465,4.9566,0.343425,2714.4,10.1859,-0.106628,10,69,0,10,58.8137,0,0,69,0,0,-0.839565,0.0146435,-0.839565,0.0146435,-0.578572,0.27566,-0.578572,0.27566,-0.999814,-0.145626,-0.999814,-0.145626
size_sweep,calm_thin,10000,passive|prints-only,40,0,True,"coinbase>=1,000,000",prints-only,5100013,10,2.03596,419604,0.271469,3.68333,0.106628,passive,BTC-USD,buy,0.1159,10000,86281,2.62746,349851,0.1159,1,1,86277,-0.467543,8,7.99963,9999.53,0,-0.467543,7.99963,0,7.53208,0,0,7.53208,0.106628,7,48,0,6,40.4302,0,1,47,0,0,-0.907529,0.00605051,-0.907529,0.00605051,-0.804566,0.109002,-0.804566,0.109002,-1.13081,-0.217206,-1.13081,-0.217206
size_sweep,calm_thin,10000,passive|prints-only,40,0,True,"coinbase>=1,000,000",prints-only,5100013,10,2.03596,419604,0.271469,3.68333,0.106628,passive,BTC-USD,sell,0.1159,10000,86281,2.62746,398913,0.0844368,0.728529,1,86291,-1.15762,8,5.82891,7286.13,0,-0.84336,5.82891,-0.0289465,4.9566,0.343425,2714.4,10.1859,-0.106628,10,69,0,10,58.8137,0,0,69,0,0,-0.839565,0.0146435,-0.839565,0.0146435,-0.578572,0.27566,-0.578572,0.27566,-0.999814,-0.145626,-0.999814,-0.145626
size_sweep,calm_thin,10000,aggressive,40,0,True,"coinbase>=1,000,000",prints+quotes,5100014,10,2.05641,439410,0.274641,4.05,-7.56096,aggressive,BTC-USD,buy,0.115912,10000,86272.1,1.96587,395991,0.115912,1,0,86282.5,1.20782,18,18.0022,0,10001.2,1.20782,18.0022,-0,19.21,0,0,19.21,-7.56096,1,3,0,0,0.0336098,0,0,0,0,0,1.04134,-0.166334,,,1.64344,0.43583,,,4.2894,3.08211,,
size_sweep,calm_thin,10000,aggressive,40,0,True,"coinbase>=1,000,000",prints+quotes,5100014,10,2.05641,439410,0.274641,4.05,-7.56096,aggressive,BTC-USD,sell,0.115912,10000,86272.1,1.96587,400135,0.115912,1,0,86263.6,0.985501,18,17.9982,0,9999.01,0.985501,17.9982,0,18.9837,0,0,18.9837,7.56096,1,2,0,0,0.0336098,0,0,0,0,0,1.15195,0.166334,,,0.549725,-0.43583,,,-2.09681,-3.08211,,
size_sweep,calm_thin,10000,hybrid,40,0,True,"coinbase>=1,000,000",prints+quotes,5100014,10,2.05641,439410,0.274641,4.05,-7.56096,hybrid,BTC-USD,buy,0.115912,10000,86272.1,1.96587,395991,0.115912,1,1,86245.2,-3.11498,8,7.99751,9996.88,0,-3.11498,7.99751,-9.05248e-16,4.88253,0,0,4.88253,-7.56096,5,42,0,4,24.035,0,0,42,0,0,-1.01045,0.0525793,-1.01045,0.0525793,-0.54176,0.521217,-0.54176,0.521217,1.7598,2.82255,1.7598,2.82255
size_sweep,calm_thin,10000,hybrid,40,0,True,"coinbase>=1,000,000",prints+quotes,5100014,10,2.05641,439410,0.274641,4.05,-7.56096,hybrid,BTC-USD,sell,0.115912,10000,86272.1,1.96587,400135,0.115912,1,1,86256.6,1.79135,8,7.99857,9998.21,0,1.79135,7.99857,0,9.78992,0,0,9.78992,7.56096,8,30,0,7,41.808,0,0,30,0,0,-1.01552,-0.0846932,-1.01552,-0.0846932,-1.24181,-0.311008,-1.24181,-0.311008,-4.5436,-3.6131,-4.5436,-3.6131
size_sweep,calm_thin,10000,hybrid|prints-only,40,0,True,"coinbase>=1,000,000",prints-only,5100014,10,2.05641,439410,0.274641,4.05,-7.56096,hybrid,BTC-USD,buy,0.115912,10000,86272.1,1.96587,395991,0.115912,1,1,86245.2,-3.11498,8,7.99751,9996.88,0,-3.11498,7.99751,-9.05248e-16,4.88253,0,0,4.88253,-7.56096,5,42,0,4,24.035,0,0,42,0,0,-1.01045,0.0525793,-1.01045,0.0525793,-0.54176,0.521217,-0.54176,0.521217,1.7598,2.82255,1.7598,2.82255
size_sweep,calm_thin,10000,hybrid|prints-only,40,0,True,"coinbase>=1,000,000",prints-only,5100014,10,2.05641,439410,0.274641,4.05,-7.56096,hybrid,BTC-USD,sell,0.115912,10000,86272.1,1.96587,400135,0.115912,1,1,86256.6,1.79135,8,7.99857,9998.21,0,1.79135,7.99857,0,9.78992,0,0,9.78992,7.56096,8,30,0,7,41.808,0,0,30,0,0,-1.01552,-0.0846932,-1.01552,-0.0846932,-1.24181,-0.311008,-1.24181,-0.311008,-4.5436,-3.6131,-4.5436,-3.6131
size_sweep,calm_thin,10000,passive,40,0,True,"coinbase>=1,000,000",prints+quotes,5100014,10,2.05641,439410,0.274641,4.05,-7.56096,passive,BTC-USD,buy,0.115912,10000,86272.1,1.96587,395991,0.115912,1,1,86245.2,-3.11498,8,7.99751,9996.88,0,-3.11498,7.99751,-9.05248e-16,4.88253,0,0,4.88253,-7.56096,5,42,0,4,24.035,0,0,42,0,0,-1.01045,0.0525793,-1.01045,0.0525793,-0.54176,0.521217,-0.54176,0.521217,1.7598,2.82255,1.7598,2.82255
size_sweep,calm_thin,10000,passive,40,0,True,"coinbase>=1,000,000",prints+quotes,5100014,10,2.05641,439410,0.274641,4.05,-7.56096,passive,BTC-USD,sell,0.115912,10000,86272.1,1.96587,400135,0.115912,1,1,86256.6,1.79135,8,7.99857,9998.21,0,1.79135,7.99857,0,9.78992,0,0,9.78992,7.56096,8,30,0,7,41.808,0,0,30,0,0,-1.01552,-0.0846932,-1.01552,-0.0846932,-1.24181,-0.311008,-1.24181,-0.311008,-4.5436,-3.6131,-4.5436,-3.6131
size_sweep,calm_thin,10000,passive|prints-only,40,0,True,"coinbase>=1,000,000",prints-only,5100014,10,2.05641,439410,0.274641,4.05,-7.56096,passive,BTC-USD,buy,0.115912,10000,86272.1,1.96587,395991,0.115912,1,1,86245.2,-3.11498,8,7.99751,9996.88,0,-3.11498,7.99751,-9.05248e-16,4.88253,0,0,4.88253,-7.56096,5,42,0,4,24.035,0,0,42,0,0,-1.01045,0.0525793,-1.01045,0.0525793,-0.54176,0.521217,-0.54176,0.521217,1.7598,2.82255,1.7598,2.82255
size_sweep,calm_thin,10000,passive|prints-only,40,0,True,"coinbase>=1,000,000",prints-only,5100014,10,2.05641,439410,0.274641,4.05,-7.56096,passive,BTC-USD,sell,0.115912,10000,86272.1,1.96587,400135,0.115912,1,1,86256.6,1.79135,8,7.99857,9998.21,0,1.79135,7.99857,0,9.78992,0,0,9.78992,7.56096,8,30,0,7,41.808,0,0,30,0,0,-1.01552,-0.0846932,-1.01552,-0.0846932,-1.24181,-0.311008,-1.24181,-0.311008,-4.5436,-3.6131,-4.5436,-3.6131
size_sweep,calm_thin,10000,aggressive,40,0,True,"coinbase>=1,000,000",prints+quotes,5100015,10,2.10612,446110,0.310793,3.73333,1.37582,aggressive,BTC-USD,buy,0.115859,10000,86312.2,2.07155,326141,0.115859,1,0,86321.6,1.09411,18,18.002,0,10001.1,1.09411,18.002,0,19.0961,0,0,19.0961,1.37582,1,4,0,0,0.0383272,0,0,0,0,0,1.09399,0,,,1.41314,0.31919,,,-0.0453569,-1.13947,,
size_sweep,calm_thin,10000,aggressive,40,0,True,"coinbase>=1,000,000",prints+quotes,5100015,10,2.10612,446110,0.310793,3.73333,1.37582,aggressive,BTC-USD,sell,0.115859,10000,86312.2,2.07155,344859,0.115859,1,0,86301.4,1.24868,18,17.9978,0,9998.75,1.24868,17.9978,-0,19.2464,0,0,19.2464,-1.37582,1,3,0,0,0.0383272,0,0,0,0,0,1.24885,0,,,0.929616,-0.31919,,,2.38846,1.13947,,
size_sweep,calm_thin,10000,hybrid,40,0,True,"coinbase>=1,000,000",prints+quotes,5100015,10,2.10612,446110,0.310793,3.73333,1.37582,hybrid,BTC-USD,buy,0.115859,10000,86312.2,2.07155,326141,0.115859,1,1,86313.9,0.202517,8,8.00016,10000.2,0,0.202517,8.00016,0,8.20268,0,0,8.20268,1.37582,6,38,0,5,40.119,0,0,38,0,0,-0.911699,0.189478,-0.911699,0.189478,-1.00185,0.0993355,-1.00185,0.0993355,-0.959593,0.141587,-0.959593,0.141587
size_sweep,calm_thin,10000,hybrid,40,0,True,"coinbase>=1,000,000",prints+quotes,5100015,10,2.10612,446110,0.310793,3.73333,1.37582,hybrid,BTC-USD,sell,0.115859,10000,86312.2,2.07155,344859,0.115859,1,0.904184,86328,-1.83714,8.95799,8.95964,9043.67,958.167,-1.83714,8.95964,-0,7.12249,0,0,7.12249,-1.37582,8,62,0,7,42.1596,0,0,61,0,0,-0.512248,0.199867,-0.745227,0.170287,-0.112555,0.599584,-0.34799,0.567554,-0.970717,-0.2586,-1.06278,-0.147287
size_sweep,calm_thin,10000,hybrid|prints-only,40,0,True,"coinbase>=1,000,000",prints-only,5100015,10,2.10612,446110,0.310793,3.73333,1.37582,hybrid,BTC-USD,buy,0.115859,10000,86312.2,2.07155,326141,0.115859,1,1,86313.9,0.202517,8,8.00016,10000.2,0,0.202517,8.00016,0,8.20268,0,0,8.20268,1.37582,6,38,0,5,40.119,0,0,38,0,0,-0.911699,0.189478,-0.911699,0.189478,-1.00185,0.0993355,-1.00185,0.0993355,-0.959593,0.141587,-0.959593,0.141587
size_sweep,calm_thin,10000,hybrid|prints-only,40,0,True,"coinbase>=1,000,000",prints-only,5100015,10,2.10612,446110,0.310793,3.73333,1.37582,hybrid,BTC-USD,sell,0.115859,10000,86312.2,2.07155,344859,0.115859,1,0.904184,86328,-1.83714,8.95799,8.95964,9043.67,958.167,-1.83714,8.95964,-0,7.12249,0,0,7.12249,-1.37582,8,62,0,7,42.1596,0,0,61,0,0,-0.512248,0.199867,-0.745227,0.170287,-0.112555,0.599584,-0.34799,0.567554,-0.970717,-0.2586,-1.06278,-0.147287
size_sweep,calm_thin,10000,passive,40,0,True,"coinbase>=1,000,000",prints+quotes,5100015,10,2.10612,446110,0.310793,3.73333,1.37582,passive,BTC-USD,buy,0.115859,10000,86312.2,2.07155,326141,0.115859,1,1,86313.9,0.202517,8,8.00016,10000.2,0,0.202517,8.00016,0,8.20268,0,0,8.20268,1.37582,6,38,0,5,40.119,0,0,38,0,0,-0.911699,0.189478,-0.911699,0.189478,-1.00185,0.0993355,-1.00185,0.0993355,-0.959593,0.141587,-0.959593,0.141587
size_sweep,calm_thin,10000,passive,40,0,True,"coinbase>=1,000,000",prints+quotes,5100015,10,2.10612,446110,0.310793,3.73333,1.37582,passive,BTC-USD,sell,0.115859,10000,86312.2,2.07155,344859,0.115859,1,1,86329.9,-2.05883,8,8.00165,10002.1,0,-2.05883,8.00165,-0,5.94282,0,0,5.94282,-1.37582,9,65,0,8,44.2047,0,0,65,0,0,-0.7105,0.196926,-0.7105,0.196926,-0.361448,0.546004,-0.361448,0.546004,-1.1957,-0.288311,-1.1957,-0.288311
size_sweep,calm_thin,10000,passive|prints-only,40,0,True,"coinbase>=1,000,000",prints-only,5100015,10,2.10612,446110,0.310793,3.73333,1.37582,passive,BTC-USD,buy,0.115859,10000,86312.2,2.07155,326141,0.115859,1,1,86313.9,0.202517,8,8.00016,10000.2,0,0.202517,8.00016,0,8.20268,0,0,8.20268,1.37582,6,38,0,5,40.119,0,0,38,0,0,-0.911699,0.189478,-0.911699,0.189478,-1.00185,0.0993355,-1.00185,0.0993355,-0.959593,0.141587,-0.959593,0.141587
size_sweep,calm_thin,10000,passive|prints-only,40,0,True,"coinbase>=1,000,000",prints-only,5100015,10,2.10612,446110,0.310793,3.73333,1.37582,passive,BTC-USD,sell,0.115859,10000,86312.2,2.07155,344859,0.115859,1,1,86329.9,-2.05883,8,8.00165,10002.1,0,-2.05883,8.00165,-0,5.94282,0,0,5.94282,-1.37582,9,65,0,8,44.2047,0,0,65,0,0,-0.7105,0.196926,-0.7105,0.196926,-0.361448,0.546004,-0.361448,0.546004,-1.1957,-0.288311,-1.1957,-0.288311
size_sweep,calm_thin,10000,aggressive,40,0,True,"coinbase>=1,000,000",prints+quotes,5100016,10,2.2749,410616,0.319298,4.28333,3.35663,aggressive,BTC-USD,buy,0.115906,10000,86277.1,2.33898,416842,0.115906,1,0,86287.8,1.2448,18,18.0022,0,10001.2,1.2448,18.0022,0,19.247,0,0,19.247,3.35663,1,2,0,0,0.0243601,0,0,0,0,0,1.24348,-0.00115906,,,1.16815,-0.0764977,,,-2.22978,-3.47485,,
size_sweep,calm_thin,10000,aggressive,40,0,True,"coinbase>=1,000,000",prints+quotes,5100016,10,2.2749,410616,0.319298,4.28333,3.35663,aggressive,BTC-USD,sell,0.115906,10000,86277.1,2.33898,471335,0.115906,1,0,86267,1.16949,18,17.9979,0,9998.83,1.16949,17.9979,-0,19.1674,0,0,19.1674,-3.35663,1,1,0,0,0.0243601,0,0,0,0,0,1.17078,0.00115906,,,1.24613,0.0764977,,,4.64488,3.47485,,
size_sweep,calm_thin,10000,hybrid,40,0,True,"coinbase>=1,000,000",prints+quotes,5100016,10,2.2749,410616,0.319298,4.28333,3.35663,hybrid,BTC-USD,buy,0.115906,10000,86277.1,2.33898,416842,0.115906,1,1,86262.7,-1.66972,8,7.99866,9998.33,0,-1.66972,7.99866,0,6.32895,0,0,6.32895,3.35663,2,31,0,1,16.2312,0,0,31,0,0,-1.01051,0.0312796,-1.01051,0.0312796,-1.07744,-0.035645,-1.07744,-0.035645,-4.33645,-3.29431,-4.33645,-3.29431
size_sweep,calm_thin,10000,hybrid,40,0,True,"coinbase>=1,000,000",prints+quotes,5100016,10,2.2749,410616,0.319298,4.28333,3.35663,hybrid,BTC-USD,sell,0.115906,10000,86277.1,2.33898,471335,0.115906,1,1,86287.1,-1.16833,8,8.00093,10001.2,0,-1.16833,8.00093,-0,6.83261,0,0,6.83261,-3.35663,1,13,0,0,4.33215,0,0,13,0,0,-0.977974,0.272837,-0.977974,0.272837,-1.15939,0.0913993,-1.15939,0.0913993,1.9718,3.22298,1.9718,3.22298
size_sweep,calm_thin,10000,hybrid|prints-only,40,0,True,"coinbase>=1,000,000",prints-only,5100016,10,2.2749,410616,0.319298,4.28333,3.35663,hybrid,BTC-USD,buy,0.115906,10000,86277.1,2.33898,416842,0.115906,1,1,86262.7,-1.66972,8,7.99866,9998.33,0,-1.66972,7.99866,0,6.32895,0,0,6.32895,3.35663,2,31,0,1,16.2312,0,0,31,0,0,-1.01051,0.0312796,-1.01051,0.0312796,-1.07744,-0.035645,-1.07744,-0.035645,-4.33645,-3.29431,-4.33645,-3.29431
size_sweep,calm_thin,10000,hybrid|prints-only,40,0,True,"coinbase>=1,000,000",prints-only,5100016,10,2.2749,410616,0.319298,4.28333,3.35663,hybrid,BTC-USD,sell,0.115906,10000,86277.1,2.33898,471335,0.115906,1,1,86287.1,-1.16833,8,8.00093,10001.2,0,-1.16833,8.00093,-0,6.83261,0,0,6.83261,-3.35663,1,13,0,0,4.33215,0,0,13,0,0,-0.977974,0.272837,-0.977974,0.272837,-1.15939,0.0913993,-1.15939,0.0913993,1.9718,3.22298,1.9718,3.22298
size_sweep,calm_thin,10000,passive,40,0,True,"coinbase>=1,000,000",prints+quotes,5100016,10,2.2749,410616,0.319298,4.28333,3.35663,passive,BTC-USD,buy,0.115906,10000,86277.1,2.33898,416842,0.115906,1,1,86262.7,-1.66972,8,7.99866,9998.33,0,-1.66972,7.99866,0,6.32895,0,0,6.32895,3.35663,2,31,0,1,16.2312,0,0,31,0,0,-1.01051,0.0312796,-1.01051,0.0312796,-1.07744,-0.035645,-1.07744,-0.035645,-4.33645,-3.29431,-4.33645,-3.29431
size_sweep,calm_thin,10000,passive,40,0,True,"coinbase>=1,000,000",prints+quotes,5100016,10,2.2749,410616,0.319298,4.28333,3.35663,passive,BTC-USD,sell,0.115906,10000,86277.1,2.33898,471335,0.115906,1,1,86287.1,-1.16833,8,8.00093,10001.2,0,-1.16833,8.00093,-0,6.83261,0,0,6.83261,-3.35663,1,13,0,0,4.33215,0,0,13,0,0,-0.977974,0.272837,-0.977974,0.272837,-1.15939,0.0913993,-1.15939,0.0913993,1.9718,3.22298,1.9718,3.22298
size_sweep,calm_thin,10000,passive|prints-only,40,0,True,"coinbase>=1,000,000",prints-only,5100016,10,2.2749,410616,0.319298,4.28333,3.35663,passive,BTC-USD,buy,0.115906,10000,86277.1,2.33898,416842,0.115906,1,1,86262.7,-1.66972,8,7.99866,9998.33,0,-1.66972,7.99866,0,6.32895,0,0,6.32895,3.35663,2,31,0,1,16.2312,0,0,31,0,0,-1.01051,0.0312796,-1.01051,0.0312796,-1.07744,-0.035645,-1.07744,-0.035645,-4.33645,-3.29431,-4.33645,-3.29431
size_sweep,calm_thin,10000,passive|prints-only,40,0,True,"coinbase>=1,000,000",prints-only,5100016,10,2.2749,410616,0.319298,4.28333,3.35663,passive,BTC-USD,sell,0.115906,10000,86277.1,2.33898,471335,0.115906,1,1,86287.1,-1.16833,8,8.00093,10001.2,0,-1.16833,8.00093,-0,6.83261,0,0,6.83261,-3.35663,1,13,0,0,4.33215,0,0,13,0,0,-0.977974,0.272837,-0.977974,0.272837,-1.15939,0.0913993,-1.15939,0.0913993,1.9718,3.22298,1.9718,3.22298
size_sweep,calm_thin,10000,aggressive,40,0,True,"coinbase>=1,000,000",prints+quotes,5100017,10,1.91689,406661,0.311116,3.8,0.0515649,aggressive,BTC-USD,buy,0.115876,10000,86299.1,1.58866,425406,0.115876,1,0,86309.3,1.18253,18,18.0021,0,10001.2,1.18253,18.0021,0,19.1847,0,0,19.1847,0.0515649,1,3,0,0,0.0600543,0,0,0,0,0,1.02365,-0.15875,,,1.91579,0.733496,,,-0.440272,-1.62284,,
size_sweep,calm_thin,10000,aggressive,40,0,True,"coinbase>=1,000,000",prints+quotes,5100017,10,1.91689,406661,0.311116,3.8,0.0515649,aggressive,BTC-USD,sell,0.115876,10000,86299.1,1.58866,390111,0.115876,1,0,86292.1,0.806054,18,17.9985,0,9999.19,0.806054,17.9985,-0,18.8046,0,0,18.8046,-0.0515649,1,2,0,0,0.0600543,0,0,0,0,0,0.964882,0.15875,,,0.0725641,-0.733496,,,2.42909,1.62284,,
size_sweep,calm_thin,10000,hybrid,40,0,True,"coinbase>=1,000,000",prints+quotes,5100017,10,1.91689,406661,0.311116,3.8,0.0515649,hybrid,BTC-USD,buy,0.115876,10000,86299.1,1.58866,425406,0.115876,1,0.954058,86282.3,-1.94437,8.4596,8.45796,9538.54,459.512,-1.94437,8.45796,0,6.51359,0,0,6.51359,0.0515649,12,50,0,11,42.1561,0,0,49,0,0,-0.622744,0.0978801,-0.696525,0.102593,-1.37886,-0.658173,-1.48723,-0.688053,-3.29546,-2.57465,-3.33225,-2.53292
size_sweep,calm_thin,10000,hybrid,40,0,True,"coinbase>=1,000,000",prints+quotes,5100017,10,1.91689,406661,0.311116,3.8,0.0515649,hybrid,BTC-USD,sell,0.115876,10000,86299.1,1.58866,390111,0.115876,1,1,86299.8,-0.0873577,8,8.00007,10000.1,0,-0.0873577,8.00007,-0,7.91271,0,0,7.91271,-0.0515649,8,45,0,7,28.8415,0,0,45,0,0,-0.464464,0.277615,-0.464464,0.277615,-0.449575,0.292511,-0.449575,0.292511,0.919483,1.66169,0.919483,1.66169
size_sweep,calm_thin,10000,hybrid|prints-only,40,0,True,"coinbase>=1,000,000",prints-only,5100017,10,1.91689,406661,0.311116,3.8,0.0515649,hybrid,BTC-USD,buy,0.115876,10000,86299.1,1.58866,425406,0.115876,1,0.954058,86282.3,-1.94437,8.4596,8.45796,9538.54,459.512,-1.94437,8.45796,0,6.51359,0,0,6.51359,0.0515649,12,50,0,11,42.1561,0,0,49,0,0,-0.622744,0.0978801,-0.696525,0.102593,-1.37886,-0.658173,-1.48723,-0.688053,-3.29546,-2.57465,-3.33225,-2.53292
size_sweep,calm_thin,10000,hybrid|prints-only,40,0,True,"coinbase>=1,000,000",prints-only,5100017,10,1.91689,406661,0.311116,3.8,0.0515649,hybrid,BTC-USD,sell,0.115876,10000,86299.1,1.58866,390111,0.115876,1,1,86299.8,-0.0873577,8,8.00007,10000.1,0,-0.0873577,8.00007,-0,7.91271,0,0,7.91271,-0.0515649,8,45,0,7,28.8415,0,0,45,0,0,-0.464464,0.277615,-0.464464,0.277615,-0.449575,0.292511,-0.449575,0.292511,0.919483,1.66169,0.919483,1.66169
size_sweep,calm_thin,10000,passive,40,0,True,"coinbase>=1,000,000",prints+quotes,5100017,10,1.91689,406661,0.311116,3.8,0.0515649,passive,BTC-USD,buy,0.115876,10000,86299.1,1.58866,425406,0.115876,1,1,86281.6,-2.02268,8,7.99838,9997.98,0,-2.02268,7.99838,0,5.9757,0,0,5.9757,0.0515649,11,52,0,10,43.5187,0,0,52,0,0,-0.701044,0.0978801,-0.701044,0.0978801,-1.44547,-0.646489,-1.44547,-0.646489,-3.37627,-2.57714,-3.37627,-2.57714
size_sweep,calm_thin,10000,passive,40,0,True,"coinbase>=1,000,000",prints+quotes,5100017,10,1.91689,406661,0.311116,3.8,0.0515649,passive,BTC-USD,sell,0.115876,10000,86299.1,1.58866,390111,0.115876,1,1,86299.8,-0.0873577,8,8.00007,10000.1,0,-0.0873577,8.00007,-0,7.91271,0,0,7.91271,-0.0515649,8,45,0,7,28.8415,0,0,45,0,0,-0.464464,0.277615,-0.464464,0.277615,-0.449575,0.292511,-0.449575,0.292511,0.919483,1.66169,0.919483,1.66169
size_sweep,calm_thin,10000,passive|prints-only,40,0,True,"coinbase>=1,000,000",prints-only,5100017,10,1.91689,406661,0.311116,3.8,0.0515649,passive,BTC-USD,buy,0.115876,10000,86299.1,1.58866,425406,0.115876,1,1,86281.6,-2.02268,8,7.99838,9997.98,0,-2.02268,7.99838,0,5.9757,0,0,5.9757,0.0515649,11,52,0,10,43.5187,0,0,52,0,0,-0.701044,0.0978801,-0.701044,0.0978801,-1.44547,-0.646489,-1.44547,-0.646489,-3.37627,-2.57714,-3.37627,-2.57714
size_sweep,calm_thin,10000,passive|prints-only,40,0,True,"coinbase>=1,000,000",prints-only,5100017,10,1.91689,406661,0.311116,3.8,0.0515649,passive,BTC-USD,sell,0.115876,10000,86299.1,1.58866,390111,0.115876,1,1,86299.8,-0.0873577,8,8.00007,10000.1,0,-0.0873577,8.00007,-0,7.91271,0,0,7.91271,-0.0515649,8,45,0,7,28.8415,0,0,45,0,0,-0.464464,0.277615,-0.464464,0.277615,-0.449575,0.292511,-0.449575,0.292511,0.919483,1.66169,0.919483,1.66169
size_sweep,calm_thin,10000,aggressive,40,0,True,"coinbase>=1,000,000",prints+quotes,5100018,10,1.95353,424414,0.35053,4.21667,2.97014,aggressive,BTC-USD,buy,0.115885,10000,86292.3,2.08593,403048,0.115885,1,0,86302.8,1.21254,18,18.0022,0,10001.2,1.21254,18.0022,0,19.2147,0,0,19.2147,2.97014,1,4,0,0,0.0308142,0,0,0,0,0,1.21238,0,,,0.546124,-0.66634,,,-2.44161,-3.65444,,
size_sweep,calm_thin,10000,aggressive,40,0,True,"coinbase>=1,000,000",prints+quotes,5100018,10,1.95353,424414,0.35053,4.21667,2.97014,aggressive,BTC-USD,sell,0.115885,10000,86292.3,2.08593,384268,0.115885,1,0,86282,1.19619,18,17.9978,0,9998.8,1.19619,17.9978,-0,19.194,0,0,19.194,-2.97014,1,3,0,0,0.0308142,0,0,0,0,0,1.19634,0,,,1.86276,0.66634,,,4.85121,3.65444,,
size_sweep,calm_thin,10000,hybrid,40,0,True,"coinbase>=1,000,000",prints+quotes,5100018,10,1.95353,424414,0.35053,4.21667,2.97014,hybrid,BTC-USD,buy,0.115885,10000,86292.3,2.08593,403048,0.115885,1,1,86292,-0.0354789,8,7.99997,9999.96,0,-0.0354789,7.99997,0,7.96449,0,0,7.96449,2.97014,3,15,0,2,12.3111,0,0,15,0,0,-0.6396,0.171522,-0.6396,0.171522,-0.474369,0.336747,-0.474369,0.336747,-1.08106,-0.269896,-1.08106,-0.269896
size_sweep,calm_thin,10000,hybrid,40,0,True,"coinbase>=1,000,000",prints+quotes,5100018,10,1.95353,424414,0.35053,4.21667,2.97014,hybrid,BTC-USD,sell,0.115885,10000,86292.3,2.08593,384268,0.115885,1,1,86318.2,-2.99841,8,8.0024,10003,0,-2.99841,8.0024,-0,5.00399,0,0,5.00399,-2.97014,7,38,0,6,25.7018,0,0,38,0,0,-0.69255,0.0875505,-0.69255,0.0875505,-0.332052,0.448083,-0.332052,0.448083,-0.815545,-0.0354428,-0.815545,-0.0354428
size_sweep,calm_thin,10000,hybrid|prints-only,40,0,True,"coinbase>=1,000,000",prints-only,5100018,10,1.95353,424414,0.35053,4.21667,2.97014,hybrid,BTC-USD,buy,0.115885,10000,86292.3,2.08593,403048,0.115885,1,1,86292,-0.0354789,8,7.99997,9999.96,0,-0.0354789,7.99997,0,7.96449,0,0,7.96449,2.97014,3,15,0,2,12.3111,0,0,15,0,0,-0.6396,0.171522,-0.6396,0.171522,-0.474369,0.336747,-0.474369,0.336747,-1.08106,-0.269896,-1.08106,-0.269896
size_sweep,calm_thin,10000,hybrid|prints-only,40,0,True,"coinbase>=1,000,000",prints-only,5100018,10,1.95353,424414,0.35053,4.21667,2.97014,hybrid,BTC-USD,sell,0.115885,10000,86292.3,2.08593,384268,0.115885,1,1,86318.2,-2.99841,8,8.0024,10003,0,-2.99841,8.0024,-0,5.00399,0,0,5.00399,-2.97014,7,38,0,6,25.7018,0,0,38,0,0,-0.69255,0.0875505,-0.69255,0.0875505,-0.332052,0.448083,-0.332052,0.448083,-0.815545,-0.0354428,-0.815545,-0.0354428
size_sweep,calm_thin,10000,passive,40,0,True,"coinbase>=1,000,000",prints+quotes,5100018,10,1.95353,424414,0.35053,4.21667,2.97014,passive,BTC-USD,buy,0.115885,10000,86292.3,2.08593,403048,0.115885,1,1,86292,-0.0354789,8,7.99997,9999.96,0,-0.0354789,7.99997,0,7.96449,0,0,7.96449,2.97014,3,15,0,2,12.3111,0,0,15,0,0,-0.6396,0.171522,-0.6396,0.171522,-0.474369,0.336747,-0.474369,0.336747,-1.08106,-0.269896,-1.08106,-0.269896
size_sweep,calm_thin,10000,passive,40,0,True,"coinbase>=1,000,000",prints+quotes,5100018,10,1.95353,424414,0.35053,4.21667,2.97014,passive,BTC-USD,sell,0.115885,10000,86292.3,2.08593,384268,0.115885,1,1,86318.2,-2.99841,8,8.0024,10003,0,-2.99841,8.0024,-0,5.00399,0,0,5.00399,-2.97014,7,38,0,6,25.7018,0,0,38,0,0,-0.69255,0.0875505,-0.69255,0.0875505,-0.332052,0.448083,-0.332052,0.448083,-0.815545,-0.0354428,-0.815545,-0.0354428
size_sweep,calm_thin,10000,passive|prints-only,40,0,True,"coinbase>=1,000,000",prints-only,5100018,10,1.95353,424414,0.35053,4.21667,2.97014,passive,BTC-USD,buy,0.115885,10000,86292.3,2.08593,403048,0.115885,1,1,86292,-0.0354789,8,7.99997,9999.96,0,-0.0354789,7.99997,0,7.96449,0,0,7.96449,2.97014,3,15,0,2,12.3111,0,0,15,0,0,-0.6396,0.171522,-0.6396,0.171522,-0.474369,0.336747,-0.474369,0.336747,-1.08106,-0.269896,-1.08106,-0.269896
size_sweep,calm_thin,10000,passive|prints-only,40,0,True,"coinbase>=1,000,000",prints-only,5100018,10,1.95353,424414,0.35053,4.21667,2.97014,passive,BTC-USD,sell,0.115885,10000,86292.3,2.08593,384268,0.115885,1,1,86318.2,-2.99841,8,8.0024,10003,0,-2.99841,8.0024,-0,5.00399,0,0,5.00399,-2.97014,7,38,0,6,25.7018,0,0,38,0,0,-0.69255,0.0875505,-0.69255,0.0875505,-0.332052,0.448083,-0.332052,0.448083,-0.815545,-0.0354428,-0.815545,-0.0354428
size_sweep,calm_thin,10000,aggressive,40,0,True,"coinbase>=1,000,000",prints+quotes,5100019,10,2.09836,433383,0.372597,4.5,-5.22508,aggressive,BTC-USD,buy,0.115932,10000,86257.1,1.63928,409103,0.115932,1,0,86269.6,1.44558,18,18.0026,0,10001.4,1.44558,18.0026,6.25472e-16,19.4482,0,0,19.4482,-5.22508,1,4,0,0,0.0293323,0,0,0,0,0,1.44536,0,,,2.38833,0.943111,,,3.02587,1.58074,,
size_sweep,calm_thin,10000,aggressive,40,0,True,"coinbase>=1,000,000",prints+quotes,5100019,10,2.09836,433383,0.372597,4.5,-5.22508,aggressive,BTC-USD,sell,0.115932,10000,86257.1,1.63928,423464,0.115932,1,0,86248.9,0.956049,18,17.9983,0,9999.04,0.956049,17.9983,6.25472e-16,18.9543,0,0,18.9543,5.22508,1,4,0,0,0.0293323,0,0,0,0,0,0.956142,0,,,0.0129416,-0.943111,,,-0.624748,-1.58074,,
size_sweep,calm_thin,10000,hybrid,40,0,True,"coinbase>=1,000,000",prints+quotes,5100019,10,2.09836,433383,0.372597,4.5,-5.22508,hybrid,BTC-USD,buy,0.115932,10000,86257.1,1.63928,409103,0.115932,1,1,86250.1,-0.818483,8,7.99934,9999.18,0,-0.818483,7.99935,-6.25472e-16,7.18086,0,0,7.18086,-5.22508,1,6,0,0,2.01711,0,0,6,0,0,-0.105738,0.712754,-0.105738,0.712754,0.301176,1.11963,0.301176,1.11963,0.825054,1.64347,0.825054,1.64347
size_sweep,calm_thin,10000,hybrid,40,0,True,"coinbase>=1,000,000",prints+quotes,5100019,10,2.09836,433383,0.372597,4.5,-5.22508,hybrid,BTC-USD,sell,0.115932,10000,86257.1,1.63928,423464,0.115932,1,0.996544,86263.1,-0.694424,8.03454,8.0351,9966.15,34.5425,-0.694424,8.0351,0,7.34067,0,0,7.34067,5.22508,13,55,0,12,42.1416,0,0,54,0,0,-0.84685,-0.0192942,-0.853583,-0.0193611,-1.81719,-0.989708,-1.82646,-0.992312,-5.49363,-4.66645,-5.50775,-4.6739
size_sweep,calm_thin,10000,hybrid|prints-only,40,0,True,"coinbase>=1,000,000",prints-only,5100019,10,2.09836,433383,0.372597,4.5,-5.22508,hybrid,BTC-USD,buy,0.115932,10000,86257.1,1.63928,409103,0.115932,1,1,86250.1,-0.818483,8,7.99934,9999.18,0,-0.818483,7.99935,-6.25472e-16,7.18086,0,0,7.18086,-5.22508,1,6,0,0,2.01711,0,0,6,0,0,-0.105738,0.712754,-0.105738,0.712754,0.301176,1.11963,0.301176,1.11963,0.825054,1.64347,0.825054,1.64347
size_sweep,calm_thin,10000,hybrid|prints-only,40,0,True,"coinbase>=1,000,000",prints-only,5100019,10,2.09836,433383,0.372597,4.5,-5.22508,hybrid,BTC-USD,sell,0.115932,10000,86257.1,1.63928,423464,0.115932,1,0.996544,86263.1,-0.694424,8.03454,8.0351,9966.15,34.5425,-0.694424,8.0351,0,7.34067,0,0,7.34067,5.22508,13,55,0,12,42.1416,0,0,54,0,0,-0.84685,-0.0192942,-0.853583,-0.0193611,-1.81719,-0.989708,-1.82646,-0.992312,-5.49363,-4.66645,-5.50775,-4.6739
size_sweep,calm_thin,10000,passive,40,0,True,"coinbase>=1,000,000",prints+quotes,5100019,10,2.09836,433383,0.372597,4.5,-5.22508,passive,BTC-USD,buy,0.115932,10000,86257.1,1.63928,409103,0.115932,1,1,86250.1,-0.818483,8,7.99934,9999.18,0,-0.818483,7.99935,-6.25472e-16,7.18086,0,0,7.18086,-5.22508,1,6,0,0,2.01711,0,0,6,0,0,-0.105738,0.712754,-0.105738,0.712754,0.301176,1.11963,0.301176,1.11963,0.825054,1.64347,0.825054,1.64347
size_sweep,calm_thin,10000,passive,40,0,True,"coinbase>=1,000,000",prints+quotes,5100019,10,2.09836,433383,0.372597,4.5,-5.22508,passive,BTC-USD,sell,0.115932,10000,86257.1,1.63928,423464,0.115932,1,1,86263.2,-0.702978,8,8.00056,10000.7,0,-0.702978,8.00056,0,7.29758,0,0,7.29758,5.22508,12,55,0,11,43.802,0,0,55,0,0,-0.85479,-0.0186749,-0.85479,-0.0186749,-1.8261,-0.990061,-1.8261,-0.990061,-5.50601,-4.67027,-5.50601,-4.67027
size_sweep,calm_thin,10000,passive|prints-only,40,0,True,"coinbase>=1,000,000",prints-only,5100019,10,2.09836,433383,0.372597,4.5,-5.22508,passive,BTC-USD,buy,0.115932,10000,86257.1,1.63928,409103,0.115932,1,1,86250.1,-0.818483,8,7.99934,9999.18,0,-0.818483,7.99935,-6.25472e-16,7.18086,0,0,7.18086,-5.22508,1,6,0,0,2.01711,0,0,6,0,0,-0.105738,0.712754,-0.105738,0.712754,0.301176,1.11963,0.301176,1.11963,0.825054,1.64347,0.825054,1.64347
size_sweep,calm_thin,10000,passive|prints-only,40,0,True,"coinbase>=1,000,000",prints-only,5100019,10,2.09836,433383,0.372597,4.5,-5.22508,passive,BTC-USD,sell,0.115932,10000,86257.1,1.63928,423464,0.115932,1,1,86263.2,-0.702978,8,8.00056,10000.7,0,-0.702978,8.00056,0,7.29758,0,0,7.29758,5.22508,12,55,0,11,43.802,0,0,55,0,0,-0.85479,-0.0186749,-0.85479,-0.0186749,-1.8261,-0.990061,-1.8261,-0.990061,-5.50601,-4.67027,-5.50601,-4.67027
size_sweep,calm_thin,50000,aggressive,40,0,True,"coinbase>=1,000,000",prints+quotes,5101000,10,2.01074,440919,0.353366,3.75,-2.61237,aggressive,BTC-USD,buy,0.579497,50000,86281.7,2.216,432619,0.579497,1,0,86298,1.8872,18,90.017,0,50009.4,1.8872,18.0034,-0,19.8906,0,0,19.8906,-2.61237,1,11,0,0,0.0662772,0,0,0,0,0,2.29876,0.412022,,,2.29876,0.412022,,,1.58032,-0.306554,,
size_sweep,calm_thin,50000,aggressive,40,0,True,"coinbase>=1,000,000",prints+quotes,5101000,10,2.01074,440919,0.353366,3.75,-2.61237,aggressive,BTC-USD,sell,0.579497,50000,86281.7,2.216,434238,0.579497,1,0,86267.9,1.60421,18,89.9856,0,49992,1.60421,17.9971,0,19.6013,0,0,19.6013,2.61237,1,6,0,0,0.0662772,0,0,0,0,0,1.19239,-0.412022,,,1.19239,-0.412022,,,1.91108,0.306554,,
size_sweep,calm_thin,50000,hybrid,40,0,True,"coinbase>=1,000,000",prints+quotes,5101000,10,2.01074,440919,0.353366,3.75,-2.61237,hybrid,BTC-USD,buy,0.579497,50000,86281.7,2.216,432619,0.579497,1,0.220249,86267.4,-1.65436,15.7972,78.9732,11011.9,38979.8,-1.65436,15.7946,-0,14.1403,0,0,14.1403,-2.61237,11,55,0,10,42.116,0,0,50,0,0,0.889323,0.0213173,-0.700787,0.0967871,-0.561323,-1.42958,0.424276,1.22176,1.72072,0.852749,0.950191,1.74763
size_sweep,calm_thin,50000,hybrid,40,0,True,"coinbase>=1,000,000",prints+quotes,5101000,10,2.01074,440919,0.353366,3.75,-2.61237,hybrid,BTC-USD,sell,0.579497,50000,86281.7,2.216,434238,0.579497,1,0.226204,86255.8,2.99842,15.737,78.6613,11311.7,38673.3,2.99842,15.7323,0,18.7307,0,0,18.7307,2.61237,13,85,0,12,42.1414,0,0,82,0,0,0.52898,0.0227215,-0.909871,0.100447,2.14465,1.63822,-1.22017,-0.209881,-0.392871,-0.899132,-2.93258,-1.92247
size_sweep,calm_thin,50000,hybrid|prints-only,40,0,True,"coinbase>=1,000,000",prints-only,5101000,10,2.01074,440919,0.353366,3.75,-2.61237,hybrid,BTC-USD,buy,0.579497,50000,86281.7,2.216,432619,0.579497,1,0.220249,86267.4,-1.65436,15.7972,78.9732,11011.9,38979.8,-1.65436,15.7946,-0,14.1403,0,0,14.1403,-2.61237,11,55,0,10,42.116,0,0,50,0,0,0.889323,0.0213173,-0.700787,0.0967871,-0.561323,-1.42958,0.424276,1.22176,1.72072,0.852749,0.950191,1.74763
size_sweep,calm_thin,50000,hybrid|prints-only,40,0,True,"coinbase>=1,000,000",prints-only,5101000,10,2.01074,440919,0.353366,3.75,-2.61237,hybrid,BTC-USD,sell,0.579497,50000,86281.7,2.216,434238,0.579497,1,0.226204,86255.8,2.99842,15.737,78.6613,11311.7,38673.3,2.99842,15.7323,0,18.7307,0,0,18.7307,2.61237,13,85,0,12,42.1414,0,0,82,0,0,0.52898,0.0227215,-0.909871,0.100447,2.14465,1.63822,-1.22017,-0.209881,-0.392871,-0.899132,-2.93258,-1.92247
size_sweep,calm_thin,50000,passive,40,0,True,"coinbase>=1,000,000",prints+quotes,5101000,10,2.01074,440919,0.353366,3.75,-2.61237,passive,BTC-USD,buy,0.579497,50000,86281.7,2.216,432619,0.182751,0.315362,1,86271.2,-1.22225,8,12.6129,15766.2,0,-0.38545,2.52259,-1.78853,0.34861,0.771458,34226.8,13.4417,-2.61237,17,67,0,17,60.0196,0,0,67,0,0.0363877,-0.725563,0.0630407,-0.725563,0.0630407,0.228734,1.01726,0.228734,1.01726,1.19567,1.98412,1.19567,1.98412
size_sweep,calm_thin,50000,passive,40,0,True,"coinbase>=1,000,000",prints+quotes,5101000,10,2.01074,440919,0.353366,3.75,-2.61237,passive,BTC-USD,sell,0.579497,50000,86281.7,2.216,434238,0.173959,0.30019,1,86292,-1.19113,8,12.009,15011.3,0,-0.357567,2.40181,1.82816,3.87241,0.880925,34976.9,17.345,2.61237,20,103,0,20,56.8017,0,0,103,0,0,-0.99689,0.0214477,-0.99689,0.0214477,-1.48511,-0.46683,-1.48511,-0.46683,-3.5679,-2.54983,-3.5679,-2.54983
size_sweep,calm_thin,50000,passive|prints-only,40,0,True,"coinbase>=1,000,000",prints-only,5101000,10,2.01074,440919,0.353366,3.75,-2.61237,passive,BTC-USD,buy,0.579497,50000,86281.7,2.216,432619,0.182751,0.315362,1,86271.2,-1.22225,8,12.6129,15766.2,0,-0.38545,2.52259,-1.78853,0.34861,0.771458,34226.8,13.4417,-2.61237,17,67,0,17,60.0196,0,0,67,0,0.0363877,-0.725563,0.0630407,-0.725563,0.0630407,0.228734,1.01726,0.228734,1.01726,1.19567,1.98412,1.19567,1.98412
size_sweep,calm_thin,50000,passive|prints-only,40,0,True,"coinbase>=1,000,000",prints-only,5101000,10,2.01074,440919,0.353366,3.75,-2.61237,passive,BTC-USD,sell,0.579497,50000,86281.7,2.216,434238,0.173959,0.30019,1,86292,-1.19113,8,12.009,15011.3,0,-0.357567,2.40181,1.82816,3.87241,0.880925,34976.9,17.345,2.61237,20,103,0,20,56.8017,0,0,103,0,0,-0.99689,0.0214477,-0.99689,0.0214477,-1.48511,-0.46683,-1.48511,-0.46683,-3.5679,-2.54983,-3.5679,-2.54983
size_sweep,calm_thin,50000,aggressive,40,0,True,"coinbase>=1,000,000",prints+quotes,5101001,10,2.00089,400705,0.294021,4.03333,5.39802,aggressive,BTC-USD,buy,0.57956,50000,86272.3,1.86271,392314,0.57956,1,0,86285.3,1.50149,18,90.0135,0,50007.5,1.50149,18.0027,9.314e-08,19.5042,1.891e-08,0.000863283,19.5042,5.39802,1,13,0,0,0.0374227,0,0,0,0,0,1.50125,0,,,1.41085,-0.0904114,,,-0.0911414,-1.59263,,
size_sweep,calm_thin,50000,aggressive,40,0,True,"coinbase>=1,000,000",prints+quotes,5101001,10,2.00089,400705,0.294021,4.03333,5.39802,aggressive,BTC-USD,sell,0.57956,50000,86272.3,1.86271,421757,0.57956,1,0,86257.6,1.70709,18,89.9846,0,49991.5,1.70709,17.9969,-9.314e-08,19.704,1.891e-08,0.000863094,19.704,-5.39802,1,8,0,0,0.0374227,0,0,0,0,0,1.70738,0,,,1.79781,0.0904114,,,3.30028,1.59263,,
size_sweep,calm_thin,50000,hybrid,40,0,True,"coinbase>=1,000,000",prints+quotes,5101001,10,2.00089,400705,0.294021,4.03333,5.39802,hybrid,BTC-USD,buy,0.57956,50000,86272.3,1.86271,392314,0.57956,1,0.320091,86299.4,3.13973,14.8001,74.0235,16004.8,34010.9,3.13973,14.8047,9.314e-08,17.9444,1.891e-08,0.000863283,17.9444,5.39802,7,40,0,6,42.1419,0,0,32,0,0,0.640508,-0.0502987,-1.25235,-0.101758,-0.958537,-1.64961,-1.15495,-0.00439498,-0.275568,-0.966296,-3.84356,-2.69268
size_sweep,calm_thin,50000,hybrid,40,0,True,"coinbase>=1,000,000",prints+quotes,5101001,10,2.00089,400705,0.294021,4.03333,5.39802,hybrid,BTC-USD,sell,0.57956,50000,86272.3,1.86271,421757,0.57956,1,1,86280.4,-0.930194,8,40.0037,50004.6,0,-0.930194,8.00074,-9.314e-08,7.07055,1.891e-08,0.000863094,7.07055,-5.39802,1,26,0,0,8.80569,0,0,26,0,0,-0.214462,0.273905,-0.214462,0.273905,-0.571224,-0.0828729,-0.571224,-0.0828729,2.03768,2.52616,2.03768,2.52616
size_sweep,calm_thin,50000,hybrid|prints-only,40,0,True,"coinbase>=1,000,000",prints-only,5101001,10,2.00089,400705,0.294021,4.03333,5.39802,hybrid,BTC-USD,buy,0.57956,50000,86272.3,1.86271,392314,0.57956,1,0.320091,86299.4,3.13973,14.8001,74.0235,16004.8,34010.9,3.13973,14.8047,9.314e-08,17.9444,1.891e-08,0.000863283,17.9444,5.39802,7,40,0,6,42.1419,0,0,32,0,0,0.640508,-0.0502987,-1.25235,-0.101758,-0.958537,-1.64961,-1.15495,-0.00439498,-0.275568,-0.966296,-3.84356,-2.69268
size_sweep,calm_thin,50000,hybrid|prints-only,40,0,True,"coinbase>=1,000,000",prints-only,5101001,10,2.00089,400705,0.294021,4.03333,5.39802,hybrid,BTC-USD,sell,0.57956,50000,86272.3,1.86271,421757,0.57956,1,1,86280.4,-0.930194,8,40.0037,50004.6,0,-0.930194,8.00074,-9.314e-08,7.07055,1.891e-08,0.000863094,7.07055,-5.39802,1,26,0,0,8.80569,0,0,26,0,0,-0.214462,0.273905,-0.214462,0.273905,-0.571224,-0.0828729,-0.571224,-0.0828729,2.03768,2.52616,2.03768,2.52616
size_sweep,calm_thin,50000,passive,40,0,True,"coinbase>=1,000,000",prints+quotes,5101001,10,2.00089,400705,0.294021,4.03333,5.39802,passive,BTC-USD,buy,0.57956,50000,86272.3,1.86271,392314,0.23802,0.410691,1,86280.9,0.99482,8,16.4293,20536.6,0,0.408564,3.28586,3.1811,6.87552,0.652099,29484.6,18.1421,5.39802,9,64,0,9,59.2385,0,0,64,0,0,-1.21585,-0.111248,-1.21585,-0.111248,-1.22731,-0.122722,-1.22731,-0.122722,-2.38053,-1.27578,-2.38053,-1.27578
size_sweep,calm_thin,50000,passive,40,0,True,"coinbase>=1,000,000",prints+quotes,5101001,10,2.00089,400705,0.294021,4.03333,5.39802,passive,BTC-USD,sell,0.57956,50000,86272.3,1.86271,421757,0.57956,1,1,86280.4,-0.930194,8,40.0037,50004.6,0,-0.930194,8.00074,-9.314e-08,7.07055,1.891e-08,0.000863094,7.07055,-5.39802,1,26,0,0,8.80569,0,0,26,0,0,-0.214462,0.273905,-0.214462,0.273905,-0.571224,-0.0828729,-0.571224,-0.0828729,2.03768,2.52616,2.03768,2.52616
size_sweep,calm_thin,50000,passive|prints-only,40,0,True,"coinbase>=1,000,000",prints-only,5101001,10,2.00089,400705,0.294021,4.03333,5.39802,passive,BTC-USD,buy,0.57956,50000,86272.3,1.86271,392314,0.23802,0.410691,1,86280.9,0.99482,8,16.4293,20536.6,0,0.408564,3.28586,3.1811,6.87552,0.652099,29484.6,18.1421,5.39802,9,64,0,9,59.2385,0,0,64,0,0,-1.21585,-0.111248,-1.21585,-0.111248,-1.22731,-0.122722,-1.22731,-0.122722,-2.38053,-1.27578,-2.38053,-1.27578
size_sweep,calm_thin,50000,passive|prints-only,40,0,True,"coinbase>=1,000,000",prints-only,5101001,10,2.00089,400705,0.294021,4.03333,5.39802,passive,BTC-USD,sell,0.57956,50000,86272.3,1.86271,421757,0.57956,1,1,86280.4,-0.930194,8,40.0037,50004.6,0,-0.930194,8.00074,-9.314e-08,7.07055,1.891e-08,0.000863094,7.07055,-5.39802,1,26,0,0,8.80569,0,0,26,0,0,-0.214462,0.273905,-0.214462,0.273905,-0.571224,-0.0828729,-0.571224,-0.0828729,2.03768,2.52616,2.03768,2.52616
size_sweep,calm_thin,50000,aggressive,40,0,True,"coinbase>=1,000,000",prints+quotes,5101002,10,2.18449,411587,0.391808,5.31667,1.08371,aggressive,BTC-USD,buy,0.579526,50000,86277.4,2.20799,414615,0.579526,1,0,86294,1.92406,18,90.0173,0,50009.6,1.92406,18.0035,1.87e-08,19.9275,1.755e-08,0.000862955,19.9275,1.08371,1,14,0,0,0.0461687,0,0,0,0,0,2.04013,0.116485,,,2.05751,0.13387,,,0.188896,-1.7351,,
size_sweep,calm_thin,50000,aggressive,40,0,True,"coinbase>=1,000,000",prints+quotes,5101002,10,2.18449,411587,0.391808,5.31667,1.08371,aggressive,BTC-USD,sell,0.579526,50000,86277.4,2.20799,448437,0.579526,1,0,86260.3,1.98859,18,89.9821,0,49990.1,1.98859,17.9964,-1.87e-08,19.985,1.755e-08,0.00086278,19.985,-1.08371,1,12,0,0,0.0461687,0,0,0,0,0,1.8725,-0.116485,,,1.85511,-0.13387,,,3.72445,1.7351,,
size_sweep,calm_thin,50000,hybrid,40,0,True,"coinbase>=1,000,000",prints+quotes,5101002,10,2.18449,411587,0.391808,5.31667,1.08371,hybrid,BTC-USD,buy,0.579526,50000,86277.4,2.20799,414615,0.579526,1,1,86277,-0.0453278,8,39.9998,49999.8,0,-0.0453278,7.99996,1.87e-08,7.95464,1.755e-08,0.000862955,7.95464,1.08371,11,63,0,10,31.5208,0,0,63,0,0,-0.950668,0.0120772,-0.950668,0.0120772,-2.16055,-1.19769,-2.16055,-1.19769,-1.38615,-0.42336,-1.38615,-0.42336
size_sweep,calm_thin,50000,hybrid,40,0,True,"coinbase>=1,000,000",prints+quotes,5101002,10,2.18449,411587,0.391808,5.31667,1.08371,hybrid,BTC-USD,sell,0.579526,50000,86277.4,2.20799,448437,0.579526,1,0.843019,86300.5,-2.68065,9.56978,47.8617,42162.4,7851.03,-2.68065,9.57235,-1.87e-08,6.8917,1.755e-08,0.00086278,6.8917,-1.08371,16,74,0,15,42.1846,0,0,70,0,0,-0.15089,0.324486,-0.424829,0.384909,-0.158751,0.316708,0.0134733,0.82325,-2.24959,-1.77419,-1.9441,-1.13446
size_sweep,calm_thin,50000,hybrid|prints-only,40,0,True,"coinbase>=1,000,000",prints-only,5101002,10,2.18449,411587,0.391808,5.31667,1.08371,hybrid,BTC-USD,buy,0.579526,50000,86277.4,2.20799,414615,0.579526,1,1,86277,-0.0453278,8,39.9998,49999.8,0,-0.0453278,7.99996,1.87e-08,7.95464,1.755e-08,0.000862955,7.95464,1.08371,11,63,0,10,31.5208,0,0,63,0,0,-0.950668,0.0120772,-0.950668,0.0120772,-2.16055,-1.19769,-2.16055,-1.19769,-1.38615,-0.42336,-1.38615,-0.42336
size_sweep,calm_thin,50000,hybrid|prints-only,40,0,True,"coinbase>=1,000,000",prints-only,5101002,10,2.18449,411587,0.391808,5.31667,1.08371,hybrid,BTC-USD,sell,0.579526,50000,86277.4,2.20799,448437,0.579526,1,0.843019,86300.5,-2.68065,9.56978,47.8617,42162.4,7851.03,-2.68065,9.57235,-1.87e-08,6.8917,1.755e-08,0.00086278,6.8917,-1.08371,16,74,0,15,42.1846,0,0,70,0,0,-0.15089,0.324486,-0.424829,0.384909,-0.158751,0.316708,0.0134733,0.82325,-2.24959,-1.77419,-1.9441,-1.13446
size_sweep,calm_thin,50000,passive,40,0,True,"coinbase>=1,000,000",prints+quotes,5101002,10,2.18449,411587,0.391808,5.31667,1.08371,passive,BTC-USD,buy,0.579526,50000,86277.4,2.20799,414615,0.579526,1,1,86277,-0.0453278,8,39.9998,49999.8,0,-0.0453278,7.99996,1.87e-08,7.95464,1.755e-08,0.000862955,7.95464,1.08371,11,63,0,10,31.5208,0,0,63,0,0,-0.950668,0.0120772,-0.950668,0.0120772,-2.16055,-1.19769,-2.16055,-1.19769,-1.38615,-0.42336,-1.38615,-0.42336
size_sweep,calm_thin,50000,passive,40,0,True,"coinbase>=1,000,000",prints+quotes,5101002,10,2.18449,411587,0.391808,5.31667,1.08371,passive,BTC-USD,sell,0.579526,50000,86277.4,2.20799,448437,0.579526,1,1,86303.9,-3.07436,8,40.0123,50015.4,0,-3.07436,8.00246,-1.87e-08,4.9281,1.755e-08,0.00086278,4.9281,-1.08371,15,79,0,14,45.6089,0,0,79,0,0,-0.782093,0.109311,-0.782093,0.109311,-0.698016,0.193383,-0.698016,0.193383,-2.52891,-1.63765,-2.52891,-1.63765
size_sweep,calm_thin,50000,passive|prints-only,40,0,True,"coinbase>=1,000,000",prints-only,5101002,10,2.18449,411587,0.391808,5.31667,1.08371,passive,BTC-USD,buy,0.579526,50000,86277.4,2.20799,414615,0.579526,1,1,86277,-0.0453278,8,39.9998,49999.8,0,-0.0453278,7.99996,1.87e-08,7.95464,1.755e-08,0.000862955,7.95464,1.08371,11,63,0,10,31.5208,0,0,63,0,0,-0.950668,0.0120772,-0.950668,0.0120772,-2.16055,-1.19769,-2.16055,-1.19769,-1.38615,-0.42336,-1.38615,-0.42336
size_sweep,calm_thin,50000,passive|prints-only,40,0,True,"coinbase>=1,000,000",prints-only,5101002,10,2.18449,411587,0.391808,5.31667,1.08371,passive,BTC-USD,sell,0.579526,50000,86277.4,2.20799,448437,0.579526,1,1,86303.9,-3.07436,8,40.0123,50015.4,0,-3.07436,8.00246,-1.87e-08,4.9281,1.755e-08,0.00086278,4.9281,-1.08371,15,79,0,14,45.6089,0,0,79,0,0,-0.782093,0.109311,-0.782093,0.109311,-0.698016,0.193383,-0.698016,0.193383,-2.52891,-1.63765,-2.52891,-1.63765
size_sweep,calm_thin,50000,aggressive,40,0,True,"coinbase>=1,000,000",prints+quotes,5101003,10,2.11645,408813,0.343306,3.16667,-0.754443,aggressive,BTC-USD,buy,0.579449,50000,86288.8,2.41978,393713,0.579449,1,0,86302.3,1.55926,18,90.014,0,50007.8,1.55926,18.0028,1.44551e-16,19.5621,0,0,19.5621,-0.754443,1,10,0,0,0.0390537,0,0,0,0,0,1.53758,-0.0214396,,,1.49065,-0.068375,,,5.52009,3.9617,,
size_sweep,calm_thin,50000,aggressive,40,0,True,"coinbase>=1,000,000",prints+quotes,5101003,10,2.11645,408813,0.343306,3.16667,-0.754443,aggressive,BTC-USD,sell,0.579449,50000,86288.8,2.41978,405202,0.579449,1,0,86272.9,1.84743,18,89.9834,0,49990.8,1.84743,17.9967,1.44551e-16,19.8441,0,0,19.8441,0.754443,1,13,0,0,0.0390537,0,0,0,0,0,1.86922,0.0214396,,,1.91617,0.068375,,,-2.11465,-3.9617,,
size_sweep,calm_thin,50000,hybrid,40,0,True,"coinbase>=1,000,000",prints+quotes,5101003,10,2.11645,408813,0.343306,3.16667,-0.754443,hybrid,BTC-USD,buy,0.579449,50000,86288.8,2.41978,393713,0.579449,1,0.553635,86262.3,-3.07775,12.4644,62.3028,27669.5,22315.1,-3.07775,12.4606,-0,9.3828,0,0,9.3828,-0.754443,11,29,0,10,42.1551,0,0,22,0,0,0.221916,0.0915526,-0.437848,0.165366,-0.340413,-0.470764,-1.1933,-0.590034,-2.35373,-2.48407,-3.54257,-2.93916
size_sweep,calm_thin,50000,hybrid,40,0,True,"coinbase>=1,000,000",prints+quotes,5101003,10,2.11645,408813,0.343306,3.16667,-0.754443,hybrid,BTC-USD,sell,0.579449,50000,86288.8,2.41978,405202,0.579449,1,1,86282.1,0.774115,8,39.9969,49996.1,0,0.774115,7.99938,0,8.7735,0,0,8.7735,0.754443,3,30,0,2,24.1206,0,0,30,0,0,-0.789772,0.178899,-0.789772,0.178899,-3.0024,-2.03394,-3.0024,-2.03394,-2.54656,-1.57806,-2.54656,-1.57806
size_sweep,calm_thin,50000,hybrid|prints-only,40,0,True,"coinbase>=1,000,000",prints-only,5101003,10,2.11645,408813,0.343306,3.16667,-0.754443,hybrid,BTC-USD,buy,0.579449,50000,86288.8,2.41978,393713,0.579449,1,0.553635,86262.3,-3.07775,12.4644,62.3028,27669.5,22315.1,-3.07775,12.4606,-0,9.3828,0,0,9.3828,-0.754443,11,29,0,10,42.1551,0,0,22,0,0,0.221916,0.0915526,-0.437848,0.165366,-0.340413,-0.470764,-1.1933,-0.590034,-2.35373,-2.48407,-3.54257,-2.93916
size_sweep,calm_thin,50000,hybrid|prints-only,40,0,True,"coinbase>=1,000,000",prints-only,5101003,10,2.11645,408813,0.343306,3.16667,-0.754443,hybrid,BTC-USD,sell,0.579449,50000,86288.8,2.41978,405202,0.579449,1,1,86282.1,0.774115,8,39.9969,49996.1,0,0.774115,7.99938,0,8.7735,0,0,8.7735,0.754443,3,30,0,2,24.1206,0,0,30,0,0,-0.789772,0.178899,-0.789772,0.178899,-3.0024,-2.03394,-3.0024,-2.03394,-2.54656,-1.57806,-2.54656,-1.57806
size_sweep,calm_thin,50000,passive,40,0,True,"coinbase>=1,000,000",prints+quotes,5101003,10,2.11645,408813,0.343306,3.16667,-0.754443,passive,BTC-USD,buy,0.579449,50000,86288.8,2.41978,393713,0.465642,0.803594,1,86250.9,-4.3914,8,32.1296,40162.1,0,-3.5289,6.42593,-0.148177,2.74885,0.154043,9820.33,6.43821,-0.754443,16,47,0,16,59.4238,0,0,47,0,0,-0.627201,0.134558,-0.627201,0.134558,-1.64934,-0.887496,-1.64934,-0.887496,-3.19483,-2.43289,-3.19483,-2.43289
size_sweep,calm_thin,50000,passive,40,0,True,"coinbase>=1,000,000",prints+quotes,5101003,10,2.11645,408813,0.343306,3.16667,-0.754443,passive,BTC-USD,sell,0.579449,50000,86288.8,2.41978,405202,0.579449,1,1,86282.1,0.774115,8,39.9969,49996.1,0,0.774115,7.99938,0,8.7735,0,0,8.7735,0.754443,3,30,0,2,24.1206,0,0,30,0,0,-0.789772,0.178899,-0.789772,0.178899,-3.0024,-2.03394,-3.0024,-2.03394,-2.54656,-1.57806,-2.54656,-1.57806
size_sweep,calm_thin,50000,passive|prints-only,40,0,True,"coinbase>=1,000,000",prints-only,5101003,10,2.11645,408813,0.343306,3.16667,-0.754443,passive,BTC-USD,buy,0.579449,50000,86288.8,2.41978,393713,0.465642,0.803594,1,86250.9,-4.3914,8,32.1296,40162.1,0,-3.5289,6.42593,-0.148177,2.74885,0.154043,9820.33,6.43821,-0.754443,16,47,0,16,59.4238,0,0,47,0,0,-0.627201,0.134558,-0.627201,0.134558,-1.64934,-0.887496,-1.64934,-0.887496,-3.19483,-2.43289,-3.19483,-2.43289
size_sweep,calm_thin,50000,passive|prints-only,40,0,True,"coinbase>=1,000,000",prints-only,5101003,10,2.11645,408813,0.343306,3.16667,-0.754443,passive,BTC-USD,sell,0.579449,50000,86288.8,2.41978,405202,0.579449,1,1,86282.1,0.774115,8,39.9969,49996.1,0,0.774115,7.99938,0,8.7735,0,0,8.7735,0.754443,3,30,0,2,24.1206,0,0,30,0,0,-0.789772,0.178899,-0.789772,0.178899,-3.0024,-2.03394,-3.0024,-2.03394,-2.54656,-1.57806,-2.54656,-1.57806
size_sweep,calm_thin,50000,aggressive,40,0,True,"coinbase>=1,000,000",prints+quotes,5101004,10,2.01142,428858,0.407682,3.96667,1.00949,aggressive,BTC-USD,buy,0.5795,50000,86281.3,2.32148,413186,0.5795,1,0,86296.6,1.77359,18,90.016,0,50008.9,1.77359,18.0032,0,19.7768,0,0,19.7768,1.00949,1,13,0,0,0.0533513,0,0,0,0,0,1.98764,0.214415,,,1.83816,0.064904,,,2.80575,1.03267,,
size_sweep,calm_thin,50000,aggressive,40,0,True,"coinbase>=1,000,000",prints+quotes,5101004,10,2.01142,428858,0.407682,3.96667,1.00949,aggressive,BTC-USD,sell,0.5795,50000,86281.3,2.32148,465781,0.5795,1,0,86264.9,1.89888,18,89.9829,0,49990.5,1.89888,17.9966,-0,19.8955,0,0,19.8955,-1.00949,1,10,0,0,0.0533513,0,0,0,0,0,1.68479,-0.214415,,,1.83433,-0.064904,,,0.866384,-1.03267,,
size_sweep,calm_thin,50000,hybrid,40,0,True,"coinbase>=1,000,000",prints+quotes,5101004,10,2.01142,428858,0.407682,3.96667,1.00949,hybrid,BTC-USD,buy,0.5795,50000,86281.3,2.32148,413186,0.5795,1,0.216664,86267.9,-1.54987,15.8335,79.1553,10830.7,39161.5,-1.54987,15.8311,0,14.2812,0,0,14.2812,1.00949,18,74,0,17,42.1369,0,0,63,0,0,1.38909,0.12616,-0.93732,-0.0883796,0.83908,-0.423959,-0.854482,-0.00554923,-2.44916,-3.7128,-0.93146,-0.0825263
size_sweep,calm_thin,50000,hybrid,40,0,True,"coinbase>=1,000,000",prints+quotes,5101004,10,2.01142,428858,0.407682,3.96667,1.00949,hybrid,BTC-USD,sell,0.5795,50000,86281.3,2.32148,465781,0.5795,1,0.807192,86265,1.88654,9.92763,49.6288,40354.2,9636.32,1.88654,9.92575,-0,11.8123,0,0,11.8123,-1.00949,13,64,0,12,42.1259,0,0,62,0,0,-0.113362,0.0550075,-0.348075,0.112456,-0.0513277,0.117019,-0.444462,0.0160585,0.550159,0.718433,-0.697191,-0.236655
size_sweep,calm_thin,50000,hybrid|prints-only,40,0,True,"coinbase>=1,000,000",prints-only,5101004,10,2.01142,428858,0.407682,3.96667,1.00949,hybrid,BTC-USD,buy,0.5795,50000,86281.3,2.32148,413186,0.5795,1,0.216664,86267.9,-1.54987,15.8335,79.1553,10830.7,39161.5,-1.54987,15.8311,0,14.2812,0,0,14.2812,1.00949,18,74,0,17,42.1369,0,0,63,0,0,1.38909,0.12616,-0.93732,-0.0883796,0.83908,-0.423959,-0.854482,-0.00554923,-2.44916,-3.7128,-0.93146,-0.0825263
size_sweep,calm_thin,50000,hybrid|prints-only,40,0,True,"coinbase>=1,000,000",prints-only,5101004,10,2.01142,428858,0.407682,3.96667,1.00949,hybrid,BTC-USD,sell,0.5795,50000,86281.3,2.32148,465781,0.5795,1,0.807192,86265,1.88654,9.92763,49.6288,40354.2,9636.32,1.88654,9.92575,-0,11.8123,0,0,11.8123,-1.00949,13,64,0,12,42.1259,0,0,62,0,0,-0.113362,0.0550075,-0.348075,0.112456,-0.0513277,0.117019,-0.444462,0.0160585,0.550159,0.718433,-0.697191,-0.236655
size_sweep,calm_thin,50000,passive,40,0,True,"coinbase>=1,000,000",prints+quotes,5101004,10,2.01142,428858,0.407682,3.96667,1.00949,passive,BTC-USD,buy,0.5795,50000,86281.3,2.32148,413186,0.5795,1,1,86275.3,-0.694848,8,39.9972,49996.5,0,-0.694848,7.99944,0,7.3046,0,0,7.3046,1.00949,22,89,0,21,58.9197,0,0,89,0,0,-0.90868,-0.00492686,-0.90868,-0.00492686,-1.37737,-0.47358,-1.37737,-0.47358,-0.912834,-0.00909325,-0.912834,-0.00909325
size_sweep,calm_thin,50000,passive,40,0,True,"coinbase>=1,000,000",prints+quotes,5101004,10,2.01142,428858,0.407682,3.96667,1.00949,passive,BTC-USD,sell,0.5795,50000,86281.3,2.32148,465781,0.5795,1,1,86267.9,1.55577,8,39.9938,49992.2,0,1.55577,7.99876,-0,9.55453,0,0,9.55453,-1.00949,13,74,0,13,46.8002,0,0,74,0,0,-0.289945,0.116642,-0.289945,0.116642,-0.121006,0.285576,-0.121006,0.285576,-0.0717668,0.334834,-0.0717668,0.334834
size_sweep,calm_thin,50000,passive|prints-only,40,0,True,"coinbase>=1,000,000",prints-only,5101004,10,2.01142,428858,0.407682,3.96667,1.00949,passive,BTC-USD,buy,0.5795,50000,86281.3,2.32148,413186,0.5795,1,1,86275.3,-0.694848,8,39.9972,49996.5,0,-0.694848,7.99944,0,7.3046,0,0,7.3046,1.00949,22,89,0,21,58.9197,0,0,89,0,0,-0.90868,-0.00492686,-0.90868,-0.00492686,-1.37737,-0.47358,-1.37737,-0.47358,-0.912834,-0.00909325,-0.912834,-0.00909325
size_sweep,calm_thin,50000,passive|prints-only,40,0,True,"coinbase>=1,000,000",prints-only,5101004,10,2.01142,428858,0.407682,3.96667,1.00949,passive,BTC-USD,sell,0.5795,50000,86281.3,2.32148,465781,0.5795,1,1,86267.9,1.55577,8,39.9938,49992.2,0,1.55577,7.99876,-0,9.55453,0,0,9.55453,-1.00949,13,74,0,13,46.8002,0,0,74,0,0,-0.289945,0.116642,-0.289945,0.116642,-0.121006,0.285576,-0.121006,0.285576,-0.0717668,0.334834,-0.0717668,0.334834
size_sweep,calm_thin,50000,aggressive,40,0,True,"coinbase>=1,000,000",prints+quotes,5101005,10,2.19336,411100,0.278575,5.28333,-6.12749,aggressive,BTC-USD,buy,0.579431,50000,86291.5,2.64684,445802,0.579431,1,0,86303.2,1.35728,18,90.0122,0,50006.8,1.35728,18.0024,-0,19.3597,0,0,19.3597,-6.12749,1,5,0,0,0.035226,0,0,0,0,0,1.28583,-0.07127,,,1.1323,-0.224819,,,3.18553,1.82869,,
size_sweep,calm_thin,50000,aggressive,40,0,True,"coinbase>=1,000,000",prints+quotes,5101005,10,2.19336,411100,0.278575,5.28333,-6.12749,aggressive,BTC-USD,sell,0.579431,50000,86291.5,2.64684,372037,0.579431,1,0,86278.2,1.54114,18,89.9861,0,49992.3,1.54114,17.9972,0,19.5384,0,0,19.5384,6.12749,1,7,0,0,0.035226,0,0,0,0,0,1.61266,0.07127,,,1.76623,0.224819,,,-0.287591,-1.82869,,
size_sweep,calm_thin,50000,hybrid,40,0,True,"coinbase>=1,000,000",prints+quotes,5101005,10,2.19336,411100,0.278575,5.28333,-6.12749,hybrid,BTC-USD,buy,0.579431,50000,86291.5,2.64684,445802,0.579431,1,1,86279.4,-1.3996,8,39.9944,49993,0,-1.3996,7.99888,-1.0575e-07,6.59928,1.415e-08,0.000862457,6.59928,-6.12749,3,49,0,2,33.0184,0,0,49,0,0,-1.06667,0.32122,-1.06667,0.32122,-1.07746,0.310444,-1.07746,0.310444,1.28055,2.66812,1.28055,2.66812
size_sweep,calm_thin,50000,hybrid,40,0,True,"coinbase>=1,000,000",prints+quotes,5101005,10,2.19336,411100,0.278575,5.28333,-6.12749,hybrid,BTC-USD,sell,0.579431,50000,86291.5,2.64684,372037,0.579431,1,1,86298.2,-0.778208,8,40.0031,50003.9,0,-0.778208,8.00062,0,7.22241,0,0,7.22241,6.12749,2,37,0,1,14.1023,0,0,37,0,0,-0.969677,0.107319,-0.969677,0.107319,-1.13304,-0.056062,-1.13304,-0.056062,-3.6346,-2.55789,-3.6346,-2.55789
size_sweep,calm_thin,50000,hybrid|prints-only,40,0,True,"coinbase>=1,000,000",prints-only,5101005,10,2.19336,411100,0.278575,5.28333,-6.12749,hybrid,BTC-USD,buy,0.579431,50000,86291.5,2.64684,445802,0.579431,1,1,86279.4,-1.3996,8,39.9944,49993,0,-1.3996,7.99888,-1.0575e-07,6.59928,1.415e-08,0.000862457,6.59928,-6.12749,3,49,0,2,33.0184,0,0,49,0,0,-1.06667,0.32122,-1.06667,0.32122,-1.07746,0.310444,-1.07746,0.310444,1.28055,2.66812,1.28055,2.66812
size_sweep,calm_thin,50000,hybrid|prints-only,40,0,True,"coinbase>=1,000,000",prints-only,5101005,10,2.19336,411100,0.278575,5.28333,-6.12749,hybrid,BTC-USD,sell,0.579431,50000,86291.5,2.64684,372037,0.579431,1,1,86298.2,-0.778208,8,40.0031,50003.9,0,-0.778208,8.00062,0,7.22241,0,0,7.22241,6.12749,2,37,0,1,14.1023,0,0,37,0,0,-0.969677,0.107319,-0.969677,0.107319,-1.13304,-0.056062,-1.13304,-0.056062,-3.6346,-2.55789,-3.6346,-2.55789
size_sweep,calm_thin,50000,passive,40,0,True,"coinbase>=1,000,000",prints+quotes,5101005,10,2.19336,411100,0.278575,5.28333,-6.12749,passive,BTC-USD,buy,0.579431,50000,86291.5,2.64684,445802,0.579431,1,1,86279.4,-1.3996,8,39.9944,49993,0,-1.3996,7.99888,-1.0575e-07,6.59928,1.415e-08,0.000862457,6.59928,-6.12749,3,49,0,2,33.0184,0,0,49,0,0,-1.06667,0.32122,-1.06667,0.32122,-1.07746,0.310444,-1.07746,0.310444,1.28055,2.66812,1.28055,2.66812
size_sweep,calm_thin,50000,passive,40,0,True,"coinbase>=1,000,000",prints+quotes,5101005,10,2.19336,411100,0.278575,5.28333,-6.12749,passive,BTC-USD,sell,0.579431,50000,86291.5,2.64684,372037,0.579431,1,1,86298.2,-0.778208,8,40.0031,50003.9,0,-0.778208,8.00062,0,7.22241,0,0,7.22241,6.12749,2,37,0,1,14.1023,0,0,37,0,0,-0.969677,0.107319,-0.969677,0.107319,-1.13304,-0.056062,-1.13304,-0.056062,-3.6346,-2.55789,-3.6346,-2.55789
size_sweep,calm_thin,50000,passive|prints-only,40,0,True,"coinbase>=1,000,000",prints-only,5101005,10,2.19336,411100,0.278575,5.28333,-6.12749,passive,BTC-USD,buy,0.579431,50000,86291.5,2.64684,445802,0.579431,1,1,86279.4,-1.3996,8,39.9944,49993,0,-1.3996,7.99888,-1.0575e-07,6.59928,1.415e-08,0.000862457,6.59928,-6.12749,3,49,0,2,33.0184,0,0,49,0,0,-1.06667,0.32122,-1.06667,0.32122,-1.07746,0.310444,-1.07746,0.310444,1.28055,2.66812,1.28055,2.66812
size_sweep,calm_thin,50000,passive|prints-only,40,0,True,"coinbase>=1,000,000",prints-only,5101005,10,2.19336,411100,0.278575,5.28333,-6.12749,passive,BTC-USD,sell,0.579431,50000,86291.5,2.64684,372037,0.579431,1,1,86298.2,-0.778208,8,40.0031,50003.9,0,-0.778208,8.00062,0,7.22241,0,0,7.22241,6.12749,2,37,0,1,14.1023,0,0,37,0,0,-0.969677,0.107319,-0.969677,0.107319,-1.13304,-0.056062,-1.13304,-0.056062,-3.6346,-2.55789,-3.6346,-2.55789
size_sweep,calm_thin,50000,aggressive,40,0,True,"coinbase>=1,000,000",prints+quotes,5101006,10,2.15543,439099,0.304702,4.2,2.84921,aggressive,BTC-USD,buy,0.579461,50000,86287.1,2.4998,434483,0.579461,1,0,86303.3,1.87599,18,90.0169,0,50009.4,1.87599,18.0034,0,19.8794,0,0,19.8794,2.84921,1,9,0,0,0.0553861,0,0,0,0,0,1.62362,-0.252066,,,0.552397,-1.32349,,,-1.46549,-3.34175,,
size_sweep,calm_thin,50000,aggressive,40,0,True,"coinbase>=1,000,000",prints+quotes,5101006,10,2.15543,439099,0.304702,4.2,2.84921,aggressive,BTC-USD,sell,0.579461,50000,86287.1,2.4998,403706,0.579461,1,0,86274.6,1.44756,18,89.987,0,49992.8,1.44756,17.9974,-0,19.445,0,0,19.445,-2.84921,1,9,0,0,0.0553861,0,0,0,0,0,1.69987,0.252066,,,2.77145,1.32349,,,4.79001,3.34175,,
size_sweep,calm_thin,50000,hybrid,40,0,True,"coinbase>=1,000,000",prints+quotes,5101006,10,2.15543,439099,0.304702,4.2,2.84921,hybrid,BTC-USD,buy,0.579461,50000,86287.1,2.4998,434483,0.579461,1,0.363276,86324.7,4.35985,14.3685,71.874,18165.2,31856.6,4.35985,14.3748,5.45897e-16,18.7347,0,0,18.7347,2.84921,13,51,0,12,42.137,0,0,45,0,0,0.860106,0.262674,-1.0124,0.0307432,0.926949,0.329558,-1.31255,-0.269365,0.647277,0.0500499,-3.58357,-2.54017
size_sweep,calm_thin,50000,hybrid,40,0,True,"coinbase>=1,000,000",prints+quotes,5101006,10,2.15543,439099,0.304702,4.2,2.84921,hybrid,BTC-USD,sell,0.579461,50000,86287.1,2.4998,403706,0.579461,1,0.300338,86320.4,-3.8647,14.9966,75.0121,15022.7,34996.6,-3.8647,15.0024,-5.45897e-16,11.1377,0,0,11.1377,-2.84921,11,81,0,10,42.149,0,0,76,0,0,0.185933,-0.218781,-0.860756,0.191735,0.159174,-0.245503,-0.306194,0.746352,-0.600583,-1.00521,-0.840133,0.212363
size_sweep,calm_thin,50000,hybrid|prints-only,40,0,True,"coinbase>=1,000,000",prints-only,5101006,10,2.15543,439099,0.304702,4.2,2.84921,hybrid,BTC-USD,buy,0.579461,50000,86287.1,2.4998,434483,0.579461,1,0.363276,86324.7,4.35985,14.3685,71.874,18165.2,31856.6,4.35985,14.3748,5.45897e-16,18.7347,0,0,18.7347,2.84921,13,51,0,12,42.137,0,0,45,0,0,0.860106,0.262674,-1.0124,0.0307432,0.926949,0.329558,-1.31255,-0.269365,0.647277,0.0500499,-3.58357,-2.54017
size_sweep,calm_thin,50000,hybrid|prints-only,40,0,True,"coinbase>=1,000,000",prints-only,5101006,10,2.15543,439099,0.304702,4.2,2.84921,hybrid,BTC-USD,sell,0.579461,50000,86287.1,2.4998,403706,0.579461,1,0.300338,86320.4,-3.8647,14.9966,75.0121,15022.7,34996.6,-3.8647,15.0024,-5.45897e-16,11.1377,0,0,11.1377,-2.84921,11,81,0,10,42.149,0,0,76,0,0,0.185933,-0.218781,-0.860756,0.191735,0.159174,-0.245503,-0.306194,0.746352,-0.600583,-1.00521,-0.840133,0.212363
size_sweep,calm_thin,50000,passive,40,0,True,"coinbase>=1,000,000",prints+quotes,5101006,10,2.15543,439099,0.304702,4.2,2.84921,passive,BTC-USD,buy,0.579461,50000,86287.1,2.4998,434483,0.230651,0.398043,1,86295.6,0.986011,8,15.9233,19904.1,0,0.392475,3.18466,1.7151,5.29224,0.773507,30110.3,16.9054,2.84921,18,75,0,18,56.6258,0,0,75,0,0,-0.974406,0.0349913,-0.974406,0.0349913,-1.22185,-0.212421,-1.22185,-0.212421,-3.28653,-2.2769,-3.28653,-2.2769
size_sweep,calm_thin,50000,passive,40,0,True,"coinbase>=1,000,000",prints+quotes,5101006,10,2.15543,439099,0.304702,4.2,2.84921,passive,BTC-USD,sell,0.579461,50000,86287.1,2.4998,403706,0.447804,0.772795,1,86320.5,-3.87952,8,30.9238,38654.7,0,-2.99807,6.18476,-0.647356,2.53933,0.34776,11361.8,6.97732,-2.84921,15,103,0,15,59.5084,0,0,103,0,0,-0.8578,0.152515,-0.8578,0.152515,-0.831064,0.179257,-0.831064,0.179257,-0.157967,0.852418,-0.157967,0.852418
size_sweep,calm_thin,50000,passive|prints-only,40,0,True,"coinbase>=1,000,000",prints-only,5101006,10,2.15543,439099,0.304702,4.2,2.84921,passive,BTC-USD,buy,0.579461,50000,86287.1,2.4998,434483,0.230651,0.398043,1,86295.6,0.986011,8,15.9233,19904.1,0,0.392475,3.18466,1.7151,5.29224,0.773507,30110.3,16.9054,2.84921,18,75,0,18,56.6258,0,0,75,0,0,-0.974406,0.0349913,-0.974406,0.0349913,-1.22185,-0.212421,-1.22185,-0.212421,-3.28653,-2.2769,-3.28653,-2.2769
size_sweep,calm_thin,50000,passive|prints-only,40,0,True,"coinbase>=1,000,000",prints-only,5101006,10,2.15543,439099,0.304702,4.2,2.84921,passive,BTC-USD,sell,0.579461,50000,86287.1,2.4998,403706,0.447804,0.772795,1,86320.5,-3.87952,8,30.9238,38654.7,0,-2.99807,6.18476,-0.647356,2.53933,0.34776,11361.8,6.97732,-2.84921,15,103,0,15,59.5084,0,0,103,0,0,-0.8578,0.152515,-0.8578,0.152515,-0.831064,0.179257,-0.831064,0.179257,-0.157967,0.852418,-0.157967,0.852418
size_sweep,calm_thin,50000,aggressive,40,0,True,"coinbase>=1,000,000",prints+quotes,5101007,10,1.98414,412880,0.319436,4.01667,3.45318,aggressive,BTC-USD,buy,0.579393,50000,86297.2,1.84247,339237,0.579393,1,0,86312.2,1.73839,18,90.0156,0,50008.7,1.73839,18.0031,-6.61693e-16,19.7415,0,0,19.7415,3.45318,1,12,0,0,0.0345801,0,0,0,0,0,1.73807,0,,,0.909099,-0.829111,,,0.390633,-1.34767,,
size_sweep,calm_thin,50000,aggressive,40,0,True,"coinbase>=1,000,000",prints+quotes,5101007,10,1.98414,412880,0.319436,4.01667,3.45318,aggressive,BTC-USD,sell,0.579393,50000,86297.2,1.84247,403090,0.579393,1,0,86286.6,1.23691,18,89.9889,0,49993.8,1.23691,17.9978,-0,19.2347,0,0,19.2347,-3.45318,1,10,0,0,0.0345801,0,0,0,0,0,1.23707,0,,,2.06628,0.829111,,,2.5849,1.34767,,
size_sweep,calm_thin,50000,hybrid,40,0,True,"coinbase>=1,000,000",prints+quotes,5101007,10,1.98414,412880,0.319436,4.01667,3.45318,hybrid,BTC-USD,buy,0.579393,50000,86297.2,1.84247,339237,0.579393,1,0.706118,86299.2,0.232581,10.9396,54.6994,35302.6,14698.5,0.232581,10.9399,5.96e-08,11.1725,1.944e-08,0.000863368,11.1725,3.45318,18,61,0,17,42.157,0,0,57,0,0,-0.215125,0.013886,-0.791075,0.0223174,-0.961367,-0.732378,-1.29128,-0.477848,-2.36624,-2.13708,-3.69091,-2.87728
size_sweep,calm_thin,50000,hybrid,40,0,True,"coinbase>=1,000,000",prints+quotes,5101007,10,1.98414,412880,0.319436,4.01667,3.45318,hybrid,BTC-USD,sell,0.579393,50000,86297.2,1.84247,403090,0.579393,1,0.881417,86302.7,-0.638383,9.18583,45.9321,44073.7,5929.51,-0.638383,9.18641,-0,8.54803,0,0,8.54803,-3.45318,9,45,0,8,42.1506,0,0,43,0,0,0.0390282,0.552334,-0.122381,0.625786,-0.109571,0.403693,-0.470947,0.277194,2.77268,3.28618,2.93165,3.68005
size_sweep,calm_thin,50000,hybrid|prints-only,40,0,True,"coinbase>=1,000,000",prints-only,5101007,10,1.98414,412880,0.319436,4.01667,3.45318,hybrid,BTC-USD,buy,0.579393,50000,86297.2,1.84247,339237,0.579393,1,0.706118,86299.2,0.232581,10.9396,54.6994,35302.6,14698.5,0.232581,10.9399,5.96e-08,11.1725,1.944e-08,0.000863368,11.1725,3.45318,18,61,0,17,42.157,0,0,57,0,0,-0.215125,0.013886,-0.791075,0.0223174,-0.961367,-0.732378,-1.29128,-0.477848,-2.36624,-2.13708,-3.69091,-2.87728
size_sweep,calm_thin,50000,hybrid|prints-only,40,0,True,"coinbase>=1,000,000",prints-only,5101007,10,1.98414,412880,0.319436,4.01667,3.45318,hybrid,BTC-USD,sell,0.579393,50000,86297.2,1.84247,403090,0.579393,1,0.881417,86302.7,-0.638383,9.18583,45.9321,44073.7,5929.51,-0.638383,9.18641,-0,8.54803,0,0,8.54803,-3.45318,9,45,0,8,42.1506,0,0,43,0,0,0.0390282,0.552334,-0.122381,0.625786,-0.109571,0.403693,-0.470947,0.277194,2.77268,3.28618,2.93165,3.68005
size_sweep,calm_thin,50000,passive,40,0,True,"coinbase>=1,000,000",prints+quotes,5101007,10,1.98414,412880,0.319436,4.01667,3.45318,passive,BTC-USD,buy,0.579393,50000,86297.2,1.84247,339237,0.441829,0.762573,1,86292.2,-0.585678,8,30.5011,38126.4,0,-0.446622,6.10022,0.81988,6.47348,0.291116,11876.9,11.0403,3.45318,24,84,0,24,59.9129,0,0,84,0,0,-0.760415,0.0402879,-0.760415,0.0402879,-1.17599,-0.375258,-1.17599,-0.375258,-3.35804,-2.55712,-3.35804,-2.55712
size_sweep,calm_thin,50000,passive,40,0,True,"coinbase>=1,000,000",prints+quotes,5101007,10,1.98414,412880,0.319436,4.01667,3.45318,passive,BTC-USD,sell,0.579393,50000,86297.2,1.84247,403090,0.574247,0.991119,1,86307.6,-1.19852,8,39.6495,49561.9,0,-1.18787,7.9299,-0.0306673,6.71136,0.0100029,444.147,6.88126,-3.45318,13,75,0,13,58.1017,0,0,75,0,0,-0.240265,0.538399,-0.240265,0.538399,-0.609017,0.169619,-0.609017,0.169619,2.23792,3.01676,2.23792,3.01676
size_sweep,calm_thin,50000,passive|prints-only,40,0,True,"coinbase>=1,000,000",prints-only,5101007,10,1.98414,412880,0.319436,4.01667,3.45318,passive,BTC-USD,buy,0.579393,50000,86297.2,1.84247,339237,0.441829,0.762573,1,86292.2,-0.585678,8,30.5011,38126.4,0,-0.446622,6.10022,0.81988,6.47348,0.291116,11876.9,11.0403,3.45318,24,84,0,24,59.9129,0,0,84,0,0,-0.760415,0.0402879,-0.760415,0.0402879,-1.17599,-0.375258,-1.17599,-0.375258,-3.35804,-2.55712,-3.35804,-2.55712
size_sweep,calm_thin,50000,passive|prints-only,40,0,True,"coinbase>=1,000,000",prints-only,5101007,10,1.98414,412880,0.319436,4.01667,3.45318,passive,BTC-USD,sell,0.579393,50000,86297.2,1.84247,403090,0.574247,0.991119,1,86307.6,-1.19852,8,39.6495,49561.9,0,-1.18787,7.9299,-0.0306673,6.71136,0.0100029,444.147,6.88126,-3.45318,13,75,0,13,58.1017,0,0,75,0,0,-0.240265,0.538399,-0.240265,0.538399,-0.609017,0.169619,-0.609017,0.169619,2.23792,3.01676,2.23792,3.01676
size_sweep,calm_thin,50000,aggressive,40,0,True,"coinbase>=1,000,000",prints+quotes,5101008,10,2.13268,432778,0.272055,4.01667,2.77023,aggressive,BTC-USD,buy,0.579546,50000,86274.4,1.81746,363718,0.579546,1,0,86286.1,1.34971,18,90.0121,0,50006.7,1.34971,18.0024,0,19.3521,0,0,19.3521,2.77023,1,10,0,0,0.0313514,0,0,0,0,0,1.47237,0.122864,,,1.47237,0.122864,,,-0.602706,-1.95249,,
size_sweep,calm_thin,50000,aggressive,40,0,True,"coinbase>=1,000,000",prints+quotes,5101008,10,2.13268,432778,0.272055,4.01667,2.77023,aggressive,BTC-USD,sell,0.579546,50000,86274.4,1.81746,435033,0.579546,1,0,86263.8,1.22939,18,89.9889,0,49993.9,1.22939,17.9978,-0,19.2272,0,0,19.2272,-2.77023,1,9,0,0,0.0313514,0,0,0,0,0,1.10667,-0.122864,,,1.10667,-0.122864,,,3.18228,1.95249,,
size_sweep,calm_thin,50000,hybrid,40,0,True,"coinbase>=1,000,000",prints+quotes,5101008,10,2.13268,432778,0.272055,4.01667,2.77023,hybrid,BTC-USD,buy,0.579546,50000,86274.4,1.81746,363718,0.579546,1,0.972439,86275,0.0654228,8.27573,41.3789,48621.7,1378.65,0.0654228,8.27578,0,8.3412,0,0,8.3412,2.77023,7,75,0,6,42.1398,0,0,74,0,0,-1.09357,-0.0983736,-1.15671,-0.101162,-1.70856,-0.713284,-1.79389,-0.738262,-2.93672,-1.94132,-3.02366,-1.9679
size_sweep,calm_thin,50000,hybrid,40,0,True,"coinbase>=1,000,000",prints+quotes,5101008,10,2.13268,432778,0.272055,4.01667,2.77023,hybrid,BTC-USD,sell,0.579546,50000,86274.4,1.81746,435033,0.579546,1,0.161007,86287.9,-1.56573,16.3898,81.9617,8052.43,41955.4,-1.56573,16.3923,-0,14.8266,0,0,14.8266,-2.77023,8,71,0,7,42.125,0,0,61,0,0,1.40638,0.0100139,-0.853315,0.0621953,1.31614,-0.080195,-0.538117,0.377423,2.47867,1.08217,0.576725,1.49237
size_sweep,calm_thin,50000,hybrid|prints-only,40,0,True,"coinbase>=1,000,000",prints-only,5101008,10,2.13268,432778,0.272055,4.01667,2.77023,hybrid,BTC-USD,buy,0.579546,50000,86274.4,1.81746,363718,0.579546,1,0.972439,86275,0.0654228,8.27573,41.3789,48621.7,1378.65,0.0654228,8.27578,0,8.3412,0,0,8.3412,2.77023,7,75,0,6,42.1398,0,0,74,0,0,-1.09357,-0.0983736,-1.15671,-0.101162,-1.70856,-0.713284,-1.79389,-0.738262,-2.93672,-1.94132,-3.02366,-1.9679
size_sweep,calm_thin,50000,hybrid|prints-only,40,0,True,"coinbase>=1,000,000",prints-only,5101008,10,2.13268,432778,0.272055,4.01667,2.77023,hybrid,BTC-USD,sell,0.579546,50000,86274.4,1.81746,435033,0.579546,1,0.161007,86287.9,-1.56573,16.3898,81.9617,8052.43,41955.4,-1.56573,16.3923,-0,14.8266,0,0,14.8266,-2.77023,8,71,0,7,42.125,0,0,61,0,0,1.40638,0.0100139,-0.853315,0.0621953,1.31614,-0.080195,-0.538117,0.377423,2.47867,1.08217,0.576725,1.49237
size_sweep,calm_thin,50000,passive,40,0,True,"coinbase>=1,000,000",prints+quotes,5101008,10,2.13268,432778,0.272055,4.01667,2.77023,passive,BTC-USD,buy,0.579546,50000,86274.4,1.81746,363718,0.579546,1,1,86274.4,0.0037677,8,40,50000,0,0.0037677,8,0,8.00377,0,0,8.00377,2.77023,6,80,0,5,44.4185,0,0,80,0,0,-1.15687,-0.0987077,-1.15687,-0.0987077,-1.75556,-0.697324,-1.75556,-0.697324,-2.98012,-1.92175,-2.98012,-1.92175
size_sweep,calm_thin,50000,passive,40,0,True,"coinbase>=1,000,000",prints+quotes,5101008,10,2.13268,432778,0.272055,4.01667,2.77023,passive,BTC-USD,sell,0.579546,50000,86274.4,1.81746,435033,0.307116,0.529926,1,86303.6,-3.3776,8,21.2042,26505.2,0,-1.78988,4.24084,-1.30221,1.14875,0.619252,23507.1,10.2306,-2.77023,13,99,0,13,59.302,0,0,99,0,0,-0.958533,0.0760277,-0.958533,0.0760277,-0.994473,0.0400789,-0.994473,0.0400789,-0.0688846,0.965765,-0.0688846,0.965765
size_sweep,calm_thin,50000,passive|prints-only,40,0,True,"coinbase>=1,000,000",prints-only,5101008,10,2.13268,432778,0.272055,4.01667,2.77023,passive,BTC-USD,buy,0.579546,50000,86274.4,1.81746,363718,0.579546,1,1,86274.4,0.0037677,8,40,50000,0,0.0037677,8,0,8.00377,0,0,8.00377,2.77023,6,80,0,5,44.4185,0,0,80,0,0,-1.15687,-0.0987077,-1.15687,-0.0987077,-1.75556,-0.697324,-1.75556,-0.697324,-2.98012,-1.92175,-2.98012,-1.92175
size_sweep,calm_thin,50000,passive|prints-only,40,0,True,"coinbase>=1,000,000",prints-only,5101008,10,2.13268,432778,0.272055,4.01667,2.77023,passive,BTC-USD,sell,0.579546,50000,86274.4,1.81746,435033,0.307116,0.529926,1,86303.6,-3.3776,8,21.2042,26505.2,0,-1.78988,4.24084,-1.30221,1.14875,0.619252,23507.1,10.2306,-2.77023,13,99,0,13,59.302,0,0,99,0,0,-0.958533,0.0760277,-0.958533,0.0760277,-0.994473,0.0400789,-0.994473,0.0400789,-0.0688846,0.965765,-0.0688846,0.965765
size_sweep,calm_thin,50000,aggressive,40,0,True,"coinbase>=1,000,000",prints+quotes,5101009,10,2.12358,394349,0.341614,3.46667,1.48912,aggressive,BTC-USD,buy,0.579426,50000,86292.4,2.41505,624352,0.579426,1,0,86307.5,1.75692,18,90.0158,0,50008.8,1.75692,18.0032,0,19.7601,0,0,19.7601,1.48912,1,10,0,0,0.0328124,0,0,0,0,0,1.75661,0,,,1.2271,-0.529595,,,0.849964,-0.906801,,
size_sweep,calm_thin,50000,aggressive,40,0,True,"coinbase>=1,000,000",prints+quotes,5101009,10,2.12358,394349,0.341614,3.46667,1.48912,aggressive,BTC-USD,sell,0.579426,50000,86292.4,2.41505,405038,0.579426,1,0,86279.5,1.48926,18,89.9866,0,49992.6,1.48926,17.9973,-0,19.4866,0,0,19.4866,-1.48912,1,9,0,0,0.0328124,0,0,0,0,0,1.48949,0,,,2.01916,0.529595,,,2.39642,0.906801,,
size_sweep,calm_thin,50000,hybrid,40,0,True,"coinbase>=1,000,000",prints+quotes,5101009,10,2.12358,394349,0.341614,3.46667,1.48912,hybrid,BTC-USD,buy,0.579426,50000,86292.4,2.41505,624352,0.579426,1,0.124948,86315.7,2.70039,16.7507,83.7761,6248.2,43765.3,2.70039,16.7552,0,19.4556,0,0,19.4556,1.48912,13,53,0,12,42.1634,0,0,43,0,0,1.28623,-0.00373538,-0.909476,-0.0298954,1.28867,-0.00131142,-0.53298,0.346553,2.10673,0.816874,-0.253388,0.626111
size_sweep,calm_thin,50000,hybrid,40,0,True,"coinbase>=1,000,000",prints+quotes,5101009,10,2.12358,394349,0.341614,3.46667,1.48912,hybrid,BTC-USD,sell,0.579426,50000,86292.4,2.41505,405038,0.579426,1,0.0896508,86290.4,0.227006,17.1033,85.5145,4483.5,45515.4,0.227006,17.1029,-2.57e-08,17.3299,1.752e-08,0.000862964,17.3299,-1.48912,15,64,0,14,42.1418,0,0,52,0,0,1.56617,0.0194648,-0.46939,0.217118,1.62938,0.082673,-0.282058,0.404468,0.784616,-0.761954,-0.614186,0.0723202
size_sweep,calm_thin,50000,hybrid|prints-only,40,0,True,"coinbase>=1,000,000",prints-only,5101009,10,2.12358,394349,0.341614,3.46667,1.48912,hybrid,BTC-USD,buy,0.579426,50000,86292.4,2.41505,624352,0.579426,1,0.124948,86315.7,2.70039,16.7507,83.7761,6248.2,43765.3,2.70039,16.7552,0,19.4556,0,0,19.4556,1.48912,13,53,0,12,42.1634,0,0,43,0,0,1.28623,-0.00373538,-0.909476,-0.0298954,1.28867,-0.00131142,-0.53298,0.346553,2.10673,0.816874,-0.253388,0.626111
size_sweep,calm_thin,50000,hybrid|prints-only,40,0,True,"coinbase>=1,000,000",prints-only,5101009,10,2.12358,394349,0.341614,3.46667,1.48912,hybrid,BTC-USD,sell,0.579426,50000,86292.4,2.41505,405038,0.579426,1,0.0896508,86290.4,0.227006,17.1033,85.5145,4483.5,45515.4,0.227006,17.1029,-2.57e-08,17.3299,1.752e-08,0.000862964,17.3299,-1.48912,15,64,0,14,42.1418,0,0,52,0,0,1.56617,0.0194648,-0.46939,0.217118,1.62938,0.082673,-0.282058,0.404468,0.784616,-0.761954,-0.614186,0.0723202
size_sweep,calm_thin,50000,passive,40,0,True,"coinbase>=1,000,000",prints+quotes,5101009,10,2.12358,394349,0.341614,3.46667,1.48912,passive,BTC-USD,buy,0.579426,50000,86292.4,2.41505,624352,0.169489,0.292512,1,86298.3,0.685857,8,11.7013,14626.6,0,0.200622,2.34026,1.05354,3.59441,1.28285,35386.1,17.6163,1.48912,14,65,0,14,56.5047,0,0,65,0,0,-1.00473,-0.2129,-1.00473,-0.2129,-0.908459,-0.116648,-0.908459,-0.116648,-0.579848,0.21193,-0.579848,0.21193
size_sweep,calm_thin,50000,passive,40,0,True,"coinbase>=1,000,000",prints+quotes,5101009,10,2.12358,394349,0.341614,3.46667,1.48912,passive,BTC-USD,sell,0.579426,50000,86292.4,2.41505,405038,0.579426,1,1,86312.3,-2.30953,8,40.0092,50011.5,0,-2.30953,8.00185,-0,5.69232,0,0,5.69232,-1.48912,14,76,0,13,57.5108,0,0,76,0,0,-0.80088,0.00463223,-0.80088,0.00463223,-0.883514,-0.0780087,-0.883514,-0.0780087,-0.912751,-0.107248,-0.912751,-0.107248
size_sweep,calm_thin,50000,passive|prints-only,40,0,True,"coinbase>=1,000,000",prints-only,5101009,10,2.12358,394349,0.341614,3.46667,1.48912,passive,BTC-USD,buy,0.579426,50000,86292.4,2.41505,624352,0.169489,0.292512,1,86298.3,0.685857,8,11.7013,14626.6,0,0.200622,2.34026,1.05354,3.59441,1.28285,35386.1,17.6163,1.48912,14,65,0,14,56.5047,0,0,65,0,0,-1.00473,-0.2129,-1.00473,-0.2129,-0.908459,-0.116648,-0.908459,-0.116648,-0.579848,0.21193,-0.579848,0.21193
size_sweep,calm_thin,50000,passive|prints-only,40,0,True,"coinbase>=1,000,000",prints-only,5101009,10,2.12358,394349,0.341614,3.46667,1.48912,passive,BTC-USD,sell,0.579426,50000,86292.4,2.41505,405038,0.579426,1,1,86312.3,-2.30953,8,40.0092,50011.5,0,-2.30953,8.00185,-0,5.69232,0,0,5.69232,-1.48912,14,76,0,13,57.5108,0,0,76,0,0,-0.80088,0.00463223,-0.80088,0.00463223,-0.883514,-0.0780087,-0.883514,-0.0780087,-0.912751,-0.107248,-0.912751,-0.107248
size_sweep,calm_thin,50000,aggressive,40,0,True,"coinbase>=1,000,000",prints+quotes,5101010,10,2.04105,429051,0.239002,3.85,-2.51653,aggressive,BTC-USD,buy,0.579578,50000,86269.7,2.56985,368621,0.579578,1,0,86285.6,1.84955,18,90.0166,0,50009.2,1.84955,18.0033,-0,19.8529,0,0,19.8529,-2.51653,1,12,0,0,0.259769,0,0,0,0,0,1.8492,0,,,2.23397,0.38484,,,1.49225,-0.35702,,
size_sweep,calm_thin,50000,aggressive,40,0,True,"coinbase>=1,000,000",prints+quotes,5101010,10,2.04105,429051,0.239002,3.85,-2.51653,aggressive,BTC-USD,sell,0.579578,50000,86269.7,2.56985,431687,0.579578,1,0,86255.2,1.68169,18,89.9849,0,49991.6,1.68169,17.997,0,19.6787,0,0,19.6787,2.51653,1,10,0,0,0.259769,0,0,0,0,0,1.68197,0,,,1.29707,-0.38484,,,2.03905,0.35702,,
size_sweep,calm_thin,50000,hybrid,40,0,True,"coinbase>=1,000,000",prints+quotes,5101010,10,2.04105,429051,0.239002,3.85,-2.51653,hybrid,BTC-USD,buy,0.579578,50000,86269.7,2.56985,368621,0.579578,1,0.906916,86262.3,-0.850916,8.93081,44.6503,45342.1,4653.66,-0.850916,8.93005,-0,8.07914,0,0,8.07914,-2.51653,8,50,0,7,42.1292,0,0,49,0,0,-0.29666,0.332502,-0.463588,0.328847,-0.300983,0.328183,-0.493878,0.298559,1.99836,2.62735,1.97102,2.76326
size_sweep,calm_thin,50000,hybrid,40,0,True,"coinbase>=1,000,000",prints+quotes,5101010,10,2.04105,429051,0.239002,3.85,-2.51653,hybrid,BTC-USD,sell,0.579578,50000,86269.7,2.56985,431687,0.579578,1,0.418045,86254.7,1.73112,13.8186,69.081,20903.4,29087.9,1.73112,13.8162,4.82059e-16,15.5473,0,0,15.5473,2.51653,7,65,0,6,42.1273,0,0,60,0,0,0.200936,-0.21088,-0.705241,0.00799938,-0.0276859,-0.439489,-0.905881,-0.192651,-1.39076,-1.80259,-3.21088,-2.49782
size_sweep,calm_thin,50000,hybrid|prints-only,40,0,True,"coinbase>=1,000,000",prints-only,5101010,10,2.04105,429051,0.239002,3.85,-2.51653,hybrid,BTC-USD,buy,0.579578,50000,86269.7,2.56985,368621,0.579578,1,0.906916,86262.3,-0.850916,8.93081,44.6503,45342.1,4653.66,-0.850916,8.93005,-0,8.07914,0,0,8.07914,-2.51653,8,50,0,7,42.1292,0,0,49,0,0,-0.29666,0.332502,-0.463588,0.328847,-0.300983,0.328183,-0.493878,0.298559,1.99836,2.62735,1.97102,2.76326
size_sweep,calm_thin,50000,hybrid|prints-only,40,0,True,"coinbase>=1,000,000",prints-only,5101010,10,2.04105,429051,0.239002,3.85,-2.51653,hybrid,BTC-USD,sell,0.579578,50000,86269.7,2.56985,431687,0.579578,1,0.418045,86254.7,1.73112,13.8186,69.081,20903.4,29087.9,1.73112,13.8162,4.82059e-16,15.5473,0,0,15.5473,2.51653,7,65,0,6,42.1273,0,0,60,0,0,0.200936,-0.21088,-0.705241,0.00799938,-0.0276859,-0.439489,-0.905881,-0.192651,-1.39076,-1.80259,-3.21088,-2.49782
size_sweep,calm_thin,50000,passive,40,0,True,"coinbase>=1,000,000",prints+quotes,5101010,10,2.04105,429051,0.239002,3.85,-2.51653,passive,BTC-USD,buy,0.579578,50000,86269.7,2.56985,368621,0.574247,0.990803,1,86260.5,-1.06376,8,39.6279,49534.9,0,-1.05397,7.92558,-0.0231451,6.84846,0.0109116,459.801,7.0249,-2.51653,10,76,0,10,59.5003,0,0,76,0,0,-0.510607,0.30343,-0.510607,0.30343,-0.533533,0.280505,-0.533533,0.280505,1.76738,2.58123,1.76738,2.58123
size_sweep,calm_thin,50000,passive,40,0,True,"coinbase>=1,000,000",prints+quotes,5101010,10,2.04105,429051,0.239002,3.85,-2.51653,passive,BTC-USD,sell,0.579578,50000,86269.7,2.56985,431687,0.568915,0.981602,1,86262.6,0.814939,8,39.2609,49076.1,0,0.799946,7.85218,0.0462992,8.69842,0.0218274,919.562,9.05129,2.51653,9,83,0,9,59.305,0,0,83,0,0,-0.703686,0.143064,-0.703686,0.143064,-1.23805,-0.391343,-1.23805,-0.391343,-0.969481,-0.122732,-0.969481,-0.122732
size_sweep,calm_thin,50000,passive|prints-only,40,0,True,"coinbase>=1,000,000",prints-only,5101010,10,2.04105,429051,0.239002,3.85,-2.51653,passive,BTC-USD,buy,0.579578,50000,86269.7,2.56985,368621,0.574247,0.990803,1,86260.5,-1.06376,8,39.6279,49534.9,0,-1.05397,7.92558,-0.0231451,6.84846,0.0109116,459.801,7.0249,-2.51653,10,76,0,10,59.5003,0,0,76,0,0,-0.510607,0.30343,-0.510607,0.30343,-0.533533,0.280505,-0.533533,0.280505,1.76738,2.58123,1.76738,2.58123
size_sweep,calm_thin,50000,passive|prints-only,40,0,True,"coinbase>=1,000,000",prints-only,5101010,10,2.04105,429051,0.239002,3.85,-2.51653,passive,BTC-USD,sell,0.579578,50000,86269.7,2.56985,431687,0.568915,0.981602,1,86262.6,0.814939,8,39.2609,49076.1,0,0.799946,7.85218,0.0462992,8.69842,0.0218274,919.562,9.05129,2.51653,9,83,0,9,59.305,0,0,83,0,0,-0.703686,0.143064,-0.703686,0.143064,-1.23805,-0.391343,-1.23805,-0.391343,-0.969481,-0.122732,-0.969481,-0.122732
size_sweep,calm_thin,50000,aggressive,40,0,True,"coinbase>=1,000,000",prints+quotes,5101011,10,2.02873,411264,0.234112,4.2,0.486786,aggressive,BTC-USD,buy,0.579507,50000,86280.2,2.30644,411349,0.579507,1,0,86293,1.48456,18,90.0134,0,50007.4,1.48456,18.0027,0,19.4872,0,0,19.4872,0.486786,1,10,0,0,0.0573169,0,0,0,0,0,1.53184,0.0475196,,,1.12393,-0.360453,,,2.11764,0.633401,,
size_sweep,calm_thin,50000,aggressive,40,0,True,"coinbase>=1,000,000",prints+quotes,5101011,10,2.02873,411264,0.234112,4.2,0.486786,aggressive,BTC-USD,sell,0.579507,50000,86280.2,2.30644,468398,0.579507,1,0,86267.7,1.45574,18,89.9869,0,49992.7,1.45574,17.9974,-0,19.4531,0,0,19.4531,-0.486786,1,12,0,0,0.0573169,0,0,0,0,0,1.40843,-0.0475196,,,1.81646,0.360453,,,0.822464,-0.633401,,
size_sweep,calm_thin,50000,hybrid,40,0,True,"coinbase>=1,000,000",prints+quotes,5101011,10,2.02873,411264,0.234112,4.2,0.486786,hybrid,BTC-USD,buy,0.579507,50000,86280.2,2.30644,411349,0.579507,1,0.399539,86276.6,-0.41826,14.0049,70.0217,19974.5,30023.4,-0.41826,14.0043,0,13.5861,0,0,13.5861,0.486786,6,92,0,5,42.1684,0,0,83,0,0,0.872612,0.357625,-1.28128,-0.157149,0.339567,-0.175527,-1.08174,0.0423735,-1.76202,-2.27749,-0.76873,0.355329
size_sweep,calm_thin,50000,hybrid,40,0,True,"coinbase>=1,000,000",prints+quotes,5101011,10,2.02873,411264,0.234112,4.2,0.486786,hybrid,BTC-USD,sell,0.579507,50000,86280.2,2.30644,468398,0.579507,1,0.397217,86264.2,1.85949,14.0271,70.1225,19860.8,30129.9,1.85949,14.0245,-8.4e-09,15.884,1.908e-08,0.000862749,15.884,-0.486786,4,51,0,3,43.0452,0,0,46,0,0,0.0512761,-0.0694203,-1.19813,0.116376,0.827377,0.706542,-1.77512,-0.460696,4.2511,4.13021,1.40509,2.71995
size_sweep,calm_thin,50000,hybrid|prints-only,40,0,True,"coinbase>=1,000,000",prints-only,5101011,10,2.02873,411264,0.234112,4.2,0.486786,hybrid,BTC-USD,buy,0.579507,50000,86280.2,2.30644,411349,0.579507,1,0.399539,86276.6,-0.41826,14.0049,70.0217,19974.5,30023.4,-0.41826,14.0043,0,13.5861,0,0,13.5861,0.486786,6,92,0,5,42.1684,0,0,83,0,0,0.872612,0.357625,-1.28128,-0.157149,0.339567,-0.175527,-1.08174,0.0423735,-1.76202,-2.27749,-0.76873,0.355329
size_sweep,calm_thin,50000,hybrid|prints-only,40,0,True,"coinbase>=1,000,000",prints-only,5101011,10,2.02873,411264,0.234112,4.2,0.486786,hybrid,BTC-USD,sell,0.579507,50000,86280.2,2.30644,468398,0.579507,1,0.397217,86264.2,1.85949,14.0271,70.1225,19860.8,30129.9,1.85949,14.0245,-8.4e-09,15.884,1.908e-08,0.000862749,15.884,-0.486786,4,51,0,3,43.0452,0,0,46,0,0,0.0512761,-0.0694203,-1.19813,0.116376,0.827377,0.706542,-1.77512,-0.460696,4.2511,4.13021,1.40509,2.71995
size_sweep,calm_thin,50000,passive,40,0,True,"coinbase>=1,000,000",prints+quotes,5101011,10,2.02873,411264,0.234112,4.2,0.486786,passive,BTC-USD,buy,0.579507,50000,86280.2,2.30644,411349,0.237548,0.409914,1,86269.7,-1.2208,8,16.3945,20493.2,0,-0.500423,3.27891,0.287246,3.06573,0.988657,29510.7,14.6782,0.486786,9,99,0,9,54.4116,0,0,99,0,0,-1.27521,-0.156071,-1.27521,-0.156071,-1.09574,0.0233778,-1.09574,0.0233778,-0.901791,0.217286,-0.901791,0.217286
size_sweep,calm_thin,50000,passive,40,0,True,"coinbase>=1,000,000",prints+quotes,5101011,10,2.02873,411264,0.234112,4.2,0.486786,passive,BTC-USD,sell,0.579507,50000,86280.2,2.30644,468398,0.263395,0.454516,1,86280.2,-0.00100337,8,18.1806,22725.8,0,-0.000456046,3.63613,-0.265534,3.37014,0.603142,27272.5,13.7914,-0.486786,8,62,0,8,51.5132,0,0,62,0,0,-1.09956,0.111668,-1.09956,0.111668,-1.50874,-0.297572,-1.50874,-0.297572,1.8799,3.09149,1.8799,3.09149
size_sweep,calm_thin,50000,passive|prints-only,40,0,True,"coinbase>=1,000,000",prints-only,5101011,10,2.02873,411264,0.234112,4.2,0.486786,passive,BTC-USD,buy,0.579507,50000,86280.2,2.30644,411349,0.237548,0.409914,1,86269.7,-1.2208,8,16.3945,20493.2,0,-0.500423,3.27891,0.287246,3.06573,0.988657,29510.7,14.6782,0.486786,9,99,0,9,54.4116,0,0,99,0,0,-1.27521,-0.156071,-1.27521,-0.156071,-1.09574,0.0233778,-1.09574,0.0233778,-0.901791,0.217286,-0.901791,0.217286
size_sweep,calm_thin,50000,passive|prints-only,40,0,True,"coinbase>=1,000,000",prints-only,5101011,10,2.02873,411264,0.234112,4.2,0.486786,passive,BTC-USD,sell,0.579507,50000,86280.2,2.30644,468398,0.263395,0.454516,1,86280.2,-0.00100337,8,18.1806,22725.8,0,-0.000456046,3.63613,-0.265534,3.37014,0.603142,27272.5,13.7914,-0.486786,8,62,0,8,51.5132,0,0,62,0,0,-1.09956,0.111668,-1.09956,0.111668,-1.50874,-0.297572,-1.50874,-0.297572,1.8799,3.09149,1.8799,3.09149
size_sweep,calm_thin,50000,aggressive,40,0,True,"coinbase>=1,000,000",prints+quotes,5101012,10,2.15207,419438,0.29922,4.38333,-0.243342,aggressive,BTC-USD,buy,0.579387,50000,86298.1,1.88417,350802,0.579387,1,0,86310.9,1.47935,18,90.0133,0,50007.4,1.47935,18.0027,-0,19.482,0,0,19.482,-0.243342,1,9,0,0,0.0372628,0,0,0,0,0,1.10548,-0.373705,,,1.43568,-0.043454,,,0.56789,-0.911375,,
size_sweep,calm_thin,50000,aggressive,40,0,True,"coinbase>=1,000,000",prints+quotes,5101012,10,2.15207,419438,0.29922,4.38333,-0.243342,aggressive,BTC-USD,sell,0.579387,50000,86298.1,1.88417,368005,0.579387,1,0,86287.1,1.27863,18,89.9885,0,49993.6,1.27863,17.9977,4.66294e-17,19.2763,0,0,19.2763,0.243342,1,7,0,0,0.0372628,0,0,0,0,0,1.65255,0.373705,,,1.32226,0.043454,,,2.19029,0.911375,,
size_sweep,calm_thin,50000,hybrid,40,0,True,"coinbase>=1,000,000",prints+quotes,5101012,10,2.15207,419438,0.29922,4.38333,-0.243342,hybrid,BTC-USD,buy,0.579387,50000,86298.1,1.88417,350802,0.579387,1,0.235499,86296.1,-0.230161,15.6453,78.2245,11773.4,38225.4,-0.230161,15.6449,-0,15.4147,0,0,15.4147,-0.243342,9,59,0,8,42.1464,0,0,53,0,0,1.34752,0.405723,-0.814866,0.135148,1.57755,0.635727,0.0828806,1.03281,0.494199,-0.447734,-0.828999,0.121006
size_sweep,calm_thin,50000,hybrid,40,0,True,"coinbase>=1,000,000",prints+quotes,5101012,10,2.15207,419438,0.29922,4.38333,-0.243342,hybrid,BTC-USD,sell,0.579387,50000,86298.1,1.88417,368005,0.579387,1,0.200409,86279.4,2.17023,15.9953,79.9592,10021.3,39967.9,2.17023,15.9918,0,18.1621,0,0,18.1621,0.243342,9,73,0,8,42.1464,0,0,66,0,0,0.618111,-0.408742,-0.875496,-0.0882412,0.592385,-0.434465,-0.906745,-0.119491,1.28124,0.254235,-2.00395,-1.21678
size_sweep,calm_thin,50000,hybrid|prints-only,40,0,True,"coinbase>=1,000,000",prints-only,5101012,10,2.15207,419438,0.29922,4.38333,-0.243342,hybrid,BTC-USD,buy,0.579387,50000,86298.1,1.88417,350802,0.579387,1,0.235499,86296.1,-0.230161,15.6453,78.2245,11773.4,38225.4,-0.230161,15.6449,-0,15.4147,0,0,15.4147,-0.243342,9,59,0,8,42.1464,0,0,53,0,0,1.34752,0.405723,-0.814866,0.135148,1.57755,0.635727,0.0828806,1.03281,0.494199,-0.447734,-0.828999,0.121006
size_sweep,calm_thin,50000,hybrid|prints-only,40,0,True,"coinbase>=1,000,000",prints-only,5101012,10,2.15207,419438,0.29922,4.38333,-0.243342,hybrid,BTC-USD,sell,0.579387,50000,86298.1,1.88417,368005,0.579387,1,0.200409,86279.4,2.17023,15.9953,79.9592,10021.3,39967.9,2.17023,15.9918,0,18.1621,0,0,18.1621,0.243342,9,73,0,8,42.1464,0,0,66,0,0,0.618111,-0.408742,-0.875496,-0.0882412,0.592385,-0.434465,-0.906745,-0.119491,1.28124,0.254235,-2.00395,-1.21678
size_sweep,calm_thin,50000,passive,40,0,True,"coinbase>=1,000,000",prints+quotes,5101012,10,2.15207,419438,0.29922,4.38333,-0.243342,passive,BTC-USD,buy,0.579387,50000,86298.1,1.88417,350802,0.499565,0.862231,1,86276.5,-2.50183,8,34.4806,43100.8,0,-2.15716,6.89612,-0.033525,4.70544,0.169302,6889.11,7.35483,-0.243342,12,94,0,12,60.806,0,0,94,0,0.00023735,-0.775818,0.26986,-0.775818,0.26986,-0.902303,0.143392,-0.902303,0.143392,-2.01702,-0.97121,-2.01702,-0.97121
size_sweep,calm_thin,50000,passive,40,0,True,"coinbase>=1,000,000",prints+quotes,5101012,10,2.15207,419438,0.29922,4.38333,-0.243342,passive,BTC-USD,sell,0.579387,50000,86298.1,1.88417,368005,0.29594,0.510782,1,86296.6,0.174296,8,20.4309,25538.7,0,0.0890274,4.08619,0.119047,4.29426,0.645229,24457.1,13.744,0.243342,13,101,0,13,58.9085,0,0,101,0,0,-1.10303,0.0409493,-1.10303,0.0409493,-0.834974,0.309042,-0.834974,0.309042,-0.552797,0.591288,-0.552797,0.591288
size_sweep,calm_thin,50000,passive|prints-only,40,0,True,"coinbase>=1,000,000",prints-only,5101012,10,2.15207,419438,0.29922,4.38333,-0.243342,passive,BTC-USD,buy,0.579387,50000,86298.1,1.88417,350802,0.499565,0.862231,1,86276.5,-2.50183,8,34.4806,43100.8,0,-2.15716,6.89612,-0.033525,4.70544,0.169302,6889.11,7.35483,-0.243342,12,94,0,12,60.806,0,0,94,0,0.00023735,-0.775818,0.26986,-0.775818,0.26986,-0.902303,0.143392,-0.902303,0.143392,-2.01702,-0.97121,-2.01702,-0.97121
size_sweep,calm_thin,50000,passive|prints-only,40,0,True,"coinbase>=1,000,000",prints-only,5101012,10,2.15207,419438,0.29922,4.38333,-0.243342,passive,BTC-USD,sell,0.579387,50000,86298.1,1.88417,368005,0.29594,0.510782,1,86296.6,0.174296,8,20.4309,25538.7,0,0.0890274,4.08619,0.119047,4.29426,0.645229,24457.1,13.744,0.243342,13,101,0,13,58.9085,0,0,101,0,0,-1.10303,0.0409493,-1.10303,0.0409493,-0.834974,0.309042,-0.834974,0.309042,-0.552797,0.591288,-0.552797,0.591288
size_sweep,calm_thin,50000,aggressive,40,0,True,"coinbase>=1,000,000",prints+quotes,5101013,10,2.00629,417244,0.524078,4.21667,0.747513,aggressive,BTC-USD,buy,0.579467,50000,86286.2,2.15794,378029,0.579467,1,0,86299.7,1.56757,18,90.0141,0,50007.8,1.56757,18.0028,1.29e-08,19.5704,1.404e-08,0.000862996,19.5704,0.747513,1,12,0,0,0.0352355,0,0,0,0,0,2.14494,0.577729,,,3.62119,2.05421,,,7.63106,6.0647,,
size_sweep,calm_thin,50000,aggressive,40,0,True,"coinbase>=1,000,000",prints+quotes,5101013,10,2.00629,417244,0.524078,4.21667,0.747513,aggressive,BTC-USD,sell,0.579467,50000,86286.2,2.15794,396028,0.579467,1,0,86272.8,1.54278,18,89.9861,0,49992.3,1.54278,17.9972,-1.29e-08,19.54,1.404e-08,0.000862856,19.54,-0.747513,1,7,0,0,0.0352355,0,0,0,0,0,0.965206,-0.577729,,,-0.511504,-2.05421,,,-4.52262,-6.0647,,
size_sweep,calm_thin,50000,hybrid,40,0,True,"coinbase>=1,000,000",prints+quotes,5101013,10,2.00629,417244,0.524078,4.21667,0.747513,hybrid,BTC-USD,buy,0.579467,50000,86286.2,2.15794,378029,0.579467,1,0.319076,86266.2,-2.31704,14.8103,74.0345,15944.6,34043.8,-2.31704,14.8069,0,12.4899,0,0,12.4899,0.747513,16,61,0,15,42.1205,0,0,56,0,0,0.547004,-0.118514,-1.05426,-0.15374,1.04077,0.375298,-0.818904,0.0815729,0.130264,-0.535154,-3.3769,-2.47622
size_sweep,calm_thin,50000,hybrid,40,0,True,"coinbase>=1,000,000",prints+quotes,5101013,10,2.00629,417244,0.524078,4.21667,0.747513,hybrid,BTC-USD,sell,0.579467,50000,86286.2,2.15794,396028,0.579467,1,1,86244.9,4.78086,8,39.9809,49976.1,0,4.78086,7.99618,-1.29e-08,12.777,1.404e-08,0.000862856,12.777,-0.747513,17,58,0,16,39.9071,0,0,58,0,0,-0.515705,-0.124894,-0.515705,-0.124894,1.44064,1.83152,1.44064,1.83152,5.09953,5.49055,5.09953,5.49055
size_sweep,calm_thin,50000,hybrid|prints-only,40,0,True,"coinbase>=1,000,000",prints-only,5101013,10,2.00629,417244,0.524078,4.21667,0.747513,hybrid,BTC-USD,buy,0.579467,50000,86286.2,2.15794,378029,0.579467,1,0.319076,86266.2,-2.31704,14.8103,74.0345,15944.6,34043.8,-2.31704,14.8069,0,12.4899,0,0,12.4899,0.747513,16,61,0,15,42.1205,0,0,56,0,0,0.547004,-0.118514,-1.05426,-0.15374,1.04077,0.375298,-0.818904,0.0815729,0.130264,-0.535154,-3.3769,-2.47622
size_sweep,calm_thin,50000,hybrid|prints-only,40,0,True,"coinbase>=1,000,000",prints-only,5101013,10,2.00629,417244,0.524078,4.21667,0.747513,hybrid,BTC-USD,sell,0.579467,50000,86286.2,2.15794,396028,0.579467,1,1,86244.9,4.78086,8,39.9809,49976.1,0,4.78086,7.99618,-1.29e-08,12.777,1.404e-08,0.000862856,12.777,-0.747513,17,58,0,16,39.9071,0,0,58,0,0,-0.515705,-0.124894,-0.515705,-0.124894,1.44064,1.83152,1.44064,1.83152,5.09953,5.49055,5.09953,5.49055
size_sweep,calm_thin,50000,passive,40,0,True,"coinbase>=1,000,000",prints+quotes,5101013,10,2.00629,417244,0.524078,4.21667,0.747513,passive,BTC-USD,buy,0.579467,50000,86286.2,2.15794,378029,0.579467,1,1,86251.6,-4.00463,8,39.984,49980,0,-4.00463,7.9968,0,3.99217,0,0,3.99217,0.747513,22,87,0,21,59.8032,0,0,87,0,0,-1.02357,0.0196125,-1.02357,0.0196125,-1.67832,-0.635068,-1.67832,-0.635068,-0.810811,0.232325,-0.810811,0.232325
size_sweep,calm_thin,50000,passive,40,0,True,"coinbase>=1,000,000",prints+quotes,5101013,10,2.00629,417244,0.524078,4.21667,0.747513,passive,BTC-USD,sell,0.579467,50000,86286.2,2.15794,396028,0.579467,1,1,86244.9,4.78086,8,39.9809,49976.1,0,4.78086,7.99618,-1.29e-08,12.777,1.404e-08,0.000862856,12.777,-0.747513,17,58,0,16,39.9071,0,0,58,0,0,-0.515705,-0.124894,-0.515705,-0.124894,1.44064,1.83152,1.44064,1.83152,5.09953,5.49055,5.09953,5.49055
size_sweep,calm_thin,50000,passive|prints-only,40,0,True,"coinbase>=1,000,000",prints-only,5101013,10,2.00629,417244,0.524078,4.21667,0.747513,passive,BTC-USD,buy,0.579467,50000,86286.2,2.15794,378029,0.579467,1,1,86251.6,-4.00463,8,39.984,49980,0,-4.00463,7.9968,0,3.99217,0,0,3.99217,0.747513,22,87,0,21,59.8032,0,0,87,0,0,-1.02357,0.0196125,-1.02357,0.0196125,-1.67832,-0.635068,-1.67832,-0.635068,-0.810811,0.232325,-0.810811,0.232325
size_sweep,calm_thin,50000,passive|prints-only,40,0,True,"coinbase>=1,000,000",prints-only,5101013,10,2.00629,417244,0.524078,4.21667,0.747513,passive,BTC-USD,sell,0.579467,50000,86286.2,2.15794,396028,0.579467,1,1,86244.9,4.78086,8,39.9809,49976.1,0,4.78086,7.99618,-1.29e-08,12.777,1.404e-08,0.000862856,12.777,-0.747513,17,58,0,16,39.9071,0,0,58,0,0,-0.515705,-0.124894,-0.515705,-0.124894,1.44064,1.83152,1.44064,1.83152,5.09953,5.49055,5.09953,5.49055
size_sweep,calm_thin,50000,aggressive,40,0,True,"coinbase>=1,000,000",prints+quotes,5101014,10,2.12306,402905,0.386294,4.5,-10.4625,aggressive,BTC-USD,buy,0.579608,50000,86265.1,2.2825,349143,0.579608,1,0,86279.8,1.70558,18,90.0153,0,50008.5,1.70558,18.0031,-1.8051e-07,19.7086,2.056e-08,0.000861852,19.7086,-10.4625,1,12,0,0,0.0475827,0,0,0,0,0,1.89362,0.188373,,,2.46502,0.759867,,,6.82525,5.12084,,
size_sweep,calm_thin,50000,aggressive,40,0,True,"coinbase>=1,000,000",prints+quotes,5101014,10,2.12306,402905,0.386294,4.5,-10.4625,aggressive,BTC-USD,sell,0.579608,50000,86265.1,2.2825,394517,0.579608,1,0,86251.6,1.56873,18,89.9859,0,49992.2,1.56873,17.9972,1.8051e-07,19.5659,2.056e-08,0.000861646,19.5659,10.4625,1,10,0,0,0.0475827,0,0,0,0,0,1.38058,-0.188373,,,0.808993,-0.759867,,,-3.55267,-5.12084,,
size_sweep,calm_thin,50000,hybrid,40,0,True,"coinbase>=1,000,000",prints+quotes,5101014,10,2.12306,402905,0.386294,4.5,-10.4625,hybrid,BTC-USD,buy,0.579608,50000,86265.1,2.2825,349143,0.579608,1,1,86204.7,-7.00923,8,39.972,49965,0,-7.00923,7.99439,-1.8051e-07,0.98516,2.056e-08,0.000861852,0.985161,-10.4625,16,86,0,15,40.7179,0,0,86,0,0,-0.780767,0.0854747,-0.780767,0.0854747,-0.167182,0.699009,-0.167182,0.699009,1.58061,2.44666,1.58061,2.44666
size_sweep,calm_thin,50000,hybrid,40,0,True,"coinbase>=1,000,000",prints+quotes,5101014,10,2.12306,402905,0.386294,4.5,-10.4625,hybrid,BTC-USD,sell,0.579608,50000,86265.1,2.2825,394517,0.579608,1,0.0374095,86177.2,10.1923,17.6257,88.0388,1869.46,48079.6,10.1923,17.6078,1.8051e-07,27.8001,2.056e-08,0.000861646,27.8001,10.4625,14,41,0,13,42.1431,0,0,29,0,0,1.57747,-0.0287765,-1.8403,-0.769229,1.24298,-0.36322,-2.92868,-1.85773,2.54104,0.934592,-5.19552,-4.1248
size_sweep,calm_thin,50000,hybrid|prints-only,40,0,True,"coinbase>=1,000,000",prints-only,5101014,10,2.12306,402905,0.386294,4.5,-10.4625,hybrid,BTC-USD,buy,0.579608,50000,86265.1,2.2825,349143,0.579608,1,1,86204.7,-7.00923,8,39.972,49965,0,-7.00923,7.99439,-1.8051e-07,0.98516,2.056e-08,0.000861852,0.985161,-10.4625,16,86,0,15,40.7179,0,0,86,0,0,-0.780767,0.0854747,-0.780767,0.0854747,-0.167182,0.699009,-0.167182,0.699009,1.58061,2.44666,1.58061,2.44666
size_sweep,calm_thin,50000,hybrid|prints-only,40,0,True,"coinbase>=1,000,000",prints-only,5101014,10,2.12306,402905,0.386294,4.5,-10.4625,hybrid,BTC-USD,sell,0.579608,50000,86265.1,2.2825,394517,0.579608,1,0.0374095,86177.2,10.1923,17.6257,88.0388,1869.46,48079.6,10.1923,17.6078,1.8051e-07,27.8001,2.056e-08,0.000861646,27.8001,10.4625,14,41,0,13,42.1431,0,0,29,0,0,1.57747,-0.0287765,-1.8403,-0.769229,1.24298,-0.36322,-2.92868,-1.85773,2.54104,0.934592,-5.19552,-4.1248
size_sweep,calm_thin,50000,passive,40,0,True,"coinbase>=1,000,000",prints+quotes,5101014,10,2.12306,402905,0.386294,4.5,-10.4625,passive,BTC-USD,buy,0.579608,50000,86265.1,2.2825,349143,0.579608,1,1,86204.7,-7.00923,8,39.972,49965,0,-7.00923,7.99439,-1.8051e-07,0.98516,2.056e-08,0.000861852,0.985161,-10.4625,16,86,0,15,40.7179,0,0,86,0,0,-0.780767,0.0854747,-0.780767,0.0854747,-0.167182,0.699009,-0.167182,0.699009,1.58061,2.44666,1.58061,2.44666
size_sweep,calm_thin,50000,passive,40,0,True,"coinbase>=1,000,000",prints+quotes,5101014,10,2.12306,402905,0.386294,4.5,-10.4625,passive,BTC-USD,sell,0.579608,50000,86265.1,2.2825,394517,0.173405,0.299176,1,86188.9,8.8395,8,11.9565,14945.6,0,2.64457,2.39129,7.33238,12.3682,1.23106,34998.4,26.1987,10.4625,16,35,0,16,59.8039,0,0,35,0,0,-1.2467,-0.219545,-1.2467,-0.219545,-1.65822,-0.631112,-1.65822,-0.631112,1.2792,2.30661,1.2792,2.30661
size_sweep,calm_thin,50000,passive|prints-only,40,0,True,"coinbase>=1,000,000",prints-only,5101014,10,2.12306,402905,0.386294,4.5,-10.4625,passive,BTC-USD,buy,0.579608,50000,86265.1,2.2825,349143,0.579608,1,1,86204.7,-7.00923,8,39.972,49965,0,-7.00923,7.99439,-1.8051e-07,0.98516,2.056e-08,0.000861852,0.985161,-10.4625,16,86,0,15,40.7179,0,0,86,0,0,-0.780767,0.0854747,-0.780767,0.0854747,-0.167182,0.699009,-0.167182,0.699009,1.58061,2.44666,1.58061,2.44666
size_sweep,calm_thin,50000,passive|prints-only,40,0,True,"coinbase>=1,000,000",prints-only,5101014,10,2.12306,402905,0.386294,4.5,-10.4625,passive,BTC-USD,sell,0.579608,50000,86265.1,2.2825,394517,0.173405,0.299176,1,86188.9,8.8395,8,11.9565,14945.6,0,2.64457,2.39129,7.33238,12.3682,1.23106,34998.4,26.1987,10.4625,16,35,0,16,59.8039,0,0,35,0,0,-1.2467,-0.219545,-1.2467,-0.219545,-1.65822,-0.631112,-1.65822,-0.631112,1.2792,2.30661,1.2792,2.30661
size_sweep,calm_thin,50000,aggressive,40,0,True,"coinbase>=1,000,000",prints+quotes,5101015,10,2.14324,422485,0.355897,3.51667,5.67678,aggressive,BTC-USD,buy,0.579381,50000,86299,1.8575,427759,0.579381,1,0,86313.4,1.67383,18,90.0151,0,50008.4,1.67383,18.003,-1.0878e-15,19.6768,0,0,19.6768,5.67678,1,13,0,0,0.0552631,0,0,0,0,0,1.59012,-0.0834309,,,2.56216,0.888771,,,-0.920501,-2.59447,,
size_sweep,calm_thin,50000,aggressive,40,0,True,"coinbase>=1,000,000",prints+quotes,5101015,10,2.14324,422485,0.355897,3.51667,5.67678,aggressive,BTC-USD,sell,0.579381,50000,86299,1.8575,376061,0.579381,1,0,86285.6,1.55306,18,89.986,0,49992.2,1.55306,17.9972,1.0878e-15,19.5503,0,0,19.5503,-5.67678,1,13,0,0,0.0552631,0,0,0,0,0,1.63677,0.0834309,,,0.664413,-0.888771,,,4.14819,2.59447,,
size_sweep,calm_thin,50000,hybrid,40,0,True,"coinbase>=1,000,000",prints+quotes,5101015,10,2.14324,422485,0.355897,3.51667,5.67678,hybrid,BTC-USD,buy,0.579381,50000,86299,1.8575,427759,0.579381,1,0.174514,86324.3,2.93984,16.2554,81.3011,8725.36,41289.3,2.93984,16.2602,0,19.2001,0,0,19.2001,5.67678,11,57,0,10,42.1656,0,0,50,0,0,1.33631,0.259924,-1.03375,-0.0504659,1.19643,0.119996,-0.364122,0.619097,-2.68478,-3.76169,-3.01618,-2.0327
size_sweep,calm_thin,50000,hybrid,40,0,True,"coinbase>=1,000,000",prints+quotes,5101015,10,2.14324,422485,0.355897,3.51667,5.67678,hybrid,BTC-USD,sell,0.579381,50000,86299,1.8575,376061,0.579381,1,0.573259,86314.6,-1.81442,12.2669,61.3455,28670.8,21338.2,-1.81442,12.2691,-1.0878e-15,10.4547,0,0,10.4547,-5.67678,12,65,0,11,42.1494,0,0,60,0,0,0.187561,0.125364,-0.606281,0.461024,0.0747872,0.012542,-1.0346,0.0326585,4.41596,4.35371,3.45457,4.52232
size_sweep,calm_thin,50000,hybrid|prints-only,40,0,True,"coinbase>=1,000,000",prints-only,5101015,10,2.14324,422485,0.355897,3.51667,5.67678,hybrid,BTC-USD,buy,0.579381,50000,86299,1.8575,427759,0.579381,1,0.174514,86324.3,2.93984,16.2554,81.3011,8725.36,41289.3,2.93984,16.2602,0,19.2001,0,0,19.2001,5.67678,11,57,0,10,42.1656,0,0,50,0,0,1.33631,0.259924,-1.03375,-0.0504659,1.19643,0.119996,-0.364122,0.619097,-2.68478,-3.76169,-3.01618,-2.0327
size_sweep,calm_thin,50000,hybrid|prints-only,40,0,True,"coinbase>=1,000,000",prints-only,5101015,10,2.14324,422485,0.355897,3.51667,5.67678,hybrid,BTC-USD,sell,0.579381,50000,86299,1.8575,376061,0.579381,1,0.573259,86314.6,-1.81442,12.2669,61.3455,28670.8,21338.2,-1.81442,12.2691,-1.0878e-15,10.4547,0,0,10.4547,-5.67678,12,65,0,11,42.1494,0,0,60,0,0,0.187561,0.125364,-0.606281,0.461024,0.0747872,0.012542,-1.0346,0.0326585,4.41596,4.35371,3.45457,4.52232
size_sweep,calm_thin,50000,passive,40,0,True,"coinbase>=1,000,000",prints+quotes,5101015,10,2.14324,422485,0.355897,3.51667,5.67678,passive,BTC-USD,buy,0.579381,50000,86299,1.8575,427759,0.212756,0.367212,1,86305.6,0.77006,8,14.6896,18362,0,0.282775,2.93792,3.5922,6.81289,0.933244,31662,19.1445,5.67678,17,63,0,17,51.2027,0,0,63,0,0,-1.11635,-0.176757,-1.11635,-0.176757,-2.05614,-1.11646,-2.05614,-1.11646,-3.32366,-2.38386,-3.32366,-2.38386
size_sweep,calm_thin,50000,passive,40,0,True,"coinbase>=1,000,000",prints+quotes,5101015,10,2.14324,422485,0.355897,3.51667,5.67678,passive,BTC-USD,sell,0.579381,50000,86299,1.8575,376061,0.43372,0.748592,1,86324,-2.90148,8,29.9524,37440.4,0,-2.17203,5.99047,-1.42719,2.39126,0.340459,12575.8,7.25902,-5.67678,18,83,0,18,60.0106,0,0,83,0,0.00374425,-0.618666,0.407332,-0.618666,0.407332,-0.682613,0.343372,-0.682613,0.343372,3.18145,4.20785,3.18145,4.20785
size_sweep,calm_thin,50000,passive|prints-only,40,0,True,"coinbase>=1,000,000",prints-only,5101015,10,2.14324,422485,0.355897,3.51667,5.67678,passive,BTC-USD,buy,0.579381,50000,86299,1.8575,427759,0.212756,0.367212,1,86305.6,0.77006,8,14.6896,18362,0,0.282775,2.93792,3.5922,6.81289,0.933244,31662,19.1445,5.67678,17,63,0,17,51.2027,0,0,63,0,0,-1.11635,-0.176757,-1.11635,-0.176757,-2.05614,-1.11646,-2.05614,-1.11646,-3.32366,-2.38386,-3.32366,-2.38386
size_sweep,calm_thin,50000,passive|prints-only,40,0,True,"coinbase>=1,000,000",prints-only,5101015,10,2.14324,422485,0.355897,3.51667,5.67678,passive,BTC-USD,sell,0.579381,50000,86299,1.8575,376061,0.43372,0.748592,1,86324,-2.90148,8,29.9524,37440.4,0,-2.17203,5.99047,-1.42719,2.39126,0.340459,12575.8,7.25902,-5.67678,18,83,0,18,60.0106,0,0,83,0,0.00374425,-0.618666,0.407332,-0.618666,0.407332,-0.682613,0.343372,-0.682613,0.343372,3.18145,4.20785,3.18145,4.20785
size_sweep,calm_thin,50000,aggressive,40,0,True,"coinbase>=1,000,000",prints+quotes,5101016,10,1.98514,415756,0.353938,3.98333,2.8352,aggressive,BTC-USD,buy,0.579558,50000,86272.7,2.59526,369688,0.579558,1,0,86285.7,1.5113,18,90.0136,0,50007.6,1.5113,18.0027,0,19.514,0,0,19.514,2.8352,1,6,0,0,0.0226233,0,0,0,0,0,1.48094,-0.030137,,,0.207262,-1.304,,,-2.99663,-4.50838,,
size_sweep,calm_thin,50000,aggressive,40,0,True,"coinbase>=1,000,000",prints+quotes,5101016,10,1.98514,415756,0.353938,3.98333,2.8352,aggressive,BTC-USD,sell,0.579558,50000,86272.7,2.59526,375919,0.579558,1,0,86259.9,1.48651,18,89.9866,0,49992.6,1.48651,17.9973,-0,19.4838,0,0,19.4838,-2.8352,1,11,0,0,0.0226233,0,0,0,0,0,1.51688,0.030137,,,2.79094,1.304,,,5.99579,4.50838,,
size_sweep,calm_thin,50000,hybrid,40,0,True,"coinbase>=1,000,000",prints+quotes,5101016,10,1.98514,415756,0.353938,3.98333,2.8352,hybrid,BTC-USD,buy,0.579558,50000,86272.7,2.59526,369688,0.579558,1,0.468142,86307.1,3.99382,13.3197,66.6253,23410.6,26609.3,3.99382,13.3251,0,17.3189,0,0,17.3189,2.8352,18,66,0,17,42.1352,0,0,60,0,0,0.407895,0.0382826,-0.79988,0.0817756,0.156745,-0.212844,-1.33636,-0.454657,0.362751,-0.00668661,-2.39597,-1.51416
size_sweep,calm_thin,50000,hybrid,40,0,True,"coinbase>=1,000,000",prints+quotes,5101016,10,1.98514,415756,0.353938,3.98333,2.8352,hybrid,BTC-USD,sell,0.579558,50000,86272.7,2.59526,375919,0.579558,1,0.479192,86299.8,-3.14496,13.2083,66.0621,23966.2,26049.5,-3.14496,13.2124,-0,10.0675,0,0,10.0675,-2.8352,14,63,0,13,42.1866,0,0,58,0,0,0.287834,0.122894,-0.711264,0.25646,0.583873,0.418958,-0.0934749,0.8743,0.683839,0.519095,1.55015,2.51811
size_sweep,calm_thin,50000,hybrid|prints-only,40,0,True,"coinbase>=1,000,000",prints-only,5101016,10,1.98514,415756,0.353938,3.98333,2.8352,hybrid,BTC-USD,buy,0.579558,50000,86272.7,2.59526,369688,0.579558,1,0.468142,86307.1,3.99382,13.3197,66.6253,23410.6,26609.3,3.99382,13.3251,0,17.3189,0,0,17.3189,2.8352,18,66,0,17,42.1352,0,0,60,0,0,0.407895,0.0382826,-0.79988,0.0817756,0.156745,-0.212844,-1.33636,-0.454657,0.362751,-0.00668661,-2.39597,-1.51416
size_sweep,calm_thin,50000,hybrid|prints-only,40,0,True,"coinbase>=1,000,000",prints-only,5101016,10,1.98514,415756,0.353938,3.98333,2.8352,hybrid,BTC-USD,sell,0.579558,50000,86272.7,2.59526,375919,0.579558,1,0.479192,86299.8,-3.14496,13.2083,66.0621,23966.2,26049.5,-3.14496,13.2124,-0,10.0675,0,0,10.0675,-2.8352,14,63,0,13,42.1866,0,0,58,0,0,0.287834,0.122894,-0.711264,0.25646,0.583873,0.418958,-0.0934749,0.8743,0.683839,0.519095,1.55015,2.51811
size_sweep,calm_thin,50000,passive,40,0,True,"coinbase>=1,000,000",prints+quotes,5101016,10,1.98514,415756,0.353938,3.98333,2.8352,passive,BTC-USD,buy,0.579558,50000,86272.7,2.59526,369688,0.378083,0.652364,1,86289.2,1.91286,8,26.0995,32624.4,0,1.24788,5.21991,0.985617,7.45341,0.397505,17388.7,14.1108,2.8352,20,99,0,20,60.004,0,0,99,0,6.073e-05,-0.781619,0.123498,-0.781619,0.123498,-0.942487,-0.0373589,-0.942487,-0.0373589,-1.95079,-1.04557,-1.95079,-1.04557
size_sweep,calm_thin,50000,passive,40,0,True,"coinbase>=1,000,000",prints+quotes,5101016,10,1.98514,415756,0.353938,3.98333,2.8352,passive,BTC-USD,sell,0.579558,50000,86272.7,2.59526,375919,0.297989,0.514167,1,86298.1,-2.94707,8,20.5727,25715.9,0,-1.51529,4.11455,-1.37743,1.22183,0.64204,24295.3,10.6102,-2.8352,15,76,0,15,49.5078,0,0,76,0,0,-0.754018,0.218011,-0.754018,0.218011,-0.256977,0.715092,-0.256977,0.715092,1.32009,2.29234,1.32009,2.29234
size_sweep,calm_thin,50000,passive|prints-only,40,0,True,"coinbase>=1,000,000",prints-only,5101016,10,1.98514,415756,0.353938,3.98333,2.8352,passive,BTC-USD,buy,0.579558,50000,86272.7,2.59526,369688,0.378083,0.652364,1,86289.2,1.91286,8,26.0995,32624.4,0,1.24788,5.21991,0.985617,7.45341,0.397505,17388.7,14.1108,2.8352,20,99,0,20,60.004,0,0,99,0,6.073e-05,-0.781619,0.123498,-0.781619,0.123498,-0.942487,-0.0373589,-0.942487,-0.0373589,-1.95079,-1.04557,-1.95079,-1.04557
size_sweep,calm_thin,50000,passive|prints-only,40,0,True,"coinbase>=1,000,000",prints-only,5101016,10,1.98514,415756,0.353938,3.98333,2.8352,passive,BTC-USD,sell,0.579558,50000,86272.7,2.59526,375919,0.297989,0.514167,1,86298.1,-2.94707,8,20.5727,25715.9,0,-1.51529,4.11455,-1.37743,1.22183,0.64204,24295.3,10.6102,-2.8352,15,76,0,15,49.5078,0,0,76,0,0,-0.754018,0.218011,-0.754018,0.218011,-0.256977,0.715092,-0.256977,0.715092,1.32009,2.29234,1.32009,2.29234
size_sweep,calm_thin,50000,aggressive,40,0,True,"coinbase>=1,000,000",prints+quotes,5101017,10,2.08381,409543,0.399249,4.15,-9.34421,aggressive,BTC-USD,buy,0.579486,50000,86283.4,2.26695,418378,0.579486,1,0,86298,1.69588,18,90.0153,0,50008.5,1.69588,18.0031,-1.6125e-07,19.6989,2.089e-08,0.000862132,19.6989,-9.34421,1,13,0,0,0.0759426,0,0,0,0,0,1.49802,-0.197605,,,1.0768,-0.618891,,,2.61102,0.915587,,
size_sweep,calm_thin,50000,aggressive,40,0,True,"coinbase>=1,000,000",prints+quotes,5101017,10,2.08381,409543,0.399249,4.15,-9.34421,aggressive,BTC-USD,sell,0.579486,50000,86283.4,2.26695,354835,0.579486,1,0,86263.3,2.32824,18,89.979,0,49988.4,2.32824,17.9958,1.6125e-07,20.324,2.089e-08,0.000861923,20.324,9.34421,1,16,0,0,0.0759426,0,0,0,0,0,2.52645,0.197605,,,2.94784,0.618891,,,1.413,-0.915587,,
size_sweep,calm_thin,50000,hybrid,40,0,True,"coinbase>=1,000,000",prints+quotes,5101017,10,2.08381,409543,0.399249,4.15,-9.34421,hybrid,BTC-USD,buy,0.579486,50000,86283.4,2.26695,418378,0.579486,1,0.499115,86257.8,-2.96627,13.0083,65.022,24951.3,25033.8,-2.96627,13.0044,-1.6125e-07,10.0381,2.089e-08,0.000862132,10.0381,-9.34421,15,83,0,14,42.1506,0,0,77,0,0,0.201434,0.0660198,-0.990848,0.0461586,1.27969,1.14431,-0.152914,0.884007,4.81273,4.67714,5.67022,6.70653
size_sweep,calm_thin,50000,hybrid,40,0,True,"coinbase>=1,000,000",prints+quotes,5101017,10,2.08381,409543,0.399249,4.15,-9.34421,hybrid,BTC-USD,sell,0.579486,50000,86283.4,2.26695,354835,0.579486,1,0.756136,86269.6,1.60203,10.4375,52.179,37806.6,12185.4,1.60203,10.4358,0,12.0378,0,0,12.0378,9.34421,13,60,0,12,42.1506,0,0,54,0,0,-0.149524,0.11742,-0.47686,0.182965,-1.93794,-1.67105,-2.41698,-1.75728,-6.97403,-6.70743,-8.67371,-8.01442
size_sweep,calm_thin,50000,hybrid|prints-only,40,0,True,"coinbase>=1,000,000",prints-only,5101017,10,2.08381,409543,0.399249,4.15,-9.34421,hybrid,BTC-USD,buy,0.579486,50000,86283.4,2.26695,418378,0.579486,1,0.499115,86257.8,-2.96627,13.0083,65.022,24951.3,25033.8,-2.96627,13.0044,-1.6125e-07,10.0381,2.089e-08,0.000862132,10.0381,-9.34421,15,83,0,14,42.1506,0,0,77,0,0,0.201434,0.0660198,-0.990848,0.0461586,1.27969,1.14431,-0.152914,0.884007,4.81273,4.67714,5.67022,6.70653
size_sweep,calm_thin,50000,hybrid|prints-only,40,0,True,"coinbase>=1,000,000",prints-only,5101017,10,2.08381,409543,0.399249,4.15,-9.34421,hybrid,BTC-USD,sell,0.579486,50000,86283.4,2.26695,354835,0.579486,1,0.756136,86269.6,1.60203,10.4375,52.179,37806.6,12185.4,1.60203,10.4358,0,12.0378,0,0,12.0378,9.34421,13,60,0,12,42.1506,0,0,54,0,0,-0.149524,0.11742,-0.47686,0.182965,-1.93794,-1.67105,-2.41698,-1.75728,-6.97403,-6.70743,-8.67371,-8.01442
size_sweep,calm_thin,50000,passive,40,0,True,"coinbase>=1,000,000",prints+quotes,5101017,10,2.08381,409543,0.399249,4.15,-9.34421,passive,BTC-USD,buy,0.579486,50000,86283.4,2.26695,418378,0.329187,0.568068,1,86261.5,-2.53287,8,22.717,28396.2,0,-1.43884,4.54339,-4.03606,-0.931512,0.615676,21579.5,7.45278,-9.34421,20,115,0,20,59.4144,0,0,115,0,0,-0.941594,0.0615288,-0.941594,0.0615288,-0.0376393,0.965396,-0.0376393,0.965396,4.89755,5.90006,4.89755,5.90006
size_sweep,calm_thin,50000,passive,40,0,True,"coinbase>=1,000,000",prints+quotes,5101017,10,2.08381,409543,0.399249,4.15,-9.34421,passive,BTC-USD,sell,0.579486,50000,86283.4,2.26695,354835,0.449998,0.776547,1,86281.6,0.205493,8,31.0612,38826.6,0,0.159575,6.21225,2.08799,8.45981,0.301793,11160.7,12.7795,9.34421,17,62,0,17,52.3004,0,0,62,0,0,-0.495113,0.170894,-0.495113,0.170894,-2.42304,-1.75716,-2.42304,-1.75716,-8.48211,-7.81662,-8.48211,-7.81662
size_sweep,calm_thin,50000,passive|prints-only,40,0,True,"coinbase>=1,000,000",prints-only,5101017,10,2.08381,409543,0.399249,4.15,-9.34421,passive,BTC-USD,buy,0.579486,50000,86283.4,2.26695,418378,0.329187,0.568068,1,86261.5,-2.53287,8,22.717,28396.2,0,-1.43884,4.54339,-4.03606,-0.931512,0.615676,21579.5,7.45278,-9.34421,20,115,0,20,59.4144,0,0,115,0,0,-0.941594,0.0615288,-0.941594,0.0615288,-0.0376393,0.965396,-0.0376393,0.965396,4.89755,5.90006,4.89755,5.90006
size_sweep,calm_thin,50000,passive|prints-only,40,0,True,"coinbase>=1,000,000",prints-only,5101017,10,2.08381,409543,0.399249,4.15,-9.34421,passive,BTC-USD,sell,0.579486,50000,86283.4,2.26695,354835,0.449998,0.776547,1,86281.6,0.205493,8,31.0612,38826.6,0,0.159575,6.21225,2.08799,8.45981,0.301793,11160.7,12.7795,9.34421,17,62,0,17,52.3004,0,0,62,0,0,-0.495113,0.170894,-0.495113,0.170894,-2.42304,-1.75716,-2.42304,-1.75716,-8.48211,-7.81662,-8.48211,-7.81662
size_sweep,calm_thin,50000,aggressive,40,0,True,"coinbase>=1,000,000",prints+quotes,5101018,10,2.1294,414451,0.301552,4.18333,-7.62349,aggressive,BTC-USD,buy,0.579601,50000,86266.3,2.59545,389850,0.579601,1,0,86283.1,1.952,18,90.0176,0,50009.8,1.952,18.0035,-0,19.9555,0,0,19.9555,-7.62349,1,6,0,0,0.0501629,0,0,0,0,0,2.60122,0.649732,,,2.41636,0.46484,,,4.25218,2.30101,,
size_sweep,calm_thin,50000,aggressive,40,0,True,"coinbase>=1,000,000",prints+quotes,5101018,10,2.1294,414451,0.301552,4.18333,-7.62349,aggressive,BTC-USD,sell,0.579601,50000,86266.3,2.59545,437361,0.579601,1,0,86251.5,1.71189,18,89.9846,0,49991.4,1.71189,17.9969,0,19.7088,0,0,19.7088,7.62349,1,11,0,0,0.0501629,0,0,0,0,0,1.06234,-0.649732,,,1.24727,-0.46484,,,-0.58922,-2.30101,,
size_sweep,calm_thin,50000,hybrid,40,0,True,"coinbase>=1,000,000",prints+quotes,5101018,10,2.1294,414451,0.301552,4.18333,-7.62349,hybrid,BTC-USD,buy,0.579601,50000,86266.3,2.59545,389850,0.579601,1,0.169279,86245.1,-2.45602,16.3072,81.5161,8461.8,41525.9,-2.45602,16.3032,-1.46028e-15,13.8472,0,0,13.8472,-7.62349,12,72,0,11,42.1412,0,0,63,0,0,1.22528,0.144151,-1.11398,-0.204107,2.62407,1.54315,-1.03305,-0.123194,4.27181,3.19095,3.44035,4.34979
size_sweep,calm_thin,50000,hybrid,40,0,True,"coinbase>=1,000,000",prints+quotes,5101018,10,2.1294,414451,0.301552,4.18333,-7.62349,hybrid,BTC-USD,sell,0.579601,50000,86266.3,2.59545,437361,0.579601,1,0.244304,86227.9,4.45629,15.5561,77.746,12213.9,37763.8,4.45629,15.5492,0,20.0055,0,0,20.0055,7.62349,12,48,0,11,42.1412,0,0,40,0,0,0.853601,-0.161059,-0.902658,0.00615464,-0.507807,-1.52227,-1.31613,-0.407357,-2.55777,-3.57222,-6.39035,-5.48203
size_sweep,calm_thin,50000,hybrid|prints-only,40,0,True,"coinbase>=1,000,000",prints-only,5101018,10,2.1294,414451,0.301552,4.18333,-7.62349,hybrid,BTC-USD,buy,0.579601,50000,86266.3,2.59545,389850,0.579601,1,0.169279,86245.1,-2.45602,16.3072,81.5161,8461.8,41525.9,-2.45602,16.3032,-1.46028e-15,13.8472,0,0,13.8472,-7.62349,12,72,0,11,42.1412,0,0,63,0,0,1.22528,0.144151,-1.11398,-0.204107,2.62407,1.54315,-1.03305,-0.123194,4.27181,3.19095,3.44035,4.34979
size_sweep,calm_thin,50000,hybrid|prints-only,40,0,True,"coinbase>=1,000,000",prints-only,5101018,10,2.1294,414451,0.301552,4.18333,-7.62349,hybrid,BTC-USD,sell,0.579601,50000,86266.3,2.59545,437361,0.579601,1,0.244304,86227.9,4.45629,15.5561,77.746,12213.9,37763.8,4.45629,15.5492,0,20.0055,0,0,20.0055,7.62349,12,48,0,11,42.1412,0,0,40,0,0,0.853601,-0.161059,-0.902658,0.00615464,-0.507807,-1.52227,-1.31613,-0.407357,-2.55777,-3.57222,-6.39035,-5.48203
size_sweep,calm_thin,50000,passive,40,0,True,"coinbase>=1,000,000",prints+quotes,5101018,10,2.1294,414451,0.301552,4.18333,-7.62349,passive,BTC-USD,buy,0.579601,50000,86266.3,2.59545,389850,0.579601,1,1,86198.8,-7.82354,8,39.9687,49960.9,0,-7.82354,7.99374,-1.3153e-07,0.170204,1.826e-08,0.000862097,0.170204,-7.62349,17,96,0,16,53.2102,0,0,96,0,0,-1.36207,0.154554,-1.36207,0.154554,-1.25631,0.260307,-1.25631,0.260307,-2.00469,-0.487888,-2.00469,-0.487888
size_sweep,calm_thin,50000,passive,40,0,True,"coinbase>=1,000,000",prints+quotes,5101018,10,2.1294,414451,0.301552,4.18333,-7.62349,passive,BTC-USD,sell,0.579601,50000,86266.3,2.59545,437361,0.147753,0.254923,1,86255.9,1.20602,8,10.1957,12744.6,0,0.307443,2.03914,5.68009,8.02667,1.02043,37220.4,22.4464,7.62349,16,58,0,16,59.808,0,0,58,0,0,-0.915003,0.0015347,-0.915003,0.0015347,-1.33815,-0.421651,-1.33815,-0.421651,-6.1603,-5.24424,-6.1603,-5.24424
size_sweep,calm_thin,50000,passive|prints-only,40,0,True,"coinbase>=1,000,000",prints-only,5101018,10,2.1294,414451,0.301552,4.18333,-7.62349,passive,BTC-USD,buy,0.579601,50000,86266.3,2.59545,389850,0.579601,1,1,86198.8,-7.82354,8,39.9687,49960.9,0,-7.82354,7.99374,-1.3153e-07,0.170204,1.826e-08,0.000862097,0.170204,-7.62349,17,96,0,16,53.2102,0,0,96,0,0,-1.36207,0.154554,-1.36207,0.154554,-1.25631,0.260307,-1.25631,0.260307,-2.00469,-0.487888,-2.00469,-0.487888
size_sweep,calm_thin,50000,passive|prints-only,40,0,True,"coinbase>=1,000,000",prints-only,5101018,10,2.1294,414451,0.301552,4.18333,-7.62349,passive,BTC-USD,sell,0.579601,50000,86266.3,2.59545,437361,0.147753,0.254923,1,86255.9,1.20602,8,10.1957,12744.6,0,0.307443,2.03914,5.68009,8.02667,1.02043,37220.4,22.4464,7.62349,16,58,0,16,59.808,0,0,58,0,0,-0.915003,0.0015347,-0.915003,0.0015347,-1.33815,-0.421651,-1.33815,-0.421651,-6.1603,-5.24424,-6.1603,-5.24424
size_sweep,calm_thin,50000,aggressive,40,0,True,"coinbase>=1,000,000",prints+quotes,5101019,10,2.203,404900,0.274322,5.23333,-1.0373,aggressive,BTC-USD,buy,0.579495,50000,86282.1,2.43388,398903,0.579495,1,0,86296,1.62005,18,90.0146,0,50008.1,1.62005,18.0029,-0,19.623,0,0,19.623,-1.0373,1,11,0,0,0.0292004,0,0,0,0,0,1.61979,0,,,1.81215,0.192392,,,4.93164,3.31239,,
size_sweep,calm_thin,50000,aggressive,40,0,True,"coinbase>=1,000,000",prints+quotes,5101019,10,2.203,404900,0.274322,5.23333,-1.0373,aggressive,BTC-USD,sell,0.579495,50000,86282.1,2.43388,450986,0.579495,1,0,86267.2,1.71923,18,89.9845,0,49991.4,1.71923,17.9969,0,19.7161,0,0,19.7161,1.0373,1,13,0,0,0.0292004,0,0,0,0,0,1.71954,0,,,1.52711,-0.192392,,,-1.59343,-3.31239,,
size_sweep,calm_thin,50000,hybrid,40,0,True,"coinbase>=1,000,000",prints+quotes,5101019,10,2.203,404900,0.274322,5.23333,-1.0373,hybrid,BTC-USD,buy,0.579495,50000,86282.1,2.43388,398903,0.579495,1,0.801339,86252.7,-3.40197,9.98711,49.9186,40050.8,9932.19,-3.40197,9.98372,-0,6.58175,0,0,6.58175,-1.0373,10,84,0,9,42.1324,0,0,81,0,0,-0.505178,0.00908403,-0.957733,0.0144974,-0.926944,-0.412624,-1.55259,-0.580299,-1.89898,-1.3846,-2.56676,-1.59437
size_sweep,calm_thin,50000,hybrid,40,0,True,"coinbase>=1,000,000",prints+quotes,5101019,10,2.203,404900,0.274322,5.23333,-1.0373,hybrid,BTC-USD,sell,0.579495,50000,86282.1,2.43388,450986,0.579495,1,1,86276.6,0.630585,8,39.9975,49996.8,0,0.630585,7.9995,1.79e-08,8.63008,1.566e-08,0.000862653,8.63008,1.0373,4,42,0,3,22.7386,0,0,42,0,0,-1.28808,-0.257362,-1.28808,-0.257362,-2.00745,-0.97681,-2.00745,-0.97681,-1.76876,-0.738093,-1.76876,-0.738093
size_sweep,calm_thin,50000,hybrid|prints-only,40,0,True,"coinbase>=1,000,000",prints-only,5101019,10,2.203,404900,0.274322,5.23333,-1.0373,hybrid,BTC-USD,buy,0.579495,50000,86282.1,2.43388,398903,0.579495,1,0.801339,86252.7,-3.40197,9.98711,49.9186,40050.8,9932.19,-3.40197,9.98372,-0,6.58175,0,0,6.58175,-1.0373,10,84,0,9,42.1324,0,0,81,0,0,-0.505178,0.00908403,-0.957733,0.0144974,-0.926944,-0.412624,-1.55259,-0.580299,-1.89898,-1.3846,-2.56676,-1.59437
size_sweep,calm_thin,50000,hybrid|prints-only,40,0,True,"coinbase>=1,000,000",prints-only,5101019,10,2.203,404900,0.274322,5.23333,-1.0373,hybrid,BTC-USD,sell,0.579495,50000,86282.1,2.43388,450986,0.579495,1,1,86276.6,0.630585,8,39.9975,49996.8,0,0.630585,7.9995,1.79e-08,8.63008,1.566e-08,0.000862653,8.63008,1.0373,4,42,0,3,22.7386,0,0,42,0,0,-1.28808,-0.257362,-1.28808,-0.257362,-2.00745,-0.97681,-2.00745,-0.97681,-1.76876,-0.738093,-1.76876,-0.738093
size_sweep,calm_thin,50000,passive,40,0,True,"coinbase>=1,000,000",prints+quotes,5101019,10,2.203,404900,0.274322,5.23333,-1.0373,passive,BTC-USD,buy,0.579495,50000,86282.1,2.43388,398903,0.52941,0.913571,1,86248.4,-3.89587,8,36.5286,45660.8,0,-3.55916,7.30572,-0.089652,3.65691,0.0825435,4321.4,5.29516,-1.0373,13,122,0,13,59.6052,0,0,122,0,0,-0.955205,0.0155326,-0.955205,0.0155326,-1.51189,-0.541096,-1.51189,-0.541096,-2.26671,-1.29584,-2.26671,-1.29584
size_sweep,calm_thin,50000,passive,40,0,True,"coinbase>=1,000,000",prints+quotes,5101019,10,2.203,404900,0.274322,5.23333,-1.0373,passive,BTC-USD,sell,0.579495,50000,86282.1,2.43388,450986,0.579495,1,1,86276.6,0.630585,8,39.9975,49996.8,0,0.630585,7.9995,1.79e-08,8.63008,1.566e-08,0.000862653,8.63008,1.0373,4,42,0,3,22.7386,0,0,42,0,0,-1.28808,-0.257362,-1.28808,-0.257362,-2.00745,-0.97681,-2.00745,-0.97681,-1.76876,-0.738093,-1.76876,-0.738093
size_sweep,calm_thin,50000,passive|prints-only,40,0,True,"coinbase>=1,000,000",prints-only,5101019,10,2.203,404900,0.274322,5.23333,-1.0373,passive,BTC-USD,buy,0.579495,50000,86282.1,2.43388,398903,0.52941,0.913571,1,86248.4,-3.89587,8,36.5286,45660.8,0,-3.55916,7.30572,-0.089652,3.65691,0.0825435,4321.4,5.29516,-1.0373,13,122,0,13,59.6052,0,0,122,0,0,-0.955205,0.0155326,-0.955205,0.0155326,-1.51189,-0.541096,-1.51189,-0.541096,-2.26671,-1.29584,-2.26671,-1.29584
size_sweep,calm_thin,50000,passive|prints-only,40,0,True,"coinbase>=1,000,000",prints-only,5101019,10,2.203,404900,0.274322,5.23333,-1.0373,passive,BTC-USD,sell,0.579495,50000,86282.1,2.43388,450986,0.579495,1,1,86276.6,0.630585,8,39.9975,49996.8,0,0.630585,7.9995,1.79e-08,8.63008,1.566e-08,0.000862653,8.63008,1.0373,4,42,0,3,22.7386,0,0,42,0,0,-1.28808,-0.257362,-1.28808,-0.257362,-2.00745,-0.97681,-2.00745,-0.97681,-1.76876,-0.738093,-1.76876,-0.738093
size_sweep,calm_thin,250000,aggressive,40,0,True,"coinbase>=1,000,000",prints+quotes,5102000,10,1.9533,423860,0.346956,3.68333,-3.74846,aggressive,BTC-USD,buy,2.89769,250000,86275.5,1.98898,379861,2.89769,1,0,86299.2,2.74384,18,450.123,0,250069,2.74384,18.0049,5.74474e-16,20.7488,0,0,20.7488,-3.74846,1,56,0,0,0.05755,0,0,0,0,0,2.19086,-0.5523,,,2.19086,-0.5523,,,2.30963,-0.433495,,
size_sweep,calm_thin,250000,aggressive,40,0,True,"coinbase>=1,000,000",prints+quotes,5102000,10,1.9533,423860,0.346956,3.68333,-3.74846,aggressive,BTC-USD,sell,2.89769,250000,86275.5,1.98898,415793,2.89769,1,0,86251.2,2.8242,18,449.873,0,249929,2.8242,17.9949,-1.14895e-15,20.8191,0,0,20.8191,3.74846,1,49,0,0,0.05755,0,0,0,0,0,3.37753,0.5523,,,3.37753,0.5523,,,3.25869,0.433495,,
size_sweep,calm_thin,250000,hybrid,40,0,True,"coinbase>=1,000,000",prints+quotes,5102000,10,1.9533,423860,0.346956,3.68333,-3.74846,hybrid,BTC-USD,buy,2.89769,250000,86275.5,1.98898,379861,2.89769,1,0.0609251,86288.3,1.48526,17.3909,434.837,15229.8,234807,1.48526,17.3935,-5.74474e-16,18.8787,0,0,18.8787,-3.74846,12,85,0,11,42.0307,0,0,48,0,0,3.18677,0.668723,-0.624373,0.166322,4.00208,1.48425,-0.469482,0.3212,3.21455,0.696483,0.760491,1.55107
size_sweep,calm_thin,250000,hybrid,40,0,True,"coinbase>=1,000,000",prints+quotes,5102000,10,1.9533,423860,0.346956,3.68333,-3.74846,hybrid,BTC-USD,sell,2.89769,250000,86275.5,1.98898,415793,2.89769,1,0.00938961,86248.2,3.16319,17.9061,447.51,2347.62,247573,3.16319,17.9004,-1.14895e-15,21.0636,0,0,21.0636,3.74846,14,95,0,13,42.1368,0,0,52,0,0,1.38907,-0.480949,-1.01149,-0.161405,0.533113,-1.33674,-1.59132,-0.741278,1.42455,-0.445482,-3.59354,-2.74367
size_sweep,calm_thin,250000,hybrid|prints-only,40,0,True,"coinbase>=1,000,000",prints-only,5102000,10,1.9533,423860,0.346956,3.68333,-3.74846,hybrid,BTC-USD,buy,2.89769,250000,86275.5,1.98898,379861,2.89769,1,0.0609251,86288.3,1.48526,17.3909,434.837,15229.8,234807,1.48526,17.3935,-5.74474e-16,18.8787,0,0,18.8787,-3.74846,12,85,0,11,42.0307,0,0,48,0,0,3.18677,0.668723,-0.624373,0.166322,4.00208,1.48425,-0.469482,0.3212,3.21455,0.696483,0.760491,1.55107
size_sweep,calm_thin,250000,hybrid|prints-only,40,0,True,"coinbase>=1,000,000",prints-only,5102000,10,1.9533,423860,0.346956,3.68333,-3.74846,hybrid,BTC-USD,sell,2.89769,250000,86275.5,1.98898,415793,2.89769,1,0.00938961,86248.2,3.16319,17.9061,447.51,2347.62,247573,3.16319,17.9004,-1.14895e-15,21.0636,0,0,21.0636,3.74846,14,95,0,13,42.1368,0,0,52,0,0,1.38907,-0.480949,-1.01149,-0.161405,0.533113,-1.33674,-1.59132,-0.741278,1.42455,-0.445482,-3.59354,-2.74367
size_sweep,calm_thin,250000,passive,40,0,True,"coinbase>=1,000,000",prints+quotes,5102000,10,1.9533,423860,0.346956,3.68333,-3.74846,passive,BTC-USD,buy,2.89769,250000,86275.5,1.98898,379861,0.397022,0.137013,1,86251.2,-2.81746,8,27.3949,34243.6,0,-0.386029,1.0958,-3.23487,-2.5251,2.43892,215727,15.4461,-3.74846,15,80,0,15,59.9033,0,0,80,0,0,-0.942486,-0.0710482,-0.942486,-0.0710482,-1.25729,-0.38582,-1.25729,-0.38582,-1.7327,-0.861181,-1.7327,-0.861181
size_sweep,calm_thin,250000,passive,40,0,True,"coinbase>=1,000,000",prints+quotes,5102000,10,1.9533,423860,0.346956,3.68333,-3.74846,passive,BTC-USD,sell,2.89769,250000,86275.5,1.98898,415793,0.0535637,0.018485,1,86272,0.406675,8,3.69684,4621.05,0,0.00751737,0.147874,3.67917,3.83456,1.81217,245241,23.3041,3.74846,15,56,0,15,55.826,0,0,56,0,0,-1.03347,-0.0746481,-1.03347,-0.0746481,-1.69009,-0.731332,-1.69009,-0.731332,-1.88117,-0.922404,-1.88117,-0.922404
size_sweep,calm_thin,250000,passive|prints-only,40,0,True,"coinbase>=1,000,000",prints-only,5102000,10,1.9533,423860,0.346956,3.68333,-3.74846,passive,BTC-USD,buy,2.89769,250000,86275.5,1.98898,379861,0.397022,0.137013,1,86251.2,-2.81746,8,27.3949,34243.6,0,-0.386029,1.0958,-3.23487,-2.5251,2.43892,215727,15.4461,-3.74846,15,80,0,15,59.9033,0,0,80,0,0,-0.942486,-0.0710482,-0.942486,-0.0710482,-1.25729,-0.38582,-1.25729,-0.38582,-1.7327,-0.861181,-1.7327,-0.861181
size_sweep,calm_thin,250000,passive|prints-only,40,0,True,"coinbase>=1,000,000",prints-only,5102000,10,1.9533,423860,0.346956,3.68333,-3.74846,passive,BTC-USD,sell,2.89769,250000,86275.5,1.98898,415793,0.0535637,0.018485,1,86272,0.406675,8,3.69684,4621.05,0,0.00751737,0.147874,3.67917,3.83456,1.81217,245241,23.3041,3.74846,15,56,0,15,55.826,0,0,56,0,0,-1.03347,-0.0746481,-1.03347,-0.0746481,-1.69009,-0.731332,-1.69009,-0.731332,-1.88117,-0.922404,-1.88117,-0.922404
size_sweep,calm_thin,250000,aggressive,40,0,True,"coinbase>=1,000,000",prints+quotes,5102001,10,2.03687,413471,0.254374,4.26667,-2.85285,aggressive,BTC-USD,buy,2.89688,250000,86299.7,1.50985,418211,2.89688,1,0,86321.4,2.50737,18,450.113,0,250063,2.50737,18.0045,-0,20.5119,0,0,20.5119,-2.85285,1,47,0,0,0.0310656,0,0,0,0,0,2.35145,-0.155273,,,2.33986,-0.16686,,,5.88418,3.37834,,
size_sweep,calm_thin,250000,aggressive,40,0,True,"coinbase>=1,000,000",prints+quotes,5102001,10,2.03687,413471,0.254374,4.26667,-2.85285,aggressive,BTC-USD,sell,2.89688,250000,86299.7,1.50985,351934,2.89688,1,0,86274.1,2.97617,18,449.866,0,249926,2.97617,17.9946,4.37339e-16,20.9708,0,0,20.9708,2.85285,1,56,0,0,0.0310656,0,0,0,0,0,3.13248,0.155273,,,3.14407,0.16686,,,-0.402188,-3.37834,,
size_sweep,calm_thin,250000,hybrid,40,0,True,"coinbase>=1,000,000",prints+quotes,5102001,10,2.03687,413471,0.254374,4.26667,-2.85285,hybrid,BTC-USD,buy,2.89688,250000,86299.7,1.50985,418211,2.89688,1,0.232011,86287.2,-1.45902,15.6803,391.951,57983.8,191980,-1.45902,15.678,-1.9696e-08,14.219,7.292e-09,0.00172568,14.219,-2.85285,10,91,0,9,42.1491,0,0,48,0,0,1.87535,-0.131723,-0.75003,-0.143751,1.94801,-0.0590475,-0.728403,-0.122124,4.16989,2.16341,-0.277563,0.328655
size_sweep,calm_thin,250000,hybrid,40,0,True,"coinbase>=1,000,000",prints+quotes,5102001,10,2.03687,413471,0.254374,4.26667,-2.85285,hybrid,BTC-USD,sell,2.89688,250000,86299.7,1.50985,351934,2.89688,1,0.128859,86255.1,5.16963,16.7109,417.557,32210.8,217660,5.16963,16.7023,0,21.8719,0,0,21.8719,2.85285,14,86,0,13,42.1463,0,0,52,0,0,1.74792,0.091614,-1.19749,-0.154976,1.63435,-0.0219384,-1.4831,-0.440612,-0.838195,-2.494,-2.02413,-0.981702
size_sweep,calm_thin,250000,hybrid|prints-only,40,0,True,"coinbase>=1,000,000",prints-only,5102001,10,2.03687,413471,0.254374,4.26667,-2.85285,hybrid,BTC-USD,buy,2.89688,250000,86299.7,1.50985,418211,2.89688,1,0.232011,86287.2,-1.45902,15.6803,391.951,57983.8,191980,-1.45902,15.678,-1.9696e-08,14.219,7.292e-09,0.00172568,14.219,-2.85285,10,91,0,9,42.1491,0,0,48,0,0,1.87535,-0.131723,-0.75003,-0.143751,1.94801,-0.0590475,-0.728403,-0.122124,4.16989,2.16341,-0.277563,0.328655
size_sweep,calm_thin,250000,hybrid|prints-only,40,0,True,"coinbase>=1,000,000",prints-only,5102001,10,2.03687,413471,0.254374,4.26667,-2.85285,hybrid,BTC-USD,sell,2.89688,250000,86299.7,1.50985,351934,2.89688,1,0.128859,86255.1,5.16963,16.7109,417.557,32210.8,217660,5.16963,16.7023,0,21.8719,0,0,21.8719,2.85285,14,86,0,13,42.1463,0,0,52,0,0,1.74792,0.091614,-1.19749,-0.154976,1.63435,-0.0219384,-1.4831,-0.440612,-0.838195,-2.494,-2.02413,-0.981702
size_sweep,calm_thin,250000,passive,40,0,True,"coinbase>=1,000,000",prints+quotes,5102001,10,2.03687,413471,0.254374,4.26667,-2.85285,passive,BTC-USD,buy,2.89688,250000,86299.7,1.50985,418211,0.778645,0.268787,1,86270.2,-3.41812,8,53.7391,67173.9,0,-0.918748,2.14956,-2.08604,-0.855223,1.4103,182786,13.7157,-2.85285,11,57,0,11,57.5051,0,0,57,0,0,-0.811293,-0.182864,-0.811293,-0.182864,-0.818085,-0.189655,-0.818085,-0.189655,-0.400231,0.228145,-0.400231,0.228145
size_sweep,calm_thin,250000,passive,40,0,True,"coinbase>=1,000,000",prints+quotes,5102001,10,2.03687,413471,0.254374,4.26667,-2.85285,passive,BTC-USD,sell,2.89688,250000,86299.7,1.50985,351934,0.39685,0.136992,1,86288.9,1.26098,8,27.395,34243.7,0,0.172745,1.0958,2.46203,3.73057,2.30923,215633,21.5654,2.85285,16,63,0,16,59.9057,0,0,63,0,0,-1.17188,-0.136568,-1.17188,-0.136568,-1.43464,-0.399359,-1.43464,-0.399359,-1.87451,-0.83927,-1.87451,-0.83927
size_sweep,calm_thin,250000,passive|prints-only,40,0,True,"coinbase>=1,000,000",prints-only,5102001,10,2.03687,413471,0.254374,4.26667,-2.85285,passive,BTC-USD,buy,2.89688,250000,86299.7,1.50985,418211,0.778645,0.268787,1,86270.2,-3.41812,8,53.7391,67173.9,0,-0.918748,2.14956,-2.08604,-0.855223,1.4103,182786,13.7157,-2.85285,11,57,0,11,57.5051,0,0,57,0,0,-0.811293,-0.182864,-0.811293,-0.182864,-0.818085,-0.189655,-0.818085,-0.189655,-0.400231,0.228145,-0.400231,0.228145
size_sweep,calm_thin,250000,passive|prints-only,40,0,True,"coinbase>=1,000,000",prints-only,5102001,10,2.03687,413471,0.254374,4.26667,-2.85285,passive,BTC-USD,sell,2.89688,250000,86299.7,1.50985,351934,0.39685,0.136992,1,86288.9,1.26098,8,27.395,34243.7,0,0.172745,1.0958,2.46203,3.73057,2.30923,215633,21.5654,2.85285,16,63,0,16,59.9057,0,0,63,0,0,-1.17188,-0.136568,-1.17188,-0.136568,-1.43464,-0.399359,-1.43464,-0.399359,-1.87451,-0.83927,-1.87451,-0.83927
size_sweep,calm_thin,250000,aggressive,40,0,True,"coinbase>=1,000,000",prints+quotes,5102002,10,1.99637,405038,0.288155,4.45,-5.38091,aggressive,BTC-USD,buy,2.89701,250000,86295.9,2.31761,466022,2.89701,1,0,86314.5,2.15969,18,450.097,0,250054,2.15969,18.0039,-1.6497e-15,20.1636,0,0,20.1636,-5.38091,1,42,0,0,0.0404232,0,0,0,0,0,2.1047,-0.0544638,,,0.978011,-1.1814,,,1.66909,-0.490174,,
size_sweep,calm_thin,250000,aggressive,40,0,True,"coinbase>=1,000,000",prints+quotes,5102002,10,1.99637,405038,0.288155,4.45,-5.38091,aggressive,BTC-USD,sell,2.89701,250000,86295.9,2.31761,403111,2.89701,1,0,86267.3,3.31197,18,449.851,0,249917,3.31197,17.994,-8.24851e-16,21.306,0,0,21.306,5.38091,1,52,0,0,0.0404232,0,0,0,0,0,3.36768,0.0544638,,,4.49499,1.1814,,,3.80353,0.490174,,
size_sweep,calm_thin,250000,hybrid,40,0,True,"coinbase>=1,000,000",prints+quotes,5102002,10,1.99637,405038,0.288155,4.45,-5.38091,hybrid,BTC-USD,buy,2.89701,250000,86295.9,2.31761,466022,2.89701,1,0.4025,86293.7,-0.253135,13.9751,349.368,100620,149373,-0.253135,13.9747,-8.24851e-16,13.7216,0,0,13.7216,-5.38091,10,89,0,9,42.133,0,0,59,0,0,1.09897,0.194257,-0.421132,0.482625,1.58405,0.679354,0.286887,1.19058,2.59287,1.68792,4.17203,5.07538
size_sweep,calm_thin,250000,hybrid,40,0,True,"coinbase>=1,000,000",prints+quotes,5102002,10,1.99637,405038,0.288155,4.45,-5.38091,hybrid,BTC-USD,sell,2.89701,250000,86295.9,2.31761,403111,2.89701,1,0.0364809,86254.4,4.80032,17.635,440.662,9121.63,240758,4.80032,17.6265,0,22.4268,0,0,22.4268,5.38091,10,118,0,9,42.133,0,0,72,0,0,2.66969,-0.00419121,-1.00677,-0.114888,2.33052,-0.343269,-1.45433,-0.562489,3.10548,0.431431,-4.75435,-3.86279
size_sweep,calm_thin,250000,hybrid|prints-only,40,0,True,"coinbase>=1,000,000",prints-only,5102002,10,1.99637,405038,0.288155,4.45,-5.38091,hybrid,BTC-USD,buy,2.89701,250000,86295.9,2.31761,466022,2.89701,1,0.4025,86293.7,-0.253135,13.9751,349.368,100620,149373,-0.253135,13.9747,-8.24851e-16,13.7216,0,0,13.7216,-5.38091,10,89,0,9,42.133,0,0,59,0,0,1.09897,0.194257,-0.421132,0.482625,1.58405,0.679354,0.286887,1.19058,2.59287,1.68792,4.17203,5.07538
size_sweep,calm_thin,250000,hybrid|prints-only,40,0,True,"coinbase>=1,000,000",prints-only,5102002,10,1.99637,405038,0.288155,4.45,-5.38091,hybrid,BTC-USD,sell,2.89701,250000,86295.9,2.31761,403111,2.89701,1,0.0364809,86254.4,4.80032,17.635,440.662,9121.63,240758,4.80032,17.6265,0,22.4268,0,0,22.4268,5.38091,10,118,0,9,42.133,0,0,72,0,0,2.66969,-0.00419121,-1.00677,-0.114888,2.33052,-0.343269,-1.45433,-0.562489,3.10548,0.431431,-4.75435,-3.86279
size_sweep,calm_thin,250000,passive,40,0,True,"coinbase>=1,000,000",prints+quotes,5102002,10,1.99637,405038,0.288155,4.45,-5.38091,passive,BTC-USD,buy,2.89701,250000,86295.9,2.31761,466022,1.19106,0.411133,1,86291.2,-0.541987,8,82.2222,102778,0,-0.222829,3.28889,-3.16864,-0.102578,1.45709,147174,11.951,-5.38091,13,94,0,13,59.5082,0,0,94,0,0,-0.411198,0.48581,-0.411198,0.48581,0.290267,1.18721,0.290267,1.18721,4.02553,4.92213,4.02553,4.92213
size_sweep,calm_thin,250000,passive,40,0,True,"coinbase>=1,000,000",prints+quotes,5102002,10,1.99637,405038,0.288155,4.45,-5.38091,passive,BTC-USD,sell,2.89701,250000,86295.9,2.31761,403111,0.150716,0.0520248,1,86299.8,-0.45978,8,10.4054,13006.8,0,-0.02392,0.416218,5.10097,5.49326,2.01923,236816,24.5632,5.38091,14,91,0,14,59.8104,0,0,91,0,0,-1.20418,-0.2978,-1.20418,-0.2978,-1.75118,-0.844852,-1.75118,-0.844852,-3.09372,-2.1875,-3.09372,-2.1875
size_sweep,calm_thin,250000,passive|prints-only,40,0,True,"coinbase>=1,000,000",prints-only,5102002,10,1.99637,405038,0.288155,4.45,-5.38091,passive,BTC-USD,buy,2.89701,250000,86295.9,2.31761,466022,1.19106,0.411133,1,86291.2,-0.541987,8,82.2222,102778,0,-0.222829,3.28889,-3.16864,-0.102578,1.45709,147174,11.951,-5.38091,13,94,0,13,59.5082,0,0,94,0,0,-0.411198,0.48581,-0.411198,0.48581,0.290267,1.18721,0.290267,1.18721,4.02553,4.92213,4.02553,4.92213
size_sweep,calm_thin,250000,passive|prints-only,40,0,True,"coinbase>=1,000,000",prints-only,5102002,10,1.99637,405038,0.288155,4.45,-5.38091,passive,BTC-USD,sell,2.89701,250000,86295.9,2.31761,403111,0.150716,0.0520248,1,86299.8,-0.45978,8,10.4054,13006.8,0,-0.02392,0.416218,5.10097,5.49326,2.01923,236816,24.5632,5.38091,14,91,0,14,59.8104,0,0,91,0,0,-1.20418,-0.2978,-1.20418,-0.2978,-1.75118,-0.844852,-1.75118,-0.844852,-3.09372,-2.1875,-3.09372,-2.1875
size_sweep,calm_thin,250000,aggressive,40,0,True,"coinbase>=1,000,000",prints+quotes,5102003,10,2.23119,443714,0.380808,4.26667,-5.59003,aggressive,BTC-USD,buy,2.89729,250000,86287.5,2.24019,512773,2.89729,1,0,86306.8,2.2341,18,450.101,0,250056,2.2341,18.004,-0,20.2381,0,0,20.2381,-5.59003,1,29,0,0,0.0507338,0,0,0,0,0,2.23067,-0.00289729,,,3.34414,1.11082,,,4.28903,2.05592,,
size_sweep,calm_thin,250000,aggressive,40,0,True,"coinbase>=1,000,000",prints+quotes,5102003,10,2.23119,443714,0.380808,4.26667,-5.59003,aggressive,BTC-USD,sell,2.89729,250000,86287.5,2.24019,436902,2.89729,1,0,86262.2,2.93508,18,449.868,0,249927,2.93508,17.9947,-1.71365e-15,20.9298,0,0,20.9298,5.59003,1,49,0,0,0.0507338,0,0,0,0,0,2.93892,0.00289729,,,1.82487,-1.11082,,,0.879497,-2.05592,,
size_sweep,calm_thin,250000,hybrid,40,0,True,"coinbase>=1,000,000",prints+quotes,5102003,10,2.23119,443714,0.380808,4.26667,-5.59003,hybrid,BTC-USD,buy,2.89729,250000,86287.5,2.24019,512773,2.89729,1,0.0572186,86274.1,-1.54741,17.4278,435.628,14302.4,235659,-1.54741,17.4251,-0,15.8777,0,0,15.8777,-5.59003,12,76,0,11,42.1739,0,0,46,0,0,4.38662,1.27657,-0.759114,0.273263,4.72734,1.61742,-1.11632,-0.0839092,2.7478,-0.362896,2.99001,4.02199
size_sweep,calm_thin,250000,hybrid,40,0,True,"coinbase>=1,000,000",prints+quotes,5102003,10,2.23119,443714,0.380808,4.26667,-5.59003,hybrid,BTC-USD,sell,2.89729,250000,86287.5,2.24019,436902,2.89729,1,0.234146,86233.3,6.28633,15.6575,391.191,58526,191317,6.28633,15.6476,0,21.934,0,0,21.934,5.59003,14,101,0,13,42.1484,0,0,62,0,0,0.783987,-1.09525,-1.29449,-0.303003,0.31416,-1.56502,-2.04728,-1.05588,1.80978,-0.0699185,-3.34734,-2.35604
size_sweep,calm_thin,250000,hybrid|prints-only,40,0,True,"coinbase>=1,000,000",prints-only,5102003,10,2.23119,443714,0.380808,4.26667,-5.59003,hybrid,BTC-USD,buy,2.89729,250000,86287.5,2.24019,512773,2.89729,1,0.0572186,86274.1,-1.54741,17.4278,435.628,14302.4,235659,-1.54741,17.4251,-0,15.8777,0,0,15.8777,-5.59003,12,76,0,11,42.1739,0,0,46,0,0,4.38662,1.27657,-0.759114,0.273263,4.72734,1.61742,-1.11632,-0.0839092,2.7478,-0.362896,2.99001,4.02199
size_sweep,calm_thin,250000,hybrid|prints-only,40,0,True,"coinbase>=1,000,000",prints-only,5102003,10,2.23119,443714,0.380808,4.26667,-5.59003,hybrid,BTC-USD,sell,2.89729,250000,86287.5,2.24019,436902,2.89729,1,0.234146,86233.3,6.28633,15.6575,391.191,58526,191317,6.28633,15.6476,0,21.934,0,0,21.934,5.59003,14,101,0,13,42.1484,0,0,62,0,0,0.783987,-1.09525,-1.29449,-0.303003,0.31416,-1.56502,-2.04728,-1.05588,1.80978,-0.0699185,-3.34734,-2.35604
size_sweep,calm_thin,250000,passive,40,0,True,"coinbase>=1,000,000",prints+quotes,5102003,10,2.23119,443714,0.380808,4.26667,-5.59003,passive,BTC-USD,buy,2.89729,250000,86287.5,2.24019,512773,0.345007,0.119079,1,86246.3,-4.7688,8,23.8045,29755.6,0,-0.567865,0.95218,-4.92438,-4.54006,2.30277,220165,13.6146,-5.59003,16,75,0,16,55.1002,0,0,75,0,0,-0.812314,0.151059,-0.812314,0.151059,-1.53687,-0.57342,-1.53687,-0.57342,0.122828,1.08608,0.122828,1.08608
size_sweep,calm_thin,250000,passive,40,0,True,"coinbase>=1,000,000",prints+quotes,5102003,10,2.23119,443714,0.380808,4.26667,-5.59003,passive,BTC-USD,sell,2.89729,250000,86287.5,2.24019,436902,0.680608,0.234912,1,86271.9,1.80192,8,46.9739,58717.4,0,0.423292,1.87896,4.27687,6.57912,2.08207,191113,22.4213,5.59003,16,71,0,16,59.9098,0,0,71,0,0,-1.2931,-0.302216,-1.2931,-0.302216,-2.04313,-1.05232,-2.04313,-1.05232,-3.33726,-2.34656,-3.33726,-2.34656
size_sweep,calm_thin,250000,passive|prints-only,40,0,True,"coinbase>=1,000,000",prints-only,5102003,10,2.23119,443714,0.380808,4.26667,-5.59003,passive,BTC-USD,buy,2.89729,250000,86287.5,2.24019,512773,0.345007,0.119079,1,86246.3,-4.7688,8,23.8045,29755.6,0,-0.567865,0.95218,-4.92438,-4.54006,2.30277,220165,13.6146,-5.59003,16,75,0,16,55.1002,0,0,75,0,0,-0.812314,0.151059,-0.812314,0.151059,-1.53687,-0.57342,-1.53687,-0.57342,0.122828,1.08608,0.122828,1.08608
size_sweep,calm_thin,250000,passive|prints-only,40,0,True,"coinbase>=1,000,000",prints-only,5102003,10,2.23119,443714,0.380808,4.26667,-5.59003,passive,BTC-USD,sell,2.89729,250000,86287.5,2.24019,436902,0.680608,0.234912,1,86271.9,1.80192,8,46.9739,58717.4,0,0.423292,1.87896,4.27687,6.57912,2.08207,191113,22.4213,5.59003,16,71,0,16,59.9098,0,0,71,0,0,-1.2931,-0.302216,-1.2931,-0.302216,-2.04313,-1.05232,-2.04313,-1.05232,-3.33726,-2.34656,-3.33726,-2.34656
size_sweep,calm_thin,250000,aggressive,40,0,True,"coinbase>=1,000,000",prints+quotes,5102004,10,2.14051,418705,0.353944,3.73333,9.55258,aggressive,BTC-USD,buy,2.89806,250000,86264.6,2.39727,447988,2.89806,1,0,86293.9,3.39627,18,450.153,0,250085,3.39627,18.0061,-4.39142e-15,21.4024,0,0,21.4024,9.55258,1,45,0,0,0.0587436,0,0,0,0,0,3.41818,0.0231845,,,3.44367,0.0486874,,,-2.69812,-6.0952,,
size_sweep,calm_thin,250000,aggressive,40,0,True,"coinbase>=1,000,000",prints+quotes,5102004,10,2.14051,418705,0.353944,3.73333,9.55258,aggressive,BTC-USD,sell,2.89806,250000,86264.6,2.39727,382527,2.89806,1,0,86239.9,2.86387,18,449.871,0,249928,2.86387,17.9948,2.92761e-15,20.8587,0,0,20.8587,-9.55258,1,49,0,0,0.0587436,0,0,0,0,0,2.84158,-0.0231845,,,2.81607,-0.0486874,,,8.96172,6.0952,,
size_sweep,calm_thin,250000,hybrid,40,0,True,"coinbase>=1,000,000",prints+quotes,5102004,10,2.14051,418705,0.353944,3.73333,9.55258,hybrid,BTC-USD,buy,2.89806,250000,86264.6,2.39727,447988,2.89806,1,0.019179,86342.8,9.05919,17.8083,445.612,4795.94,245431,9.05919,17.8245,0,26.8837,0,0,26.8837,9.55258,13,85,0,12,42.1332,0,0,41,0,0,2.0266,-0.303202,-1.04966,0.0976288,0.749684,-1.58042,-1.23307,-0.0857678,0.299358,-2.03083,-5.76008,-4.61225
size_sweep,calm_thin,250000,hybrid,40,0,True,"coinbase>=1,000,000",prints+quotes,5102004,10,2.14051,418705,0.353944,3.73333,9.55258,hybrid,BTC-USD,sell,2.89806,250000,86264.6,2.39727,382527,2.89806,1,0.0534396,86297.8,-3.84389,17.4655,436.806,13367.4,236729,-3.84389,17.4722,-1.46381e-15,13.6283,0,0,13.6283,-9.55258,15,110,0,14,42.1543,0,0,59,0,0,3.15233,0.312012,-0.442637,0.329226,4.43471,1.59402,0.545303,1.31724,4.90234,2.06156,2.72784,3.49996
size_sweep,calm_thin,250000,hybrid|prints-only,40,0,True,"coinbase>=1,000,000",prints-only,5102004,10,2.14051,418705,0.353944,3.73333,9.55258,hybrid,BTC-USD,buy,2.89806,250000,86264.6,2.39727,447988,2.89806,1,0.019179,86342.8,9.05919,17.8083,445.612,4795.94,245431,9.05919,17.8245,0,26.8837,0,0,26.8837,9.55258,13,85,0,12,42.1332,0,0,41,0,0,2.0266,-0.303202,-1.04966,0.0976288,0.749684,-1.58042,-1.23307,-0.0857678,0.299358,-2.03083,-5.76008,-4.61225
size_sweep,calm_thin,250000,hybrid|prints-only,40,0,True,"coinbase>=1,000,000",prints-only,5102004,10,2.14051,418705,0.353944,3.73333,9.55258,hybrid,BTC-USD,sell,2.89806,250000,86264.6,2.39727,382527,2.89806,1,0.0534396,86297.8,-3.84389,17.4655,436.806,13367.4,236729,-3.84389,17.4722,-1.46381e-15,13.6283,0,0,13.6283,-9.55258,15,110,0,14,42.1543,0,0,59,0,0,3.15233,0.312012,-0.442637,0.329226,4.43471,1.59402,0.545303,1.31724,4.90234,2.06156,2.72784,3.49996
size_sweep,calm_thin,250000,passive,40,0,True,"coinbase>=1,000,000",prints+quotes,5102004,10,2.14051,418705,0.353944,3.73333,9.55258,passive,BTC-USD,buy,2.89806,250000,86264.6,2.39727,447988,0.0668653,0.0230724,1,86293.3,3.32452,8,4.61602,5770.03,0,0.0767048,0.184641,9.33218,9.59352,2.72035,244533,29.9203,9.55258,17,63,0,17,58.7067,0,0,63,0,0,-1.02409,0.0971136,-1.02409,0.0971136,-1.26099,-0.139763,-1.26099,-0.139763,-4.74834,-3.6267,-4.74834,-3.6267
size_sweep,calm_thin,250000,passive,40,0,True,"coinbase>=1,000,000",prints+quotes,5102004,10,2.14051,418705,0.353944,3.73333,9.55258,passive,BTC-USD,sell,2.89806,250000,86264.6,2.39727,382527,0.255781,0.0882596,1,86326.3,-7.15021,8,17.6645,22080.7,0,-0.631074,0.706581,-8.70947,-8.63397,2.66861,228086,10.4568,-9.55258,18,85,0,18,59.5047,0,0,85,0,0,-0.539463,0.317347,-0.539463,0.317347,0.290974,1.14785,0.290974,1.14785,0.813076,1.66999,0.813076,1.66999
size_sweep,calm_thin,250000,passive|prints-only,40,0,True,"coinbase>=1,000,000",prints-only,5102004,10,2.14051,418705,0.353944,3.73333,9.55258,passive,BTC-USD,buy,2.89806,250000,86264.6,2.39727,447988,0.0668653,0.0230724,1,86293.3,3.32452,8,4.61602,5770.03,0,0.0767048,0.184641,9.33218,9.59352,2.72035,244533,29.9203,9.55258,17,63,0,17,58.7067,0,0,63,0,0,-1.02409,0.0971136,-1.02409,0.0971136,-1.26099,-0.139763,-1.26099,-0.139763,-4.74834,-3.6267,-4.74834,-3.6267
size_sweep,calm_thin,250000,passive|prints-only,40,0,True,"coinbase>=1,000,000",prints-only,5102004,10,2.14051,418705,0.353944,3.73333,9.55258,passive,BTC-USD,sell,2.89806,250000,86264.6,2.39727,382527,0.255781,0.0882596,1,86326.3,-7.15021,8,17.6645,22080.7,0,-0.631074,0.706581,-8.70947,-8.63397,2.66861,228086,10.4568,-9.55258,18,85,0,18,59.5047,0,0,85,0,0,-0.539463,0.317347,-0.539463,0.317347,0.290974,1.14785,0.290974,1.14785,0.813076,1.66999,0.813076,1.66999
size_sweep,calm_thin,250000,aggressive,40,0,True,"coinbase>=1,000,000",prints+quotes,5102005,10,2.10543,416287,0.315695,3.96667,1.5283,aggressive,BTC-USD,buy,2.8978,250000,86272.5,2.18262,374690,2.8978,1,0,86297.4,2.88502,18,450.13,0,250072,2.88502,18.0052,0,20.8902,0,0,20.8902,1.5283,1,53,0,0,0.0425501,0,0,0,0,0,2.49179,-0.392362,,,1.88749,-0.996842,,,1.81217,-1.07218,,
size_sweep,calm_thin,250000,aggressive,40,0,True,"coinbase>=1,000,000",prints+quotes,5102005,10,2.10543,416287,0.315695,3.96667,1.5283,aggressive,BTC-USD,sell,2.8978,250000,86272.5,2.18262,472278,2.8978,1,0,86252.4,2.32797,18,449.895,0,249942,2.32797,17.9958,-0,20.3238,0,0,20.3238,-1.5283,1,38,0,0,0.0425501,0,0,0,0,0,2.72102,0.392362,,,3.32564,0.996842,,,3.401,1.07218,,
size_sweep,calm_thin,250000,hybrid,40,0,True,"coinbase>=1,000,000",prints+quotes,5102005,10,2.10543,416287,0.315695,3.96667,1.5283,hybrid,BTC-USD,buy,2.8978,250000,86272.5,2.18262,374690,2.8978,1,0.218789,86300.6,3.25604,15.8126,395.445,54701.6,195380,3.25604,15.8178,2.34213e-16,19.0738,0,0,19.0738,1.5283,15,114,0,14,42.129,0,0,78,0,0,1.66278,0.0758571,-0.673708,0.253607,0.996982,-0.59005,-1.31728,-0.389908,-0.627615,-2.21504,-1.08485,-0.157498
size_sweep,calm_thin,250000,hybrid,40,0,True,"coinbase>=1,000,000",prints+quotes,5102005,10,2.10543,416287,0.315695,3.96667,1.5283,hybrid,BTC-USD,sell,2.8978,250000,86272.5,2.18262,472278,2.8978,1,0.0630093,86266.5,0.685933,17.3697,434.212,15756.7,234226,0.685933,17.3685,-2.34213e-16,18.0544,0,0,18.0544,-1.5283,11,104,0,10,42.1363,0,0,60,0,0,2.32811,-0.0265896,-0.890089,-0.0342287,2.94313,0.588273,-1.12752,-0.27168,4.98866,2.63329,-0.57195,0.283953
size_sweep,calm_thin,250000,hybrid|prints-only,40,0,True,"coinbase>=1,000,000",prints-only,5102005,10,2.10543,416287,0.315695,3.96667,1.5283,hybrid,BTC-USD,buy,2.8978,250000,86272.5,2.18262,374690,2.8978,1,0.218789,86300.6,3.25604,15.8126,395.445,54701.6,195380,3.25604,15.8178,2.34213e-16,19.0738,0,0,19.0738,1.5283,15,114,0,14,42.129,0,0,78,0,0,1.66278,0.0758571,-0.673708,0.253607,0.996982,-0.59005,-1.31728,-0.389908,-0.627615,-2.21504,-1.08485,-0.157498
size_sweep,calm_thin,250000,hybrid|prints-only,40,0,True,"coinbase>=1,000,000",prints-only,5102005,10,2.10543,416287,0.315695,3.96667,1.5283,hybrid,BTC-USD,sell,2.8978,250000,86272.5,2.18262,472278,2.8978,1,0.0630093,86266.5,0.685933,17.3697,434.212,15756.7,234226,0.685933,17.3685,-2.34213e-16,18.0544,0,0,18.0544,-1.5283,11,104,0,10,42.1363,0,0,60,0,0,2.32811,-0.0265896,-0.890089,-0.0342287,2.94313,0.588273,-1.12752,-0.27168,4.98866,2.63329,-0.57195,0.283953
size_sweep,calm_thin,250000,passive,40,0,True,"coinbase>=1,000,000",prints+quotes,5102005,10,2.10543,416287,0.315695,3.96667,1.5283,passive,BTC-USD,buy,2.8978,250000,86272.5,2.18262,374690,0.654672,0.225921,1,86279.5,0.821162,8,45.1879,56484.8,0,0.185518,1.80751,1.18302,3.17606,1.5267,193588,18.6411,1.5283,16,99,0,16,59.6423,0,0,99,0,0,-0.67563,0.245345,-0.67563,0.245345,-1.3018,-0.380765,-1.3018,-0.380765,-1.20468,-0.283662,-1.20468,-0.283662
size_sweep,calm_thin,250000,passive,40,0,True,"coinbase>=1,000,000",prints+quotes,5102005,10,2.10543,416287,0.315695,3.96667,1.5283,passive,BTC-USD,sell,2.8978,250000,86272.5,2.18262,472278,0.204948,0.0707254,1,86296.8,-2.82285,8,14.1491,17686.3,0,-0.199647,0.565963,-1.42021,-1.05389,2.22114,232299,17.8928,-1.5283,10,77,0,10,54.8218,0,0,77,0,0,-0.884008,-0.0318223,-0.884008,-0.0318223,-1.10668,-0.254513,-1.10668,-0.254513,-0.283707,0.568541,-0.283707,0.568541
size_sweep,calm_thin,250000,passive|prints-only,40,0,True,"coinbase>=1,000,000",prints-only,5102005,10,2.10543,416287,0.315695,3.96667,1.5283,passive,BTC-USD,buy,2.8978,250000,86272.5,2.18262,374690,0.654672,0.225921,1,86279.5,0.821162,8,45.1879,56484.8,0,0.185518,1.80751,1.18302,3.17606,1.5267,193588,18.6411,1.5283,16,99,0,16,59.6423,0,0,99,0,0,-0.67563,0.245345,-0.67563,0.245345,-1.3018,-0.380765,-1.3018,-0.380765,-1.20468,-0.283662,-1.20468,-0.283662
size_sweep,calm_thin,250000,passive|prints-only,40,0,True,"coinbase>=1,000,000",prints-only,5102005,10,2.10543,416287,0.315695,3.96667,1.5283,passive,BTC-USD,sell,2.8978,250000,86272.5,2.18262,472278,0.204948,0.0707254,1,86296.8,-2.82285,8,14.1491,17686.3,0,-0.199647,0.565963,-1.42021,-1.05389,2.22114,232299,17.8928,-1.5283,10,77,0,10,54.8218,0,0,77,0,0,-0.884008,-0.0318223,-0.884008,-0.0318223,-1.10668,-0.254513,-1.10668,-0.254513,-0.283707,0.568541,-0.283707,0.568541
size_sweep,calm_thin,250000,aggressive,40,0,True,"coinbase>=1,000,000",prints+quotes,5102006,10,2.14448,422661,0.308651,4.25,6.62835,aggressive,BTC-USD,buy,2.897,250000,86296,2.31413,439423,2.897,1,0,86319.9,2.76129,18,450.124,0,250069,2.76129,18.005,1.01608e-15,20.7663,0,0,20.7663,6.62835,1,40,0,0,0.0236442,0,0,0,0,0,2.65736,-0.103133,,,1.05807,-1.70286,,,2.0115,-0.749165,,
size_sweep,calm_thin,250000,aggressive,40,0,True,"coinbase>=1,000,000",prints+quotes,5102006,10,2.14448,422661,0.308651,4.25,6.62835,aggressive,BTC-USD,sell,2.897,250000,86296,2.31413,360978,2.897,1,0,86270.3,2.98332,18,449.866,0,249925,2.98332,17.9946,-0,20.9779,0,0,20.9779,-6.62835,1,50,0,0,0.0236442,0,0,0,0,0,3.08743,0.103133,,,4.68763,1.70286,,,3.73366,0.749165,,
size_sweep,calm_thin,250000,hybrid,40,0,True,"coinbase>=1,000,000",prints+quotes,5102006,10,2.14448,422661,0.308651,4.25,6.62835,hybrid,BTC-USD,buy,2.897,250000,86296,2.31413,439423,2.897,1,0.0426763,86333.7,4.36027,17.5734,439.527,10668.8,239440,4.36027,17.5811,-1.01608e-15,21.9414,0,0,21.9414,6.62835,7,94,0,6,42.1368,0,0,48,0,0,2.25458,-0.082275,-0.88456,0.03429,0.976774,-1.36039,-1.60899,-0.69006,-2.08863,-4.42649,-5.8444,-4.92508
size_sweep,calm_thin,250000,hybrid,40,0,True,"coinbase>=1,000,000",prints+quotes,5102006,10,2.14448,422661,0.308651,4.25,6.62835,hybrid,BTC-USD,sell,2.897,250000,86296,2.31413,360978,2.897,1,0.422232,86304.9,-1.02139,13.7769,344.457,105589,144436,-1.02139,13.7783,1.01608e-15,12.7569,0,0,12.7569,-6.62835,10,89,0,9,42.1382,0,0,58,0,0,0.849199,-0.0378904,-1.52472,-0.209431,1.32045,0.433137,-2.19178,-0.876576,4.20861,3.32101,0.523148,1.83871
size_sweep,calm_thin,250000,hybrid|prints-only,40,0,True,"coinbase>=1,000,000",prints-only,5102006,10,2.14448,422661,0.308651,4.25,6.62835,hybrid,BTC-USD,buy,2.897,250000,86296,2.31413,439423,2.897,1,0.0426763,86333.7,4.36027,17.5734,439.527,10668.8,239440,4.36027,17.5811,-1.01608e-15,21.9414,0,0,21.9414,6.62835,7,94,0,6,42.1368,0,0,48,0,0,2.25458,-0.082275,-0.88456,0.03429,0.976774,-1.36039,-1.60899,-0.69006,-2.08863,-4.42649,-5.8444,-4.92508
size_sweep,calm_thin,250000,hybrid|prints-only,40,0,True,"coinbase>=1,000,000",prints-only,5102006,10,2.14448,422661,0.308651,4.25,6.62835,hybrid,BTC-USD,sell,2.897,250000,86296,2.31413,360978,2.897,1,0.422232,86304.9,-1.02139,13.7769,344.457,105589,144436,-1.02139,13.7783,1.01608e-15,12.7569,0,0,12.7569,-6.62835,10,89,0,9,42.1382,0,0,58,0,0,0.849199,-0.0378904,-1.52472,-0.209431,1.32045,0.433137,-2.19178,-0.876576,4.20861,3.32101,0.523148,1.83871
size_sweep,calm_thin,250000,passive,40,0,True,"coinbase>=1,000,000",prints+quotes,5102006,10,2.14448,422661,0.308651,4.25,6.62835,passive,BTC-USD,buy,2.897,250000,86296,2.31413,439423,0.128264,0.0442746,1,86294.8,-0.142522,8,8.8548,11068.5,0,-0.0063101,0.354192,6.33488,6.68276,2.54177,239153,26.4436,6.62835,15,69,0,15,59.2061,0,0,69,0,0,-0.902269,0.0238994,-0.902269,0.0238994,-1.64907,-0.722822,-1.64907,-0.722822,-5.76856,-4.84193,-5.76856,-4.84193
size_sweep,calm_thin,250000,passive,40,0,True,"coinbase>=1,000,000",prints+quotes,5102006,10,2.14448,422661,0.308651,4.25,6.62835,passive,BTC-USD,sell,2.897,250000,86296,2.31413,360978,1.26321,0.436039,1,86322.7,-3.09199,8,87.2347,109043,0,-1.34823,3.48939,-3.73813,-1.59697,1.31195,141051,9.87065,-6.62835,15,95,0,15,59.9164,0,0,95,0,0,-1.50265,-0.198856,-1.50265,-0.198856,-2.13415,-0.83044,-2.13415,-0.83044,0.536678,1.84074,0.536678,1.84074
size_sweep,calm_thin,250000,passive|prints-only,40,0,True,"coinbase>=1,000,000",prints-only,5102006,10,2.14448,422661,0.308651,4.25,6.62835,passive,BTC-USD,buy,2.897,250000,86296,2.31413,439423,0.128264,0.0442746,1,86294.8,-0.142522,8,8.8548,11068.5,0,-0.0063101,0.354192,6.33488,6.68276,2.54177,239153,26.4436,6.62835,15,69,0,15,59.2061,0,0,69,0,0,-0.902269,0.0238994,-0.902269,0.0238994,-1.64907,-0.722822,-1.64907,-0.722822,-5.76856,-4.84193,-5.76856,-4.84193
size_sweep,calm_thin,250000,passive|prints-only,40,0,True,"coinbase>=1,000,000",prints-only,5102006,10,2.14448,422661,0.308651,4.25,6.62835,passive,BTC-USD,sell,2.897,250000,86296,2.31413,360978,1.26321,0.436039,1,86322.7,-3.09199,8,87.2347,109043,0,-1.34823,3.48939,-3.73813,-1.59697,1.31195,141051,9.87065,-6.62835,15,95,0,15,59.9164,0,0,95,0,0,-1.50265,-0.198856,-1.50265,-0.198856,-2.13415,-0.83044,-2.13415,-0.83044,0.536678,1.84074,0.536678,1.84074
size_sweep,calm_thin,250000,aggressive,40,0,True,"coinbase>=1,000,000",prints+quotes,5102007,10,2.13023,411025,0.251189,4.05,1.12535,aggressive,BTC-USD,buy,2.8974,250000,86284.4,2.34225,382342,2.8974,1,0,86310.7,3.04522,18,450.137,0,250076,3.04522,18.0055,1.72484e-16,21.0507,0,0,21.0507,1.12535,1,52,0,0,0.0508901,0,0,0,0,0,2.85184,-0.192387,,,1.96956,-1.07493,,,1.7025,-1.34207,,
size_sweep,calm_thin,250000,aggressive,40,0,True,"coinbase>=1,000,000",prints+quotes,5102007,10,2.13023,411025,0.251189,4.05,1.12535,aggressive,BTC-USD,sell,2.8974,250000,86284.4,2.34225,396854,2.8974,1,0,86261.1,2.69715,18,449.879,0,249933,2.69715,17.9951,5.17453e-16,20.6923,0,0,20.6923,-1.12535,1,50,0,0,0.0508901,0,0,0,0,0,2.89038,0.192387,,,3.77316,1.07493,,,4.04037,1.34207,,
size_sweep,calm_thin,250000,hybrid,40,0,True,"coinbase>=1,000,000",prints+quotes,5102007,10,2.13023,411025,0.251189,4.05,1.12535,hybrid,BTC-USD,buy,2.8974,250000,86284.4,2.34225,382342,2.8974,1,0.224645,86313.2,3.33583,15.7542,393.986,56163.9,193919,3.33583,15.7594,3.884e-09,19.0953,3.302e-09,0.000863024,19.0953,1.12535,13,110,0,12,42.2437,0,0,74,0,0,2.07401,0.388702,-0.99487,-0.0934398,2.7462,1.06104,-0.82954,0.0718761,0.60174,-1.08383,-2.29466,-1.39315
size_sweep,calm_thin,250000,hybrid,40,0,True,"coinbase>=1,000,000",prints+quotes,5102007,10,2.13023,411025,0.251189,4.05,1.12535,hybrid,BTC-USD,sell,2.8974,250000,86284.4,2.34225,396854,2.8974,1,0.0603983,86275.2,1.06294,17.3958,434.848,15104.3,234869,1.06294,17.3939,-0,18.4569,0,0,18.4569,-1.12535,10,96,0,9,42.1316,0,0,48,0,0,2.68061,-0.0872607,-0.733394,0.25876,1.55355,-1.21397,-0.252796,0.739421,3.67586,0.907662,-2.19705,-1.20502
size_sweep,calm_thin,250000,hybrid|prints-only,40,0,True,"coinbase>=1,000,000",prints-only,5102007,10,2.13023,411025,0.251189,4.05,1.12535,hybrid,BTC-USD,buy,2.8974,250000,86284.4,2.34225,382342,2.8974,1,0.224645,86313.2,3.33583,15.7542,393.986,56163.9,193919,3.33583,15.7594,3.884e-09,19.0953,3.302e-09,0.000863024,19.0953,1.12535,13,110,0,12,42.2437,0,0,74,0,0,2.07401,0.388702,-0.99487,-0.0934398,2.7462,1.06104,-0.82954,0.0718761,0.60174,-1.08383,-2.29466,-1.39315
size_sweep,calm_thin,250000,hybrid|prints-only,40,0,True,"coinbase>=1,000,000",prints-only,5102007,10,2.13023,411025,0.251189,4.05,1.12535,hybrid,BTC-USD,sell,2.8974,250000,86284.4,2.34225,396854,2.8974,1,0.0603983,86275.2,1.06294,17.3958,434.848,15104.3,234869,1.06294,17.3939,-0,18.4569,0,0,18.4569,-1.12535,10,96,0,9,42.1316,0,0,48,0,0,2.68061,-0.0872607,-0.733394,0.25876,1.55355,-1.21397,-0.252796,0.739421,3.67586,0.907662,-2.19705,-1.20502
size_sweep,calm_thin,250000,passive,40,0,True,"coinbase>=1,000,000",prints+quotes,5102007,10,2.13023,411025,0.251189,4.05,1.12535,passive,BTC-USD,buy,2.8974,250000,86284.4,2.34225,382342,0.727813,0.251195,1,86288.2,0.447575,8,50.2413,62801.7,0,0.112429,2.00965,0.842666,2.96475,1.69403,187265,18.1418,1.12535,13,103,0,13,56.2117,0,0,103,0,0,-0.966956,-0.0801452,-0.966956,-0.0801452,-0.795954,0.0908402,-0.795954,0.0908402,-2.32915,-1.44226,-2.32915,-1.44226
size_sweep,calm_thin,250000,passive,40,0,True,"coinbase>=1,000,000",prints+quotes,5102007,10,2.13023,411025,0.251189,4.05,1.12535,passive,BTC-USD,sell,2.8974,250000,86284.4,2.34225,396854,0.201672,0.0696047,1,86310.7,-3.04744,8,13.9252,17406.5,0,-0.212116,0.557007,-1.04702,-0.702128,2.35795,232566,18.4006,-1.12535,12,73,0,12,59.601,0,0,73,0,0,-0.827997,0.16918,-0.827997,0.16918,-0.423767,0.573463,-0.423767,0.573463,-1.90603,-0.908945,-1.90603,-0.908945
size_sweep,calm_thin,250000,passive|prints-only,40,0,True,"coinbase>=1,000,000",prints-only,5102007,10,2.13023,411025,0.251189,4.05,1.12535,passive,BTC-USD,buy,2.8974,250000,86284.4,2.34225,382342,0.727813,0.251195,1,86288.2,0.447575,8,50.2413,62801.7,0,0.112429,2.00965,0.842666,2.96475,1.69403,187265,18.1418,1.12535,13,103,0,13,56.2117,0,0,103,0,0,-0.966956,-0.0801452,-0.966956,-0.0801452,-0.795954,0.0908402,-0.795954,0.0908402,-2.32915,-1.44226,-2.32915,-1.44226
size_sweep,calm_thin,250000,passive|prints-only,40,0,True,"coinbase>=1,000,000",prints-only,5102007,10,2.13023,411025,0.251189,4.05,1.12535,passive,BTC-USD,sell,2.8974,250000,86284.4,2.34225,396854,0.201672,0.0696047,1,86310.7,-3.04744,8,13.9252,17406.5,0,-0.212116,0.557007,-1.04702,-0.702128,2.35795,232566,18.4006,-1.12535,12,73,0,12,59.601,0,0,73,0,0,-0.827997,0.16918,-0.827997,0.16918,-0.423767,0.573463,-0.423767,0.573463,-1.90603,-0.908945,-1.90603,-0.908945
size_sweep,calm_thin,250000,aggressive,40,0,True,"coinbase>=1,000,000",prints+quotes,5102008,10,1.97529,413788,0.321996,4.15,0.82754,aggressive,BTC-USD,buy,2.89755,250000,86279.8,2.69588,486663,2.89755,1,0,86301.1,2.47215,18,450.111,0,250062,2.47215,18.0044,-1.26832e-16,20.4766,0,0,20.4766,0.82754,1,27,0,0,0.0486797,0,0,0,0,0,1.6656,-0.806098,,,2.25772,-0.213839,,,0.35218,-2.11985,,
size_sweep,calm_thin,250000,aggressive,40,0,True,"coinbase>=1,000,000",prints+quotes,5102008,10,1.97529,413788,0.321996,4.15,0.82754,aggressive,BTC-USD,sell,2.89755,250000,86279.8,2.69588,369170,2.89755,1,0,86254.4,2.94865,18,449.867,0,249926,2.94865,17.9947,-1.26832e-16,20.9433,0,0,20.9433,-0.82754,1,49,0,0,0.0486797,0,0,0,0,0,3.75593,0.806098,,,3.1635,0.213839,,,5.07007,2.11985,,
size_sweep,calm_thin,250000,hybrid,40,0,True,"coinbase>=1,000,000",prints+quotes,5102008,10,1.97529,413788,0.321996,4.15,0.82754,hybrid,BTC-USD,buy,2.89755,250000,86279.8,2.69588,486663,2.89755,1,0.0374311,86320.8,4.75033,17.6259,440.856,9357.86,240761,4.75033,17.6342,2.856e-09,22.3846,3.836e-09,0.000862965,22.3846,0.82754,8,117,0,7,42.1286,0,0,71,0,0,2.30844,0.123993,-0.86386,-0.0396184,2.99785,0.813573,-1.24328,-0.419012,1.68434,-0.50024,-1.62904,-0.804744
size_sweep,calm_thin,250000,hybrid,40,0,True,"coinbase>=1,000,000",prints+quotes,5102008,10,1.97529,413788,0.321996,4.15,0.82754,hybrid,BTC-USD,sell,2.89755,250000,86279.8,2.69588,369170,2.89755,1,0.0639197,86281.9,-0.247184,17.3607,434.027,15983.8,234022,-0.247184,17.3611,1.26832e-16,17.1139,0,0,17.1139,-0.82754,10,102,0,9,42.1316,0,0,60,0,0,2.19502,-0.119756,-0.803205,0.0354636,1.5184,-0.796201,-0.678519,0.160153,2.75945,0.444534,-1.0365,-0.197839
size_sweep,calm_thin,250000,hybrid|prints-only,40,0,True,"coinbase>=1,000,000",prints-only,5102008,10,1.97529,413788,0.321996,4.15,0.82754,hybrid,BTC-USD,buy,2.89755,250000,86279.8,2.69588,486663,2.89755,1,0.0374311,86320.8,4.75033,17.6259,440.856,9357.86,240761,4.75033,17.6342,2.856e-09,22.3846,3.836e-09,0.000862965,22.3846,0.82754,8,117,0,7,42.1286,0,0,71,0,0,2.30844,0.123993,-0.86386,-0.0396184,2.99785,0.813573,-1.24328,-0.419012,1.68434,-0.50024,-1.62904,-0.804744
size_sweep,calm_thin,250000,hybrid|prints-only,40,0,True,"coinbase>=1,000,000",prints-only,5102008,10,1.97529,413788,0.321996,4.15,0.82754,hybrid,BTC-USD,sell,2.89755,250000,86279.8,2.69588,369170,2.89755,1,0.0639197,86281.9,-0.247184,17.3607,434.027,15983.8,234022,-0.247184,17.3611,1.26832e-16,17.1139,0,0,17.1139,-0.82754,10,102,0,9,42.1316,0,0,60,0,0,2.19502,-0.119756,-0.803205,0.0354636,1.5184,-0.796201,-0.678519,0.160153,2.75945,0.444534,-1.0365,-0.197839
size_sweep,calm_thin,250000,passive,40,0,True,"coinbase>=1,000,000",prints+quotes,5102008,10,1.97529,413788,0.321996,4.15,0.82754,passive,BTC-USD,buy,2.89755,250000,86279.8,2.69588,486663,0.144255,0.0497852,1,86282.7,0.33487,8,9.95736,12446.7,0,0.0166716,0.398295,0.786341,1.20131,2.76802,237643,21.0796,0.82754,9,101,0,9,59.8158,0,0,101,0,0,-0.799462,-0.0286298,-0.799462,-0.0286298,-1.06517,-0.294316,-1.06517,-0.294316,-1.90548,-1.13458,-1.90548,-1.13458
size_sweep,calm_thin,250000,passive,40,0,True,"coinbase>=1,000,000",prints+quotes,5102008,10,1.97529,413788,0.321996,4.15,0.82754,passive,BTC-USD,sell,2.89755,250000,86279.8,2.69588,369170,0.226276,0.0780923,1,86301,-2.4527,8,15.6223,19527.9,0,-0.191537,0.624892,-0.762916,-0.329561,2.40075,230436,18.6626,-0.82754,11,80,0,11,59.404,0,0,80,0,0,-0.851675,0.0341344,-0.851675,0.0341344,-0.805178,0.0806292,-0.805178,0.0806292,-0.598721,0.287133,-0.598721,0.287133
size_sweep,calm_thin,250000,passive|prints-only,40,0,True,"coinbase>=1,000,000",prints-only,5102008,10,1.97529,413788,0.321996,4.15,0.82754,passive,BTC-USD,buy,2.89755,250000,86279.8,2.69588,486663,0.144255,0.0497852,1,86282.7,0.33487,8,9.95736,12446.7,0,0.0166716,0.398295,0.786341,1.20131,2.76802,237643,21.0796,0.82754,9,101,0,9,59.8158,0,0,101,0,0,-0.799462,-0.0286298,-0.799462,-0.0286298,-1.06517,-0.294316,-1.06517,-0.294316,-1.90548,-1.13458,-1.90548,-1.13458
size_sweep,calm_thin,250000,passive|prints-only,40,0,True,"coinbase>=1,000,000",prints-only,5102008,10,1.97529,413788,0.321996,4.15,0.82754,passive,BTC-USD,sell,2.89755,250000,86279.8,2.69588,369170,0.226276,0.0780923,1,86301,-2.4527,8,15.6223,19527.9,0,-0.191537,0.624892,-0.762916,-0.329561,2.40075,230436,18.6626,-0.82754,11,80,0,11,59.404,0,0,80,0,0,-0.851675,0.0341344,-0.851675,0.0341344,-0.805178,0.0806292,-0.805178,0.0806292,-0.598721,0.287133,-0.598721,0.287133
size_sweep,calm_thin,250000,aggressive,40,0,True,"coinbase>=1,000,000",prints+quotes,5102009,10,2.01168,419009,0.309006,3.95,2.84247,aggressive,BTC-USD,buy,2.89752,250000,86280.7,2.09665,346671,2.89752,1,0,86313.3,3.78456,18,450.17,0,250095,3.78456,18.0068,4.35652e-16,21.7914,0,0,21.7914,2.84247,1,54,0,0,0.0393164,0,0,0,0,0,3.5953,-0.187759,,,4.23078,0.447957,,,3.02413,-0.75915,,
size_sweep,calm_thin,250000,aggressive,40,0,True,"coinbase>=1,000,000",prints+quotes,5102009,10,2.01168,419009,0.309006,3.95,2.84247,aggressive,BTC-USD,sell,2.89752,250000,86280.7,2.09665,421589,2.89752,1,0,86260.4,2.34563,18,449.894,0,249941,2.34563,17.9958,-0,20.3414,0,0,20.3414,-2.84247,1,40,0,0,0.0393164,0,0,0,0,0,2.53403,0.187759,,,1.89817,-0.447957,,,3.10556,0.75915,,
size_sweep,calm_thin,250000,hybrid,40,0,True,"coinbase>=1,000,000",prints+quotes,5102009,10,2.01168,419009,0.309006,3.95,2.84247,hybrid,BTC-USD,buy,2.89752,250000,86280.7,2.09665,346671,2.89752,1,0.533373,86292.7,1.38892,12.6674,316.73,133332,116702,1.38892,12.6692,0,14.0581,0,0,14.0581,2.84247,9,81,0,8,42.1345,0,0,55,0,0,0.739899,0.280522,-0.62767,0.380967,0.807725,0.348459,-1.20393,-0.195231,-0.952939,-1.41246,-1.93703,-0.928266
size_sweep,calm_thin,250000,hybrid,40,0,True,"coinbase>=1,000,000",prints+quotes,5102009,10,2.01168,419009,0.309006,3.95,2.84247,hybrid,BTC-USD,sell,2.89752,250000,86280.7,2.09665,421589,2.89752,1,0.0564771,86275.6,0.590617,17.4351,435.851,14122,235863,0.590617,17.4341,4.35652e-16,18.0247,0,0,18.0247,-2.84247,8,101,0,7,42.1364,0,0,47,0,0,2.16518,-0.14757,-0.776034,0.155463,1.42736,-0.885198,-0.401365,0.530167,4.27602,1.96278,0.978784,1.91045
size_sweep,calm_thin,250000,hybrid|prints-only,40,0,True,"coinbase>=1,000,000",prints-only,5102009,10,2.01168,419009,0.309006,3.95,2.84247,hybrid,BTC-USD,buy,2.89752,250000,86280.7,2.09665,346671,2.89752,1,0.533373,86292.7,1.38892,12.6674,316.73,133332,116702,1.38892,12.6692,0,14.0581,0,0,14.0581,2.84247,9,81,0,8,42.1345,0,0,55,0,0,0.739899,0.280522,-0.62767,0.380967,0.807725,0.348459,-1.20393,-0.195231,-0.952939,-1.41246,-1.93703,-0.928266
size_sweep,calm_thin,250000,hybrid|prints-only,40,0,True,"coinbase>=1,000,000",prints-only,5102009,10,2.01168,419009,0.309006,3.95,2.84247,hybrid,BTC-USD,sell,2.89752,250000,86280.7,2.09665,421589,2.89752,1,0.0564771,86275.6,0.590617,17.4351,435.851,14122,235863,0.590617,17.4341,4.35652e-16,18.0247,0,0,18.0247,-2.84247,8,101,0,7,42.1364,0,0,47,0,0,2.16518,-0.14757,-0.776034,0.155463,1.42736,-0.885198,-0.401365,0.530167,4.27602,1.96278,0.978784,1.91045
size_sweep,calm_thin,250000,passive,40,0,True,"coinbase>=1,000,000",prints+quotes,5102009,10,2.01168,419009,0.309006,3.95,2.84247,passive,BTC-USD,buy,2.89752,250000,86280.7,2.09665,346671,1.60083,0.552484,1,86274,-0.772354,8,110.488,138110,0,-0.426714,4.41953,1.27205,5.26487,0.801796,111931,14.1257,2.84247,11,87,0,11,59.0029,0,0,87,0,0,-0.642771,0.363531,-0.642771,0.363531,-1.22179,-0.215427,-1.22179,-0.215427,-1.98794,-0.981502,-1.98794,-0.981502
size_sweep,calm_thin,250000,passive,40,0,True,"coinbase>=1,000,000",prints+quotes,5102009,10,2.01168,419009,0.309006,3.95,2.84247,passive,BTC-USD,sell,2.89752,250000,86280.7,2.09665,421589,0.262796,0.090697,1,86297.7,-1.97482,8,18.143,22678.7,0,-0.17911,0.72572,-2.58466,-2.03805,3.0096,227315,17.3382,-2.84247,11,58,0,11,60.0153,0,0,58,0,0.00015501,-0.731193,0.0952968,-0.731193,0.0952968,-0.478296,0.348216,-0.478296,0.348216,1.32103,2.14769,1.32103,2.14769
size_sweep,calm_thin,250000,passive|prints-only,40,0,True,"coinbase>=1,000,000",prints-only,5102009,10,2.01168,419009,0.309006,3.95,2.84247,passive,BTC-USD,buy,2.89752,250000,86280.7,2.09665,346671,1.60083,0.552484,1,86274,-0.772354,8,110.488,138110,0,-0.426714,4.41953,1.27205,5.26487,0.801796,111931,14.1257,2.84247,11,87,0,11,59.0029,0,0,87,0,0,-0.642771,0.363531,-0.642771,0.363531,-1.22179,-0.215427,-1.22179,-0.215427,-1.98794,-0.981502,-1.98794,-0.981502
size_sweep,calm_thin,250000,passive|prints-only,40,0,True,"coinbase>=1,000,000",prints-only,5102009,10,2.01168,419009,0.309006,3.95,2.84247,passive,BTC-USD,sell,2.89752,250000,86280.7,2.09665,421589,0.262796,0.090697,1,86297.7,-1.97482,8,18.143,22678.7,0,-0.17911,0.72572,-2.58466,-2.03805,3.0096,227315,17.3382,-2.84247,11,58,0,11,60.0153,0,0,58,0,0.00015501,-0.731193,0.0952968,-0.731193,0.0952968,-0.478296,0.348216,-0.478296,0.348216,1.32103,2.14769,1.32103,2.14769
size_sweep,calm_thin,250000,aggressive,40,0,True,"coinbase>=1,000,000",prints+quotes,5102010,10,2.10128,419245,0.293467,4.11667,2.25721,aggressive,BTC-USD,buy,2.89757,250000,86279.2,2.02134,525904,2.89757,1,0,86303.9,2.85717,18,450.129,0,250071,2.85717,18.0051,3.45945e-16,20.8623,0,0,20.8623,2.25721,1,42,0,0,0.0437372,0,0,0,0,0,2.85629,0,,,2.68712,-0.169218,,,4.33536,1.4795,,
size_sweep,calm_thin,250000,aggressive,40,0,True,"coinbase>=1,000,000",prints+quotes,5102010,10,2.10128,419245,0.293467,4.11667,2.25721,aggressive,BTC-USD,sell,2.89757,250000,86279.2,2.02134,414153,2.89757,1,0,86256.9,2.58973,18,449.883,0,249935,2.58973,17.9953,-3.45945e-16,20.5851,0,0,20.5851,-2.25721,1,50,0,0,0.0437372,0,0,0,0,0,2.59051,0,,,2.75978,0.169218,,,1.11063,-1.4795,,
size_sweep,calm_thin,250000,hybrid,40,0,True,"coinbase>=1,000,000",prints+quotes,5102010,10,2.10128,419245,0.293467,4.11667,2.25721,hybrid,BTC-USD,buy,2.89757,250000,86279.2,2.02134,525904,2.89757,1,0.072079,86283.6,0.508339,17.2794,432.007,18015.6,231997,0.508339,17.2803,0,17.7886,0,0,17.7886,2.25721,8,114,0,7,42.1526,0,0,75,0,0,2.14194,0.0993104,-0.867409,0.0794771,1.40041,-0.642398,-0.696415,0.250457,-4.28897,-6.333,-3.85109,-2.9039
size_sweep,calm_thin,250000,hybrid,40,0,True,"coinbase>=1,000,000",prints+quotes,5102010,10,2.10128,419245,0.293467,4.11667,2.25721,hybrid,BTC-USD,sell,2.89757,250000,86279.2,2.02134,414153,2.89757,1,0.054614,86247.1,3.72179,17.4537,436.18,13652.6,236254,3.72179,17.4472,-3.45945e-16,21.169,0,0,21.169,-2.25721,9,99,0,8,42.1622,0,0,61,0,0,2.07415,-0.0963985,-0.965909,-0.0193238,2.84813,0.677406,-0.863747,0.082849,8.59308,6.42107,2.38778,3.3347
size_sweep,calm_thin,250000,hybrid|prints-only,40,0,True,"coinbase>=1,000,000",prints-only,5102010,10,2.10128,419245,0.293467,4.11667,2.25721,hybrid,BTC-USD,buy,2.89757,250000,86279.2,2.02134,525904,2.89757,1,0.072079,86283.6,0.508339,17.2794,432.007,18015.6,231997,0.508339,17.2803,0,17.7886,0,0,17.7886,2.25721,8,114,0,7,42.1526,0,0,75,0,0,2.14194,0.0993104,-0.867409,0.0794771,1.40041,-0.642398,-0.696415,0.250457,-4.28897,-6.333,-3.85109,-2.9039
size_sweep,calm_thin,250000,hybrid|prints-only,40,0,True,"coinbase>=1,000,000",prints-only,5102010,10,2.10128,419245,0.293467,4.11667,2.25721,hybrid,BTC-USD,sell,2.89757,250000,86279.2,2.02134,414153,2.89757,1,0.054614,86247.1,3.72179,17.4537,436.18,13652.6,236254,3.72179,17.4472,-3.45945e-16,21.169,0,0,21.169,-2.25721,9,99,0,8,42.1622,0,0,61,0,0,2.07415,-0.0963985,-0.965909,-0.0193238,2.84813,0.677406,-0.863747,0.082849,8.59308,6.42107,2.38778,3.3347
size_sweep,calm_thin,250000,passive,40,0,True,"coinbase>=1,000,000",prints+quotes,5102010,10,2.10128,419245,0.293467,4.11667,2.25721,passive,BTC-USD,buy,2.89757,250000,86279.2,2.02134,525904,0.337133,0.11635,1,86271.4,-0.9049,8,23.2679,29084.9,0,-0.105285,0.930718,1.99458,2.82001,2.47173,221024,21.2055,2.25721,14,104,0,14,59.3086,0,0,104,0,0,-0.859702,0.119162,-0.859702,0.119162,-1.71431,-0.735361,-1.71431,-0.735361,-3.52253,-2.5434,-3.52253,-2.5434
size_sweep,calm_thin,250000,passive,40,0,True,"coinbase>=1,000,000",prints+quotes,5102010,10,2.10128,419245,0.293467,4.11667,2.25721,passive,BTC-USD,sell,2.89757,250000,86279.2,2.02134,414153,0.207243,0.0715232,1,86276.7,0.299577,8,14.3042,17880.3,0,0.0214267,0.572168,-2.09576,-1.50217,2.62112,232106,17.8306,-2.25721,14,91,0,14,57.4267,0,0,91,0,0,-0.887484,0.0122966,-0.887484,0.0122966,-0.408863,0.490956,-0.408863,0.490956,2.6311,3.53122,2.6311,3.53122
size_sweep,calm_thin,250000,passive|prints-only,40,0,True,"coinbase>=1,000,000",prints-only,5102010,10,2.10128,419245,0.293467,4.11667,2.25721,passive,BTC-USD,buy,2.89757,250000,86279.2,2.02134,525904,0.337133,0.11635,1,86271.4,-0.9049,8,23.2679,29084.9,0,-0.105285,0.930718,1.99458,2.82001,2.47173,221024,21.2055,2.25721,14,104,0,14,59.3086,0,0,104,0,0,-0.859702,0.119162,-0.859702,0.119162,-1.71431,-0.735361,-1.71431,-0.735361,-3.52253,-2.5434,-3.52253,-2.5434
size_sweep,calm_thin,250000,passive|prints-only,40,0,True,"coinbase>=1,000,000",prints-only,5102010,10,2.10128,419245,0.293467,4.11667,2.25721,passive,BTC-USD,sell,2.89757,250000,86279.2,2.02134,414153,0.207243,0.0715232,1,86276.7,0.299577,8,14.3042,17880.3,0,0.0214267,0.572168,-2.09576,-1.50217,2.62112,232106,17.8306,-2.25721,14,91,0,14,57.4267,0,0,91,0,0,-0.887484,0.0122966,-0.887484,0.0122966,-0.408863,0.490956,-0.408863,0.490956,2.6311,3.53122,2.6311,3.53122
size_sweep,calm_thin,250000,aggressive,40,0,True,"coinbase>=1,000,000",prints+quotes,5102011,10,2.09622,424322,0.486636,4.71667,-5.98185,aggressive,BTC-USD,buy,2.89678,250000,86302.8,1.84583,414250,2.89678,1,0,86325,2.56894,18,450.116,0,250064,2.56894,18.0046,-0,20.5736,0,0,20.5736,-5.98185,1,48,0,0,0.0232598,0,0,0,0,0,1.79033,-0.778075,,,1.44802,-1.12047,,,7.88474,5.3179,,
size_sweep,calm_thin,250000,aggressive,40,0,True,"coinbase>=1,000,000",prints+quotes,5102011,10,2.09622,424322,0.486636,4.71667,-5.98185,aggressive,BTC-USD,sell,2.89678,250000,86302.8,1.84583,361660,2.89678,1,0,86269.1,3.90677,18,449.824,0,249902,3.90677,17.993,1.83409e-15,21.8997,0,0,21.8997,5.98185,1,55,0,0,0.0232598,0,0,0,0,0,4.68682,0.778075,,,5.02936,1.12047,,,-1.41154,-5.3179,,
size_sweep,calm_thin,250000,hybrid,40,0,True,"coinbase>=1,000,000",prints+quotes,5102011,10,2.09622,424322,0.486636,4.71667,-5.98185,hybrid,BTC-USD,buy,2.89678,250000,86302.8,1.84583,414250,2.89678,1,0.0605621,86273.8,-3.35433,17.3945,434.717,15132.2,234784,-3.35433,17.3887,9.17044e-16,14.0343,0,0,14.0343,-5.98185,12,104,0,11,42.1249,0,0,69,0,0,2.72556,0.377269,-0.881365,0.0248761,5.26137,2.9137,0.481663,1.38778,0.634835,-1.714,-0.55875,0.347481
size_sweep,calm_thin,250000,hybrid,40,0,True,"coinbase>=1,000,000",prints+quotes,5102011,10,2.09622,424322,0.486636,4.71667,-5.98185,hybrid,BTC-USD,sell,2.89678,250000,86302.8,1.84583,361660,2.89678,1,0.955756,86308.1,-0.616926,8.4421,211.066,238962,11053.2,-0.616926,8.44262,2.065e-08,7.8257,2.992e-09,0.000862437,7.8257,5.98185,15,81,0,14,42.1366,0,0,77,0,0,-0.835685,-0.0988605,-0.910541,-0.0849209,-1.74431,-1.00757,-1.74029,-0.914777,-6.87807,-6.14179,-7.33667,-6.5116
size_sweep,calm_thin,250000,hybrid|prints-only,40,0,True,"coinbase>=1,000,000",prints-only,5102011,10,2.09622,424322,0.486636,4.71667,-5.98185,hybrid,BTC-USD,buy,2.89678,250000,86302.8,1.84583,414250,2.89678,1,0.0605621,86273.8,-3.35433,17.3945,434.717,15132.2,234784,-3.35433,17.3887,9.17044e-16,14.0343,0,0,14.0343,-5.98185,12,104,0,11,42.1249,0,0,69,0,0,2.72556,0.377269,-0.881365,0.0248761,5.26137,2.9137,0.481663,1.38778,0.634835,-1.714,-0.55875,0.347481
size_sweep,calm_thin,250000,hybrid|prints-only,40,0,True,"coinbase>=1,000,000",prints-only,5102011,10,2.09622,424322,0.486636,4.71667,-5.98185,hybrid,BTC-USD,sell,2.89678,250000,86302.8,1.84583,361660,2.89678,1,0.955756,86308.1,-0.616926,8.4421,211.066,238962,11053.2,-0.616926,8.44262,2.065e-08,7.8257,2.992e-09,0.000862437,7.8257,5.98185,15,81,0,14,42.1366,0,0,77,0,0,-0.835685,-0.0988605,-0.910541,-0.0849209,-1.74431,-1.00757,-1.74029,-0.914777,-6.87807,-6.14179,-7.33667,-6.5116
size_sweep,calm_thin,250000,passive,40,0,True,"coinbase>=1,000,000",prints+quotes,5102011,10,2.09622,424322,0.486636,4.71667,-5.98185,passive,BTC-USD,buy,2.89678,250000,86302.8,1.84583,414250,0.760408,0.262501,1,86231,-8.31302,8,52.4566,65570.7,0,-2.18218,2.09826,-4.4116,-4.49552,1.39119,184299,10.1652,-5.98185,20,101,0,20,56.001,0,0,101,0,0,-1.04819,-0.0707402,-1.04819,-0.0707402,-1.64563,-0.668111,-1.64563,-0.668111,-3.26308,-2.2854,-3.26308,-2.2854
size_sweep,calm_thin,250000,passive,40,0,True,"coinbase>=1,000,000",prints+quotes,5102011,10,2.09622,424322,0.486636,4.71667,-5.98185,passive,BTC-USD,sell,2.89678,250000,86302.8,1.84583,361660,2.8725,0.991619,1,86309.1,-0.727566,8,198.338,247923,0,-0.721469,7.93353,0.0501313,7.2622,0.00726357,2093.71,7.42021,5.98185,23,103,0,23,58.7147,0,0,103,0,0,-0.906294,-0.075701,-0.906294,-0.075701,-1.68863,-0.858137,-1.68863,-0.858137,-7.02588,-6.19581,-7.02588,-6.19581
size_sweep,calm_thin,250000,passive|prints-only,40,0,True,"coinbase>=1,000,000",prints-only,5102011,10,2.09622,424322,0.486636,4.71667,-5.98185,passive,BTC-USD,buy,2.89678,250000,86302.8,1.84583,414250,0.760408,0.262501,1,86231,-8.31302,8,52.4566,65570.7,0,-2.18218,2.09826,-4.4116,-4.49552,1.39119,184299,10.1652,-5.98185,20,101,0,20,56.001,0,0,101,0,0,-1.04819,-0.0707402,-1.04819,-0.0707402,-1.64563,-0.668111,-1.64563,-0.668111,-3.26308,-2.2854,-3.26308,-2.2854
size_sweep,calm_thin,250000,passive|prints-only,40,0,True,"coinbase>=1,000,000",prints-only,5102011,10,2.09622,424322,0.486636,4.71667,-5.98185,passive,BTC-USD,sell,2.89678,250000,86302.8,1.84583,361660,2.8725,0.991619,1,86309.1,-0.727566,8,198.338,247923,0,-0.721469,7.93353,0.0501313,7.2622,0.00726357,2093.71,7.42021,5.98185,23,103,0,23,58.7147,0,0,103,0,0,-0.906294,-0.075701,-0.906294,-0.075701,-1.68863,-0.858137,-1.68863,-0.858137,-7.02588,-6.19581,-7.02588,-6.19581
size_sweep,calm_thin,250000,aggressive,40,0,True,"coinbase>=1,000,000",prints+quotes,5102012,10,2.10195,436506,0.271046,4.65,3.32201,aggressive,BTC-USD,buy,2.89727,250000,86288.1,2.44182,375233,2.89727,1,0,86311.3,2.68136,18,450.121,0,250067,2.68136,18.0048,-5.09193e-16,20.6862,0,0,20.6862,3.32201,1,46,0,0,0.0444614,0,0,0,0,0,3.00791,0.327392,,,3.8531,1.17281,,,4.27483,1.59466,,
size_sweep,calm_thin,250000,aggressive,40,0,True,"coinbase>=1,000,000",prints+quotes,5102012,10,2.10195,436506,0.271046,4.65,3.32201,aggressive,BTC-USD,sell,2.89727,250000,86288.1,2.44182,487896,2.89727,1,0,86264.4,2.74423,18,449.877,0,249931,2.74423,17.9951,-0,20.7393,0,0,20.7393,-3.32201,1,42,0,0,0.0444614,0,0,0,0,0,2.41757,-0.327392,,,1.57192,-1.17281,,,1.14996,-1.59466,,
size_sweep,calm_thin,250000,hybrid,40,0,True,"coinbase>=1,000,000",prints+quotes,5102012,10,2.10195,436506,0.271046,4.65,3.32201,hybrid,BTC-USD,buy,2.89727,250000,86288.1,2.44182,375233,2.89727,1,1,86267.6,-2.38361,8,199.952,249940,0,-2.38361,7.99809,0,5.61449,0,0,5.61449,3.32201,5,101,0,4,24.7151,0,0,101,0,0,-0.202732,0.518957,-0.202732,0.518957,-0.0176139,0.704062,-0.0176139,0.704062,-3.3983,-2.67638,-3.3983,-2.67638
size_sweep,calm_thin,250000,hybrid,40,0,True,"coinbase>=1,000,000",prints+quotes,5102012,10,2.10195,436506,0.271046,4.65,3.32201,hybrid,BTC-USD,sell,2.89727,250000,86288.1,2.44182,487896,2.89727,1,0.0337817,86278.4,1.13115,17.6621,441.503,8445.65,241526,1.13115,17.6601,-0,18.7913,0,0,18.7913,-3.32201,12,88,0,11,42.1489,0,1,49,0,0,2.97001,0.245643,-0.799246,0.0300963,4.25359,1.52886,-0.21367,0.615717,2.57964,-0.144585,1.45247,2.28201
size_sweep,calm_thin,250000,hybrid|prints-only,40,0,True,"coinbase>=1,000,000",prints-only,5102012,10,2.10195,436506,0.271046,4.65,3.32201,hybrid,BTC-USD,buy,2.89727,250000,86288.1,2.44182,375233,2.89727,1,1,86267.6,-2.38361,8,199.952,249940,0,-2.38361,7.99809,0,5.61449,0,0,5.61449,3.32201,5,101,0,4,24.7151,0,0,101,0,0,-0.202732,0.518957,-0.202732,0.518957,-0.0176139,0.704062,-0.0176139,0.704062,-3.3983,-2.67638,-3.3983,-2.67638
size_sweep,calm_thin,250000,hybrid|prints-only,40,0,True,"coinbase>=1,000,000",prints-only,5102012,10,2.10195,436506,0.271046,4.65,3.32201,hybrid,BTC-USD,sell,2.89727,250000,86288.1,2.44182,487896,2.89727,1,0.0337817,86278.4,1.13115,17.6621,441.503,8445.65,241526,1.13115,17.6601,-0,18.7913,0,0,18.7913,-3.32201,12,88,0,11,42.1489,0,1,49,0,0,2.97001,0.245643,-0.799246,0.0300963,4.25359,1.52886,-0.21367,0.615717,2.57964,-0.144585,1.45247,2.28201
size_sweep,calm_thin,250000,passive,40,0,True,"coinbase>=1,000,000",prints+quotes,5102012,10,2.10195,436506,0.271046,4.65,3.32201,passive,BTC-USD,buy,2.89727,250000,86288.1,2.44182,375233,2.89727,1,1,86267.6,-2.38361,8,199.952,249940,0,-2.38361,7.99809,0,5.61449,0,0,5.61449,3.32201,5,101,0,4,24.7151,0,0,101,0,0,-0.202732,0.518957,-0.202732,0.518957,-0.0176139,0.704062,-0.0176139,0.704062,-3.3983,-2.67638,-3.3983,-2.67638
size_sweep,calm_thin,250000,passive,40,0,True,"coinbase>=1,000,000",prints+quotes,5102012,10,2.10195,436506,0.271046,4.65,3.32201,passive,BTC-USD,sell,2.89727,250000,86288.1,2.44182,487896,0.1137,0.0392437,1,86294.9,-0.783447,8,7.84936,9811.7,0,-0.0307454,0.313974,-3.19164,-2.90841,2.45908,240207,16.8456,-3.32201,16,78,0,16,59.8108,0,1,77,0,0,-0.815364,0.0298559,-0.815364,0.0298559,-0.314294,0.530964,-0.314294,0.530964,1.16241,2.00781,1.16241,2.00781
size_sweep,calm_thin,250000,passive|prints-only,40,0,True,"coinbase>=1,000,000",prints-only,5102012,10,2.10195,436506,0.271046,4.65,3.32201,passive,BTC-USD,buy,2.89727,250000,86288.1,2.44182,375233,2.89727,1,1,86267.6,-2.38361,8,199.952,249940,0,-2.38361,7.99809,0,5.61449,0,0,5.61449,3.32201,5,101,0,4,24.7151,0,0,101,0,0,-0.202732,0.518957,-0.202732,0.518957,-0.0176139,0.704062,-0.0176139,0.704062,-3.3983,-2.67638,-3.3983,-2.67638
size_sweep,calm_thin,250000,passive|prints-only,40,0,True,"coinbase>=1,000,000",prints-only,5102012,10,2.10195,436506,0.271046,4.65,3.32201,passive,BTC-USD,sell,2.89727,250000,86288.1,2.44182,487896,0.1137,0.0392437,1,86294.9,-0.783447,8,7.84936,9811.7,0,-0.0307454,0.313974,-3.19164,-2.90841,2.45908,240207,16.8456,-3.32201,16,78,0,16,59.8108,0,1,77,0,0,-0.815364,0.0298559,-0.815364,0.0298559,-0.314294,0.530964,-0.314294,0.530964,1.16241,2.00781,1.16241,2.00781
size_sweep,calm_thin,250000,aggressive,40,0,True,"coinbase>=1,000,000",prints+quotes,5102013,10,2.01242,444813,0.262096,4.13333,-3.71455,aggressive,BTC-USD,buy,2.89837,250000,86255.5,1.70656,468093,2.89837,1,0,86283.1,3.19758,18,450.144,0,250080,3.19758,18.0058,-0,21.2033,0,0,21.2033,-3.71455,1,42,0,0,0.0456059,0,0,0,0,0,3.19645,0,,,4.20418,1.00805,,,6.39985,3.20443,,
size_sweep,calm_thin,250000,aggressive,40,0,True,"coinbase>=1,000,000",prints+quotes,5102013,10,2.01242,444813,0.262096,4.13333,-3.71455,aggressive,BTC-USD,sell,2.89837,250000,86255.5,1.70656,369993,2.89837,1,0,86230.6,2.88881,18,449.87,0,249928,2.88881,17.9948,0,20.8836,0,0,20.8836,3.71455,1,53,0,0,0.0456059,0,0,0,0,0,2.88971,0,,,1.88136,-1.00805,,,-0.315652,-3.20443,,
size_sweep,calm_thin,250000,hybrid,40,0,True,"coinbase>=1,000,000",prints+quotes,5102013,10,2.01242,444813,0.262096,4.13333,-3.71455,hybrid,BTC-USD,buy,2.89837,250000,86255.5,1.70656,468093,2.89837,1,0.0393837,86247.5,-0.932569,17.6062,440.115,9843.04,240134,-0.932569,17.6046,5.69145e-16,16.672,0,0,16.672,-3.71455,9,108,0,8,42.1222,0,0,66,0,0,3.56036,0.707115,-0.703181,0.00529924,3.41719,0.563897,-0.29433,0.414117,2.23698,-0.61668,0.861236,1.56961
size_sweep,calm_thin,250000,hybrid,40,0,True,"coinbase>=1,000,000",prints+quotes,5102013,10,2.01242,444813,0.262096,4.13333,-3.71455,hybrid,BTC-USD,sell,2.89837,250000,86255.5,1.70656,369993,2.89837,1,0.447041,86221.9,3.89579,13.5287,338.086,111739,138164,3.89579,13.5234,1.2816e-08,17.4192,2.592e-09,0.00086217,17.4192,3.71455,10,76,0,9,42.1662,0,0,51,0,0,-0.0675282,-0.360525,-1.25051,0.103774,0.17477,-0.118221,-0.913685,0.440646,0.310288,0.0171053,-2.18956,-0.835398
size_sweep,calm_thin,250000,hybrid|prints-only,40,0,True,"coinbase>=1,000,000",prints-only,5102013,10,2.01242,444813,0.262096,4.13333,-3.71455,hybrid,BTC-USD,buy,2.89837,250000,86255.5,1.70656,468093,2.89837,1,0.0393837,86247.5,-0.932569,17.6062,440.115,9843.04,240134,-0.932569,17.6046,5.69145e-16,16.672,0,0,16.672,-3.71455,9,108,0,8,42.1222,0,0,66,0,0,3.56036,0.707115,-0.703181,0.00529924,3.41719,0.563897,-0.29433,0.414117,2.23698,-0.61668,0.861236,1.56961
size_sweep,calm_thin,250000,hybrid|prints-only,40,0,True,"coinbase>=1,000,000",prints-only,5102013,10,2.01242,444813,0.262096,4.13333,-3.71455,hybrid,BTC-USD,sell,2.89837,250000,86255.5,1.70656,369993,2.89837,1,0.447041,86221.9,3.89579,13.5287,338.086,111739,138164,3.89579,13.5234,1.2816e-08,17.4192,2.592e-09,0.00086217,17.4192,3.71455,10,76,0,9,42.1662,0,0,51,0,0,-0.0675282,-0.360525,-1.25051,0.103774,0.17477,-0.118221,-0.913685,0.440646,0.310288,0.0171053,-2.18956,-0.835398
size_sweep,calm_thin,250000,passive,40,0,True,"coinbase>=1,000,000",prints+quotes,5102013,10,2.01242,444813,0.262096,4.13333,-3.71455,passive,BTC-USD,buy,2.89837,250000,86255.5,1.70656,468093,0.322194,0.111164,1,86219.4,-4.18643,8,22.2235,27779.4,0,-0.46538,0.888941,-3.30162,-2.87806,1.60985,222167,14.7278,-3.71455,12,98,0,12,59.1398,0,0,98,0,0,-1.01784,-0.314288,-1.01784,-0.314288,-0.645155,0.0583686,-0.645155,0.0583686,0.545308,1.24875,0.545308,1.24875
size_sweep,calm_thin,250000,passive,40,0,True,"coinbase>=1,000,000",prints+quotes,5102013,10,2.01242,444813,0.262096,4.13333,-3.71455,passive,BTC-USD,sell,2.89837,250000,86255.5,1.70656,369993,1.45639,0.502488,1,86237.4,2.1026,8,100.476,125596,0,1.05653,4.01906,1.84803,6.92362,1.29281,124300,17.166,3.71455,13,86,0,13,59.9132,0,0,86,0,0,-1.20042,0.0887568,-1.20042,0.0887568,-0.881663,0.407557,-0.881663,0.407557,-2.00938,-0.720311,-2.00938,-0.720311
size_sweep,calm_thin,250000,passive|prints-only,40,0,True,"coinbase>=1,000,000",prints-only,5102013,10,2.01242,444813,0.262096,4.13333,-3.71455,passive,BTC-USD,buy,2.89837,250000,86255.5,1.70656,468093,0.322194,0.111164,1,86219.4,-4.18643,8,22.2235,27779.4,0,-0.46538,0.888941,-3.30162,-2.87806,1.60985,222167,14.7278,-3.71455,12,98,0,12,59.1398,0,0,98,0,0,-1.01784,-0.314288,-1.01784,-0.314288,-0.645155,0.0583686,-0.645155,0.0583686,0.545308,1.24875,0.545308,1.24875
size_sweep,calm_thin,250000,passive|prints-only,40,0,True,"coinbase>=1,000,000",prints-only,5102013,10,2.01242,444813,0.262096,4.13333,-3.71455,passive,BTC-USD,sell,2.89837,250000,86255.5,1.70656,369993,1.45639,0.502488,1,86237.4,2.1026,8,100.476,125596,0,1.05653,4.01906,1.84803,6.92362,1.29281,124300,17.166,3.71455,13,86,0,13,59.9132,0,0,86,0,0,-1.20042,0.0887568,-1.20042,0.0887568,-0.881663,0.407557,-0.881663,0.407557,-2.00938,-0.720311,-2.00938,-0.720311
size_sweep,calm_thin,250000,aggressive,40,0,True,"coinbase>=1,000,000",prints+quotes,5102014,10,2.13423,431998,0.357437,3.8,3.16081,aggressive,BTC-USD,buy,2.89823,250000,86259.6,1.75748,455464,2.89823,1,0,86284.5,2.88113,18,450.13,0,250072,2.88113,18.0052,-4.84324e-16,20.8863,0,0,20.8863,3.16081,1,40,0,0,0.0316922,0,0,0,0,0,2.54296,-0.337354,,,1.53698,-1.34362,,,-2.45273,-5.33448,,
size_sweep,calm_thin,250000,aggressive,40,0,True,"coinbase>=1,000,000",prints+quotes,5102014,10,2.13423,431998,0.357437,3.8,3.16081,aggressive,BTC-USD,sell,2.89823,250000,86259.6,1.75748,465653,2.89823,1,0,86239.3,2.36126,18,449.894,0,249941,2.36126,17.9957,-0,20.357,0,0,20.357,-3.16081,1,44,0,0,0.0316922,0,0,0,0,0,2.69931,0.337354,,,3.70581,1.34362,,,7.69761,5.33448,,
size_sweep,calm_thin,250000,hybrid,40,0,True,"coinbase>=1,000,000",prints+quotes,5102014,10,2.13423,431998,0.357437,3.8,3.16081,hybrid,BTC-USD,buy,2.89823,250000,86259.6,1.75748,455464,2.89823,1,0.0444116,86326.8,7.79167,17.5561,439.244,11106.2,239089,7.79167,17.5698,0,25.3614,0,0,25.3614,3.16081,13,87,0,12,42.1369,0,0,48,0,0,2.39192,-0.00232856,-0.935894,-0.0524314,2.78936,0.395216,-1.03427,-0.150797,3.03039,0.636326,-1.86292,-0.979359
size_sweep,calm_thin,250000,hybrid,40,0,True,"coinbase>=1,000,000",prints+quotes,5102014,10,2.13423,431998,0.357437,3.8,3.16081,hybrid,BTC-USD,sell,2.89823,250000,86259.6,1.75748,465653,2.89823,1,0.0383211,86285.9,-3.04502,17.6167,440.553,9584.3,240492,-3.04502,17.6221,-0,14.5771,0,0,14.5771,-3.16081,17,108,0,16,42.1332,0,0,66,0,0,2.36054,0.0255879,-0.299388,0.667725,1.98271,-0.352139,0.398555,1.36573,1.68815,-0.64663,0.0120688,0.979199
size_sweep,calm_thin,250000,hybrid|prints-only,40,0,True,"coinbase>=1,000,000",prints-only,5102014,10,2.13423,431998,0.357437,3.8,3.16081,hybrid,BTC-USD,buy,2.89823,250000,86259.6,1.75748,455464,2.89823,1,0.0444116,86326.8,7.79167,17.5561,439.244,11106.2,239089,7.79167,17.5698,0,25.3614,0,0,25.3614,3.16081,13,87,0,12,42.1369,0,0,48,0,0,2.39192,-0.00232856,-0.935894,-0.0524314,2.78936,0.395216,-1.03427,-0.150797,3.03039,0.636326,-1.86292,-0.979359
size_sweep,calm_thin,250000,hybrid|prints-only,40,0,True,"coinbase>=1,000,000",prints-only,5102014,10,2.13423,431998,0.357437,3.8,3.16081,hybrid,BTC-USD,sell,2.89823,250000,86259.6,1.75748,465653,2.89823,1,0.0383211,86285.9,-3.04502,17.6167,440.553,9584.3,240492,-3.04502,17.6221,-0,14.5771,0,0,14.5771,-3.16081,17,108,0,16,42.1332,0,0,66,0,0,2.36054,0.0255879,-0.299388,0.667725,1.98271,-0.352139,0.398555,1.36573,1.68815,-0.64663,0.0120688,0.979199
size_sweep,calm_thin,250000,passive,40,0,True,"coinbase>=1,000,000",prints+quotes,5102014,10,2.13423,431998,0.357437,3.8,3.16081,passive,BTC-USD,buy,2.89823,250000,86259.6,1.75748,455464,0.17716,0.0611269,1,86287.4,3.22455,8,12.2293,15286.7,0,0.197107,0.489173,2.9676,3.65388,2.39513,234852,22.9584,3.16081,15,86,0,15,60.0382,0,0,86,0,0.0003039,-0.916496,-0.021066,-0.916496,-0.021066,-0.797707,0.0977131,-0.797707,0.0977131,-1.78122,-0.885711,-1.78122,-0.885711
size_sweep,calm_thin,250000,passive,40,0,True,"coinbase>=1,000,000",prints+quotes,5102014,10,2.13423,431998,0.357437,3.8,3.16081,passive,BTC-USD,sell,2.89823,250000,86259.6,1.75748,465653,0.127331,0.0439342,1,86297,-4.33769,8,8.79065,10988.3,0,-0.190573,0.351626,-3.02194,-2.86089,1.96055,239043,16.3108,-3.16081,19,91,0,19,59.715,0,0,91,0,0,-0.365466,0.582107,-0.365466,0.582107,0.212968,1.1606,0.212968,1.1606,0.0711209,1.01872,0.0711209,1.01872
size_sweep,calm_thin,250000,passive|prints-only,40,0,True,"coinbase>=1,000,000",prints-only,5102014,10,2.13423,431998,0.357437,3.8,3.16081,passive,BTC-USD,buy,2.89823,250000,86259.6,1.75748,455464,0.17716,0.0611269,1,86287.4,3.22455,8,12.2293,15286.7,0,0.197107,0.489173,2.9676,3.65388,2.39513,234852,22.9584,3.16081,15,86,0,15,60.0382,0,0,86,0,0.0003039,-0.916496,-0.021066,-0.916496,-0.021066,-0.797707,0.0977131,-0.797707,0.0977131,-1.78122,-0.885711,-1.78122,-0.885711
size_sweep,calm_thin,250000,passive|prints-only,40,0,True,"coinbase>=1,000,000",prints-only,5102014,10,2.13423,431998,0.357437,3.8,3.16081,passive,BTC-USD,sell,2.89823,250000,86259.6,1.75748,465653,0.127331,0.0439342,1,86297,-4.33769,8,8.79065,10988.3,0,-0.190573,0.351626,-3.02194,-2.86089,1.96055,239043,16.3108,-3.16081,19,91,0,19,59.715,0,0,91,0,0,-0.365466,0.582107,-0.365466,0.582107,0.212968,1.1606,0.212968,1.1606,0.0711209,1.01872,0.0711209,1.01872
size_sweep,calm_thin,250000,aggressive,40,0,True,"coinbase>=1,000,000",prints+quotes,5102015,10,2.102,406435,0.266643,4.43333,2.18942,aggressive,BTC-USD,buy,2.89683,250000,86301.2,1.80067,308048,2.89683,1,0,86330.1,3.34334,18,450.15,0,250084,3.34334,18.006,-6.71285e-16,21.3494,0,0,21.3494,2.18942,1,59,0,0,0.043175,0,0,0,0,0,3.60032,0.258397,,,3.65129,0.309381,,,2.42229,-0.920033,,
size_sweep,calm_thin,250000,aggressive,40,0,True,"coinbase>=1,000,000",prints+quotes,5102015,10,2.102,406435,0.266643,4.43333,2.18942,aggressive,BTC-USD,sell,2.89683,250000,86301.2,1.80067,413800,2.89683,1,0,86268.7,3.76925,18,449.83,0,249906,3.76925,17.9932,-0,21.7625,0,0,21.7625,-2.18942,1,49,0,0,0.043175,0,0,0,0,0,3.51234,-0.258397,,,3.46134,-0.309381,,,4.69122,0.920033,,
size_sweep,calm_thin,250000,hybrid,40,0,True,"coinbase>=1,000,000",prints+quotes,5102015,10,2.102,406435,0.266643,4.43333,2.18942,hybrid,BTC-USD,buy,2.89683,250000,86301.2,1.80067,308048,2.89683,1,0.108939,86337.1,4.15896,16.9111,422.952,27234.6,222869,4.15896,16.9181,1.5116e-08,21.0771,7.564e-09,0.00172659,21.0771,2.18942,10,94,0,9,42.145,0,0,57,0,0,2.34,-0.0252384,-1.41401,-0.345385,1.90893,-0.456416,-1.54845,-0.479793,-0.574446,-2.94043,-2.81154,-1.74276
size_sweep,calm_thin,250000,hybrid,40,0,True,"coinbase>=1,000,000",prints+quotes,5102015,10,2.102,406435,0.266643,4.43333,2.18942,hybrid,BTC-USD,sell,2.89683,250000,86301.2,1.80067,413800,2.89683,1,0.376812,86304.9,-0.423356,14.2311,355.792,94227.3,155783,-0.423356,14.2317,-0,13.8083,0,0,13.8083,-2.18942,13,95,0,12,42.1298,0,0,59,0,0,1.52615,0.16337,-0.507965,0.456549,1.85351,0.490653,-0.412518,0.552003,3.77792,2.41464,0.338308,1.3029
size_sweep,calm_thin,250000,hybrid|prints-only,40,0,True,"coinbase>=1,000,000",prints-only,5102015,10,2.102,406435,0.266643,4.43333,2.18942,hybrid,BTC-USD,buy,2.89683,250000,86301.2,1.80067,308048,2.89683,1,0.108939,86337.1,4.15896,16.9111,422.952,27234.6,222869,4.15896,16.9181,1.5116e-08,21.0771,7.564e-09,0.00172659,21.0771,2.18942,10,94,0,9,42.145,0,0,57,0,0,2.34,-0.0252384,-1.41401,-0.345385,1.90893,-0.456416,-1.54845,-0.479793,-0.574446,-2.94043,-2.81154,-1.74276
size_sweep,calm_thin,250000,hybrid|prints-only,40,0,True,"coinbase>=1,000,000",prints-only,5102015,10,2.102,406435,0.266643,4.43333,2.18942,hybrid,BTC-USD,sell,2.89683,250000,86301.2,1.80067,413800,2.89683,1,0.376812,86304.9,-0.423356,14.2311,355.792,94227.3,155783,-0.423356,14.2317,-0,13.8083,0,0,13.8083,-2.18942,13,95,0,12,42.1298,0,0,59,0,0,1.52615,0.16337,-0.507965,0.456549,1.85351,0.490653,-0.412518,0.552003,3.77792,2.41464,0.338308,1.3029
size_sweep,calm_thin,250000,passive,40,0,True,"coinbase>=1,000,000",prints+quotes,5102015,10,2.102,406435,0.266643,4.43333,2.18942,passive,BTC-USD,buy,2.89683,250000,86301.2,1.80067,308048,0.422515,0.145854,1,86303.9,0.31152,8,29.1717,36464.7,0,0.0454364,1.16687,1.87009,3.08239,2.41109,213643,20.8758,2.18942,10,69,0,10,60.0192,0,0,69,0,1.941e-05,-1.27891,-0.279113,-1.27891,-0.279113,-1.50004,-0.500215,-1.50004,-0.500215,-3.41607,-2.41608,-3.41607,-2.41608
size_sweep,calm_thin,250000,passive,40,0,True,"coinbase>=1,000,000",prints+quotes,5102015,10,2.102,406435,0.266643,4.43333,2.18942,passive,BTC-USD,sell,2.89683,250000,86301.2,1.80067,413800,1.39158,0.480381,1,86325.6,-2.82426,8,96.1033,120129,0,-1.35672,3.84413,-1.13767,1.34974,0.903851,129911,11.6072,-2.18942,15,90,0,15,60.0116,0,0,90,0,0.0649029,-0.627849,0.371027,-0.627849,0.371027,-0.55886,0.440019,-0.55886,0.440019,0.629757,1.62876,0.629757,1.62876
size_sweep,calm_thin,250000,passive|prints-only,40,0,True,"coinbase>=1,000,000",prints-only,5102015,10,2.102,406435,0.266643,4.43333,2.18942,passive,BTC-USD,buy,2.89683,250000,86301.2,1.80067,308048,0.422515,0.145854,1,86303.9,0.31152,8,29.1717,36464.7,0,0.0454364,1.16687,1.87009,3.08239,2.41109,213643,20.8758,2.18942,10,69,0,10,60.0192,0,0,69,0,1.941e-05,-1.27891,-0.279113,-1.27891,-0.279113,-1.50004,-0.500215,-1.50004,-0.500215,-3.41607,-2.41608,-3.41607,-2.41608
size_sweep,calm_thin,250000,passive|prints-only,40,0,True,"coinbase>=1,000,000",prints-only,5102015,10,2.102,406435,0.266643,4.43333,2.18942,passive,BTC-USD,sell,2.89683,250000,86301.2,1.80067,413800,1.39158,0.480381,1,86325.6,-2.82426,8,96.1033,120129,0,-1.35672,3.84413,-1.13767,1.34974,0.903851,129911,11.6072,-2.18942,15,90,0,15,60.0116,0,0,90,0,0.0649029,-0.627849,0.371027,-0.627849,0.371027,-0.55886,0.440019,-0.55886,0.440019,0.629757,1.62876,0.629757,1.62876
size_sweep,calm_thin,250000,aggressive,40,0,True,"coinbase>=1,000,000",prints+quotes,5102016,10,2.20905,409096,0.236759,4.46667,-5.16002,aggressive,BTC-USD,buy,2.89726,250000,86288.5,1.83918,433039,2.89726,1,0,86311.3,2.64721,18,450.119,0,250066,2.64721,18.0048,7.90923e-16,20.652,0,0,20.652,-5.16002,1,48,0,0,0.0662685,0,0,0,0,0,2.64643,0,,,2.33361,-0.312904,,,4.62126,1.97535,,
size_sweep,calm_thin,250000,aggressive,40,0,True,"coinbase>=1,000,000",prints+quotes,5102016,10,2.20905,409096,0.236759,4.46667,-5.16002,aggressive,BTC-USD,sell,2.89726,250000,86288.5,1.83918,408435,2.89726,1,0,86265.3,2.68883,18,449.879,0,249933,2.68883,17.9952,1.58185e-15,20.684,0,0,20.684,5.16002,1,50,0,0,0.0662685,0,0,0,0,0,2.68966,0,,,3.00265,0.312904,,,0.713779,-1.97535,,
size_sweep,calm_thin,250000,hybrid,40,0,True,"coinbase>=1,000,000",prints+quotes,5102016,10,2.20905,409096,0.236759,4.46667,-5.16002,hybrid,BTC-USD,buy,2.89726,250000,86288.5,1.83918,433039,2.89726,1,0.212233,86289,0.0573088,15.878,396.954,53049.1,196952,0.0573088,15.8781,-1.781e-08,15.9354,2.896e-09,0.000862512,15.9354,-5.16002,9,128,0,8,42.1719,0,0,83,0,0,1.90051,0.0834382,-0.51886,0.393144,1.94303,0.125956,-0.3852,0.526791,6.40454,4.58844,1.7556,2.66739
size_sweep,calm_thin,250000,hybrid,40,0,True,"coinbase>=1,000,000",prints+quotes,5102016,10,2.20905,409096,0.236759,4.46667,-5.16002,hybrid,BTC-USD,sell,2.89726,250000,86288.5,1.83918,408435,2.89726,1,0.0984774,86254.6,3.92555,17.0148,425.203,24620.4,225281,3.92555,17.0081,3.562e-08,20.9337,5.792e-09,0.00172473,20.9337,5.16002,11,116,0,10,42.1285,0,0,76,0,0,2.05395,-0.00392203,-0.997334,-0.0398267,2.05232,-0.00554512,-0.849349,0.108169,-2.73788,-4.79468,-2.90199,-1.94467
size_sweep,calm_thin,250000,hybrid|prints-only,40,0,True,"coinbase>=1,000,000",prints-only,5102016,10,2.20905,409096,0.236759,4.46667,-5.16002,hybrid,BTC-USD,buy,2.89726,250000,86288.5,1.83918,433039,2.89726,1,0.212233,86289,0.0573088,15.878,396.954,53049.1,196952,0.0573088,15.8781,-1.781e-08,15.9354,2.896e-09,0.000862512,15.9354,-5.16002,9,128,0,8,42.1719,0,0,83,0,0,1.90051,0.0834382,-0.51886,0.393144,1.94303,0.125956,-0.3852,0.526791,6.40454,4.58844,1.7556,2.66739
size_sweep,calm_thin,250000,hybrid|prints-only,40,0,True,"coinbase>=1,000,000",prints-only,5102016,10,2.20905,409096,0.236759,4.46667,-5.16002,hybrid,BTC-USD,sell,2.89726,250000,86288.5,1.83918,408435,2.89726,1,0.0984774,86254.6,3.92555,17.0148,425.203,24620.4,225281,3.92555,17.0081,3.562e-08,20.9337,5.792e-09,0.00172473,20.9337,5.16002,11,116,0,10,42.1285,0,0,76,0,0,2.05395,-0.00392203,-0.997334,-0.0398267,2.05232,-0.00554512,-0.849349,0.108169,-2.73788,-4.79468,-2.90199,-1.94467
size_sweep,calm_thin,250000,passive,40,0,True,"coinbase>=1,000,000",prints+quotes,5102016,10,2.20905,409096,0.236759,4.46667,-5.16002,passive,BTC-USD,buy,2.89726,250000,86288.5,1.83918,433039,0.891259,0.307622,1,86268.8,-2.28502,8,61.5102,76887.8,0,-0.702923,2.46041,-3.57268,-1.8152,1.9931,173055,12.6379,-5.16002,12,132,0,12,59.3086,0,0,132,0,0,-0.529927,0.359492,-0.529927,0.359492,-0.0804161,0.808965,-0.0804161,0.808965,2.13902,3.02819,2.13902,3.02819
size_sweep,calm_thin,250000,passive,40,0,True,"coinbase>=1,000,000",prints+quotes,5102016,10,2.20905,409096,0.236759,4.46667,-5.16002,passive,BTC-USD,sell,2.89726,250000,86288.5,1.83918,408435,0.287329,0.0991728,1,86291.9,-0.399302,8,19.8354,24794.2,0,-0.0395999,0.793414,4.64828,5.4021,1.65262,225049,23.2583,5.16002,13,80,0,13,59.2046,0,0,80,0,0,-0.999107,-0.0417228,-0.999107,-0.0417228,-0.859924,0.09747,-0.859924,0.09747,-2.91377,-1.95657,-2.91377,-1.95657
size_sweep,calm_thin,250000,passive|prints-only,40,0,True,"coinbase>=1,000,000",prints-only,5102016,10,2.20905,409096,0.236759,4.46667,-5.16002,passive,BTC-USD,buy,2.89726,250000,86288.5,1.83918,433039,0.891259,0.307622,1,86268.8,-2.28502,8,61.5102,76887.8,0,-0.702923,2.46041,-3.57268,-1.8152,1.9931,173055,12.6379,-5.16002,12,132,0,12,59.3086,0,0,132,0,0,-0.529927,0.359492,-0.529927,0.359492,-0.0804161,0.808965,-0.0804161,0.808965,2.13902,3.02819,2.13902,3.02819
size_sweep,calm_thin,250000,passive|prints-only,40,0,True,"coinbase>=1,000,000",prints-only,5102016,10,2.20905,409096,0.236759,4.46667,-5.16002,passive,BTC-USD,sell,2.89726,250000,86288.5,1.83918,408435,0.287329,0.0991728,1,86291.9,-0.399302,8,19.8354,24794.2,0,-0.0395999,0.793414,4.64828,5.4021,1.65262,225049,23.2583,5.16002,13,80,0,13,59.2046,0,0,80,0,0,-0.999107,-0.0417228,-0.999107,-0.0417228,-0.859924,0.09747,-0.859924,0.09747,-2.91377,-1.95657,-2.91377,-1.95657
size_sweep,calm_thin,250000,aggressive,40,0,True,"coinbase>=1,000,000",prints+quotes,5102017,10,2.05723,433558,0.337958,3.63333,3.01535,aggressive,BTC-USD,buy,2.89659,250000,86308.3,2.04847,476072,2.89659,1,0,86329.5,2.44735,18,450.11,0,250061,2.44735,18.0044,-4.62297e-16,20.4518,0,0,20.4518,3.01535,1,47,0,0,0.0244835,0,0,0,0,0,2.38469,-0.0619871,,,2.85904,0.412475,,,0.318191,-2.12899,,
size_sweep,calm_thin,250000,aggressive,40,0,True,"coinbase>=1,000,000",prints+quotes,5102017,10,2.05723,433558,0.337958,3.63333,3.01535,aggressive,BTC-USD,sell,2.89659,250000,86308.3,2.04847,427424,2.89659,1,0,86282.9,2.953,18,449.867,0,249926,2.953,17.9947,-0,20.9477,0,0,20.9477,-3.01535,1,45,0,0,0.0244835,0,0,0,0,0,3.01603,0.0619871,,,2.54143,-0.412475,,,5.08365,2.12899,,
size_sweep,calm_thin,250000,hybrid,40,0,True,"coinbase>=1,000,000",prints+quotes,5102017,10,2.05723,433558,0.337958,3.63333,3.01535,hybrid,BTC-USD,buy,2.89659,250000,86308.3,2.04847,476072,2.89659,1,0.0406756,86357.6,5.70861,17.5934,440.087,10169.7,239973,5.70861,17.6035,1.041e-08,23.3121,2.71e-09,0.000863411,23.3121,3.01535,14,93,0,13,42.0567,0,0,50,0,0,1.11796,-0.964627,-0.923808,0.0361669,-0.251204,-2.3341,-1.00679,-0.0468008,5.79193,3.7104,-3.10705,-2.14687
size_sweep,calm_thin,250000,hybrid,40,0,True,"coinbase>=1,000,000",prints+quotes,5102017,10,2.05723,433558,0.337958,3.63333,3.01535,hybrid,BTC-USD,sell,2.89659,250000,86308.3,2.04847,427424,2.89659,1,0.113075,86313.7,-0.624711,16.869,421.752,28276.3,221739,-0.624711,16.8701,-1.041e-08,16.2454,2.71e-09,0.000863276,16.2454,-3.01535,14,117,0,13,42.1567,0,0,74,0,0,3.95329,1.06722,-0.683164,0.00835588,5.02145,2.13502,-0.878702,-0.187188,-0.43563,-3.32016,0.99716,1.68878
size_sweep,calm_thin,250000,hybrid|prints-only,40,0,True,"coinbase>=1,000,000",prints-only,5102017,10,2.05723,433558,0.337958,3.63333,3.01535,hybrid,BTC-USD,buy,2.89659,250000,86308.3,2.04847,476072,2.89659,1,0.0406756,86357.6,5.70861,17.5934,440.087,10169.7,239973,5.70861,17.6035,1.041e-08,23.3121,2.71e-09,0.000863411,23.3121,3.01535,14,93,0,13,42.0567,0,0,50,0,0,1.11796,-0.964627,-0.923808,0.0361669,-0.251204,-2.3341,-1.00679,-0.0468008,5.79193,3.7104,-3.10705,-2.14687
size_sweep,calm_thin,250000,hybrid|prints-only,40,0,True,"coinbase>=1,000,000",prints-only,5102017,10,2.05723,433558,0.337958,3.63333,3.01535,hybrid,BTC-USD,sell,2.89659,250000,86308.3,2.04847,427424,2.89659,1,0.113075,86313.7,-0.624711,16.869,421.752,28276.3,221739,-0.624711,16.8701,-1.041e-08,16.2454,2.71e-09,0.000863276,16.2454,-3.01535,14,117,0,13,42.1567,0,0,74,0,0,3.95329,1.06722,-0.683164,0.00835588,5.02145,2.13502,-0.878702,-0.187188,-0.43563,-3.32016,0.99716,1.68878
size_sweep,calm_thin,250000,passive,40,0,True,"coinbase>=1,000,000",prints+quotes,5102017,10,2.05723,433558,0.337958,3.63333,3.01535,passive,BTC-USD,buy,2.89659,250000,86308.3,2.04847,476072,0.171232,0.059115,1,86324.5,1.86781,8,11.8252,14781.5,0,0.110416,0.473009,2.8371,3.42052,3.13877,235371,23.506,3.01535,19,78,0,19,59.9119,0,0,78,0,0,-1.06735,-0.0724313,-1.06735,-0.0724313,-1.12847,-0.133547,-1.12847,-0.133547,-0.841628,0.153246,-0.841628,0.153246
size_sweep,calm_thin,250000,passive,40,0,True,"coinbase>=1,000,000",prints+quotes,5102017,10,2.05723,433558,0.337958,3.63333,3.01535,passive,BTC-USD,sell,2.89659,250000,86308.3,2.04847,427424,0.39577,0.136633,1,86335.7,-3.17543,8,27.3353,34169.1,0,-0.433869,1.09341,-2.60336,-1.94381,1.85188,215861,15.45,-3.01535,20,99,0,20,57.8017,0,0,99,0,0,-0.603874,0.0320861,-0.603874,0.0320861,-0.671064,-0.0351079,-0.671064,-0.0351079,-0.12704,0.508974,-0.12704,0.508974
size_sweep,calm_thin,250000,passive|prints-only,40,0,True,"coinbase>=1,000,000",prints-only,5102017,10,2.05723,433558,0.337958,3.63333,3.01535,passive,BTC-USD,buy,2.89659,250000,86308.3,2.04847,476072,0.171232,0.059115,1,86324.5,1.86781,8,11.8252,14781.5,0,0.110416,0.473009,2.8371,3.42052,3.13877,235371,23.506,3.01535,19,78,0,19,59.9119,0,0,78,0,0,-1.06735,-0.0724313,-1.06735,-0.0724313,-1.12847,-0.133547,-1.12847,-0.133547,-0.841628,0.153246,-0.841628,0.153246
size_sweep,calm_thin,250000,passive|prints-only,40,0,True,"coinbase>=1,000,000",prints-only,5102017,10,2.05723,433558,0.337958,3.63333,3.01535,passive,BTC-USD,sell,2.89659,250000,86308.3,2.04847,427424,0.39577,0.136633,1,86335.7,-3.17543,8,27.3353,34169.1,0,-0.433869,1.09341,-2.60336,-1.94381,1.85188,215861,15.45,-3.01535,20,99,0,20,57.8017,0,0,99,0,0,-0.603874,0.0320861,-0.603874,0.0320861,-0.671064,-0.0351079,-0.671064,-0.0351079,-0.12704,0.508974,-0.12704,0.508974
size_sweep,calm_thin,250000,aggressive,40,0,True,"coinbase>=1,000,000",prints+quotes,5102018,10,2.20132,445435,0.397013,4.75,-1.71654,aggressive,BTC-USD,buy,2.89761,250000,86278,2.46297,449294,2.89761,1,0,86300.4,2.59901,18,450.117,0,250065,2.59901,18.0047,2.63078e-16,20.6037,0,0,20.6037,-1.71654,1,40,0,0,0.0427871,0,0,0,0,0,2.18752,-0.410881,,,2.17072,-0.427687,,,1.07049,-1.5282,,
size_sweep,calm_thin,250000,aggressive,40,0,True,"coinbase>=1,000,000",prints+quotes,5102018,10,2.20132,445435,0.397013,4.75,-1.71654,aggressive,BTC-USD,sell,2.89761,250000,86278,2.46297,393601,2.89761,1,0,86252.7,2.92657,18,449.868,0,249927,2.92657,17.9947,-2.63078e-16,20.9213,0,0,20.9213,1.71654,1,50,0,0,0.0427871,0,0,0,0,0,3.33848,0.410881,,,3.35529,0.427687,,,4.45613,1.5282,,
size_sweep,calm_thin,250000,hybrid,40,0,True,"coinbase>=1,000,000",prints+quotes,5102018,10,2.20132,445435,0.397013,4.75,-1.71654,hybrid,BTC-USD,buy,2.89761,250000,86278,2.46297,449294,2.89761,1,0.0214913,86311,3.82336,17.7852,444.8,5372.31,244723,3.82336,17.792,2.63078e-16,21.6154,0,0,21.6154,-1.71654,8,118,0,7,42.1259,0,0,72,0,0,3.15071,-0.000261917,-1.06593,-0.0385713,5.91968,2.76961,-1.30617,-0.278797,8.70595,5.55677,0.0492316,1.07649
size_sweep,calm_thin,250000,hybrid,40,0,True,"coinbase>=1,000,000",prints+quotes,5102018,10,2.20132,445435,0.397013,4.75,-1.71654,hybrid,BTC-USD,sell,2.89761,250000,86278,2.46297,393601,2.89761,1,0.045864,86261.8,1.87319,17.5412,438.448,11467.5,238486,1.87319,17.5379,5.26157e-16,19.4111,0,0,19.4111,1.71654,9,96,0,8,42.1406,0,0,49,0,0,2.5526,0.00524705,-0.714088,0.12646,-0.168589,-2.71521,-1.03101,-0.190492,-2.82786,-5.37375,-0.359749,0.480818
size_sweep,calm_thin,250000,hybrid|prints-only,40,0,True,"coinbase>=1,000,000",prints-only,5102018,10,2.20132,445435,0.397013,4.75,-1.71654,hybrid,BTC-USD,buy,2.89761,250000,86278,2.46297,449294,2.89761,1,0.0214913,86311,3.82336,17.7852,444.8,5372.31,244723,3.82336,17.792,2.63078e-16,21.6154,0,0,21.6154,-1.71654,8,118,0,7,42.1259,0,0,72,0,0,3.15071,-0.000261917,-1.06593,-0.0385713,5.91968,2.76961,-1.30617,-0.278797,8.70595,5.55677,0.0492316,1.07649
size_sweep,calm_thin,250000,hybrid|prints-only,40,0,True,"coinbase>=1,000,000",prints-only,5102018,10,2.20132,445435,0.397013,4.75,-1.71654,hybrid,BTC-USD,sell,2.89761,250000,86278,2.46297,393601,2.89761,1,0.045864,86261.8,1.87319,17.5412,438.448,11467.5,238486,1.87319,17.5379,5.26157e-16,19.4111,0,0,19.4111,1.71654,9,96,0,8,42.1406,0,0,49,0,0,2.5526,0.00524705,-0.714088,0.12646,-0.168589,-2.71521,-1.03101,-0.190492,-2.82786,-5.37375,-0.359749,0.480818
size_sweep,calm_thin,250000,passive,40,0,True,"coinbase>=1,000,000",prints+quotes,5102018,10,2.20132,445435,0.397013,4.75,-1.71654,passive,BTC-USD,buy,2.89761,250000,86278,2.46297,449294,0.0748243,0.0258228,1,86269.5,-0.977922,8,5.16405,6455.06,0,-0.0252526,0.206562,-1.67222,-1.49091,3.19578,243582,19.2428,-1.71654,13,95,0,13,60.0248,0,0,95,0,2.582e-05,-0.859362,0.106539,-0.859362,0.106539,-0.910062,0.0558483,-0.910062,0.0558483,0.686878,1.65266,0.686878,1.65266
size_sweep,calm_thin,250000,passive,40,0,True,"coinbase>=1,000,000",prints+quotes,5102018,10,2.20132,445435,0.397013,4.75,-1.71654,passive,BTC-USD,sell,2.89761,250000,86278,2.46297,393601,1.36594,0.471402,1,86277.7,0.0303216,8,94.2801,117850,0,0.0142937,3.7712,0.907362,4.69286,0.866772,132105,15.0712,1.71654,15,81,0,15,59.7022,0,0,81,0,0,-0.469965,0.338184,-0.469965,0.338184,-2.24303,-1.43502,-2.24303,-1.43502,-4.32096,-3.51312,-4.32096,-3.51312
size_sweep,calm_thin,250000,passive|prints-only,40,0,True,"coinbase>=1,000,000",prints-only,5102018,10,2.20132,445435,0.397013,4.75,-1.71654,passive,BTC-USD,buy,2.89761,250000,86278,2.46297,449294,0.0748243,0.0258228,1,86269.5,-0.977922,8,5.16405,6455.06,0,-0.0252526,0.206562,-1.67222,-1.49091,3.19578,243582,19.2428,-1.71654,13,95,0,13,60.0248,0,0,95,0,2.582e-05,-0.859362,0.106539,-0.859362,0.106539,-0.910062,0.0558483,-0.910062,0.0558483,0.686878,1.65266,0.686878,1.65266
size_sweep,calm_thin,250000,passive|prints-only,40,0,True,"coinbase>=1,000,000",prints-only,5102018,10,2.20132,445435,0.397013,4.75,-1.71654,passive,BTC-USD,sell,2.89761,250000,86278,2.46297,393601,1.36594,0.471402,1,86277.7,0.0303216,8,94.2801,117850,0,0.0142937,3.7712,0.907362,4.69286,0.866772,132105,15.0712,1.71654,15,81,0,15,59.7022,0,0,81,0,0,-0.469965,0.338184,-0.469965,0.338184,-2.24303,-1.43502,-2.24303,-1.43502,-4.32096,-3.51312,-4.32096,-3.51312
size_sweep,calm_thin,250000,aggressive,40,0,True,"coinbase>=1,000,000",prints+quotes,5102019,10,2.07123,430556,0.358881,3.53333,-2.75626,aggressive,BTC-USD,buy,2.89767,250000,86276.3,2.03184,389047,2.89767,1,0,86305.6,3.3979,18,450.153,0,250085,3.3979,18.0061,-0,21.404,0,0,21.404,-2.75626,1,47,0,0,0.0213056,0,0,0,0,0,3.39665,0,,,4.82703,1.43087,,,4.87859,1.48245,,
size_sweep,calm_thin,250000,aggressive,40,0,True,"coinbase>=1,000,000",prints+quotes,5102019,10,2.07123,430556,0.358881,3.53333,-2.75626,aggressive,BTC-USD,sell,2.89767,250000,86276.3,2.03184,425257,2.89767,1,0,86253,2.70516,18,449.878,0,249932,2.70516,17.9951,-4.22418e-16,20.7003,0,0,20.7003,2.75626,1,46,0,0,0.0213056,0,0,0,0,0,2.70598,0,,,1.27473,-1.43087,,,1.22313,-1.48245,,
size_sweep,calm_thin,250000,hybrid,40,0,True,"coinbase>=1,000,000",prints+quotes,5102019,10,2.07123,430556,0.358881,3.53333,-2.75626,hybrid,BTC-USD,buy,2.89767,250000,86276.3,2.03184,389047,2.89767,1,0.136616,86263.9,-1.4357,16.634,415.789,34146.3,215818,-1.4357,16.6316,-9.512e-09,15.1959,3.174e-09,0.000862605,15.1959,-2.75626,13,84,0,12,42.1327,0,0,44,0,0,2.77468,0.0379549,-0.926383,0.38042,3.45738,0.720865,-0.724088,0.582687,2.70494,-0.0319668,1.50819,2.81466
size_sweep,calm_thin,250000,hybrid,40,0,True,"coinbase>=1,000,000",prints+quotes,5102019,10,2.07123,430556,0.358881,3.53333,-2.75626,hybrid,BTC-USD,sell,2.89767,250000,86276.3,2.03184,425257,2.89767,1,0.0248035,86207.3,7.99539,17.7518,443.44,6199.97,243600,7.99539,17.7376,4.22418e-16,25.733,0,0,25.733,2.75626,14,103,0,13,42.1319,0,0,51,0,0,3.39068,0.018656,-0.873509,0.11386,2.6499,-0.721872,-0.889174,0.0981833,3.79193,0.419741,-3.03083,-2.04371
size_sweep,calm_thin,250000,hybrid|prints-only,40,0,True,"coinbase>=1,000,000",prints-only,5102019,10,2.07123,430556,0.358881,3.53333,-2.75626,hybrid,BTC-USD,buy,2.89767,250000,86276.3,2.03184,389047,2.89767,1,0.136616,86263.9,-1.4357,16.634,415.789,34146.3,215818,-1.4357,16.6316,-9.512e-09,15.1959,3.174e-09,0.000862605,15.1959,-2.75626,13,84,0,12,42.1327,0,0,44,0,0,2.77468,0.0379549,-0.926383,0.38042,3.45738,0.720865,-0.724088,0.582687,2.70494,-0.0319668,1.50819,2.81466
size_sweep,calm_thin,250000,hybrid|prints-only,40,0,True,"coinbase>=1,000,000",prints-only,5102019,10,2.07123,430556,0.358881,3.53333,-2.75626,hybrid,BTC-USD,sell,2.89767,250000,86276.3,2.03184,425257,2.89767,1,0.0248035,86207.3,7.99539,17.7518,443.44,6199.97,243600,7.99539,17.7376,4.22418e-16,25.733,0,0,25.733,2.75626,14,103,0,13,42.1319,0,0,51,0,0,3.39068,0.018656,-0.873509,0.11386,2.6499,-0.721872,-0.889174,0.0981833,3.79193,0.419741,-3.03083,-2.04371
size_sweep,calm_thin,250000,passive,40,0,True,"coinbase>=1,000,000",prints+quotes,5102019,10,2.07123,430556,0.358881,3.53333,-2.75626,passive,BTC-USD,buy,2.89767,250000,86276.3,2.03184,389047,0.405133,0.139813,1,86256.1,-2.3415,8,27.9562,34945.2,0,-0.327373,1.11825,-2.3709,-1.58002,2.03413,215038,15.9369,-2.75626,17,54,0,17,59.7068,0,0,54,0,0,-0.926452,0.371445,-0.926452,0.371445,-0.75191,0.545961,-0.75191,0.545961,1.48297,2.78054,1.48297,2.78054
size_sweep,calm_thin,250000,passive,40,0,True,"coinbase>=1,000,000",prints+quotes,5102019,10,2.07123,430556,0.358881,3.53333,-2.75626,passive,BTC-USD,sell,2.89767,250000,86276.3,2.03184,425257,0.0816115,0.0281646,1,86262,1.66244,8,5.63197,7039.97,0,0.0468219,0.225279,2.67863,2.95073,2.79502,242822,23.2289,2.75626,15,68,0,15,59.5027,0,0,68,0,0,-0.822774,0.123874,-0.822774,0.123874,-0.75912,0.187521,-0.75912,0.187521,-3.03878,-2.09237,-3.03878,-2.09237
size_sweep,calm_thin,250000,passive|prints-only,40,0,True,"coinbase>=1,000,000",prints-only,5102019,10,2.07123,430556,0.358881,3.53333,-2.75626,passive,BTC-USD,buy,2.89767,250000,86276.3,2.03184,389047,0.405133,0.139813,1,86256.1,-2.3415,8,27.9562,34945.2,0,-0.327373,1.11825,-2.3709,-1.58002,2.03413,215038,15.9369,-2.75626,17,54,0,17,59.7068,0,0,54,0,0,-0.926452,0.371445,-0.926452,0.371445,-0.75191,0.545961,-0.75191,0.545961,1.48297,2.78054,1.48297,2.78054
size_sweep,calm_thin,250000,passive|prints-only,40,0,True,"coinbase>=1,000,000",prints-only,5102019,10,2.07123,430556,0.358881,3.53333,-2.75626,passive,BTC-USD,sell,2.89767,250000,86276.3,2.03184,425257,0.0816115,0.0281646,1,86262,1.66244,8,5.63197,7039.97,0,0.0468219,0.225279,2.67863,2.95073,2.79502,242822,23.2289,2.75626,15,68,0,15,59.5027,0,0,68,0,0,-0.822774,0.123874,-0.822774,0.123874,-0.75912,0.187521,-0.75912,0.187521,-3.03878,-2.09237,-3.03878,-2.09237
size_sweep,calm_thin,1e+06,aggressive,40,0,True,"coinbase>=1,000,000",prints+quotes,5103000,10,2.04166,426499,0.275251,3.98333,-4.85971,aggressive,BTC-USD,buy,11.5887,1e+06,86291.1,2.08712,440768,11.5887,1,0,86319.8,3.3255,18,1800.6,0,1.00033e+06,3.3255,18.006,-4.1935e-09,21.3315,1.104e-09,0.000862602,21.3315,-4.85971,3,167,0,0,2.06859,0,0,0,0,0,3.31888,-0.00531868,,,3.27428,-0.0499421,,,6.29423,2.97101,,
size_sweep,calm_thin,1e+06,aggressive,40,0,True,"coinbase>=1,000,000",prints+quotes,5103000,10,2.04166,426499,0.275251,3.98333,-4.85971,aggressive,BTC-USD,sell,11.5887,1e+06,86291.1,2.08712,344497,11.5887,1,0,86262.5,3.32215,18,1799.4,0,999668,3.32215,17.994,4.1935e-09,21.3162,1.104e-09,0.000862382,21.3162,4.85971,3,204,0,0,2.06859,0,0,0,0,0,3.33732,0.013911,,,3.3005,-0.022893,,,0.306778,-3.01562,,
size_sweep,calm_thin,1e+06,hybrid,40,0,True,"coinbase>=1,000,000",prints+quotes,5103000,10,2.04166,426499,0.275251,3.98333,-4.85971,hybrid,BTC-USD,buy,11.5887,1e+06,86291.1,2.08712,440768,11.5887,1,0.0206366,86298.2,0.818792,17.7937,1779.52,20630.1,979452,0.818792,17.7952,-4.1935e-09,18.614,1.104e-09,0.000862602,18.614,-4.85971,14,257,0,11,44.146,0,0,68,0,0,4.90209,0.753653,-0.651329,0.11845,5.13537,0.987033,-0.0848166,0.684913,10.327,6.18083,1.59084,2.36044
size_sweep,calm_thin,1e+06,hybrid,40,0,True,"coinbase>=1,000,000",prints+quotes,5103000,10,2.04166,426499,0.275251,3.98333,-4.85971,hybrid,BTC-USD,sell,11.5887,1e+06,86291.1,2.08712,344497,11.5887,1,0.00645157,86235.3,6.4763,17.9354,1792.38,6451.3,992901,6.4763,17.9238,4.1935e-09,24.4001,1.104e-09,0.000862382,24.4001,4.85971,12,205,0,9,44.162,0,0,36,0,0,2.43341,-0.783765,-0.795097,0.0249636,2.14823,-1.06884,-1.86709,-1.04711,-3.09153,-6.30691,-4.38643,-3.56666
size_sweep,calm_thin,1e+06,hybrid|prints-only,40,0,True,"coinbase>=1,000,000",prints-only,5103000,10,2.04166,426499,0.275251,3.98333,-4.85971,hybrid,BTC-USD,buy,11.5887,1e+06,86291.1,2.08712,440768,11.5887,1,0.0206366,86298.2,0.818792,17.7937,1779.52,20630.1,979452,0.818792,17.7952,-4.1935e-09,18.614,1.104e-09,0.000862602,18.614,-4.85971,14,257,0,11,44.146,0,0,68,0,0,4.90209,0.753653,-0.651329,0.11845,5.13537,0.987033,-0.0848166,0.684913,10.327,6.18083,1.59084,2.36044
size_sweep,calm_thin,1e+06,hybrid|prints-only,40,0,True,"coinbase>=1,000,000",prints-only,5103000,10,2.04166,426499,0.275251,3.98333,-4.85971,hybrid,BTC-USD,sell,11.5887,1e+06,86291.1,2.08712,344497,11.5887,1,0.00645157,86235.3,6.4763,17.9354,1792.38,6451.3,992901,6.4763,17.9238,4.1935e-09,24.4001,1.104e-09,0.000862382,24.4001,4.85971,12,205,0,9,44.162,0,0,36,0,0,2.43341,-0.783765,-0.795097,0.0249636,2.14823,-1.06884,-1.86709,-1.04711,-3.09153,-6.30691,-4.38643,-3.56666
size_sweep,calm_thin,1e+06,passive,40,0,True,"coinbase>=1,000,000",prints+quotes,5103000,10,2.04166,426499,0.275251,3.98333,-4.85971,passive,BTC-USD,buy,11.5887,1e+06,86291.1,2.08712,440768,0.371508,0.0320578,1,86258,-3.84003,8,25.6364,32045.5,0,-0.123103,0.256364,-4.70392,-4.57066,4.97259,967969,17.8254,-4.85971,14,114,0,14,59.9056,0,0,114,0,0,-0.625637,0.140238,-0.625637,0.140238,-0.252643,0.5132,-0.252643,0.5132,2.7283,3.49392,2.7283,3.49392
size_sweep,calm_thin,1e+06,passive,40,0,True,"coinbase>=1,000,000",prints+quotes,5103000,10,2.04166,426499,0.275251,3.98333,-4.85971,passive,BTC-USD,sell,11.5887,1e+06,86291.1,2.08712,344497,0.0838183,0.00723278,1,86284.7,0.746085,8,5.78579,7232.24,0,0.00539627,0.0578579,4.82456,4.88782,5.00191,991785,27.7418,4.85971,11,43,0,11,48.4008,0,0,43,0,0,-0.821476,0.018096,-0.821476,0.018096,-1.80136,-0.961868,-1.80136,-0.961868,-4.6312,-3.79195,-4.6312,-3.79195
size_sweep,calm_thin,1e+06,passive|prints-only,40,0,True,"coinbase>=1,000,000",prints-only,5103000,10,2.04166,426499,0.275251,3.98333,-4.85971,passive,BTC-USD,buy,11.5887,1e+06,86291.1,2.08712,440768,0.371508,0.0320578,1,86258,-3.84003,8,25.6364,32045.5,0,-0.123103,0.256364,-4.70392,-4.57066,4.97259,967969,17.8254,-4.85971,14,114,0,14,59.9056,0,0,114,0,0,-0.625637,0.140238,-0.625637,0.140238,-0.252643,0.5132,-0.252643,0.5132,2.7283,3.49392,2.7283,3.49392
size_sweep,calm_thin,1e+06,passive|prints-only,40,0,True,"coinbase>=1,000,000",prints-only,5103000,10,2.04166,426499,0.275251,3.98333,-4.85971,passive,BTC-USD,sell,11.5887,1e+06,86291.1,2.08712,344497,0.0838183,0.00723278,1,86284.7,0.746085,8,5.78579,7232.24,0,0.00539627,0.0578579,4.82456,4.88782,5.00191,991785,27.7418,4.85971,11,43,0,11,48.4008,0,0,43,0,0,-0.821476,0.018096,-0.821476,0.018096,-1.80136,-0.961868,-1.80136,-0.961868,-4.6312,-3.79195,-4.6312,-3.79195
size_sweep,calm_thin,1e+06,aggressive,40,0,True,"coinbase>=1,000,000",prints+quotes,5103001,10,2.03524,443354,0.253073,4.3,6.90523,aggressive,BTC-USD,buy,11.5889,1e+06,86289.7,1.75571,414228,11.5889,1,0,86319.9,3.50076,18,1800.63,0,1.00035e+06,3.50076,18.0063,0,21.5071,0,0,21.5071,6.90523,3,185,0,0,2.02441,0,0,0,0,0,2.93156,-0.377022,,,2.66065,-0.648021,,,0.737483,-2.57183,,
size_sweep,calm_thin,1e+06,aggressive,40,0,True,"coinbase>=1,000,000",prints+quotes,5103001,10,2.03524,443354,0.253073,4.3,6.90523,aggressive,BTC-USD,sell,11.5889,1e+06,86289.7,1.75571,478241,11.5889,1,0,86257.3,3.75739,18,1799.32,0,999624,3.75739,17.9932,-5.9585e-09,21.7506,7.27e-10,0.00086342,21.7506,-6.90523,3,163,0,0,2.02441,0,0,0,0,0,4.2767,0.418766,,,4.59131,0.733245,,,6.5228,2.66399,,
size_sweep,calm_thin,1e+06,hybrid,40,0,True,"coinbase>=1,000,000",prints+quotes,5103001,10,2.03524,443354,0.253073,4.3,6.90523,hybrid,BTC-USD,buy,11.5889,1e+06,86289.7,1.75571,414228,11.5889,1,0.00652362,86367,8.96218,17.9348,1795.09,6523.53,994373,8.96218,17.9509,5.9585e-09,26.9131,7.27e-10,0.000863566,26.9131,6.90523,13,222,0,10,44.0445,0,0,49,0,0,2.70369,-0.0348978,-0.903832,0.0902967,2.89057,0.152028,-1.43811,-0.443925,0.780314,-1.95879,-6.10108,-5.10644
size_sweep,calm_thin,1e+06,hybrid,40,0,True,"coinbase>=1,000,000",prints+quotes,5103001,10,2.03524,443354,0.253073,4.3,6.90523,hybrid,BTC-USD,sell,11.5889,1e+06,86289.7,1.75571,478241,11.5889,1,0.0378616,86302.9,-1.53284,17.6214,1762.41,37870.6,962283,-1.53284,17.6241,-5.9585e-09,16.0912,7.27e-10,0.00086342,16.0912,-6.90523,14,227,0,12,43.249,0,0,86,0,0,4.59658,0.0297241,-0.822455,0.140001,4.40299,-0.163767,-0.357731,0.604766,6.58574,2.01802,3.36627,4.32913
size_sweep,calm_thin,1e+06,hybrid|prints-only,40,0,True,"coinbase>=1,000,000",prints-only,5103001,10,2.03524,443354,0.253073,4.3,6.90523,hybrid,BTC-USD,buy,11.5889,1e+06,86289.7,1.75571,414228,11.5889,1,0.00652362,86367,8.96218,17.9348,1795.09,6523.53,994373,8.96218,17.9509,5.9585e-09,26.9131,7.27e-10,0.000863566,26.9131,6.90523,13,222,0,10,44.0445,0,0,49,0,0,2.70369,-0.0348978,-0.903832,0.0902967,2.89057,0.152028,-1.43811,-0.443925,0.780314,-1.95879,-6.10108,-5.10644
size_sweep,calm_thin,1e+06,hybrid|prints-only,40,0,True,"coinbase>=1,000,000",prints-only,5103001,10,2.03524,443354,0.253073,4.3,6.90523,hybrid,BTC-USD,sell,11.5889,1e+06,86289.7,1.75571,478241,11.5889,1,0.0378616,86302.9,-1.53284,17.6214,1762.41,37870.6,962283,-1.53284,17.6241,-5.9585e-09,16.0912,7.27e-10,0.00086342,16.0912,-6.90523,14,227,0,12,43.249,0,0,86,0,0,4.59658,0.0297241,-0.822455,0.140001,4.40299,-0.163767,-0.357731,0.604766,6.58574,2.01802,3.36627,4.32913
size_sweep,calm_thin,1e+06,passive,40,0,True,"coinbase>=1,000,000",prints+quotes,5103001,10,2.03524,443354,0.253073,4.3,6.90523,passive,BTC-USD,buy,11.5889,1e+06,86289.7,1.75571,414228,0.175569,0.0151498,1,86315.9,3.03766,8,12.1236,15154.4,0,0.0460201,0.121236,6.80061,6.96787,6.47166,986177,31.1907,6.90523,13,80,0,13,58.5055,0,0,80,0,0,-0.853967,0.053129,-0.853967,0.053129,-0.955966,-0.0488555,-0.955966,-0.0488555,-3.93858,-3.0312,-3.93858,-3.0312
size_sweep,calm_thin,1e+06,passive,40,0,True,"coinbase>=1,000,000",prints+quotes,5103001,10,2.03524,443354,0.253073,4.3,6.90523,passive,BTC-USD,sell,11.5889,1e+06,86289.7,1.75571,478241,0.579223,0.049981,1,86319.3,-3.42404,8,39.9985,49998.1,0,-0.171137,0.399985,-6.5601,-6.33125,3.76104,950299,14.5352,-6.90523,13,121,0,13,59.9078,0,0,121,0,0,-0.730823,0.108787,-0.730823,0.108787,-0.444034,0.395604,-0.444034,0.395604,2.85321,3.69314,2.85321,3.69314
size_sweep,calm_thin,1e+06,passive|prints-only,40,0,True,"coinbase>=1,000,000",prints-only,5103001,10,2.03524,443354,0.253073,4.3,6.90523,passive,BTC-USD,buy,11.5889,1e+06,86289.7,1.75571,414228,0.175569,0.0151498,1,86315.9,3.03766,8,12.1236,15154.4,0,0.0460201,0.121236,6.80061,6.96787,6.47166,986177,31.1907,6.90523,13,80,0,13,58.5055,0,0,80,0,0,-0.853967,0.053129,-0.853967,0.053129,-0.955966,-0.0488555,-0.955966,-0.0488555,-3.93858,-3.0312,-3.93858,-3.0312
size_sweep,calm_thin,1e+06,passive|prints-only,40,0,True,"coinbase>=1,000,000",prints-only,5103001,10,2.03524,443354,0.253073,4.3,6.90523,passive,BTC-USD,sell,11.5889,1e+06,86289.7,1.75571,478241,0.579223,0.049981,1,86319.3,-3.42404,8,39.9985,49998.1,0,-0.171137,0.399985,-6.5601,-6.33125,3.76104,950299,14.5352,-6.90523,13,121,0,13,59.9078,0,0,121,0,0,-0.730823,0.108787,-0.730823,0.108787,-0.444034,0.395604,-0.444034,0.395604,2.85321,3.69314,2.85321,3.69314
size_sweep,calm_thin,1e+06,aggressive,40,0,True,"coinbase>=1,000,000",prints+quotes,5103002,10,2.08764,417608,0.335009,4.16667,2.89892,aggressive,BTC-USD,buy,11.591,1e+06,86273.6,2.26489,358540,11.591,1,0,86303.9,3.50791,18,1800.63,0,1.00035e+06,3.50791,18.0063,2.501e-09,21.5142,1.063e-09,0.000863093,21.5142,2.89892,3,208,0,0,2.03294,0,0,0,0,0,3.39242,-0.0644772,,,3.10307,-0.353932,,,1.63174,-1.82577,,
size_sweep,calm_thin,1e+06,aggressive,40,0,True,"coinbase>=1,000,000",prints+quotes,5103002,10,2.08764,417608,0.335009,4.16667,2.89892,aggressive,BTC-USD,sell,11.591,1e+06,86273.6,2.26489,527003,11.591,1,0,86243.7,3.46844,18,1799.38,0,999653,3.46844,17.9938,-0,21.4622,0,0,21.4622,-2.89892,2,145,0,0,1.02513,0,0,0,0,0,3.55391,0.0841245,,,3.87674,0.406845,,,5.37888,1.90846,,
size_sweep,calm_thin,1e+06,hybrid,40,0,True,"coinbase>=1,000,000",prints+quotes,5103002,10,2.08764,417608,0.335009,4.16667,2.89892,hybrid,BTC-USD,buy,11.591,1e+06,86273.6,2.26489,358540,11.591,1,0.010919,86317.3,5.06819,17.8909,1789.99,10918.5,989588,5.06819,17.8999,0,22.9681,0,0,22.9681,2.89892,14,226,0,11,44.1446,0,0,52,0,0,3.84889,-0.3442,-0.887695,0.0633436,3.27749,-0.915838,-0.863684,0.0873513,6.0119,1.81972,-1.75892,-0.807803
size_sweep,calm_thin,1e+06,hybrid,40,0,True,"coinbase>=1,000,000",prints+quotes,5103002,10,2.08764,417608,0.335009,4.16667,2.89892,hybrid,BTC-USD,sell,11.591,1e+06,86273.6,2.26489,527003,11.591,1,0.0269408,86250.7,2.65555,17.7305,1772.58,26946.4,972788,2.65555,17.7258,-0,20.3813,0,0,20.3813,-2.89892,11,259,0,8,44.1508,0,0,84,0,0,3.878,0.365302,-1.08187,0.102729,4.4392,0.926301,-0.995349,0.189269,1.76807,-1.74385,-0.159077,1.02563
size_sweep,calm_thin,1e+06,hybrid|prints-only,40,0,True,"coinbase>=1,000,000",prints-only,5103002,10,2.08764,417608,0.335009,4.16667,2.89892,hybrid,BTC-USD,buy,11.591,1e+06,86273.6,2.26489,358540,11.591,1,0.010919,86317.3,5.06819,17.8909,1789.99,10918.5,989588,5.06819,17.8999,0,22.9681,0,0,22.9681,2.89892,14,226,0,11,44.1446,0,0,52,0,0,3.84889,-0.3442,-0.887695,0.0633436,3.27749,-0.915838,-0.863684,0.0873513,6.0119,1.81972,-1.75892,-0.807803
size_sweep,calm_thin,1e+06,hybrid|prints-only,40,0,True,"coinbase>=1,000,000",prints-only,5103002,10,2.08764,417608,0.335009,4.16667,2.89892,hybrid,BTC-USD,sell,11.591,1e+06,86273.6,2.26489,527003,11.591,1,0.0269408,86250.7,2.65555,17.7305,1772.58,26946.4,972788,2.65555,17.7258,-0,20.3813,0,0,20.3813,-2.89892,11,259,0,8,44.1508,0,0,84,0,0,3.878,0.365302,-1.08187,0.102729,4.4392,0.926301,-0.995349,0.189269,1.76807,-1.74385,-0.159077,1.02563
size_sweep,calm_thin,1e+06,passive,40,0,True,"coinbase>=1,000,000",prints+quotes,5103002,10,2.08764,417608,0.335009,4.16667,2.89892,passive,BTC-USD,buy,11.591,1e+06,86273.6,2.26489,358540,0.13749,0.0118617,1,86270.7,-0.336303,8,9.48907,11861.3,0,-0.00398914,0.0948907,2.86453,2.95543,7.36942,989162,28.1298,2.89892,17,65,0,17,60.0041,0,0,65,0,0.00045984,-0.891842,0.0638133,-0.891842,0.0638133,-0.908538,0.0471187,-0.908538,0.0471187,-1.49818,-0.542471,-1.49818,-0.542471
size_sweep,calm_thin,1e+06,passive,40,0,True,"coinbase>=1,000,000",prints+quotes,5103002,10,2.08764,417608,0.335009,4.16667,2.89892,passive,BTC-USD,sell,11.591,1e+06,86273.6,2.26489,527003,0.788082,0.0679907,1,86302.1,-3.30619,8,54.4106,68013.2,0,-0.224791,0.544106,-2.70182,-2.3825,4.39199,931840,18.7826,-2.89892,13,122,0,13,59.3038,0,0,122,0,0,-1.2138,-0.12206,-1.2138,-0.12206,-1.75844,-0.666768,-1.75844,-0.666768,-3.94875,-2.85729,-3.94875,-2.85729
size_sweep,calm_thin,1e+06,passive|prints-only,40,0,True,"coinbase>=1,000,000",prints-only,5103002,10,2.08764,417608,0.335009,4.16667,2.89892,passive,BTC-USD,buy,11.591,1e+06,86273.6,2.26489,358540,0.13749,0.0118617,1,86270.7,-0.336303,8,9.48907,11861.3,0,-0.00398914,0.0948907,2.86453,2.95543,7.36942,989162,28.1298,2.89892,17,65,0,17,60.0041,0,0,65,0,0.00045984,-0.891842,0.0638133,-0.891842,0.0638133,-0.908538,0.0471187,-0.908538,0.0471187,-1.49818,-0.542471,-1.49818,-0.542471
size_sweep,calm_thin,1e+06,passive|prints-only,40,0,True,"coinbase>=1,000,000",prints-only,5103002,10,2.08764,417608,0.335009,4.16667,2.89892,passive,BTC-USD,sell,11.591,1e+06,86273.6,2.26489,527003,0.788082,0.0679907,1,86302.1,-3.30619,8,54.4106,68013.2,0,-0.224791,0.544106,-2.70182,-2.3825,4.39199,931840,18.7826,-2.89892,13,122,0,13,59.3038,0,0,122,0,0,-1.2138,-0.12206,-1.2138,-0.12206,-1.75844,-0.666768,-1.75844,-0.666768,-3.94875,-2.85729,-3.94875,-2.85729
size_sweep,calm_thin,1e+06,aggressive,40,0,True,"coinbase>=1,000,000",prints+quotes,5103003,10,2.06937,443817,0.36865,4.2,-0.617692,aggressive,BTC-USD,buy,11.589,1e+06,86288.9,2.5855,386477,11.589,1,0,86313.3,2.82628,18,1800.51,0,1.00028e+06,2.82628,18.0051,-0,20.8314,0,0,20.8314,-0.617692,3,205,0,0,2.0257,0,0,0,0,0,3.67948,0.346111,,,2.68519,-0.648517,,,5.19286,1.85999,,
size_sweep,calm_thin,1e+06,aggressive,40,0,True,"coinbase>=1,000,000",prints+quotes,5103003,10,2.06937,443817,0.36865,4.2,-0.617692,aggressive,BTC-USD,sell,11.589,1e+06,86288.9,2.5855,356519,11.589,1,0,86256.9,3.70214,18,1799.33,0,999630,3.70214,17.9933,5.33e-10,21.6955,9.105e-10,0.000862745,21.6955,0.617692,3,205,0,0,2.0257,0,0,0,0,0,2.84484,-0.32658,,,3.84464,0.672911,,,1.33464,-1.8363,,
size_sweep,calm_thin,1e+06,hybrid,40,0,True,"coinbase>=1,000,000",prints+quotes,5103003,10,2.06937,443817,0.36865,4.2,-0.617692,hybrid,BTC-USD,buy,11.589,1e+06,86288.9,2.5855,386477,11.589,1,0.190749,86286.9,-0.226822,16.0932,1609.28,190680,809298,-0.226822,16.0928,-5.33e-10,15.866,9.105e-10,0.000862927,15.866,-0.617692,21,226,0,19,43.1537,0,0,93,0,0,2.32888,0.182037,-0.776863,0.129465,3.08018,0.933595,-1.25999,-0.353614,2.35525,0.208507,-2.04183,-1.13539
size_sweep,calm_thin,1e+06,hybrid,40,0,True,"coinbase>=1,000,000",prints+quotes,5103003,10,2.06937,443817,0.36865,4.2,-0.617692,hybrid,BTC-USD,sell,11.589,1e+06,86288.9,2.5855,356519,11.589,1,0.0101833,86238.9,5.79125,17.8981,1788.78,10182.4,989238,5.79125,17.8878,5.33e-10,23.679,9.105e-10,0.000862745,23.679,0.617692,20,199,0,17,44.1259,0,0,48,0,0,3.29875,-0.201894,-1.03238,-0.0835011,2.28395,-1.21633,-0.590907,0.358021,2.97839,-0.522141,-1.51624,-0.567353
size_sweep,calm_thin,1e+06,hybrid|prints-only,40,0,True,"coinbase>=1,000,000",prints-only,5103003,10,2.06937,443817,0.36865,4.2,-0.617692,hybrid,BTC-USD,buy,11.589,1e+06,86288.9,2.5855,386477,11.589,1,0.190749,86286.9,-0.226822,16.0932,1609.28,190680,809298,-0.226822,16.0928,-5.33e-10,15.866,9.105e-10,0.000862927,15.866,-0.617692,21,226,0,19,43.1537,0,0,93,0,0,2.32888,0.182037,-0.776863,0.129465,3.08018,0.933595,-1.25999,-0.353614,2.35525,0.208507,-2.04183,-1.13539
size_sweep,calm_thin,1e+06,hybrid|prints-only,40,0,True,"coinbase>=1,000,000",prints-only,5103003,10,2.06937,443817,0.36865,4.2,-0.617692,hybrid,BTC-USD,sell,11.589,1e+06,86288.9,2.5855,356519,11.589,1,0.0101833,86238.9,5.79125,17.8981,1788.78,10182.4,989238,5.79125,17.8878,5.33e-10,23.679,9.105e-10,0.000862745,23.679,0.617692,20,199,0,17,44.1259,0,0,48,0,0,3.29875,-0.201894,-1.03238,-0.0835011,2.28395,-1.21633,-0.590907,0.358021,2.97839,-0.522141,-1.51624,-0.567353
size_sweep,calm_thin,1e+06,passive,40,0,True,"coinbase>=1,000,000",prints+quotes,5103003,10,2.06937,443817,0.36865,4.2,-0.617692,passive,BTC-USD,buy,11.589,1e+06,86288.9,2.5855,386477,2.30332,0.198751,1,86257.8,-3.60492,8,158.943,198679,0,-0.71648,1.58943,-0.494926,0.378027,3.77024,801577,18.5767,-0.617692,24,109,0,24,59.6093,0,0,109,0,0,-0.762265,0.132675,-0.762265,0.132675,-1.20709,-0.31211,-1.20709,-0.31211,-1.98174,-1.08669,-1.98174,-1.08669
size_sweep,calm_thin,1e+06,passive,40,0,True,"coinbase>=1,000,000",prints+quotes,5103003,10,2.06937,443817,0.36865,4.2,-0.617692,passive,BTC-USD,sell,11.589,1e+06,86288.9,2.5855,356519,0.369141,0.0318528,1,86282,0.803942,8,25.4802,31850.2,0,0.0256078,0.254802,0.598017,0.878427,5.52934,967534,23.8234,0.617692,22,70,0,22,57.5211,0,0,70,0,0,-0.846904,0.0996834,-0.846904,0.0996834,-0.700854,0.245747,-0.700854,0.245747,0.247374,1.19408,0.247374,1.19408
size_sweep,calm_thin,1e+06,passive|prints-only,40,0,True,"coinbase>=1,000,000",prints-only,5103003,10,2.06937,443817,0.36865,4.2,-0.617692,passive,BTC-USD,buy,11.589,1e+06,86288.9,2.5855,386477,2.30332,0.198751,1,86257.8,-3.60492,8,158.943,198679,0,-0.71648,1.58943,-0.494926,0.378027,3.77024,801577,18.5767,-0.617692,24,109,0,24,59.6093,0,0,109,0,0,-0.762265,0.132675,-0.762265,0.132675,-1.20709,-0.31211,-1.20709,-0.31211,-1.98174,-1.08669,-1.98174,-1.08669
size_sweep,calm_thin,1e+06,passive|prints-only,40,0,True,"coinbase>=1,000,000",prints-only,5103003,10,2.06937,443817,0.36865,4.2,-0.617692,passive,BTC-USD,sell,11.589,1e+06,86288.9,2.5855,356519,0.369141,0.0318528,1,86282,0.803942,8,25.4802,31850.2,0,0.0256078,0.254802,0.598017,0.878427,5.52934,967534,23.8234,0.617692,22,70,0,22,57.5211,0,0,70,0,0,-0.846904,0.0996834,-0.846904,0.0996834,-0.700854,0.245747,-0.700854,0.245747,0.247374,1.19408,0.247374,1.19408
size_sweep,calm_thin,1e+06,aggressive,40,0,True,"coinbase>=1,000,000",prints+quotes,5103004,10,2.06573,409509,0.444197,3.85,-1.69182,aggressive,BTC-USD,buy,11.5918,1e+06,86267.9,2.10855,366015,11.5918,1,0,86297.3,3.41399,18,1800.61,0,1.00034e+06,3.41399,18.0061,-1.4595e-09,21.4201,8.33e-10,0.000862616,21.4201,-1.69182,3,198,0,0,2.038,0,0,0,0,0,3.27587,-0.0910472,,,3.06856,-0.298432,,,2.0755,-1.29183,,
size_sweep,calm_thin,1e+06,aggressive,40,0,True,"coinbase>=1,000,000",prints+quotes,5103004,10,2.06573,409509,0.444197,3.85,-1.69182,aggressive,BTC-USD,sell,11.5918,1e+06,86267.9,2.10855,457424,11.5918,1,0,86231.9,4.16772,18,1799.25,0,999583,4.16772,17.9925,1.4595e-09,22.1602,8.33e-10,0.00086245,22.1602,1.69182,3,175,0,0,2.038,0,0,0,0,0,4.27805,0.0862315,,,4.53033,0.338393,,,5.58285,1.39047,,
size_sweep,calm_thin,1e+06,hybrid,40,0,True,"coinbase>=1,000,000",prints+quotes,5103004,10,2.06573,409509,0.444197,3.85,-1.69182,hybrid,BTC-USD,buy,11.5918,1e+06,86267.9,2.10855,366015,11.5918,1,0.00683466,86326.1,6.74644,17.9317,1794.38,6834.87,993840,6.74644,17.9438,-1.4595e-09,24.6902,8.33e-10,0.000862616,24.6902,-1.69182,11,237,0,8,44.1631,0,0,38,0,0,4.02582,0.577959,-0.751513,0.0681346,6.24795,2.80088,-2.47331,-1.65353,6.80985,3.36295,1.75019,2.56963
size_sweep,calm_thin,1e+06,hybrid,40,0,True,"coinbase>=1,000,000",prints+quotes,5103004,10,2.06573,409509,0.444197,3.85,-1.69182,hybrid,BTC-USD,sell,11.5918,1e+06,86267.9,2.10855,457424,11.5918,1,0.0507629,86264.4,0.400536,17.4923,1749.16,50771.9,949188,0.400536,17.4916,1.4595e-09,17.8921,8.33e-10,0.00086245,17.8921,1.69182,16,230,0,13,44.1363,0,0,59,0,0,3.14124,-0.629675,-0.990433,0.118203,0.885608,-2.88438,-1.12556,-0.0169323,0.509855,-3.25996,0.136069,1.24488
size_sweep,calm_thin,1e+06,hybrid|prints-only,40,0,True,"coinbase>=1,000,000",prints-only,5103004,10,2.06573,409509,0.444197,3.85,-1.69182,hybrid,BTC-USD,buy,11.5918,1e+06,86267.9,2.10855,366015,11.5918,1,0.00683466,86326.1,6.74644,17.9317,1794.38,6834.87,993840,6.74644,17.9438,-1.4595e-09,24.6902,8.33e-10,0.000862616,24.6902,-1.69182,11,237,0,8,44.1631,0,0,38,0,0,4.02582,0.577959,-0.751513,0.0681346,6.24795,2.80088,-2.47331,-1.65353,6.80985,3.36295,1.75019,2.56963
size_sweep,calm_thin,1e+06,hybrid|prints-only,40,0,True,"coinbase>=1,000,000",prints-only,5103004,10,2.06573,409509,0.444197,3.85,-1.69182,hybrid,BTC-USD,sell,11.5918,1e+06,86267.9,2.10855,457424,11.5918,1,0.0507629,86264.4,0.400536,17.4923,1749.16,50771.9,949188,0.400536,17.4916,1.4595e-09,17.8921,8.33e-10,0.00086245,17.8921,1.69182,16,230,0,13,44.1363,0,0,59,0,0,3.14124,-0.629675,-0.990433,0.118203,0.885608,-2.88438,-1.12556,-0.0169323,0.509855,-3.25996,0.136069,1.24488
size_sweep,calm_thin,1e+06,passive,40,0,True,"coinbase>=1,000,000",prints+quotes,5103004,10,2.06573,409509,0.444197,3.85,-1.69182,passive,BTC-USD,buy,11.5918,1e+06,86267.9,2.10855,366015,0.131582,0.0113513,1,86261.7,-0.717961,8,9.08039,11350.5,0,-0.00814979,0.0908039,-1.67262,-1.58996,11.6624,989648,27.8861,-1.69182,15,56,0,15,57.8098,0,0,56,0,0,-0.756031,0.0784274,-0.756031,0.0784274,-1.80197,-0.967434,-1.80197,-0.967434,-0.622277,0.212177,-0.622277,0.212177
size_sweep,calm_thin,1e+06,passive,40,0,True,"coinbase>=1,000,000",prints+quotes,5103004,10,2.06573,409509,0.444197,3.85,-1.69182,passive,BTC-USD,sell,11.5918,1e+06,86267.9,2.10855,457424,0.715612,0.0617343,1,86283.6,-1.8233,8,49.3965,61745.6,0,-0.11256,0.493965,1.58738,1.96878,5.89659,937517,24.7407,1.69182,19,85,0,19,53.508,0,0,85,0,0,-1.02546,0.0613369,-1.02546,0.0613369,-1.4117,-0.32493,-1.4117,-0.32493,-0.0999236,0.987024,-0.0999236,0.987024
size_sweep,calm_thin,1e+06,passive|prints-only,40,0,True,"coinbase>=1,000,000",prints-only,5103004,10,2.06573,409509,0.444197,3.85,-1.69182,passive,BTC-USD,buy,11.5918,1e+06,86267.9,2.10855,366015,0.131582,0.0113513,1,86261.7,-0.717961,8,9.08039,11350.5,0,-0.00814979,0.0908039,-1.67262,-1.58996,11.6624,989648,27.8861,-1.69182,15,56,0,15,57.8098,0,0,56,0,0,-0.756031,0.0784274,-0.756031,0.0784274,-1.80197,-0.967434,-1.80197,-0.967434,-0.622277,0.212177,-0.622277,0.212177
size_sweep,calm_thin,1e+06,passive|prints-only,40,0,True,"coinbase>=1,000,000",prints-only,5103004,10,2.06573,409509,0.444197,3.85,-1.69182,passive,BTC-USD,sell,11.5918,1e+06,86267.9,2.10855,457424,0.715612,0.0617343,1,86283.6,-1.8233,8,49.3965,61745.6,0,-0.11256,0.493965,1.58738,1.96878,5.89659,937517,24.7407,1.69182,19,85,0,19,53.508,0,0,85,0,0,-1.02546,0.0613369,-1.02546,0.0613369,-1.4117,-0.32493,-1.4117,-0.32493,-0.0999236,0.987024,-0.0999236,0.987024
size_sweep,calm_thin,1e+06,aggressive,40,0,True,"coinbase>=1,000,000",prints+quotes,5103005,10,2.15512,424485,0.264167,3.81667,-2.38163,aggressive,BTC-USD,buy,11.5838,1e+06,86327.4,1.63679,453490,11.5838,1,0,86359.9,3.76947,18,1800.68,0,1.00038e+06,3.76947,18.0068,-0,21.7763,0,0,21.7763,-2.38163,3,185,0,0,2.06038,0,0,0,0,0,3.6809,-0.14254,,,3.45626,-0.367267,,,5.19055,1.36769,,
size_sweep,calm_thin,1e+06,aggressive,40,0,True,"coinbase>=1,000,000",prints+quotes,5103005,10,2.15512,424485,0.264167,3.81667,-2.38163,aggressive,BTC-USD,sell,11.5838,1e+06,86327.4,1.63679,433505,11.5838,1,0,86282.9,5.15573,18,1799.07,0,999484,5.15573,17.9907,0,23.1464,0,0,23.1464,2.38163,3,188,0,0,2.06038,0,0,0,0,0,5.26023,0.139999,,,5.47047,0.350114,,,3.73707,-1.3824,,
size_sweep,calm_thin,1e+06,hybrid,40,0,True,"coinbase>=1,000,000",prints+quotes,5103005,10,2.15512,424485,0.264167,3.81667,-2.38163,hybrid,BTC-USD,buy,11.5838,1e+06,86327.4,1.63679,453490,11.5838,1,0.0534733,86347.7,2.34709,17.4654,1746.95,53468.7,946766,2.34709,17.4695,-2.056e-09,19.8166,8.235e-10,0.000863151,19.8166,-2.38163,10,191,0,8,43.1419,0,0,68,0,0,3.24083,-0.353672,-0.315006,0.364457,3.22326,-0.371261,0.0145835,0.694023,4.75111,1.15717,0.448414,1.12782
size_sweep,calm_thin,1e+06,hybrid,40,0,True,"coinbase>=1,000,000",prints+quotes,5103005,10,2.15512,424485,0.264167,3.81667,-2.38163,hybrid,BTC-USD,sell,11.5838,1e+06,86327.4,1.63679,433505,11.5838,1,0.01131,86283.5,5.08655,17.8868,1787.77,11310.8,988181,5.08655,17.8777,2.056e-09,22.9643,8.235e-10,0.000862986,22.9643,2.38163,12,216,0,9,44.1232,0,0,66,0,0,4.20365,0.350258,-0.833676,0.037769,4.20856,0.355158,-0.903755,-0.0323173,2.68675,-1.16605,-2.16858,-1.29725
size_sweep,calm_thin,1e+06,hybrid|prints-only,40,0,True,"coinbase>=1,000,000",prints-only,5103005,10,2.15512,424485,0.264167,3.81667,-2.38163,hybrid,BTC-USD,buy,11.5838,1e+06,86327.4,1.63679,453490,11.5838,1,0.0534733,86347.7,2.34709,17.4654,1746.95,53468.7,946766,2.34709,17.4695,-2.056e-09,19.8166,8.235e-10,0.000863151,19.8166,-2.38163,10,191,0,8,43.1419,0,0,68,0,0,3.24083,-0.353672,-0.315006,0.364457,3.22326,-0.371261,0.0145835,0.694023,4.75111,1.15717,0.448414,1.12782
size_sweep,calm_thin,1e+06,hybrid|prints-only,40,0,True,"coinbase>=1,000,000",prints-only,5103005,10,2.15512,424485,0.264167,3.81667,-2.38163,hybrid,BTC-USD,sell,11.5838,1e+06,86327.4,1.63679,433505,11.5838,1,0.01131,86283.5,5.08655,17.8868,1787.77,11310.8,988181,5.08655,17.8777,2.056e-09,22.9643,8.235e-10,0.000862986,22.9643,2.38163,12,216,0,9,44.1232,0,0,66,0,0,4.20365,0.350258,-0.833676,0.037769,4.20856,0.355158,-0.903755,-0.0323173,2.68675,-1.16605,-2.16858,-1.29725
size_sweep,calm_thin,1e+06,passive,40,0,True,"coinbase>=1,000,000",prints+quotes,5103005,10,2.15512,424485,0.264167,3.81667,-2.38163,passive,BTC-USD,buy,11.5838,1e+06,86327.4,1.63679,453490,0.643336,0.0555375,1,86319.5,-0.916844,8,44.4259,55532.4,0,-0.0509193,0.444259,-2.24936,-1.85602,4.37154,944675,19.5197,-2.38163,9,79,0,9,59.1104,0,0,79,0,0,-0.302117,0.376155,-0.302117,0.376155,0.0178679,0.696118,0.0178679,0.696118,0.372425,1.05065,0.372425,1.05065
size_sweep,calm_thin,1e+06,passive,40,0,True,"coinbase>=1,000,000",prints+quotes,5103005,10,2.15512,424485,0.264167,3.81667,-2.38163,passive,BTC-USD,sell,11.5838,1e+06,86327.4,1.63679,433505,0.819907,0.0707805,1,86322.5,0.565352,8,56.6212,70776.4,0,0.0400159,0.566212,2.21306,2.81929,4.54718,928544,24.0803,2.38163,12,96,0,12,57.6231,0,0,96,0,0,-1.42723,-0.556497,-1.42723,-0.556497,-1.45563,-0.584906,-1.45563,-0.584906,-0.107161,0.763685,-0.107161,0.763685
size_sweep,calm_thin,1e+06,passive|prints-only,40,0,True,"coinbase>=1,000,000",prints-only,5103005,10,2.15512,424485,0.264167,3.81667,-2.38163,passive,BTC-USD,buy,11.5838,1e+06,86327.4,1.63679,453490,0.643336,0.0555375,1,86319.5,-0.916844,8,44.4259,55532.4,0,-0.0509193,0.444259,-2.24936,-1.85602,4.37154,944675,19.5197,-2.38163,9,79,0,9,59.1104,0,0,79,0,0,-0.302117,0.376155,-0.302117,0.376155,0.0178679,0.696118,0.0178679,0.696118,0.372425,1.05065,0.372425,1.05065
size_sweep,calm_thin,1e+06,passive|prints-only,40,0,True,"coinbase>=1,000,000",prints-only,5103005,10,2.15512,424485,0.264167,3.81667,-2.38163,passive,BTC-USD,sell,11.5838,1e+06,86327.4,1.63679,433505,0.819907,0.0707805,1,86322.5,0.565352,8,56.6212,70776.4,0,0.0400159,0.566212,2.21306,2.81929,4.54718,928544,24.0803,2.38163,12,96,0,12,57.6231,0,0,96,0,0,-1.42723,-0.556497,-1.42723,-0.556497,-1.45563,-0.584906,-1.45563,-0.584906,-0.107161,0.763685,-0.107161,0.763685
size_sweep,calm_thin,1e+06,aggressive,40,0,True,"coinbase>=1,000,000",prints+quotes,5103006,10,2.09762,401787,0.312211,3.95,3.64085,aggressive,BTC-USD,buy,11.5914,1e+06,86271.1,1.54629,394190,11.5914,1,0,86299.6,3.29335,18,1800.59,0,1.00033e+06,3.29335,18.0059,0,21.2993,0,0,21.2993,3.64085,3,192,0,0,2.03513,0,0,0,0,0,2.60467,-0.374161,,,1.97935,-0.999666,,,1.00752,-1.9718,,
size_sweep,calm_thin,1e+06,aggressive,40,0,True,"coinbase>=1,000,000",prints+quotes,5103006,10,2.09762,401787,0.312211,3.95,3.64085,aggressive,BTC-USD,sell,11.5914,1e+06,86271.1,1.54629,368574,11.5914,1,0,86247.1,2.78797,18,1799.5,0,999721,2.78797,17.995,-3.141e-09,20.783,9.07e-10,0.000862935,20.783,-3.64085,3,190,0,0,2.03513,0,0,0,0,0,3.48814,0.380916,,,4.10897,1.00155,,,5.07552,1.96779,,
size_sweep,calm_thin,1e+06,hybrid,40,0,True,"coinbase>=1,000,000",prints+quotes,5103006,10,2.09762,401787,0.312211,3.95,3.64085,hybrid,BTC-USD,buy,11.5914,1e+06,86271.1,1.54629,394190,11.5914,1,0.0171083,86323.1,6.02561,17.829,1783.97,17111.9,983491,6.02561,17.8397,0,23.8653,0,0,23.8653,3.64085,13,246,0,10,44.1656,0,0,60,0,0,3.37889,0.147717,-1.02183,-0.214086,3.92927,0.698286,-1.00219,-0.194444,0.137915,-3.09433,-0.765514,0.0422137
size_sweep,calm_thin,1e+06,hybrid,40,0,True,"coinbase>=1,000,000",prints+quotes,5103006,10,2.09762,401787,0.312211,3.95,3.64085,hybrid,BTC-USD,sell,11.5914,1e+06,86271.1,1.54629,368574,11.5914,1,0.0482772,86261.9,1.06566,17.517,1751.52,48290.7,951603,1.06566,17.5152,-3.141e-09,18.5808,9.07e-10,0.000862935,18.5808,-3.64085,13,207,0,10,44.1656,0,0,49,0,0,3.79405,-0.0595178,-0.851005,0.0930019,3.09327,-0.759992,-0.998927,-0.0549325,6.76938,2.91463,-0.315542,0.628525
size_sweep,calm_thin,1e+06,hybrid|prints-only,40,0,True,"coinbase>=1,000,000",prints-only,5103006,10,2.09762,401787,0.312211,3.95,3.64085,hybrid,BTC-USD,buy,11.5914,1e+06,86271.1,1.54629,394190,11.5914,1,0.0171083,86323.1,6.02561,17.829,1783.97,17111.9,983491,6.02561,17.8397,0,23.8653,0,0,23.8653,3.64085,13,246,0,10,44.1656,0,0,60,0,0,3.37889,0.147717,-1.02183,-0.214086,3.92927,0.698286,-1.00219,-0.194444,0.137915,-3.09433,-0.765514,0.0422137
size_sweep,calm_thin,1e+06,hybrid|prints-only,40,0,True,"coinbase>=1,000,000",prints-only,5103006,10,2.09762,401787,0.312211,3.95,3.64085,hybrid,BTC-USD,sell,11.5914,1e+06,86271.1,1.54629,368574,11.5914,1,0.0482772,86261.9,1.06566,17.517,1751.52,48290.7,951603,1.06566,17.5152,-3.141e-09,18.5808,9.07e-10,0.000862935,18.5808,-3.64085,13,207,0,10,44.1656,0,0,49,0,0,3.79405,-0.0595178,-0.851005,0.0930019,3.09327,-0.759992,-0.998927,-0.0549325,6.76938,2.91463,-0.315542,0.628525
size_sweep,calm_thin,1e+06,passive,40,0,True,"coinbase>=1,000,000",prints+quotes,5103006,10,2.09762,401787,0.312211,3.95,3.64085,passive,BTC-USD,buy,11.5914,1e+06,86271.1,1.54629,394190,0.465959,0.0401988,1,86288.2,1.97512,8,32.1654,40206.7,0,0.0793975,0.321654,3.49449,3.89554,5.2898,960680,26.4776,3.64085,18,87,0,18,59.0008,0,0,87,0,0,-0.757739,0.049659,-0.757739,0.049659,-1.58398,-0.776513,-1.58398,-0.776513,-3.70132,-2.89369,-3.70132,-2.89369
size_sweep,calm_thin,1e+06,passive,40,0,True,"coinbase>=1,000,000",prints+quotes,5103006,10,2.09762,401787,0.312211,3.95,3.64085,passive,BTC-USD,sell,11.5914,1e+06,86271.1,1.54629,368574,0.644901,0.0556363,1,86296.1,-2.89485,8,44.5219,55652.4,0,-0.161059,0.445219,-3.43828,-3.15412,5.0656,944201,18.9071,-3.64085,15,79,0,15,59.5048,0,2,77,0,0,-0.855648,0.0944224,-0.855648,0.0944224,-0.990472,-0.0404126,-0.990472,-0.0404126,0.191935,1.14211,0.191935,1.14211
size_sweep,calm_thin,1e+06,passive|prints-only,40,0,True,"coinbase>=1,000,000",prints-only,5103006,10,2.09762,401787,0.312211,3.95,3.64085,passive,BTC-USD,buy,11.5914,1e+06,86271.1,1.54629,394190,0.465959,0.0401988,1,86288.2,1.97512,8,32.1654,40206.7,0,0.0793975,0.321654,3.49449,3.89554,5.2898,960680,26.4776,3.64085,18,87,0,18,59.0008,0,0,87,0,0,-0.757739,0.049659,-0.757739,0.049659,-1.58398,-0.776513,-1.58398,-0.776513,-3.70132,-2.89369,-3.70132,-2.89369
size_sweep,calm_thin,1e+06,passive|prints-only,40,0,True,"coinbase>=1,000,000",prints-only,5103006,10,2.09762,401787,0.312211,3.95,3.64085,passive,BTC-USD,sell,11.5914,1e+06,86271.1,1.54629,368574,0.644901,0.0556363,1,86296.1,-2.89485,8,44.5219,55652.4,0,-0.161059,0.445219,-3.43828,-3.15412,5.0656,944201,18.9071,-3.64085,15,79,0,15,59.5048,0,2,77,0,0,-0.855648,0.0944224,-0.855648,0.0944224,-0.990472,-0.0404126,-0.990472,-0.0404126,0.191935,1.14211,0.191935,1.14211
size_sweep,calm_thin,1e+06,aggressive,40,0,True,"coinbase>=1,000,000",prints+quotes,5103007,10,2.03555,408896,0.35626,3.95,-1.32837,aggressive,BTC-USD,buy,11.5914,1e+06,86270.9,1.82449,424789,11.5914,1,0,86305.3,3.98535,18,1800.72,0,1.0004e+06,3.98535,18.0072,-0,21.9925,0,0,21.9925,-1.32837,3,179,0,0,2.03526,0,0,0,0,0,4.21315,0.189407,,,5.63486,1.61171,,,3.60338,-0.420582,,
size_sweep,calm_thin,1e+06,aggressive,40,0,True,"coinbase>=1,000,000",prints+quotes,5103007,10,2.03555,408896,0.35626,3.95,-1.32837,aggressive,BTC-USD,sell,11.5914,1e+06,86270.9,1.82449,375854,11.5914,1,0,86242.7,3.27217,18,1799.41,0,999673,3.27217,17.9941,1.146e-09,21.2663,8.19e-10,0.000862512,21.2663,1.32837,3,201,0,0,2.03526,0,0,0,0,0,2.98523,-0.218978,,,1.62075,-1.583,,,3.69366,0.489252,,
size_sweep,calm_thin,1e+06,hybrid,40,0,True,"coinbase>=1,000,000",prints+quotes,5103007,10,2.03555,408896,0.35626,3.95,-1.32837,hybrid,BTC-USD,buy,11.5914,1e+06,86270.9,1.82449,424789,11.5914,1,0.0129853,86290.6,2.28416,17.8702,1787.43,12982.7,987246,2.28416,17.8743,-1.146e-09,20.1584,8.19e-10,0.000862676,20.1584,-1.32837,14,216,0,11,44.0363,0,0,36,0,0,5.03796,0.503293,-0.447428,0.131256,5.96215,1.42796,-0.359047,0.219636,4.05711,-0.477955,-1.8486,-1.26984
size_sweep,calm_thin,1e+06,hybrid,40,0,True,"coinbase>=1,000,000",prints+quotes,5103007,10,2.03555,408896,0.35626,3.95,-1.32837,hybrid,BTC-USD,sell,11.5914,1e+06,86270.9,1.82449,375854,11.5914,1,0.00854624,86210.8,6.96408,17.9145,1790.2,8546.91,990757,6.96408,17.902,0,24.8661,0,0,24.8661,1.32837,14,245,0,11,44.1363,0,0,56,0,0,4.03779,-0.490652,-0.701235,0.0426568,3.303,-1.22505,-1.10395,-0.360092,5.18608,0.657157,-3.23986,-2.49617
size_sweep,calm_thin,1e+06,hybrid|prints-only,40,0,True,"coinbase>=1,000,000",prints-only,5103007,10,2.03555,408896,0.35626,3.95,-1.32837,hybrid,BTC-USD,buy,11.5914,1e+06,86270.9,1.82449,424789,11.5914,1,0.0129853,86290.6,2.28416,17.8702,1787.43,12982.7,987246,2.28416,17.8743,-1.146e-09,20.1584,8.19e-10,0.000862676,20.1584,-1.32837,14,216,0,11,44.0363,0,0,36,0,0,5.03796,0.503293,-0.447428,0.131256,5.96215,1.42796,-0.359047,0.219636,4.05711,-0.477955,-1.8486,-1.26984
size_sweep,calm_thin,1e+06,hybrid|prints-only,40,0,True,"coinbase>=1,000,000",prints-only,5103007,10,2.03555,408896,0.35626,3.95,-1.32837,hybrid,BTC-USD,sell,11.5914,1e+06,86270.9,1.82449,375854,11.5914,1,0.00854624,86210.8,6.96408,17.9145,1790.2,8546.91,990757,6.96408,17.902,0,24.8661,0,0,24.8661,1.32837,14,245,0,11,44.1363,0,0,56,0,0,4.03779,-0.490652,-0.701235,0.0426568,3.303,-1.22505,-1.10395,-0.360092,5.18608,0.657157,-3.23986,-2.49617
size_sweep,calm_thin,1e+06,passive,40,0,True,"coinbase>=1,000,000",prints+quotes,5103007,10,2.03555,408896,0.35626,3.95,-1.32837,passive,BTC-USD,buy,11.5914,1e+06,86270.9,1.82449,424789,0.218064,0.0188126,1,86248,-2.65394,8,15.0461,18807.6,0,-0.0499274,0.150461,-1.30338,-1.20285,9.72717,982030,26.2009,-1.32837,16,57,0,16,53.3002,0,0,57,0,0,-0.558929,0.107046,-0.558929,0.107046,-0.648811,0.0171781,-0.648811,0.0171781,-2.13774,-1.47166,-2.13774,-1.47166
size_sweep,calm_thin,1e+06,passive,40,0,True,"coinbase>=1,000,000",prints+quotes,5103007,10,2.03555,408896,0.35626,3.95,-1.32837,passive,BTC-USD,sell,11.5914,1e+06,86270.9,1.82449,375854,0.121546,0.0104858,1,86272.7,-0.213823,8,8.38885,10486.1,0,-0.00224211,0.0838885,1.31444,1.39609,7.67848,988615,26.8696,1.32837,19,89,0,19,59.7262,0,0,89,0,0,-0.759516,0.0440711,-0.759516,0.0440711,-0.961455,-0.157877,-0.961455,-0.157877,-2.44407,-1.64061,-2.44407,-1.64061
size_sweep,calm_thin,1e+06,passive|prints-only,40,0,True,"coinbase>=1,000,000",prints-only,5103007,10,2.03555,408896,0.35626,3.95,-1.32837,passive,BTC-USD,buy,11.5914,1e+06,86270.9,1.82449,424789,0.218064,0.0188126,1,86248,-2.65394,8,15.0461,18807.6,0,-0.0499274,0.150461,-1.30338,-1.20285,9.72717,982030,26.2009,-1.32837,16,57,0,16,53.3002,0,0,57,0,0,-0.558929,0.107046,-0.558929,0.107046,-0.648811,0.0171781,-0.648811,0.0171781,-2.13774,-1.47166,-2.13774,-1.47166
size_sweep,calm_thin,1e+06,passive|prints-only,40,0,True,"coinbase>=1,000,000",prints-only,5103007,10,2.03555,408896,0.35626,3.95,-1.32837,passive,BTC-USD,sell,11.5914,1e+06,86270.9,1.82449,375854,0.121546,0.0104858,1,86272.7,-0.213823,8,8.38885,10486.1,0,-0.00224211,0.0838885,1.31444,1.39609,7.67848,988615,26.8696,1.32837,19,89,0,19,59.7262,0,0,89,0,0,-0.759516,0.0440711,-0.759516,0.0440711,-0.961455,-0.157877,-0.961455,-0.157877,-2.44407,-1.64061,-2.44407,-1.64061
size_sweep,calm_thin,1e+06,aggressive,40,0,True,"coinbase>=1,000,000",prints+quotes,5103008,10,2.13039,425566,0.218888,4.18333,-0.0840171,aggressive,BTC-USD,buy,11.5886,1e+06,86291.9,2.75229,425246,11.5886,1,0,86322.1,3.49504,18,1800.63,0,1.00035e+06,3.49504,18.0063,-7.25e-11,21.5013,8.29e-10,0.000862995,21.5013,-0.0840171,3,177,0,0,2.03316,0,0,0,0,0,3.26039,-0.193118,,,2.70131,-0.752396,,,2.39661,-1.0572,,
size_sweep,calm_thin,1e+06,aggressive,40,0,True,"coinbase>=1,000,000",prints+quotes,5103008,10,2.13039,425566,0.218888,4.18333,-0.0840171,aggressive,BTC-USD,sell,11.5886,1e+06,86291.9,2.75229,361309,11.5886,1,0,86257.1,4.03568,18,1799.27,0,999596,4.03568,17.9927,0,22.0284,0,0,22.0284,0.0840171,3,202,0,0,2.03316,0,0,0,0,0,4.34573,0.224907,,,4.84615,0.72511,,,5.1355,1.01434,,
size_sweep,calm_thin,1e+06,hybrid,40,0,True,"coinbase>=1,000,000",prints+quotes,5103008,10,2.13039,425566,0.218888,4.18333,-0.0840171,hybrid,BTC-USD,buy,11.5886,1e+06,86291.9,2.75229,425246,11.5886,1,0.00602241,86318,3.02424,17.9398,1794.52,6022.2,994280,3.02424,17.9452,-7.25e-11,20.9695,8.29e-10,0.000862995,20.9695,-0.0840171,12,218,0,9,44.1437,0,0,55,0,0,3.4056,0.000547474,-0.512707,0.0909061,3.30742,-0.0976623,-0.364265,0.239339,2.67465,-0.730641,-0.00117433,0.602406
size_sweep,calm_thin,1e+06,hybrid,40,0,True,"coinbase>=1,000,000",prints+quotes,5103008,10,2.13039,425566,0.218888,4.18333,-0.0840171,hybrid,BTC-USD,sell,11.5886,1e+06,86291.9,2.75229,361309,11.5886,1,0.0773247,86267.5,2.82938,17.2264,1722.16,77335.1,922382,2.82938,17.2216,1.45e-10,20.0509,1.658e-09,0.00172566,20.0509,0.0840171,11,234,0,9,43.1296,0,0,88,0,0,2.50189,0.0220551,-0.985798,0.285227,2.61529,0.135439,-0.564577,0.706504,3.13695,0.656959,-0.512068,0.759029
size_sweep,calm_thin,1e+06,hybrid|prints-only,40,0,True,"coinbase>=1,000,000",prints-only,5103008,10,2.13039,425566,0.218888,4.18333,-0.0840171,hybrid,BTC-USD,buy,11.5886,1e+06,86291.9,2.75229,425246,11.5886,1,0.00602241,86318,3.02424,17.9398,1794.52,6022.2,994280,3.02424,17.9452,-7.25e-11,20.9695,8.29e-10,0.000862995,20.9695,-0.0840171,12,218,0,9,44.1437,0,0,55,0,0,3.4056,0.000547474,-0.512707,0.0909061,3.30742,-0.0976623,-0.364265,0.239339,2.67465,-0.730641,-0.00117433,0.602406
size_sweep,calm_thin,1e+06,hybrid|prints-only,40,0,True,"coinbase>=1,000,000",prints-only,5103008,10,2.13039,425566,0.218888,4.18333,-0.0840171,hybrid,BTC-USD,sell,11.5886,1e+06,86291.9,2.75229,361309,11.5886,1,0.0773247,86267.5,2.82938,17.2264,1722.16,77335.1,922382,2.82938,17.2216,1.45e-10,20.0509,1.658e-09,0.00172566,20.0509,0.0840171,11,234,0,9,43.1296,0,0,88,0,0,2.50189,0.0220551,-0.985798,0.285227,2.61529,0.135439,-0.564577,0.706504,3.13695,0.656959,-0.512068,0.759029
size_sweep,calm_thin,1e+06,passive,40,0,True,"coinbase>=1,000,000",prints+quotes,5103008,10,2.13039,425566,0.218888,4.18333,-0.0840171,passive,BTC-USD,buy,11.5886,1e+06,86291.9,2.75229,425246,0.138539,0.0119548,1,86285.8,-0.709825,8,9.56317,11954,0,-0.00848582,0.0956317,-0.0830127,0.00413313,6.36411,988673,24.1644,-0.0840171,11,81,0,11,56.0332,0,0,81,0,0,-0.589468,0.129503,-0.589468,0.129503,-0.706334,0.0126493,-0.706334,0.0126493,-0.987751,-0.268743,-0.987751,-0.268743
size_sweep,calm_thin,1e+06,passive,40,0,True,"coinbase>=1,000,000",prints+quotes,5103008,10,2.13039,425566,0.218888,4.18333,-0.0840171,passive,BTC-USD,sell,11.5886,1e+06,86291.9,2.75229,361309,1.08192,0.0933611,1,86302.3,-1.20231,8,74.6979,93372.3,0,-0.112249,0.746979,0.0761732,0.710903,8.86665,905745,25.881,0.0840171,9,123,0,9,59.8209,0,0,123,0,0,-0.937105,0.251206,-0.937105,0.251206,-0.626548,0.561806,-0.626548,0.561806,-0.425415,0.762968,-0.425415,0.762968
size_sweep,calm_thin,1e+06,passive|prints-only,40,0,True,"coinbase>=1,000,000",prints-only,5103008,10,2.13039,425566,0.218888,4.18333,-0.0840171,passive,BTC-USD,buy,11.5886,1e+06,86291.9,2.75229,425246,0.138539,0.0119548,1,86285.8,-0.709825,8,9.56317,11954,0,-0.00848582,0.0956317,-0.0830127,0.00413313,6.36411,988673,24.1644,-0.0840171,11,81,0,11,56.0332,0,0,81,0,0,-0.589468,0.129503,-0.589468,0.129503,-0.706334,0.0126493,-0.706334,0.0126493,-0.987751,-0.268743,-0.987751,-0.268743
size_sweep,calm_thin,1e+06,passive|prints-only,40,0,True,"coinbase>=1,000,000",prints-only,5103008,10,2.13039,425566,0.218888,4.18333,-0.0840171,passive,BTC-USD,sell,11.5886,1e+06,86291.9,2.75229,361309,1.08192,0.0933611,1,86302.3,-1.20231,8,74.6979,93372.3,0,-0.112249,0.746979,0.0761732,0.710903,8.86665,905745,25.881,0.0840171,9,123,0,9,59.8209,0,0,123,0,0,-0.937105,0.251206,-0.937105,0.251206,-0.626548,0.561806,-0.626548,0.561806,-0.425415,0.762968,-0.425415,0.762968
size_sweep,calm_thin,1e+06,aggressive,40,0,True,"coinbase>=1,000,000",prints+quotes,5103009,10,2.16715,420303,0.339168,4.5,7.97375,aggressive,BTC-USD,buy,11.5881,1e+06,86295.6,1.5528,475068,11.5881,1,0,86324.3,3.3278,18,1800.6,0,1.00033e+06,3.3278,18.006,6.881e-09,21.3338,8.14e-10,0.000863726,21.3338,7.97375,2,146,0,0,1.03225,0,0,0,0,0,2.85831,-0.430562,,,-0.902197,-4.1923,,,-5.30179,-8.59335,,
size_sweep,calm_thin,1e+06,aggressive,40,0,True,"coinbase>=1,000,000",prints+quotes,5103009,10,2.16715,420303,0.339168,4.5,7.97375,aggressive,BTC-USD,sell,11.5881,1e+06,86295.6,1.5528,444306,11.5881,1,0,86260.9,4.02203,18,1799.28,0,999598,4.02203,17.9928,-1.22231e-15,22.0148,0,0,22.0148,-7.97375,3,164,0,0,2.03339,0,0,0,0,0,4.5827,0.45261,,,8.35536,4.22372,,,12.6497,8.51623,,
size_sweep,calm_thin,1e+06,hybrid,40,0,True,"coinbase>=1,000,000",prints+quotes,5103009,10,2.16715,420303,0.339168,4.5,7.97375,hybrid,BTC-USD,buy,11.5881,1e+06,86295.6,1.5528,475068,11.5881,1,0.0943412,86390.5,10.9984,17.0569,1707.57,94410.8,906689,10.9984,17.0757,0,28.0741,0,0,28.0741,7.97375,15,219,0,12,44.1325,0,0,51,0,0,2.49136,-0.0573718,-1.20882,-0.0483641,2.46636,-0.0823911,-1.0039,0.156536,3.70327,1.15488,-0.82418,0.336226
size_sweep,calm_thin,1e+06,hybrid,40,0,True,"coinbase>=1,000,000",prints+quotes,5103009,10,2.16715,420303,0.339168,4.5,7.97375,hybrid,BTC-USD,sell,11.5881,1e+06,86295.6,1.5528,444306,11.5881,1,0.0723795,86341,-5.26154,17.2762,1728.53,72421,928105,-5.26154,17.2853,-1.22231e-15,12.0237,0,0,12.0237,-7.97375,16,208,0,14,43.1791,0,0,71,0,0,2.9765,0.0691441,-0.666259,0.162543,3.16382,0.256455,1.06596,1.8949,2.01994,-0.88701,2.63627,3.46533
size_sweep,calm_thin,1e+06,hybrid|prints-only,40,0,True,"coinbase>=1,000,000",prints-only,5103009,10,2.16715,420303,0.339168,4.5,7.97375,hybrid,BTC-USD,buy,11.5881,1e+06,86295.6,1.5528,475068,11.5881,1,0.0943412,86390.5,10.9984,17.0569,1707.57,94410.8,906689,10.9984,17.0757,0,28.0741,0,0,28.0741,7.97375,15,219,0,12,44.1325,0,0,51,0,0,2.49136,-0.0573718,-1.20882,-0.0483641,2.46636,-0.0823911,-1.0039,0.156536,3.70327,1.15488,-0.82418,0.336226
size_sweep,calm_thin,1e+06,hybrid|prints-only,40,0,True,"coinbase>=1,000,000",prints-only,5103009,10,2.16715,420303,0.339168,4.5,7.97375,hybrid,BTC-USD,sell,11.5881,1e+06,86295.6,1.5528,444306,11.5881,1,0.0723795,86341,-5.26154,17.2762,1728.53,72421,928105,-5.26154,17.2853,-1.22231e-15,12.0237,0,0,12.0237,-7.97375,16,208,0,14,43.1791,0,0,71,0,0,2.9765,0.0691441,-0.666259,0.162543,3.16382,0.256455,1.06596,1.8949,2.01994,-0.88701,2.63627,3.46533
size_sweep,calm_thin,1e+06,passive,40,0,True,"coinbase>=1,000,000",prints+quotes,5103009,10,2.16715,420303,0.339168,4.5,7.97375,passive,BTC-USD,buy,11.5881,1e+06,86295.6,1.5528,475068,1.22245,0.105492,1,86359.2,7.36508,8,84.4559,105570,0,0.776958,0.844559,7.13259,8.7541,4.91233,895712,29.7893,7.97375,12,69,0,12,60.009,0,0,69,0,4.441e-05,-1.19955,-0.0395121,-1.19955,-0.0395121,-0.990567,0.169439,-0.990567,0.169439,-0.607909,0.552048,-0.607909,0.552048
size_sweep,calm_thin,1e+06,passive,40,0,True,"coinbase>=1,000,000",prints+quotes,5103009,10,2.16715,420303,0.339168,4.5,7.97375,passive,BTC-USD,sell,11.5881,1e+06,86295.6,1.5528,444306,0.843473,0.072788,1,86345.4,-5.76494,8,58.264,72829.9,0,-0.419618,0.58264,-7.39336,-7.23034,4.38314,927513,13.848,-7.97375,18,79,0,18,57.8042,0,0,79,0,0,-0.668457,0.161998,-0.668457,0.161998,1.05235,1.88294,1.05235,1.88294,2.60265,3.43337,2.60265,3.43337
size_sweep,calm_thin,1e+06,passive|prints-only,40,0,True,"coinbase>=1,000,000",prints-only,5103009,10,2.16715,420303,0.339168,4.5,7.97375,passive,BTC-USD,buy,11.5881,1e+06,86295.6,1.5528,475068,1.22245,0.105492,1,86359.2,7.36508,8,84.4559,105570,0,0.776958,0.844559,7.13259,8.7541,4.91233,895712,29.7893,7.97375,12,69,0,12,60.009,0,0,69,0,4.441e-05,-1.19955,-0.0395121,-1.19955,-0.0395121,-0.990567,0.169439,-0.990567,0.169439,-0.607909,0.552048,-0.607909,0.552048
size_sweep,calm_thin,1e+06,passive|prints-only,40,0,True,"coinbase>=1,000,000",prints-only,5103009,10,2.16715,420303,0.339168,4.5,7.97375,passive,BTC-USD,sell,11.5881,1e+06,86295.6,1.5528,444306,0.843473,0.072788,1,86345.4,-5.76494,8,58.264,72829.9,0,-0.419618,0.58264,-7.39336,-7.23034,4.38314,927513,13.848,-7.97375,18,79,0,18,57.8042,0,0,79,0,0,-0.668457,0.161998,-0.668457,0.161998,1.05235,1.88294,1.05235,1.88294,2.60265,3.43337,2.60265,3.43337
size_sweep,calm_thin,1e+06,aggressive,40,0,True,"coinbase>=1,000,000",prints+quotes,5103010,10,2.2262,408913,0.307644,3.93333,4.30014,aggressive,BTC-USD,buy,11.5876,1e+06,86299.5,1.6408,493619,11.5876,1,0,86328.2,3.32823,18,1800.6,0,1.00033e+06,3.32823,18.006,3.711e-09,21.3342,9.98e-10,0.000863465,21.3342,4.30014,3,169,0,0,2.03248,0,0,0,0,0,3.6877,0.186581,,,4.23292,0.73199,,,5.26495,1.76439,,
size_sweep,calm_thin,1e+06,aggressive,40,0,True,"coinbase>=1,000,000",prints+quotes,5103010,10,2.2262,408913,0.307644,3.93333,4.30014,aggressive,BTC-USD,sell,11.5876,1e+06,86299.5,1.6408,425205,11.5876,1,0,86268.9,3.54465,18,1799.36,0,999646,3.54465,17.9936,-0,21.5383,0,0,21.5383,-4.30014,3,187,0,0,2.03248,0,0,0,0,0,3.15845,-0.190524,,,2.60813,-0.740656,,,1.63846,-1.71,,
size_sweep,calm_thin,1e+06,hybrid,40,0,True,"coinbase>=1,000,000",prints+quotes,5103010,10,2.2262,408913,0.307644,3.93333,4.30014,hybrid,BTC-USD,buy,11.5876,1e+06,86299.5,1.6408,493619,11.5876,1,0.0453783,86345.8,5.36702,17.5466,1755.6,45369.2,955168,5.36702,17.556,3.711e-09,22.923,9.98e-10,0.000863465,22.923,4.30014,17,221,0,14,44.155,0,0,47,0,0,2.7631,-0.208418,-0.224347,0.248853,2.25559,-0.716071,-0.182875,0.290308,-2.26703,-5.24005,-4.41352,-3.94017
size_sweep,calm_thin,1e+06,hybrid,40,0,True,"coinbase>=1,000,000",prints+quotes,5103010,10,2.2262,408913,0.307644,3.93333,4.30014,hybrid,BTC-USD,sell,11.5876,1e+06,86299.5,1.6408,425205,11.5876,1,0.0294103,86291.2,0.956608,17.7059,1770.42,29410.9,970493,0.956608,17.7042,-7.422e-09,18.6608,1.996e-09,0.00172653,18.6608,-4.30014,15,253,0,12,44.1496,0,0,66,0,0,3.66681,0.207964,-0.941114,0.28155,4.21782,0.75879,-0.802998,0.419678,8.6551,5.19449,1.16216,2.38507
size_sweep,calm_thin,1e+06,hybrid|prints-only,40,0,True,"coinbase>=1,000,000",prints-only,5103010,10,2.2262,408913,0.307644,3.93333,4.30014,hybrid,BTC-USD,buy,11.5876,1e+06,86299.5,1.6408,493619,11.5876,1,0.0453783,86345.8,5.36702,17.5466,1755.6,45369.2,955168,5.36702,17.556,3.711e-09,22.923,9.98e-10,0.000863465,22.923,4.30014,17,221,0,14,44.155,0,0,47,0,0,2.7631,-0.208418,-0.224347,0.248853,2.25559,-0.716071,-0.182875,0.290308,-2.26703,-5.24005,-4.41352,-3.94017
size_sweep,calm_thin,1e+06,hybrid|prints-only,40,0,True,"coinbase>=1,000,000",prints-only,5103010,10,2.2262,408913,0.307644,3.93333,4.30014,hybrid,BTC-USD,sell,11.5876,1e+06,86299.5,1.6408,425205,11.5876,1,0.0294103,86291.2,0.956608,17.7059,1770.42,29410.9,970493,0.956608,17.7042,-7.422e-09,18.6608,1.996e-09,0.00172653,18.6608,-4.30014,15,253,0,12,44.1496,0,0,66,0,0,3.66681,0.207964,-0.941114,0.28155,4.21782,0.75879,-0.802998,0.419678,8.6551,5.19449,1.16216,2.38507
size_sweep,calm_thin,1e+06,passive,40,0,True,"coinbase>=1,000,000",prints+quotes,5103010,10,2.2262,408913,0.307644,3.93333,4.30014,passive,BTC-USD,buy,11.5876,1e+06,86299.5,1.6408,493619,0.538711,0.0464905,1,86283.1,-1.89712,8,37.1853,46481.7,0,-0.0881982,0.371853,4.10023,4.38388,8.52277,954772,30.0925,4.30014,17,69,0,17,59.5065,0,0,69,0,0,-0.241535,0.243533,-0.241535,0.243533,-0.22118,0.263873,-0.22118,0.263873,-4.42763,-3.94241,-4.42763,-3.94241
size_sweep,calm_thin,1e+06,passive,40,0,True,"coinbase>=1,000,000",prints+quotes,5103010,10,2.2262,408913,0.307644,3.93333,4.30014,passive,BTC-USD,sell,11.5876,1e+06,86299.5,1.6408,425205,0.563265,0.0486095,1,86316.8,-2.01303,8,38.8954,48619.3,0,-0.0978521,0.388954,-4.09112,-3.80001,4.91825,951308,18.2418,-4.30014,17,103,0,17,59.3007,0,0,103,0,0,-0.858994,0.25819,-0.858994,0.25819,-0.699733,0.417465,-0.699733,0.417465,1.60606,2.7235,1.60606,2.7235
size_sweep,calm_thin,1e+06,passive|prints-only,40,0,True,"coinbase>=1,000,000",prints-only,5103010,10,2.2262,408913,0.307644,3.93333,4.30014,passive,BTC-USD,buy,11.5876,1e+06,86299.5,1.6408,493619,0.538711,0.0464905,1,86283.1,-1.89712,8,37.1853,46481.7,0,-0.0881982,0.371853,4.10023,4.38388,8.52277,954772,30.0925,4.30014,17,69,0,17,59.5065,0,0,69,0,0,-0.241535,0.243533,-0.241535,0.243533,-0.22118,0.263873,-0.22118,0.263873,-4.42763,-3.94241,-4.42763,-3.94241
size_sweep,calm_thin,1e+06,passive|prints-only,40,0,True,"coinbase>=1,000,000",prints-only,5103010,10,2.2262,408913,0.307644,3.93333,4.30014,passive,BTC-USD,sell,11.5876,1e+06,86299.5,1.6408,425205,0.563265,0.0486095,1,86316.8,-2.01303,8,38.8954,48619.3,0,-0.0978521,0.388954,-4.09112,-3.80001,4.91825,951308,18.2418,-4.30014,17,103,0,17,59.3007,0,0,103,0,0,-0.858994,0.25819,-0.858994,0.25819,-0.699733,0.417465,-0.699733,0.417465,1.60606,2.7235,1.60606,2.7235
size_sweep,calm_thin,1e+06,aggressive,40,0,True,"coinbase>=1,000,000",prints+quotes,5103011,10,2.08171,430099,0.329302,3.83333,-3.54707,aggressive,BTC-USD,buy,11.5898,1e+06,86282.4,1.77788,368525,11.5898,1,0,86308.4,3.00831,18,1800.54,0,1.0003e+06,3.00831,18.0054,-3.0605e-09,21.0137,9.635e-10,0.000862615,21.0137,-3.54707,3,204,0,0,2.02276,0,0,0,0,0,3.68324,0.275088,,,3.59358,0.185404,,,5.16393,1.75629,,
size_sweep,calm_thin,1e+06,aggressive,40,0,True,"coinbase>=1,000,000",prints+quotes,5103011,10,2.08171,430099,0.329302,3.83333,-3.54707,aggressive,BTC-USD,sell,11.5898,1e+06,86282.4,1.77788,447469,11.5898,1,0,86250.1,3.74259,18,1799.33,0,999626,3.74259,17.9933,3.0605e-09,21.7359,9.635e-10,0.000862422,21.7359,3.54707,3,175,0,0,2.02276,0,0,0,0,0,3.08605,-0.328021,,,3.15249,-0.261593,,,1.54533,-1.8682,,
size_sweep,calm_thin,1e+06,hybrid,40,0,True,"coinbase>=1,000,000",prints+quotes,5103011,10,2.08171,430099,0.329302,3.83333,-3.54707,hybrid,BTC-USD,buy,11.5898,1e+06,86282.4,1.77788,368525,11.5898,1,0.0154589,86307.8,2.93909,17.8455,1785.07,15455.1,984839,2.93909,17.8507,-3.0605e-09,20.7898,9.635e-10,0.000862615,20.7898,-3.54707,14,229,0,11,44.1318,0,0,50,0,0,3.06671,-0.288282,-0.878196,0.113736,3.76218,0.407425,-1.04334,-0.0513907,6.28447,2.93061,-0.752355,0.239566
size_sweep,calm_thin,1e+06,hybrid,40,0,True,"coinbase>=1,000,000",prints+quotes,5103011,10,2.08171,430099,0.329302,3.83333,-3.54707,hybrid,BTC-USD,sell,11.5898,1e+06,86282.4,1.77788,447469,11.5898,1,0.00226529,86247.2,4.078,17.9773,1797,2265.19,997327,4.078,17.97,0,22.048,0,0,22.048,3.54707,10,246,0,7,44.1458,0,0,42,0,0,3.97723,0.265045,-0.887626,0.0512071,3.25398,-0.457931,-1.17624,-0.23743,0.814519,-2.89648,-1.52343,-0.584647
size_sweep,calm_thin,1e+06,hybrid|prints-only,40,0,True,"coinbase>=1,000,000",prints-only,5103011,10,2.08171,430099,0.329302,3.83333,-3.54707,hybrid,BTC-USD,buy,11.5898,1e+06,86282.4,1.77788,368525,11.5898,1,0.0154589,86307.8,2.93909,17.8455,1785.07,15455.1,984839,2.93909,17.8507,-3.0605e-09,20.7898,9.635e-10,0.000862615,20.7898,-3.54707,14,229,0,11,44.1318,0,0,50,0,0,3.06671,-0.288282,-0.878196,0.113736,3.76218,0.407425,-1.04334,-0.0513907,6.28447,2.93061,-0.752355,0.239566
size_sweep,calm_thin,1e+06,hybrid|prints-only,40,0,True,"coinbase>=1,000,000",prints-only,5103011,10,2.08171,430099,0.329302,3.83333,-3.54707,hybrid,BTC-USD,sell,11.5898,1e+06,86282.4,1.77788,447469,11.5898,1,0.00226529,86247.2,4.078,17.9773,1797,2265.19,997327,4.078,17.97,0,22.048,0,0,22.048,3.54707,10,246,0,7,44.1458,0,0,42,0,0,3.97723,0.265045,-0.887626,0.0512071,3.25398,-0.457931,-1.17624,-0.23743,0.814519,-2.89648,-1.52343,-0.584647
size_sweep,calm_thin,1e+06,passive,40,0,True,"coinbase>=1,000,000",prints+quotes,5103011,10,2.08171,430099,0.329302,3.83333,-3.54707,passive,BTC-USD,buy,11.5898,1e+06,86282.4,1.77788,368525,0.694695,0.05994,1,86254.2,-3.27636,8,47.9363,59920.4,0,-0.196385,0.479363,-3.33446,-3.05148,4.99223,940226,18.8648,-3.54707,16,94,0,16,58.9059,0,0,94,0,0,-0.412223,0.330354,-0.412223,0.330354,-0.216184,0.52638,-0.216184,0.52638,-2.12706,-1.38437,-2.12706,-1.38437
size_sweep,calm_thin,1e+06,passive,40,0,True,"coinbase>=1,000,000",prints+quotes,5103011,10,2.08171,430099,0.329302,3.83333,-3.54707,passive,BTC-USD,sell,11.5898,1e+06,86282.4,1.77788,447469,0.0689513,0.00594929,1,86284.4,-0.234221,8,4.75954,5949.43,0,-0.00139345,0.0475954,3.52597,3.57217,6.77088,993021,28.2174,3.54707,11,50,0,11,59.8156,0,0,50,0,0,-0.76536,0.0166225,-0.76536,0.0166225,-1.96946,-1.18756,-1.96946,-1.18756,-2.48862,-1.70675,-2.48862,-1.70675
size_sweep,calm_thin,1e+06,passive|prints-only,40,0,True,"coinbase>=1,000,000",prints-only,5103011,10,2.08171,430099,0.329302,3.83333,-3.54707,passive,BTC-USD,buy,11.5898,1e+06,86282.4,1.77788,368525,0.694695,0.05994,1,86254.2,-3.27636,8,47.9363,59920.4,0,-0.196385,0.479363,-3.33446,-3.05148,4.99223,940226,18.8648,-3.54707,16,94,0,16,58.9059,0,0,94,0,0,-0.412223,0.330354,-0.412223,0.330354,-0.216184,0.52638,-0.216184,0.52638,-2.12706,-1.38437,-2.12706,-1.38437
size_sweep,calm_thin,1e+06,passive|prints-only,40,0,True,"coinbase>=1,000,000",prints-only,5103011,10,2.08171,430099,0.329302,3.83333,-3.54707,passive,BTC-USD,sell,11.5898,1e+06,86282.4,1.77788,447469,0.0689513,0.00594929,1,86284.4,-0.234221,8,4.75954,5949.43,0,-0.00139345,0.0475954,3.52597,3.57217,6.77088,993021,28.2174,3.54707,11,50,0,11,59.8156,0,0,50,0,0,-0.76536,0.0166225,-0.76536,0.0166225,-1.96946,-1.18756,-1.96946,-1.18756,-2.48862,-1.70675,-2.48862,-1.70675
size_sweep,calm_thin,1e+06,aggressive,40,0,True,"coinbase>=1,000,000",prints+quotes,5103012,10,2.12199,424342,0.387043,4.01667,-2.27374,aggressive,BTC-USD,buy,11.5889,1e+06,86289.7,2.59127,379113,11.5889,1,0,86318.1,3.28902,18,1800.59,0,1.00033e+06,3.28902,18.0059,-1.962e-09,21.2949,8.87e-10,0.000862789,21.2949,-2.27374,3,200,0,0,2.05079,0,0,0,0,0,2.9253,-0.185047,,,2.91923,-0.191125,,,2.02334,-1.0873,,
size_sweep,calm_thin,1e+06,aggressive,40,0,True,"coinbase>=1,000,000",prints+quotes,5103012,10,2.12199,424342,0.387043,4.01667,-2.27374,aggressive,BTC-USD,sell,11.5889,1e+06,86289.7,2.59127,398858,11.5889,1,0,86254.3,4.10279,18,1799.26,0,999590,4.10279,17.9926,1.962e-09,22.0954,8.87e-10,0.000862612,22.0954,2.27374,3,194,0,0,2.05079,0,0,0,0,0,4.45993,0.193066,,,4.47791,0.211029,,,5.38356,1.11629,,
size_sweep,calm_thin,1e+06,hybrid,40,0,True,"coinbase>=1,000,000",prints+quotes,5103012,10,2.12199,424342,0.387043,4.01667,-2.27374,hybrid,BTC-USD,buy,11.5889,1e+06,86289.7,2.59127,379113,11.5889,1,0.0768829,86310.8,2.44172,17.2316,1723.58,76863.4,923381,2.44172,17.2358,-1.962e-09,19.6775,8.87e-10,0.000862789,19.6775,-2.27374,18,264,0,15,44.142,0,0,66,0,0,4.02355,0.49043,-1.6179,-0.596691,4.31614,0.783209,-3.53448,-2.51307,6.36308,2.83083,-0.272948,0.748119
size_sweep,calm_thin,1e+06,hybrid,40,0,True,"coinbase>=1,000,000",prints+quotes,5103012,10,2.12199,424342,0.387043,4.01667,-2.27374,hybrid,BTC-USD,sell,11.5889,1e+06,86289.7,2.59127,398858,11.5889,1,0.0151942,86253.3,4.22007,17.848,1784.04,15196.9,984381,4.22007,17.8404,1.962e-09,22.0605,8.87e-10,0.000862612,22.0605,2.27374,17,229,0,14,44.1361,0,0,44,0,0,2.65232,-0.576054,-1.15397,-0.0797884,2.14102,-1.08718,-2.0667,-0.99262,0.194759,-3.0328,-3.57047,-2.49654
size_sweep,calm_thin,1e+06,hybrid|prints-only,40,0,True,"coinbase>=1,000,000",prints-only,5103012,10,2.12199,424342,0.387043,4.01667,-2.27374,hybrid,BTC-USD,buy,11.5889,1e+06,86289.7,2.59127,379113,11.5889,1,0.0768829,86310.8,2.44172,17.2316,1723.58,76863.4,923381,2.44172,17.2358,-1.962e-09,19.6775,8.87e-10,0.000862789,19.6775,-2.27374,18,264,0,15,44.142,0,0,66,0,0,4.02355,0.49043,-1.6179,-0.596691,4.31614,0.783209,-3.53448,-2.51307,6.36308,2.83083,-0.272948,0.748119
size_sweep,calm_thin,1e+06,hybrid|prints-only,40,0,True,"coinbase>=1,000,000",prints-only,5103012,10,2.12199,424342,0.387043,4.01667,-2.27374,hybrid,BTC-USD,sell,11.5889,1e+06,86289.7,2.59127,398858,11.5889,1,0.0151942,86253.3,4.22007,17.848,1784.04,15196.9,984381,4.22007,17.8404,1.962e-09,22.0605,8.87e-10,0.000862612,22.0605,2.27374,17,229,0,14,44.1361,0,0,44,0,0,2.65232,-0.576054,-1.15397,-0.0797884,2.14102,-1.08718,-2.0667,-0.99262,0.194759,-3.0328,-3.57047,-2.49654
size_sweep,calm_thin,1e+06,passive,40,0,True,"coinbase>=1,000,000",prints+quotes,5103012,10,2.12199,424342,0.387043,4.01667,-2.27374,passive,BTC-USD,buy,11.5889,1e+06,86289.7,2.59127,379113,1.00192,0.0864553,1,86267,-2.62556,8,69.146,86432.6,0,-0.226993,0.69146,-2.07716,-1.61269,4.14997,913752,18.9848,-2.27374,18,104,0,18,59.823,0,0,104,0,0,-1.56128,-0.530254,-1.56128,-0.530254,-3.25927,-2.22807,-3.25927,-2.22807,-0.202064,0.828823,-0.202064,0.828823
size_sweep,calm_thin,1e+06,passive,40,0,True,"coinbase>=1,000,000",prints+quotes,5103012,10,2.12199,424342,0.387043,4.01667,-2.27374,passive,BTC-USD,sell,11.5889,1e+06,86289.7,2.59127,398858,0.401678,0.0346606,1,86290.7,-0.118649,8,27.7288,34661.1,0,-0.00411244,0.277288,2.19493,2.4681,4.74207,964646,24.5738,2.27374,19,54,0,19,47.3041,0,0,54,0,0,-1.03062,0.0066725,-1.03062,0.0066725,-1.44672,-0.409474,-1.44672,-0.409474,-3.02278,-1.9857,-3.02278,-1.9857
size_sweep,calm_thin,1e+06,passive|prints-only,40,0,True,"coinbase>=1,000,000",prints-only,5103012,10,2.12199,424342,0.387043,4.01667,-2.27374,passive,BTC-USD,buy,11.5889,1e+06,86289.7,2.59127,379113,1.00192,0.0864553,1,86267,-2.62556,8,69.146,86432.6,0,-0.226993,0.69146,-2.07716,-1.61269,4.14997,913752,18.9848,-2.27374,18,104,0,18,59.823,0,0,104,0,0,-1.56128,-0.530254,-1.56128,-0.530254,-3.25927,-2.22807,-3.25927,-2.22807,-0.202064,0.828823,-0.202064,0.828823
size_sweep,calm_thin,1e+06,passive|prints-only,40,0,True,"coinbase>=1,000,000",prints-only,5103012,10,2.12199,424342,0.387043,4.01667,-2.27374,passive,BTC-USD,sell,11.5889,1e+06,86289.7,2.59127,398858,0.401678,0.0346606,1,86290.7,-0.118649,8,27.7288,34661.1,0,-0.00411244,0.277288,2.19493,2.4681,4.74207,964646,24.5738,2.27374,19,54,0,19,47.3041,0,0,54,0,0,-1.03062,0.0066725,-1.03062,0.0066725,-1.44672,-0.409474,-1.44672,-0.409474,-3.02278,-1.9857,-3.02278,-1.9857
size_sweep,calm_thin,1e+06,aggressive,40,0,True,"coinbase>=1,000,000",prints+quotes,5103013,10,2.08942,416220,0.29247,3.86667,1.28025,aggressive,BTC-USD,buy,11.5912,1e+06,86272.3,1.67493,391454,11.5912,1,0,86308.9,4.23743,18,1800.76,0,1.00042e+06,4.23743,18.0076,-1.96199e-16,22.2451,0,0,22.2451,1.28025,3,210,0,0,2.02789,0,0,0,0,0,4.86391,0.225654,,,4.4836,-0.154835,,,2.66434,-1.97493,,
size_sweep,calm_thin,1e+06,aggressive,40,0,True,"coinbase>=1,000,000",prints+quotes,5103013,10,2.08942,416220,0.29247,3.86667,1.28025,aggressive,BTC-USD,sell,11.5912,1e+06,86272.3,1.67493,339017,11.5912,1,0,86238,3.98134,18,1799.28,0,999602,3.98134,17.9928,-0,21.9742,0,0,21.9742,-1.28025,3,198,0,0,2.02789,0,0,0,0,0,3.34997,-0.238991,,,3.72846,0.139364,,,5.5418,1.95206,,
size_sweep,calm_thin,1e+06,hybrid,40,0,True,"coinbase>=1,000,000",prints+quotes,5103013,10,2.08942,416220,0.29247,3.86667,1.28025,hybrid,BTC-USD,buy,11.5912,1e+06,86272.3,1.67493,391454,11.5912,1,0.0447367,86330.5,6.74186,17.5529,1756.47,44738.9,955935,6.74186,17.5647,1.1045e-09,24.3066,9.02e-10,0.000862924,24.3066,1.28025,10,232,0,7,44.1367,0,0,59,0,0,3.45763,0.0431015,-1.13287,0.00769312,3.51119,0.0966923,-1.24994,-0.109371,4.13045,0.716211,-2.36415,-1.22349
size_sweep,calm_thin,1e+06,hybrid,40,0,True,"coinbase>=1,000,000",prints+quotes,5103013,10,2.08942,416220,0.29247,3.86667,1.28025,hybrid,BTC-USD,sell,11.5912,1e+06,86272.3,1.67493,339017,11.5912,1,0.0309694,86269.4,0.33303,17.6902,1768.96,30975.8,968991,0.33303,17.6896,-1.1045e-09,18.0227,9.02e-10,0.000862743,18.0227,-1.28025,11,259,0,8,44.166,0,0,45,0,0,3.57766,-0.0623416,-1.03819,0.186946,3.60547,-0.0345133,-0.0731526,1.15212,2.99888,-0.640856,0.723142,1.94855
size_sweep,calm_thin,1e+06,hybrid|prints-only,40,0,True,"coinbase>=1,000,000",prints-only,5103013,10,2.08942,416220,0.29247,3.86667,1.28025,hybrid,BTC-USD,buy,11.5912,1e+06,86272.3,1.67493,391454,11.5912,1,0.0447367,86330.5,6.74186,17.5529,1756.47,44738.9,955935,6.74186,17.5647,1.1045e-09,24.3066,9.02e-10,0.000862924,24.3066,1.28025,10,232,0,7,44.1367,0,0,59,0,0,3.45763,0.0431015,-1.13287,0.00769312,3.51119,0.0966923,-1.24994,-0.109371,4.13045,0.716211,-2.36415,-1.22349
size_sweep,calm_thin,1e+06,hybrid|prints-only,40,0,True,"coinbase>=1,000,000",prints-only,5103013,10,2.08942,416220,0.29247,3.86667,1.28025,hybrid,BTC-USD,sell,11.5912,1e+06,86272.3,1.67493,339017,11.5912,1,0.0309694,86269.4,0.33303,17.6902,1768.96,30975.8,968991,0.33303,17.6896,-1.1045e-09,18.0227,9.02e-10,0.000862743,18.0227,-1.28025,11,259,0,8,44.166,0,0,45,0,0,3.57766,-0.0623416,-1.03819,0.186946,3.60547,-0.0345133,-0.0731526,1.15212,2.99888,-0.640856,0.723142,1.94855
size_sweep,calm_thin,1e+06,passive,40,0,True,"coinbase>=1,000,000",prints+quotes,5103013,10,2.08942,416220,0.29247,3.86667,1.28025,passive,BTC-USD,buy,11.5912,1e+06,86272.3,1.67493,391454,0.592919,0.0511525,1,86278,0.654884,8,40.9247,51155.9,0,0.033499,0.409247,1.21476,1.65751,7.76373,949745,26.5167,1.28025,12,73,0,12,60.0062,0,0,73,0,2.075e-05,-1.0593,0.0256158,-1.0593,0.0256158,-1.04837,0.0365442,-1.04837,0.0365442,-2.34745,-1.26243,-2.34745,-1.26243
size_sweep,calm_thin,1e+06,passive,40,0,True,"coinbase>=1,000,000",prints+quotes,5103013,10,2.08942,416220,0.29247,3.86667,1.28025,passive,BTC-USD,sell,11.5912,1e+06,86272.3,1.67493,339017,0.394388,0.0340248,1,86291.9,-2.27372,8,27.226,34032.5,0,-0.077363,0.27226,-1.23669,-1.04179,8.84328,965215,25.1753,-1.28025,13,66,0,13,57.8379,0,0,66,0,0,-1.03606,0.169973,-1.03606,0.169973,-0.0784792,1.12768,-0.0784792,1.12768,0.616453,1.82274,0.616453,1.82274
size_sweep,calm_thin,1e+06,passive|prints-only,40,0,True,"coinbase>=1,000,000",prints-only,5103013,10,2.08942,416220,0.29247,3.86667,1.28025,passive,BTC-USD,buy,11.5912,1e+06,86272.3,1.67493,391454,0.592919,0.0511525,1,86278,0.654884,8,40.9247,51155.9,0,0.033499,0.409247,1.21476,1.65751,7.76373,949745,26.5167,1.28025,12,73,0,12,60.0062,0,0,73,0,2.075e-05,-1.0593,0.0256158,-1.0593,0.0256158,-1.04837,0.0365442,-1.04837,0.0365442,-2.34745,-1.26243,-2.34745,-1.26243
size_sweep,calm_thin,1e+06,passive|prints-only,40,0,True,"coinbase>=1,000,000",prints-only,5103013,10,2.08942,416220,0.29247,3.86667,1.28025,passive,BTC-USD,sell,11.5912,1e+06,86272.3,1.67493,339017,0.394388,0.0340248,1,86291.9,-2.27372,8,27.226,34032.5,0,-0.077363,0.27226,-1.23669,-1.04179,8.84328,965215,25.1753,-1.28025,13,66,0,13,57.8379,0,0,66,0,0,-1.03606,0.169973,-1.03606,0.169973,-0.0784792,1.12768,-0.0784792,1.12768,0.616453,1.82274,0.616453,1.82274
size_sweep,calm_thin,1e+06,aggressive,40,0,True,"coinbase>=1,000,000",prints+quotes,5103014,10,2.01731,452459,0.330445,3.78333,6.25605,aggressive,BTC-USD,buy,11.5885,1e+06,86292.5,2.38955,414106,11.5885,1,0,86324.2,3.67645,18,1800.66,0,1.00037e+06,3.67645,18.0066,5.3985e-09,21.6831,8.185e-10,0.000863546,21.6831,6.25605,3,191,0,0,2.04712,0,0,0,0,0,3.88365,0.136758,,,4.01745,0.270623,,,0.392633,-3.35556,,
size_sweep,calm_thin,1e+06,aggressive,40,0,True,"coinbase>=1,000,000",prints+quotes,5103014,10,2.01731,452459,0.330445,3.78333,6.25605,aggressive,BTC-USD,sell,11.5885,1e+06,86292.5,2.38955,422084,11.5885,1,0,86264.3,3.26514,18,1799.41,0,999673,3.26514,17.9941,-0,21.2593,0,0,21.2593,-6.25605,3,176,0,0,2.04712,0,0,0,0,0,3.0604,-0.160994,,,2.91178,-0.309568,,,6.53826,3.31575,,
size_sweep,calm_thin,1e+06,hybrid,40,0,True,"coinbase>=1,000,000",prints+quotes,5103014,10,2.01731,452459,0.330445,3.78333,6.25605,hybrid,BTC-USD,buy,11.5885,1e+06,86292.5,2.38955,414106,11.5885,1,0.0092105,86361.4,7.98322,17.9079,1792.22,9212.7,991586,7.98322,17.9222,5.3985e-09,25.9055,8.185e-10,0.000863546,25.9055,6.25605,17,194,0,14,44.1235,0,0,43,0,0,2.65473,-0.000797994,-0.850015,0.0598684,2.70827,0.0527581,-1.23591,-0.325989,-1.41149,-4.0681,-3.73738,-2.82723
size_sweep,calm_thin,1e+06,hybrid,40,0,True,"coinbase>=1,000,000",prints+quotes,5103014,10,2.01731,452459,0.330445,3.78333,6.25605,hybrid,BTC-USD,sell,11.5885,1e+06,86292.5,2.38955,422084,11.5885,1,0.00633609,86308.3,-1.82957,17.9366,1793.99,6338.79,993844,-1.82957,17.9399,-0,16.1103,0,0,16.1103,-6.25605,16,236,0,13,44.1698,0,0,58,0,0,3.49411,-0.00750186,-0.643334,0.353063,3.45751,-0.0440772,0.106916,1.1034,7.59534,4.0923,2.76388,3.76062
size_sweep,calm_thin,1e+06,hybrid|prints-only,40,0,True,"coinbase>=1,000,000",prints-only,5103014,10,2.01731,452459,0.330445,3.78333,6.25605,hybrid,BTC-USD,buy,11.5885,1e+06,86292.5,2.38955,414106,11.5885,1,0.0092105,86361.4,7.98322,17.9079,1792.22,9212.7,991586,7.98322,17.9222,5.3985e-09,25.9055,8.185e-10,0.000863546,25.9055,6.25605,17,194,0,14,44.1235,0,0,43,0,0,2.65473,-0.000797994,-0.850015,0.0598684,2.70827,0.0527581,-1.23591,-0.325989,-1.41149,-4.0681,-3.73738,-2.82723
size_sweep,calm_thin,1e+06,hybrid|prints-only,40,0,True,"coinbase>=1,000,000",prints-only,5103014,10,2.01731,452459,0.330445,3.78333,6.25605,hybrid,BTC-USD,sell,11.5885,1e+06,86292.5,2.38955,422084,11.5885,1,0.00633609,86308.3,-1.82957,17.9366,1793.99,6338.79,993844,-1.82957,17.9399,-0,16.1103,0,0,16.1103,-6.25605,16,236,0,13,44.1698,0,0,58,0,0,3.49411,-0.00750186,-0.643334,0.353063,3.45751,-0.0440772,0.106916,1.1034,7.59534,4.0923,2.76388,3.76062
size_sweep,calm_thin,1e+06,passive,40,0,True,"coinbase>=1,000,000",prints+quotes,5103014,10,2.01731,452459,0.330445,3.78333,6.25605,passive,BTC-USD,buy,11.5885,1e+06,86292.5,2.38955,414106,0.132668,0.0114482,1,86317.1,2.84905,8,9.1612,11451.5,0,0.0326166,0.091612,6.18443,6.30866,4.58277,989628,28.7047,6.25605,15,73,0,15,58.4065,0,0,73,0,0,-0.860716,0.044291,-0.860716,0.044291,-1.22584,-0.3208,-1.22584,-0.3208,-3.98595,-3.08066,-3.98595,-3.08066
size_sweep,calm_thin,1e+06,passive,40,0,True,"coinbase>=1,000,000",prints+quotes,5103014,10,2.01731,452459,0.330445,3.78333,6.25605,passive,BTC-USD,sell,11.5885,1e+06,86292.5,2.38955,422084,0.141306,0.0121936,1,86338.1,-5.28571,8,9.76006,12200.1,0,-0.0644521,0.0976006,-6.17977,-6.14662,7.60364,987664,19.235,-6.25605,14,79,0,14,59.2195,0,0,79,0,0,-0.732093,0.167977,-0.732093,0.167977,-0.134886,0.765245,-0.134886,0.765245,3.04744,3.94785,3.04744,3.94785
size_sweep,calm_thin,1e+06,passive|prints-only,40,0,True,"coinbase>=1,000,000",prints-only,5103014,10,2.01731,452459,0.330445,3.78333,6.25605,passive,BTC-USD,buy,11.5885,1e+06,86292.5,2.38955,414106,0.132668,0.0114482,1,86317.1,2.84905,8,9.1612,11451.5,0,0.0326166,0.091612,6.18443,6.30866,4.58277,989628,28.7047,6.25605,15,73,0,15,58.4065,0,0,73,0,0,-0.860716,0.044291,-0.860716,0.044291,-1.22584,-0.3208,-1.22584,-0.3208,-3.98595,-3.08066,-3.98595,-3.08066
size_sweep,calm_thin,1e+06,passive|prints-only,40,0,True,"coinbase>=1,000,000",prints-only,5103014,10,2.01731,452459,0.330445,3.78333,6.25605,passive,BTC-USD,sell,11.5885,1e+06,86292.5,2.38955,422084,0.141306,0.0121936,1,86338.1,-5.28571,8,9.76006,12200.1,0,-0.0644521,0.0976006,-6.17977,-6.14662,7.60364,987664,19.235,-6.25605,14,79,0,14,59.2195,0,0,79,0,0,-0.732093,0.167977,-0.732093,0.167977,-0.134886,0.765245,-0.134886,0.765245,3.04744,3.94785,3.04744,3.94785
size_sweep,calm_thin,1e+06,aggressive,40,0,True,"coinbase>=1,000,000",prints+quotes,5103015,10,2.05576,414563,0.318559,4.05,-0.633352,aggressive,BTC-USD,buy,11.5892,1e+06,86287,2.7791,435188,11.5892,1,0,86318,3.59297,18,1800.65,0,1.00036e+06,3.59297,18.0065,-0,21.5994,0,0,21.5994,-0.633352,3,184,0,0,2.03031,0,0,0,0,0,4.35151,0.369278,,,4.75837,0.776302,,,3.57105,-0.411499,,
size_sweep,calm_thin,1e+06,aggressive,40,0,True,"coinbase>=1,000,000",prints+quotes,5103015,10,2.05576,414563,0.318559,4.05,-0.633352,aggressive,BTC-USD,sell,11.5892,1e+06,86287,2.7791,376695,11.5892,1,0,86254.9,3.71399,18,1799.33,0,999629,3.71399,17.9933,0,21.7073,0,0,21.7073,0.633352,3,204,0,0,2.03031,0,0,0,0,0,2.94169,-0.315351,,,2.54425,-0.712659,,,3.63954,0.382255,,
size_sweep,calm_thin,1e+06,hybrid,40,0,True,"coinbase>=1,000,000",prints+quotes,5103015,10,2.05576,414563,0.318559,4.05,-0.633352,hybrid,BTC-USD,buy,11.5892,1e+06,86287,2.7791,435188,11.5892,1,0.0148731,86307.5,2.38213,17.8513,1785.56,14870,985368,2.38213,17.8556,-5.465e-10,20.2377,7.735e-10,0.000862892,20.2377,-0.633352,13,213,0,11,43.1359,0,0,64,0,0,3.74464,0.0783304,-0.791188,0.0564455,3.83385,0.167575,-0.429482,0.418121,2.47667,-1.19011,-1.09369,-0.246033
size_sweep,calm_thin,1e+06,hybrid,40,0,True,"coinbase>=1,000,000",prints+quotes,5103015,10,2.05576,414563,0.318559,4.05,-0.633352,hybrid,BTC-USD,sell,11.5892,1e+06,86287,2.7791,376695,11.5892,1,0.00796026,86245.8,4.77459,17.9204,1791.18,7960,991563,4.77459,17.9118,0,22.6864,0,0,22.6864,0.633352,16,251,0,13,44.4501,0,0,52,0,0,3.4139,-0.0628055,-0.685322,0.0723693,3.35268,-0.123994,-1.32719,-0.569536,4.84695,1.36976,-0.503821,0.253894
size_sweep,calm_thin,1e+06,hybrid|prints-only,40,0,True,"coinbase>=1,000,000",prints-only,5103015,10,2.05576,414563,0.318559,4.05,-0.633352,hybrid,BTC-USD,buy,11.5892,1e+06,86287,2.7791,435188,11.5892,1,0.0148731,86307.5,2.38213,17.8513,1785.56,14870,985368,2.38213,17.8556,-5.465e-10,20.2377,7.735e-10,0.000862892,20.2377,-0.633352,13,213,0,11,43.1359,0,0,64,0,0,3.74464,0.0783304,-0.791188,0.0564455,3.83385,0.167575,-0.429482,0.418121,2.47667,-1.19011,-1.09369,-0.246033
size_sweep,calm_thin,1e+06,hybrid|prints-only,40,0,True,"coinbase>=1,000,000",prints-only,5103015,10,2.05576,414563,0.318559,4.05,-0.633352,hybrid,BTC-USD,sell,11.5892,1e+06,86287,2.7791,376695,11.5892,1,0.00796026,86245.8,4.77459,17.9204,1791.18,7960,991563,4.77459,17.9118,0,22.6864,0,0,22.6864,0.633352,16,251,0,13,44.4501,0,0,52,0,0,3.4139,-0.0628055,-0.685322,0.0723693,3.35268,-0.123994,-1.32719,-0.569536,4.84695,1.36976,-0.503821,0.253894
size_sweep,calm_thin,1e+06,passive,40,0,True,"coinbase>=1,000,000",prints+quotes,5103015,10,2.05576,414563,0.318559,4.05,-0.633352,passive,BTC-USD,buy,11.5892,1e+06,86287,2.7791,435188,0.396765,0.0342357,1,86267.6,-2.24932,8,27.3824,34228,0,-0.0770071,0.273824,-0.611669,-0.414852,4.5766,966161,21.5526,-0.633352,13,83,0,13,45.4079,0,0,83,0,0,-0.94246,0.0228623,-0.94246,0.0228623,-1.07967,-0.114325,-1.07967,-0.114325,-1.92138,-0.955955,-1.92138,-0.955955
size_sweep,calm_thin,1e+06,passive,40,0,True,"coinbase>=1,000,000",prints+quotes,5103015,10,2.05576,414563,0.318559,4.05,-0.633352,passive,BTC-USD,sell,11.5892,1e+06,86287,2.7791,376695,0.10668,0.00920511,1,86284.2,0.324309,8,7.36385,9204.81,0,0.0029853,0.0736385,0.627522,0.704146,4.30526,990302,22.8348,0.633352,14,84,0,14,54.8025,0,0,84,0,0,-0.654367,0.0681807,-0.654367,0.0681807,-1.17742,-0.454898,-1.17742,-0.454898,-0.404028,0.318547,-0.404028,0.318547
size_sweep,calm_thin,1e+06,passive|prints-only,40,0,True,"coinbase>=1,000,000",prints-only,5103015,10,2.05576,414563,0.318559,4.05,-0.633352,passive,BTC-USD,buy,11.5892,1e+06,86287,2.7791,435188,0.396765,0.0342357,1,86267.6,-2.24932,8,27.3824,34228,0,-0.0770071,0.273824,-0.611669,-0.414852,4.5766,966161,21.5526,-0.633352,13,83,0,13,45.4079,0,0,83,0,0,-0.94246,0.0228623,-0.94246,0.0228623,-1.07967,-0.114325,-1.07967,-0.114325,-1.92138,-0.955955,-1.92138,-0.955955
size_sweep,calm_thin,1e+06,passive|prints-only,40,0,True,"coinbase>=1,000,000",prints-only,5103015,10,2.05576,414563,0.318559,4.05,-0.633352,passive,BTC-USD,sell,11.5892,1e+06,86287,2.7791,376695,0.10668,0.00920511,1,86284.2,0.324309,8,7.36385,9204.81,0,0.0029853,0.0736385,0.627522,0.704146,4.30526,990302,22.8348,0.633352,14,84,0,14,54.8025,0,0,84,0,0,-0.654367,0.0681807,-0.654367,0.0681807,-1.17742,-0.454898,-1.17742,-0.454898,-0.404028,0.318547,-0.404028,0.318547
size_sweep,calm_thin,1e+06,aggressive,40,0,True,"coinbase>=1,000,000",prints+quotes,5103016,10,2.08779,416264,0.264444,3.9,-0.111845,aggressive,BTC-USD,buy,11.5901,1e+06,86280.4,1.9286,370547,11.5901,1,0,86309.2,3.34262,18,1800.6,0,1.00033e+06,3.34262,18.006,-0,21.3486,0,0,21.3486,-0.111845,3,202,0,0,2.0409,0,0,0,0,0,3.75993,0.137237,,,4.4669,0.844465,,,3.06896,-0.55398,,
size_sweep,calm_thin,1e+06,aggressive,40,0,True,"coinbase>=1,000,000",prints+quotes,5103016,10,2.08779,416264,0.264444,3.9,-0.111845,aggressive,BTC-USD,sell,11.5901,1e+06,86280.4,1.9286,400701,11.5901,1,0,86247.1,3.85289,18,1799.31,0,999615,3.85289,17.9931,0,21.846,0,0,21.846,0.111845,3,184,0,0,2.0409,0,0,0,0,0,3.43101,-0.148705,,,2.72911,-0.850355,,,4.10526,0.525306,,
size_sweep,calm_thin,1e+06,hybrid,40,0,True,"coinbase>=1,000,000",prints+quotes,5103016,10,2.08779,416264,0.264444,3.9,-0.111845,hybrid,BTC-USD,buy,11.5901,1e+06,86280.4,1.9286,370547,11.5901,1,0.0727692,86312.8,3.76249,17.2727,1727.92,72754.4,927622,3.76249,17.2792,-9.65e-11,21.0417,8.555e-10,0.000862879,21.0417,-0.111845,13,246,0,10,44.1707,0,0,62,0,0,2.38911,-0.00930982,-0.90091,0.0925228,2.95489,0.556623,-0.824957,0.168468,2.21286,-0.185547,-3.10688,-2.11323
size_sweep,calm_thin,1e+06,hybrid,40,0,True,"coinbase>=1,000,000",prints+quotes,5103016,10,2.08779,416264,0.264444,3.9,-0.111845,hybrid,BTC-USD,sell,11.5901,1e+06,86280.4,1.9286,400701,11.5901,1,0.0435994,86264.3,1.86057,17.5639,1756.06,43603.7,956210,1.86057,17.5606,1.71418e-17,19.4212,0,0,19.4212,0.111845,14,219,0,11,44.1437,0,0,55,0,0,3.36426,0.0203262,-0.933746,0.0427975,2.79597,-0.547758,-0.778818,0.197741,3.39856,0.0546258,-0.537157,0.439424
size_sweep,calm_thin,1e+06,hybrid|prints-only,40,0,True,"coinbase>=1,000,000",prints-only,5103016,10,2.08779,416264,0.264444,3.9,-0.111845,hybrid,BTC-USD,buy,11.5901,1e+06,86280.4,1.9286,370547,11.5901,1,0.0727692,86312.8,3.76249,17.2727,1727.92,72754.4,927622,3.76249,17.2792,-9.65e-11,21.0417,8.555e-10,0.000862879,21.0417,-0.111845,13,246,0,10,44.1707,0,0,62,0,0,2.38911,-0.00930982,-0.90091,0.0925228,2.95489,0.556623,-0.824957,0.168468,2.21286,-0.185547,-3.10688,-2.11323
size_sweep,calm_thin,1e+06,hybrid|prints-only,40,0,True,"coinbase>=1,000,000",prints-only,5103016,10,2.08779,416264,0.264444,3.9,-0.111845,hybrid,BTC-USD,sell,11.5901,1e+06,86280.4,1.9286,400701,11.5901,1,0.0435994,86264.3,1.86057,17.5639,1756.06,43603.7,956210,1.86057,17.5606,1.71418e-17,19.4212,0,0,19.4212,0.111845,14,219,0,11,44.1437,0,0,55,0,0,3.36426,0.0203262,-0.933746,0.0427975,2.79597,-0.547758,-0.778818,0.197741,3.39856,0.0546258,-0.537157,0.439424
size_sweep,calm_thin,1e+06,passive,40,0,True,"coinbase>=1,000,000",prints+quotes,5103016,10,2.08779,416264,0.264444,3.9,-0.111845,passive,BTC-USD,buy,11.5901,1e+06,86280.4,1.9286,370547,1.17221,0.101139,1,86266.7,-1.57681,8,80.8981,101123,0,-0.159476,0.808981,-0.100533,0.548972,6.30563,899482,23.0453,-0.111845,13,89,0,13,58.6058,0,0,89,0,0,-0.823521,0.140718,-0.823521,0.140718,-0.741211,0.22302,-0.741211,0.22302,-3.35577,-2.39129,-3.35577,-2.39129
size_sweep,calm_thin,1e+06,passive,40,0,True,"coinbase>=1,000,000",prints+quotes,5103016,10,2.08779,416264,0.264444,3.9,-0.111845,passive,BTC-USD,sell,11.5901,1e+06,86280.4,1.9286,400701,0.591843,0.0510644,1,86289,-1.00497,8,40.8556,51069.5,0,-0.0513183,0.408556,0.106133,0.463372,4.18305,948507,21.7195,0.111845,13,74,0,13,60.0099,0,0,74,0,1.86e-05,-0.925973,0.0463685,-0.925973,0.0463685,-0.83436,0.137991,-0.83436,0.137991,-0.118424,0.853993,-0.118424,0.853993
size_sweep,calm_thin,1e+06,passive|prints-only,40,0,True,"coinbase>=1,000,000",prints-only,5103016,10,2.08779,416264,0.264444,3.9,-0.111845,passive,BTC-USD,buy,11.5901,1e+06,86280.4,1.9286,370547,1.17221,0.101139,1,86266.7,-1.57681,8,80.8981,101123,0,-0.159476,0.808981,-0.100533,0.548972,6.30563,899482,23.0453,-0.111845,13,89,0,13,58.6058,0,0,89,0,0,-0.823521,0.140718,-0.823521,0.140718,-0.741211,0.22302,-0.741211,0.22302,-3.35577,-2.39129,-3.35577,-2.39129
size_sweep,calm_thin,1e+06,passive|prints-only,40,0,True,"coinbase>=1,000,000",prints-only,5103016,10,2.08779,416264,0.264444,3.9,-0.111845,passive,BTC-USD,sell,11.5901,1e+06,86280.4,1.9286,400701,0.591843,0.0510644,1,86289,-1.00497,8,40.8556,51069.5,0,-0.0513183,0.408556,0.106133,0.463372,4.18305,948507,21.7195,0.111845,13,74,0,13,60.0099,0,0,74,0,1.86e-05,-0.925973,0.0463685,-0.925973,0.0463685,-0.83436,0.137991,-0.83436,0.137991,-0.118424,0.853993,-0.118424,0.853993
size_sweep,calm_thin,1e+06,aggressive,40,0,True,"coinbase>=1,000,000",prints+quotes,5103017,10,1.96715,413859,0.291375,3.63333,-6.19552,aggressive,BTC-USD,buy,11.5891,1e+06,86288.1,1.68042,449914,11.5891,1,0,86318.8,3.55842,18,1800.64,0,1.00036e+06,3.55842,18.0064,-5.346e-09,21.5648,1.072e-09,0.000862454,21.5648,-6.19552,3,171,0,0,2.03402,0,0,0,0,0,2.85689,-0.343689,,,2.91987,-0.280696,,,5.53075,2.331,,
size_sweep,calm_thin,1e+06,aggressive,40,0,True,"coinbase>=1,000,000",prints+quotes,5103017,10,1.96715,413859,0.291375,3.63333,-6.19552,aggressive,BTC-USD,sell,11.5891,1e+06,86288.1,1.68042,386186,11.5891,1,0,86257.5,3.54719,18,1799.36,0,999645,3.54719,17.9936,5.346e-09,21.5408,1.072e-09,0.000862239,21.5408,6.19552,3,196,0,0,2.03402,0,0,0,0,0,4.25975,0.30027,,,4.17023,0.210783,,,1.45802,-2.50038,,
size_sweep,calm_thin,1e+06,hybrid,40,0,True,"coinbase>=1,000,000",prints+quotes,5103017,10,1.96715,413859,0.291375,3.63333,-6.19552,hybrid,BTC-USD,buy,11.5891,1e+06,86288.1,1.68042,449914,11.5891,1,0.0235821,86285.6,-0.289866,17.7642,1776.37,23576.4,976395,-0.289866,17.7637,-0,17.4738,0,0,17.4738,-6.19552,11,232,0,8,44.1559,0,0,61,0,0,2.78639,0.00290162,-0.700504,0.0166195,3.29406,0.510712,-0.084019,0.633067,5.32167,2.53889,1.97104,2.68796
size_sweep,calm_thin,1e+06,hybrid,40,0,True,"coinbase>=1,000,000",prints+quotes,5103017,10,1.96715,413859,0.291375,3.63333,-6.19552,hybrid,BTC-USD,sell,11.5891,1e+06,86288.1,1.68042,386186,11.5891,1,0.0199288,86230.3,6.70258,17.8006,1778.86,19929.7,979400,6.70258,17.7886,1.0692e-08,24.4912,2.144e-09,0.00172448,24.4912,6.19552,12,213,0,9,44.1499,0,0,58,0,0,3.66082,0.00549788,-0.344551,0.360672,3.16169,-0.493452,-0.682765,0.0224347,1.11614,-2.53826,-3.26586,-2.56084
size_sweep,calm_thin,1e+06,hybrid|prints-only,40,0,True,"coinbase>=1,000,000",prints-only,5103017,10,1.96715,413859,0.291375,3.63333,-6.19552,hybrid,BTC-USD,buy,11.5891,1e+06,86288.1,1.68042,449914,11.5891,1,0.0235821,86285.6,-0.289866,17.7642,1776.37,23576.4,976395,-0.289866,17.7637,-0,17.4738,0,0,17.4738,-6.19552,11,232,0,8,44.1559,0,0,61,0,0,2.78639,0.00290162,-0.700504,0.0166195,3.29406,0.510712,-0.084019,0.633067,5.32167,2.53889,1.97104,2.68796
size_sweep,calm_thin,1e+06,hybrid|prints-only,40,0,True,"coinbase>=1,000,000",prints-only,5103017,10,1.96715,413859,0.291375,3.63333,-6.19552,hybrid,BTC-USD,sell,11.5891,1e+06,86288.1,1.68042,386186,11.5891,1,0.0199288,86230.3,6.70258,17.8006,1778.86,19929.7,979400,6.70258,17.7886,1.0692e-08,24.4912,2.144e-09,0.00172448,24.4912,6.19552,12,213,0,9,44.1499,0,0,58,0,0,3.66082,0.00549788,-0.344551,0.360672,3.16169,-0.493452,-0.682765,0.0224347,1.11614,-2.53826,-3.26586,-2.56084
size_sweep,calm_thin,1e+06,passive,40,0,True,"coinbase>=1,000,000",prints+quotes,5103017,10,1.96715,413859,0.291375,3.63333,-6.19552,passive,BTC-USD,buy,11.5891,1e+06,86288.1,1.68042,449914,0.457063,0.0394391,1,86254.2,-3.92619,8,31.5389,39423.6,0,-0.154846,0.315389,-5.95118,-5.79063,6.06975,960573,17.5694,-6.19552,13,101,0,13,59.7009,0,0,101,0,0,-0.634066,0.102038,-0.634066,0.102038,-0.267066,0.469017,-0.267066,0.469017,1.83711,2.57303,1.83711,2.57303
size_sweep,calm_thin,1e+06,passive,40,0,True,"coinbase>=1,000,000",prints+quotes,5103017,10,1.96715,413859,0.291375,3.63333,-6.19552,passive,BTC-USD,sell,11.5891,1e+06,86288.1,1.68042,386186,0.242689,0.0209412,1,86289.8,-0.193348,8,16.7533,20941.6,0,-0.00404895,0.167533,6.06578,6.22927,9.25508,977527,33.0798,6.19552,15,74,0,15,59.8341,0,0,74,0,0,-0.36597,0.342855,-0.36597,0.342855,-0.693377,0.015425,-0.693377,0.015425,-3.23173,-2.52311,-3.23173,-2.52311
size_sweep,calm_thin,1e+06,passive|prints-only,40,0,True,"coinbase>=1,000,000",prints-only,5103017,10,1.96715,413859,0.291375,3.63333,-6.19552,passive,BTC-USD,buy,11.5891,1e+06,86288.1,1.68042,449914,0.457063,0.0394391,1,86254.2,-3.92619,8,31.5389,39423.6,0,-0.154846,0.315389,-5.95118,-5.79063,6.06975,960573,17.5694,-6.19552,13,101,0,13,59.7009,0,0,101,0,0,-0.634066,0.102038,-0.634066,0.102038,-0.267066,0.469017,-0.267066,0.469017,1.83711,2.57303,1.83711,2.57303
size_sweep,calm_thin,1e+06,passive|prints-only,40,0,True,"coinbase>=1,000,000",prints-only,5103017,10,1.96715,413859,0.291375,3.63333,-6.19552,passive,BTC-USD,sell,11.5891,1e+06,86288.1,1.68042,386186,0.242689,0.0209412,1,86289.8,-0.193348,8,16.7533,20941.6,0,-0.00404895,0.167533,6.06578,6.22927,9.25508,977527,33.0798,6.19552,15,74,0,15,59.8341,0,0,74,0,0,-0.36597,0.342855,-0.36597,0.342855,-0.693377,0.015425,-0.693377,0.015425,-3.23173,-2.52311,-3.23173,-2.52311
size_sweep,calm_thin,1e+06,aggressive,40,0,True,"coinbase>=1,000,000",prints+quotes,5103018,10,2.13244,414767,0.280258,4.11667,-1.85043,aggressive,BTC-USD,buy,11.5905,1e+06,86277.4,1.81739,381925,11.5905,1,0,86311.3,3.92412,18,1800.71,0,1.00039e+06,3.92412,18.0071,-1.5965e-09,21.9312,8.195e-10,0.000862696,21.9312,-1.85043,3,200,0,0,2.05166,0,0,0,0,0,3.73457,-0.0355807,,,4.28267,0.512728,,,4.71963,0.949846,,
size_sweep,calm_thin,1e+06,aggressive,40,0,True,"coinbase>=1,000,000",prints+quotes,5103018,10,2.13244,414767,0.280258,4.11667,-1.85043,aggressive,BTC-USD,sell,11.5905,1e+06,86277.4,1.81739,406901,11.5905,1,0,86247.6,3.45124,18,1799.38,0,999655,3.45124,17.9938,0,21.445,0,0,21.445,1.85043,3,189,0,0,2.05166,0,0,0,0,0,3.65292,0.0541344,,,3.09209,-0.506498,,,2.66609,-0.932341,,
size_sweep,calm_thin,1e+06,hybrid,40,0,True,"coinbase>=1,000,000",prints+quotes,5103018,10,2.13244,414767,0.280258,4.11667,-1.85043,hybrid,BTC-USD,buy,11.5905,1e+06,86277.4,1.81739,381925,11.5905,1,0.11553,86275.6,-0.214359,16.8449,1684.45,115511,884467,-0.214359,16.8445,-1.5965e-09,16.6301,8.195e-10,0.000862696,16.6301,-1.85043,13,273,0,10,44.1594,0,0,88,0,0,3.04968,0.0826317,-1.37671,-0.0303708,3.08433,0.11729,-1.10059,0.245709,-1.84451,-4.81348,2.00687,3.35274
size_sweep,calm_thin,1e+06,hybrid,40,0,True,"coinbase>=1,000,000",prints+quotes,5103018,10,2.13244,414767,0.280258,4.11667,-1.85043,hybrid,BTC-USD,sell,11.5905,1e+06,86277.4,1.81739,406901,11.5905,1,0.0344506,86216.3,7.08723,17.6552,1764.27,34453.2,964838,7.08723,17.6427,1.5965e-09,24.7299,8.195e-10,0.000862532,24.7299,1.85043,15,230,0,12,44.152,0,0,48,0,0,3.54913,-0.0911435,-1.21832,0.163201,3.49754,-0.142735,-2.28118,-0.899814,9.24799,5.60549,-3.4229,-2.04169
size_sweep,calm_thin,1e+06,hybrid|prints-only,40,0,True,"coinbase>=1,000,000",prints-only,5103018,10,2.13244,414767,0.280258,4.11667,-1.85043,hybrid,BTC-USD,buy,11.5905,1e+06,86277.4,1.81739,381925,11.5905,1,0.11553,86275.6,-0.214359,16.8449,1684.45,115511,884467,-0.214359,16.8445,-1.5965e-09,16.6301,8.195e-10,0.000862696,16.6301,-1.85043,13,273,0,10,44.1594,0,0,88,0,0,3.04968,0.0826317,-1.37671,-0.0303708,3.08433,0.11729,-1.10059,0.245709,-1.84451,-4.81348,2.00687,3.35274
size_sweep,calm_thin,1e+06,hybrid|prints-only,40,0,True,"coinbase>=1,000,000",prints-only,5103018,10,2.13244,414767,0.280258,4.11667,-1.85043,hybrid,BTC-USD,sell,11.5905,1e+06,86277.4,1.81739,406901,11.5905,1,0.0344506,86216.3,7.08723,17.6552,1764.27,34453.2,964838,7.08723,17.6427,1.5965e-09,24.7299,8.195e-10,0.000862532,24.7299,1.85043,15,230,0,12,44.152,0,0,48,0,0,3.54913,-0.0911435,-1.21832,0.163201,3.49754,-0.142735,-2.28118,-0.899814,9.24799,5.60549,-3.4229,-2.04169
size_sweep,calm_thin,1e+06,passive,40,0,True,"coinbase>=1,000,000",prints+quotes,5103018,10,2.13244,414767,0.280258,4.11667,-1.85043,passive,BTC-USD,buy,11.5905,1e+06,86277.4,1.81739,381925,1.35464,0.116875,1,86262.8,-1.69019,8,93.4838,116855,0,-0.197541,0.934838,-1.63416,-0.896861,9.16181,883878,24.1748,-1.85043,14,100,0,14,59.9241,0,0,100,0,0,-1.36883,-0.0304667,-1.36883,-0.0304667,-1.10427,0.23405,-1.10427,0.23405,1.90681,3.24472,1.90681,3.24472
size_sweep,calm_thin,1e+06,passive,40,0,True,"coinbase>=1,000,000",prints+quotes,5103018,10,2.13244,414767,0.280258,4.11667,-1.85043,passive,BTC-USD,sell,11.5905,1e+06,86277.4,1.81739,406901,0.414806,0.0357884,1,86282.9,-0.638157,8,28.6326,35790.7,0,-0.0228386,0.286326,1.7842,2.04769,4.78839,963554,24.1801,1.85043,15,79,0,15,58.4039,0,0,79,0,0,-1.204,0.160182,-1.204,0.160182,-2.19696,-0.832917,-2.19696,-0.832917,-3.14721,-1.78331,-3.14721,-1.78331
size_sweep,calm_thin,1e+06,passive|prints-only,40,0,True,"coinbase>=1,000,000",prints-only,5103018,10,2.13244,414767,0.280258,4.11667,-1.85043,passive,BTC-USD,buy,11.5905,1e+06,86277.4,1.81739,381925,1.35464,0.116875,1,86262.8,-1.69019,8,93.4838,116855,0,-0.197541,0.934838,-1.63416,-0.896861,9.16181,883878,24.1748,-1.85043,14,100,0,14,59.9241,0,0,100,0,0,-1.36883,-0.0304667,-1.36883,-0.0304667,-1.10427,0.23405,-1.10427,0.23405,1.90681,3.24472,1.90681,3.24472
size_sweep,calm_thin,1e+06,passive|prints-only,40,0,True,"coinbase>=1,000,000",prints-only,5103018,10,2.13244,414767,0.280258,4.11667,-1.85043,passive,BTC-USD,sell,11.5905,1e+06,86277.4,1.81739,406901,0.414806,0.0357884,1,86282.9,-0.638157,8,28.6326,35790.7,0,-0.0228386,0.286326,1.7842,2.04769,4.78839,963554,24.1801,1.85043,15,79,0,15,58.4039,0,0,79,0,0,-1.204,0.160182,-1.204,0.160182,-2.19696,-0.832917,-2.19696,-0.832917,-3.14721,-1.78331,-3.14721,-1.78331
size_sweep,calm_thin,1e+06,aggressive,40,0,True,"coinbase>=1,000,000",prints+quotes,5103019,10,2.11444,425555,0.382012,4.4,5.4401,aggressive,BTC-USD,buy,11.5907,1e+06,86275.9,2.39464,449775,11.5907,1,0,86304.3,3.28942,18,1800.59,0,1.00033e+06,3.28942,18.0059,0,21.2953,0,0,21.2953,5.4401,3,173,0,0,2.02849,0,0,0,0,0,3.15277,-0.135463,,,2.32335,-0.965171,,,-0.772817,-4.06236,,
size_sweep,calm_thin,1e+06,aggressive,40,0,True,"coinbase>=1,000,000",prints+quotes,5103019,10,2.11444,425555,0.382012,4.4,5.4401,aggressive,BTC-USD,sell,11.5907,1e+06,86275.9,2.39464,395725,11.5907,1,0,86240.1,4.15156,18,1799.25,0,999585,4.15156,17.9925,-0,22.1441,0,0,22.1441,-5.4401,3,212,0,0,2.02849,0,0,0,0,0,4.47299,0.31923,,,5.05664,0.902623,,,8.15447,3.99917,,
size_sweep,calm_thin,1e+06,hybrid,40,0,True,"coinbase>=1,000,000",prints+quotes,5103019,10,2.11444,425555,0.382012,4.4,5.4401,hybrid,BTC-USD,buy,11.5907,1e+06,86275.9,2.39464,449775,11.5907,1,0.0750276,86331.3,6.41507,17.2501,1726.12,75038.3,925603,6.41507,17.2612,0,23.6762,0,0,23.6762,5.4401,18,257,0,15,44.1575,0,0,59,0,0,3.45543,0.117412,-1.57527,-0.46062,3.21268,-0.125426,-1.69199,-0.577322,-0.246827,-3.58617,-2.96707,-1.85228
size_sweep,calm_thin,1e+06,hybrid,40,0,True,"coinbase>=1,000,000",prints+quotes,5103019,10,2.11444,425555,0.382012,4.4,5.4401,hybrid,BTC-USD,sell,11.5907,1e+06,86275.9,2.39464,395725,11.5907,1,0.0432245,86273.7,0.254896,17.5675,1756.71,43244.8,956730,0.254896,17.5671,-4.6935e-09,17.822,8.015e-10,0.000863149,17.822,-5.4401,18,229,0,15,44.1575,0,0,58,0,0,3.25362,-0.185774,-0.819519,0.02521,3.4821,0.0426176,-1.08569,-0.240987,7.00332,3.56257,-0.585777,0.259001
size_sweep,calm_thin,1e+06,hybrid|prints-only,40,0,True,"coinbase>=1,000,000",prints-only,5103019,10,2.11444,425555,0.382012,4.4,5.4401,hybrid,BTC-USD,buy,11.5907,1e+06,86275.9,2.39464,449775,11.5907,1,0.0750276,86331.3,6.41507,17.2501,1726.12,75038.3,925603,6.41507,17.2612,0,23.6762,0,0,23.6762,5.4401,18,257,0,15,44.1575,0,0,59,0,0,3.45543,0.117412,-1.57527,-0.46062,3.21268,-0.125426,-1.69199,-0.577322,-0.246827,-3.58617,-2.96707,-1.85228
size_sweep,calm_thin,1e+06,hybrid|prints-only,40,0,True,"coinbase>=1,000,000",prints-only,5103019,10,2.11444,425555,0.382012,4.4,5.4401,hybrid,BTC-USD,sell,11.5907,1e+06,86275.9,2.39464,395725,11.5907,1,0.0432245,86273.7,0.254896,17.5675,1756.71,43244.8,956730,0.254896,17.5671,-4.6935e-09,17.822,8.015e-10,0.000863149,17.822,-5.4401,18,229,0,15,44.1575,0,0,58,0,0,3.25362,-0.185774,-0.819519,0.02521,3.4821,0.0426176,-1.08569,-0.240987,7.00332,3.56257,-0.585777,0.259001
size_sweep,calm_thin,1e+06,passive,40,0,True,"coinbase>=1,000,000",prints+quotes,5103019,10,2.11444,425555,0.382012,4.4,5.4401,passive,BTC-USD,buy,11.5907,1e+06,86275.9,2.39464,449775,1.10576,0.0954001,1,86289.9,1.61805,8,76.3325,95415.6,0,0.154362,0.763325,4.92112,5.8388,4.44057,905536,26.579,5.4401,20,75,0,20,55.5239,0,0,75,0,0,-1.41952,-0.316738,-1.41952,-0.316738,-1.60529,-0.502487,-1.60529,-0.502487,-3.23001,-2.12704,-3.23001,-2.12704
size_sweep,calm_thin,1e+06,passive,40,0,True,"coinbase>=1,000,000",prints+quotes,5103019,10,2.11444,425555,0.382012,4.4,5.4401,passive,BTC-USD,sell,11.5907,1e+06,86275.9,2.39464,395725,0.593065,0.0511672,1,86317.7,-4.842,8,40.9536,51192,0,-0.247752,0.409536,-5.16175,-4.99996,7.39477,948609,19.4698,-5.4401,19,100,0,19,59.7005,0,0,100,0,0,-0.790576,0.0409856,-0.790576,0.0409856,-0.984916,-0.153375,-0.984916,-0.153375,-0.481858,0.349756,-0.481858,0.349756
size_sweep,calm_thin,1e+06,passive|prints-only,40,0,True,"coinbase>=1,000,000",prints-only,5103019,10,2.11444,425555,0.382012,4.4,5.4401,passive,BTC-USD,buy,11.5907,1e+06,86275.9,2.39464,449775,1.10576,0.0954001,1,86289.9,1.61805,8,76.3325,95415.6,0,0.154362,0.763325,4.92112,5.8388,4.44057,905536,26.579,5.4401,20,75,0,20,55.5239,0,0,75,0,0,-1.41952,-0.316738,-1.41952,-0.316738,-1.60529,-0.502487,-1.60529,-0.502487,-3.23001,-2.12704,-3.23001,-2.12704
size_sweep,calm_thin,1e+06,passive|prints-only,40,0,True,"coinbase>=1,000,000",prints-only,5103019,10,2.11444,425555,0.382012,4.4,5.4401,passive,BTC-USD,sell,11.5907,1e+06,86275.9,2.39464,395725,0.593065,0.0511672,1,86317.7,-4.842,8,40.9536,51192,0,-0.247752,0.409536,-5.16175,-4.99996,7.39477,948609,19.4698,-5.4401,19,100,0,19,59.7005,0,0,100,0,0,-0.790576,0.0409856,-0.790576,0.0409856,-0.984916,-0.153375,-0.984916,-0.153375,-0.481858,0.349756,-0.481858,0.349756
