experiment,regime,notional,window,config,latency_ms,outage_rate_per_min,cancel_on_disconnect,fee_schedule,fill_model,seed,start_ts,path_spread_bps_mean,path_depth10_usd_median,path_vol_bps_sqrt_s,path_trades_per_s,path_move_bps,strategy,product,side,target_qty,target_notional,arrival_mid,arrival_spread_bps,arrival_depth10_usd,filled_qty,fill_rate,maker_share,vwap,slippage_bps,fee_bps,fees_usd,maker_notional,taker_notional,exec_cost_bps,fee_cost_bps,opportunity_cost_bps,is_bps,cleanup_exec_bps,cleanup_notional,is_completed_bps,drift_bps,n_children,n_fills,n_rejects,n_cancel_requests,time_to_last_fill_s,blind_s,maker_fills_by_queue,maker_fills_by_tradethrough,maker_fills_by_cross,fills_after_deadline_qty,adverse_sel_bps_1s_all,post_fill_drift_bps_1s_all,adverse_sel_bps_1s_maker,post_fill_drift_bps_1s_maker,adverse_sel_bps_5s_all,post_fill_drift_bps_5s_all,adverse_sel_bps_5s_maker,post_fill_drift_bps_5s_maker,adverse_sel_bps_30s_all,post_fill_drift_bps_30s_all,adverse_sel_bps_30s_maker,post_fill_drift_bps_30s_maker
replay,live_calm_thin,100000,0,passive|prints-only,40,0,True,"coinbase>=1,000,000",prints-only,0,1.79116e+09,0.0321123,1.76264e+06,0.415482,5.66667,3.67546,passive,BTC-USD,buy,1.15726,100000,86411,0.00115726,1.58401e+06,1.02541,0.886067,1,86426.5,1.79468,8,70.8981,88622.6,0,1.5902,7.08981,0.418756,9.09877,0.0231174,11397.7,11.1735,3.67546,11,41,0,11,59.9943,0,0,41,0,0,0.146216,0.362599,0.146216,0.362599,-2.67735,-2.4609,-2.67735,-2.4609,-2.56259,-2.34615,-2.56259,-2.34615
replay,live_calm_thin,100000,0,passive|prints-only,40,0,True,"coinbase>=1,000,000",prints-only,0,1.79116e+09,0.0321123,1.76264e+06,0.415482,5.66667,3.67546,passive,BTC-USD,sell,1.15726,100000,86411,0.00115726,1.82545e+06,1.15726,1,1,86423,-1.39136,8,80.0111,100014,0,-1.39136,8.00111,-7.05214e-16,6.60976,0,0,6.60976,-3.67546,3,33,0,2,21.531,0,0,33,0,0,1.50684,1.48191,1.50684,1.48191,2.84835,2.82343,2.84835,2.82343,3.14435,3.11942,3.14435,3.11942
replay,live_calm_thin,100000,0,hybrid|prints-only,40,0,True,"coinbase>=1,000,000",prints-only,0,1.79116e+09,0.0321123,1.76264e+06,0.415482,5.66667,3.67546,hybrid,BTC-USD,buy,1.15726,100000,86411,0.00115726,1.58401e+06,1.15726,1,0.860078,86428.8,2.05802,9.39951,94.0145,86022.6,13998,2.05802,9.40145,0,11.4595,0,0,11.4595,3.67546,9,39,0,8,42.4073,0,0,35,0,0,0.167027,0.29865,0.127862,0.347236,-2.44404,-2.31236,-2.78095,-2.56151,-2.46765,-2.33598,-2.80841,-2.58898
replay,live_calm_thin,100000,0,hybrid|prints-only,40,0,True,"coinbase>=1,000,000",prints-only,0,1.79116e+09,0.0321123,1.76264e+06,0.415482,5.66667,3.67546,hybrid,BTC-USD,sell,1.15726,100000,86411,0.00115726,1.82545e+06,1.15726,1,1,86423,-1.39136,8,80.0111,100014,0,-1.39136,8.00111,-7.05214e-16,6.60976,0,0,6.60976,-3.67546,3,33,0,2,21.531,0,0,33,0,0,1.50684,1.48191,1.50684,1.48191,2.84835,2.82343,2.84835,2.82343,3.14435,3.11942,3.14435,3.11942
replay,live_calm_thin,100000,1,passive|prints-only,40,0,True,"coinbase>=1,000,000",prints-only,1,1.79116e+09,0.0203586,1.80916e+06,0.466723,5.51667,-5.15602,passive,BTC-USD,buy,1.15684,100000,86442.7,0.00115684,1.8052e+06,0.462027,0.399389,1,86422.8,-2.29826,8,31.9437,39929.7,0,-0.917898,3.19438,-3.09676,-0.820286,0.0604089,60030.8,10.0457,-5.15602,11,75,0,11,42.4269,0,21,54,0,0,0.914307,0.90601,0.914307,0.90601,2.10606,2.09776,2.10606,2.09776,3.06075,3.05245,3.06075,3.05245
replay,live_calm_thin,100000,1,passive|prints-only,40,0,True,"coinbase>=1,000,000",prints-only,1,1.79116e+09,0.0203586,1.80916e+06,0.466723,5.51667,-5.15602,passive,BTC-USD,sell,1.15684,100000,86442.7,0.00115684,1.7578e+06,1.15684,1,1,86397.5,5.22666,8,79.9582,99947.7,0,5.22666,7.99582,4.457e-08,13.2225,5e-12,0.000863981,13.2225,5.15602,10,98,0,9,56.1906,0,16,82,0,0,0.750629,0.694099,0.750629,0.694099,0.359852,0.303321,0.359852,0.303321,-1.48309,-1.53961,-1.48309,-1.53961
replay,live_calm_thin,100000,1,hybrid|prints-only,40,0,True,"coinbase>=1,000,000",prints-only,1,1.79116e+09,0.0203586,1.80916e+06,0.466723,5.51667,-5.15602,hybrid,BTC-USD,buy,1.15684,100000,86442.7,0.00115684,1.8052e+06,1.15684,1,0.377595,86410.4,-3.73118,14.2235,142.182,37751.3,62211.4,-3.73118,14.2182,-4.457e-08,10.487,5e-12,0.000863981,10.487,-5.15602,9,73,0,8,42.322,0,21,45,0,0,1.19863,1.1133,0.870923,0.88609,1.55504,1.46971,2.14295,2.15811,2.0559,1.97056,3.14125,3.15641
replay,live_calm_thin,100000,1,hybrid|prints-only,40,0,True,"coinbase>=1,000,000",prints-only,1,1.79116e+09,0.0203586,1.80916e+06,0.466723,5.51667,-5.15602,hybrid,BTC-USD,sell,1.15684,100000,86442.7,0.00115684,1.7578e+06,1.15684,1,0.100596,86391.3,5.94862,16.9937,169.836,10057,89883.5,5.94862,16.9836,4.457e-08,22.9322,5e-12,0.000863981,22.9322,5.15602,9,41,0,8,42.322,0,8,22,0,0,0.303693,-1.056,0.811542,0.688737,0.450755,-0.908962,0.493331,0.370539,0.0412978,-1.31839,-1.79685,-1.91964
replay,live_volatile_deep,100000,2,passive|prints-only,40,0,True,"coinbase>=1,000,000",prints-only,2,1.79116e+09,0.0293063,1.87319e+06,0.735678,6.6,3.78943,passive,BTC-USD,buy,1.15743,100000,86398.1,0.00115743,1.93241e+06,0.496827,0.429249,1,86416.3,2.10291,8,34.3472,42934,0,0.902671,3.43472,2.16282,6.50021,1.1821,57108.5,17.9618,3.78943,17,52,0,17,54.6238,0,12,40,0,0,1.75257,1.75558,1.75257,1.75558,1.38127,1.38428,1.38127,1.38428,-3.67258,-3.66958,-3.67258,-3.66958
replay,live_volatile_deep,100000,2,passive|prints-only,40,0,True,"coinbase>=1,000,000",prints-only,2,1.79116e+09,0.0293063,1.87319e+06,0.735678,6.6,3.78943,passive,BTC-USD,sell,1.15743,100000,86398.1,0.00115743,1.75207e+06,1.15743,1,1,86385,1.51626,8,79.9879,99984.8,0,1.51626,7.99879,-0,9.51505,0,0,9.51505,-3.78943,9,31,0,8,32.6636,0,0,31,0,0,2.65847,2.92855,2.65847,2.92855,2.58587,2.85594,2.58587,2.85594,4.47131,4.74142,4.47131,4.74142
replay,live_volatile_deep,100000,2,hybrid|prints-only,40,0,True,"coinbase>=1,000,000",prints-only,2,1.79116e+09,0.0293063,1.87319e+06,0.735678,6.6,3.78943,hybrid,BTC-USD,buy,1.15743,100000,86398.1,0.00115743,1.93241e+06,1.15743,1,0.234081,86412.7,1.69197,15.6598,156.625,23405.7,76611.2,1.69197,15.6625,7.26974e-16,17.3544,0,0,17.3544,3.78943,13,47,0,12,42.4781,0,9,31,0,0,0.638947,0.228683,0.971903,0.97694,0.47957,0.0693056,0.291038,0.296075,-3.79001,-4.20043,-5.34824,-5.3432
replay,live_volatile_deep,100000,2,hybrid|prints-only,40,0,True,"coinbase>=1,000,000",prints-only,2,1.79116e+09,0.0293063,1.87319e+06,0.735678,6.6,3.78943,hybrid,BTC-USD,sell,1.15743,100000,86398.1,0.00115743,1.75207e+06,1.15743,1,1,86385,1.51626,8,79.9879,99984.8,0,1.51626,7.99879,-0,9.51505,0,0,9.51505,-3.78943,9,31,0,8,32.6636,0,0,31,0,0,2.65847,2.92855,2.65847,2.92855,2.58587,2.85594,2.58587,2.85594,4.47131,4.74142,4.47131,4.74142
replay,live_volatile_deep,100000,3,passive|prints-only,40,0,True,"coinbase>=1,000,000",prints-only,3,1.79116e+09,0.0315451,1.89796e+06,0.566646,5.53333,3.99247,passive,BTC-USD,buy,1.1569,100000,86437.7,0.267244,1.91709e+06,0.210097,0.181603,1,86485,5.47079,8,14.5362,18170.2,0,0.993513,1.45362,3.26742,5.71456,0.836368,81880.7,21.2895,3.99247,15,48,0,15,56.7961,0,11,37,0,0,1.12748,1.11846,1.12748,1.11846,1.53241,1.5234,1.53241,1.5234,7.17967,7.17065,7.17967,7.17065
replay,live_volatile_deep,100000,3,passive|prints-only,40,0,True,"coinbase>=1,000,000",prints-only,3,1.79116e+09,0.0315451,1.89796e+06,0.566646,5.53333,3.99247,passive,BTC-USD,sell,1.1569,100000,86437.7,0.267244,1.89739e+06,1.1569,1,1,86451.8,-1.62266,8,80.013,100016,0,-1.62266,8.0013,-3.451e-08,6.37864,5e-12,0.000864722,6.37864,-3.99247,9,101,0,8,49.251,0,11,90,0,0,1.33665,1.27786,1.33665,1.27786,1.86188,1.80308,1.86188,1.80308,0.0956071,0.0368163,0.0956071,0.0368163
replay,live_volatile_deep,100000,3,hybrid|prints-only,40,0,True,"coinbase>=1,000,000",prints-only,3,1.79116e+09,0.0315451,1.89796e+06,0.566646,5.53333,3.99247,hybrid,BTC-USD,buy,1.1569,100000,86437.7,0.267244,1.91709e+06,1.1569,1,0.0226853,86462.5,2.87058,17.7732,177.783,2268.96,97759.7,2.87058,17.7783,3.451e-08,20.6489,5e-12,0.000864723,20.6489,3.99247,9,41,0,8,42.1272,0,0,30,0,0,0.590443,0.00994333,0.514532,0.438315,-1.36898,-1.94959,0.290568,0.214352,2.03382,1.45341,-0.883034,-0.959254
replay,live_volatile_deep,100000,3,hybrid|prints-only,40,0,True,"coinbase>=1,000,000",prints-only,3,1.79116e+09,0.0315451,1.89796e+06,0.566646,5.53333,3.99247,hybrid,BTC-USD,sell,1.1569,100000,86437.7,0.267244,1.89739e+06,1.1569,1,0.54529,86443.5,-0.663785,12.5477,125.485,54526.6,45480,-0.663785,12.5485,-3.451e-08,11.8847,5e-12,0.000864722,11.8847,-3.99247,8,79,0,7,42.3131,0,8,60,0,0,0.668022,0.477471,0.957672,0.875628,2.28158,2.091,2.24908,2.16703,1.00118,0.810652,2.82737,2.74532
replay,live_volatile_deep,100000,4,passive|prints-only,40,0,True,"coinbase>=1,000,000",prints-only,4,1.79116e+09,0.0462195,1.87181e+06,0.602546,5.16667,-15.9756,passive,BTC-USD,buy,1.15644,100000,86472.2,0.00115644,1.55143e+06,1.15644,1,1,86401.9,-8.13553,8,79.9349,99918.6,0,-8.13553,7.99349,-0,-0.14204,0,0,-0.14204,-15.9756,13,53,1,11,36.4106,0,19,34,0,0,1.05212,1.10914,1.05212,1.10914,1.11009,1.16712,1.11009,1.16712,4.5703,4.62731,4.5703,4.62731
replay,live_volatile_deep,100000,4,passive|prints-only,40,0,True,"coinbase>=1,000,000",prints-only,4,1.79116e+09,0.0462195,1.87181e+06,0.602546,5.16667,-15.9756,passive,BTC-USD,sell,1.15644,100000,86472.2,0.00115644,1.79652e+06,1.15644,1,1,86455,1.99524,8,79.984,99980,0,1.99524,7.9984,0,9.99365,0,0,9.99365,15.9756,5,18,0,4,13.5881,0,7,11,0,0,-0.0126946,0.00357278,-0.0126946,0.00357278,-1.0869,-1.07063,-1.0869,-1.07063,-8.22909,-8.21283,-8.22909,-8.21283
replay,live_volatile_deep,100000,4,hybrid|prints-only,40,0,True,"coinbase>=1,000,000",prints-only,4,1.79116e+09,0.0462195,1.87181e+06,0.602546,5.16667,-15.9756,hybrid,BTC-USD,buy,1.15644,100000,86472.2,0.00115644,1.55143e+06,1.15644,1,1,86401.9,-8.13553,8,79.9349,99918.6,0,-8.13553,7.99349,-0,-0.14204,0,0,-0.14204,-15.9756,13,53,1,11,36.4106,0,19,34,0,0,1.05212,1.10914,1.05212,1.10914,1.11009,1.16712,1.11009,1.16712,4.5703,4.62731,4.5703,4.62731
replay,live_volatile_deep,100000,4,hybrid|prints-only,40,0,True,"coinbase>=1,000,000",prints-only,4,1.79116e+09,0.0462195,1.87181e+06,0.602546,5.16667,-15.9756,hybrid,BTC-USD,sell,1.15644,100000,86472.2,0.00115644,1.79652e+06,1.15644,1,1,86455,1.99524,8,79.984,99980,0,1.99524,7.9984,0,9.99365,0,0,9.99365,15.9756,5,18,0,4,13.5881,0,7,11,0,0,-0.0126946,0.00357278,-0.0126946,0.00357278,-1.0869,-1.07063,-1.0869,-1.07063,-8.22909,-8.21283,-8.22909,-8.21283
replay,live_volatile_thin,100000,5,passive|prints-only,40,0,True,"coinbase>=1,000,000",prints-only,5,1.79116e+09,0.028491,1.78385e+06,0.631962,5.08333,-0.0254816,passive,BTC-USD,buy,1.15825,100000,86336.8,0.00115825,1.91278e+06,0.830257,0.716817,1,86333.8,-0.3491,8,57.3434,71679.2,0,-0.250241,5.73434,-0.00721595,5.47688,0.0571323,28318.8,10.6314,-0.0254816,15,99,0,15,53.9245,0,14,85,0,0,1.67221,1.63761,1.67221,1.63761,1.82742,1.79281,1.82742,1.79281,-1.63235,-1.66695,-1.63235,-1.66695
replay,live_volatile_thin,100000,5,passive|prints-only,40,0,True,"coinbase>=1,000,000",prints-only,5,1.79116e+09,0.028491,1.78385e+06,0.631962,5.08333,-0.0254816,passive,BTC-USD,sell,1.15825,100000,86336.8,0.00115825,2.08847e+06,0.433715,0.374456,1,86333.2,0.416182,8,29.9552,37444,0,0.155842,2.99552,0.0159399,3.1673,0.6271,62548,15.053,0.0254816,14,54,0,14,60.0226,0,11,43,0,0.00090345,0.983521,0.977363,0.983521,0.977363,0.938811,0.932652,0.938811,0.932652,0.238332,0.23217,0.238332,0.23217
replay,live_volatile_thin,100000,5,hybrid|prints-only,40,0,True,"coinbase>=1,000,000",prints-only,5,1.79116e+09,0.028491,1.78385e+06,0.631962,5.08333,-0.0254816,hybrid,BTC-USD,buy,1.15825,100000,86336.8,0.00115825,1.91278e+06,1.15825,1,0.716817,86327.5,-1.08324,10.8313,108.301,71679.2,28310,-1.08324,10.8301,-4.4e-10,9.74689,1e-11,0.00172673,9.74689,-0.0254816,13,106,0,12,42.5218,0,11,84,0,0,1.34412,1.17386,1.67221,1.63761,1.45538,1.28512,1.82742,1.79281,-2.59293,-2.76327,-1.63235,-1.66695
replay,live_volatile_thin,100000,5,hybrid|prints-only,40,0,True,"coinbase>=1,000,000",prints-only,5,1.79116e+09,0.028491,1.78385e+06,0.631962,5.08333,-0.0254816,hybrid,BTC-USD,sell,1.15825,100000,86336.8,0.00115825,2.08847e+06,1.15825,1,0.272538,86307,3.45429,15.2735,152.683,27255.3,72710.2,3.45429,15.2683,0,18.7225,0,0,18.7225,0.0254816,13,42,0,12,42.5218,0,6,27,0,0,1.27278,0.182538,0.664342,0.66977,1.23737,0.147127,0.534411,0.539839,4.7961,3.70526,-1.19314,-1.18771
replay,live_calm_thin,100000,6,passive|prints-only,40,0,True,"coinbase>=1,000,000",prints-only,6,1.79116e+09,0.00462119,1.73957e+06,0.445784,5.23333,1.03432,passive,BTC-USD,buy,1.15825,100000,86337.1,0.116983,1.70678e+06,0.170918,0.147566,1,86369.3,3.7228,8,11.8097,14762.1,0,0.549359,1.18097,0.881688,2.61201,0.409183,85256.3,18.3673,1.03432,9,88,0,9,38.4255,0,9,79,0,0,2.69944,2.6832,2.69944,2.6832,2.69944,2.68321,2.69944,2.68321,3.17935,3.16312,3.17935,3.16312
replay,live_calm_thin,100000,6,passive|prints-only,40,0,True,"coinbase>=1,000,000",prints-only,6,1.79116e+09,0.00462119,1.73957e+06,0.445784,5.23333,1.03432,passive,BTC-USD,sell,1.15825,100000,86337.1,0.116983,1.66693e+06,0.639066,0.551752,1,86349.2,-1.3984,8,44.1463,55182.9,0,-0.771569,4.41463,-0.463631,3.17943,0.472661,44824.8,11.7205,-1.03432,9,70,0,9,57.6638,0,40,30,0,0,-0.164197,0.160022,-0.164197,0.160022,-0.359145,-0.0349254,-0.359145,-0.0349254,-0.401403,-0.077182,-0.401403,-0.077182
replay,live_calm_thin,100000,6,hybrid|prints-only,40,0,True,"coinbase>=1,000,000",prints-only,6,1.79116e+09,0.00462119,1.73957e+06,0.445784,5.23333,1.03432,hybrid,BTC-USD,buy,1.15825,100000,86337.1,0.116983,1.70678e+06,1.15825,1,0.147566,86349.5,1.43228,16.524,165.264,14762.1,85252.2,1.43228,16.5264,8.93e-09,17.9587,5e-12,0.00086346,17.9587,1.03432,7,101,0,6,42.2076,0,9,79,0,0,0.830013,0.395949,2.69944,2.6832,0.830014,0.39595,2.69944,2.68321,0.840611,0.406544,3.17935,3.16312
replay,live_calm_thin,100000,6,hybrid|prints-only,40,0,True,"coinbase>=1,000,000",prints-only,6,1.79116e+09,0.00462119,1.73957e+06,0.445784,5.23333,1.03432,hybrid,BTC-USD,sell,1.15825,100000,86337.1,0.116983,1.66693e+06,1.15825,1,0.492378,86342.9,-0.674252,13.0758,130.767,49245.1,50761.6,-0.674252,13.0767,-1.786e-08,12.4024,1e-11,0.00172692,12.4024,-1.03432,7,39,0,6,42.2076,0,17,16,0,0,0.239335,0.0888515,-0.182795,0.180454,0.138185,-0.0122976,-0.388225,-0.0249759,0.114256,-0.0362281,-0.509666,-0.146415
replay,live_volatile_deep,100000,7,passive|prints-only,40,0,True,"coinbase>=1,000,000",prints-only,7,1.79116e+09,0.0136659,1.91127e+06,0.566846,4.85,10.3132,passive,BTC-USD,buy,1.15813,100000,86346,0.00115813,1.64362e+06,0.170589,0.147297,1,86369.9,2.76781,8,11.787,14733.7,0,0.40769,1.1787,8.79406,10.3804,0.431633,85362.6,26.1773,10.3132,15,61,0,15,60.0596,0,7,54,0,4e-08,0.691629,0.682457,0.691629,0.682457,-0.118197,-0.127367,-0.118197,-0.127367,-5.75906,-5.76827,-5.75906,-5.76827
replay,live_volatile_deep,100000,7,passive|prints-only,40,0,True,"coinbase>=1,000,000",prints-only,7,1.79116e+09,0.0136659,1.91127e+06,0.566846,4.85,10.3132,passive,BTC-USD,sell,1.15813,100000,86346,0.00115813,1.67304e+06,0.273135,0.235842,1,86384.4,-4.43899,8,18.8757,23594.6,0,-1.0469,1.88757,-7.88088,-7.04021,0.911376,76485.5,7.63856,-10.3132,13,63,1,12,59.4495,0,13,50,0,0,1.6799,1.4648,1.6799,1.4648,1.55566,1.34055,1.55566,1.34055,5.15602,4.94088,5.15602,4.94088
replay,live_volatile_deep,100000,7,hybrid|prints-only,40,0,True,"coinbase>=1,000,000",prints-only,7,1.79116e+09,0.0136659,1.91127e+06,0.566846,4.85,10.3132,hybrid,BTC-USD,buy,1.15813,100000,86346,0.00115813,1.64362e+06,1.15813,1,0.109911,86406.6,7.0104,16.9016,169.134,10991.9,89078.2,7.0104,16.9134,0,23.9238,0,0,23.9238,10.3132,12,63,0,11,42.3115,0,7,47,0,0,0.440832,-0.475536,1.08452,1.02047,-0.817013,-1.7335,0.169272,0.105219,-2.30775,-3.22432,-6.83379,-6.89789
replay,live_volatile_deep,100000,7,hybrid|prints-only,40,0,True,"coinbase>=1,000,000",prints-only,7,1.79116e+09,0.0136659,1.91127e+06,0.566846,4.85,10.3132,hybrid,BTC-USD,sell,1.15813,100000,86346,0.00115813,1.67304e+06,1.15813,1,0.138042,86392.5,-5.38531,16.6201,166.291,13806.2,86247.6,-5.38531,16.6291,-0,11.2438,0,0,11.2438,-10.3132,10,61,0,9,42.6388,0,13,35,0,0,1.56671,0.904821,2.09872,2.02355,2.61015,1.94818,1.98227,1.90709,3.99718,3.33516,6.97113,6.89594
replay,live_volatile_deep,100000,8,passive|prints-only,40,0,True,"coinbase>=1,000,000",prints-only,8,1.79116e+09,0.0424969,1.93424e+06,0.62988,5.1,3.32637,passive,BTC-USD,buy,1.157,100000,86430.5,0.001157,2.42508e+06,0.230904,0.199572,1,86439.2,1.00736,8,15.9673,19959.2,0,0.201041,1.59673,2.66252,4.4603,0.632238,80075.8,19.5062,3.32637,20,62,1,19,53.2449,0,6,56,0,0,0.277832,0.0439743,0.277832,0.0439743,0.110591,-0.123285,0.110591,-0.123285,-1.7292,-1.96312,-1.7292,-1.96312
replay,live_volatile_deep,100000,8,passive|prints-only,40,0,True,"coinbase>=1,000,000",prints-only,8,1.79116e+09,0.0424969,1.93424e+06,0.62988,5.1,3.32637,passive,BTC-USD,sell,1.157,100000,86430.5,0.001157,2.0379e+06,1.157,1,1,86432.5,-0.232697,8,80.0019,100002,0,-0.232697,8.00019,-0,7.76749,0,0,7.76749,-3.32637,9,44,0,8,35.582,0,2,42,0,0,1.84859,2.17718,1.84859,2.17718,1.86949,2.19808,1.86949,2.19808,2.94655,3.27519,2.94655,3.27519
replay,live_volatile_deep,100000,8,hybrid|prints-only,40,0,True,"coinbase>=1,000,000",prints-only,8,1.79116e+09,0.0424969,1.93424e+06,0.62988,5.1,3.32637,hybrid,BTC-USD,buy,1.157,100000,86430.5,0.001157,2.42508e+06,1.157,1,0.167739,86460,3.41177,16.3231,163.286,16774.9,83259.2,3.41177,16.3286,6.38378e-16,19.7404,0,0,19.7404,3.32637,13,61,1,11,42.2228,0,3,45,0,0,1.52444,0.770793,0.150406,-0.127858,2.90413,2.1506,-0.381098,-0.659383,1.61095,0.857329,-2.35224,-2.63058
replay,live_volatile_deep,100000,8,hybrid|prints-only,40,0,True,"coinbase>=1,000,000",prints-only,8,1.79116e+09,0.0424969,1.93424e+06,0.62988,5.1,3.32637,hybrid,BTC-USD,sell,1.157,100000,86430.5,0.001157,2.0379e+06,1.157,1,1,86432.5,-0.232697,8,80.0019,100002,0,-0.232697,8.00019,-0,7.76749,0,0,7.76749,-3.32637,9,44,0,8,35.582,0,2,42,0,0,1.84859,2.17718,1.84859,2.17718,1.86949,2.19808,1.86949,2.19808,2.94655,3.27519,2.94655,3.27519
replay,live_volatile_thin,100000,9,passive|prints-only,40,0,True,"coinbase>=1,000,000",prints-only,9,1.79116e+09,0.0676537,1.83125e+06,0.589514,5.05,-2.22533,passive,BTC-USD,buy,1.15661,100000,86459.2,0.00115661,3.33289e+06,0.610201,0.527575,1,86462.7,0.407296,8,42.2077,52759.6,0,0.214879,4.22077,-1.0513,3.38435,0.228217,47234.3,12.1147,-2.22533,21,109,1,20,43.9235,0,10,99,0,0,1.50744,1.4681,1.50744,1.4681,1.99807,1.95873,1.99807,1.95873,2.33704,2.29771,2.33704,2.29771
replay,live_volatile_thin,100000,9,passive|prints-only,40,0,True,"coinbase>=1,000,000",prints-only,9,1.79116e+09,0.0676537,1.83125e+06,0.589514,5.05,-2.22533,passive,BTC-USD,sell,1.15661,100000,86459.2,0.00115661,1.73681e+06,0.965657,0.8349,1,86454.7,0.521269,8,66.7885,83485.6,0,0.435207,6.67885,0.367403,7.48146,0.0972569,16505.4,10.5497,2.22533,16,50,0,16,57.9532,0,2,48,0,0,0.712489,1.10377,0.712489,1.10377,0.754409,1.1457,0.754409,1.1457,-1.87756,-1.48639,-1.87756,-1.48639
replay,live_volatile_thin,100000,9,hybrid|prints-only,40,0,True,"coinbase>=1,000,000",prints-only,9,1.79116e+09,0.0676537,1.83125e+06,0.589514,5.05,-2.22533,hybrid,BTC-USD,buy,1.15661,100000,86459.2,0.00115661,3.33289e+06,1.15661,1,0.515487,86451.4,-0.902519,12.8444,128.433,51551.1,48439.8,-0.902519,12.8433,-3.848e-08,11.9407,1e-11,0.0017288,11.9407,-2.22533,15,107,0,14,42.1217,0,8,95,0,0,0.883859,0.766898,1.52799,1.48772,1.61471,1.49776,2.02532,1.98504,0.707749,0.590782,2.4227,2.38244
replay,live_volatile_thin,100000,9,hybrid|prints-only,40,0,True,"coinbase>=1,000,000",prints-only,9,1.79116e+09,0.0676537,1.83125e+06,0.589514,5.05,-2.22533,hybrid,BTC-USD,sell,1.15661,100000,86459.2,0.00115661,1.73681e+06,1.15661,1,0.743715,86450.1,1.05499,10.5621,105.61,74370.8,25618.6,1.05499,10.561,1.924e-08,11.616,5e-12,0.0008644,11.616,2.22533,13,28,0,12,42.0919,0,0,25,0,0,0.771517,0.765896,0.58984,1.02983,0.443308,0.437722,0.48605,0.926039,-1.06603,-1.07179,-2.33428,-1.89442
replay,live_calm_thin,100000,10,passive|prints-only,40,0,True,"coinbase>=1,000,000",prints-only,10,1.79116e+09,0.0223992,1.69566e+06,0.486058,4.56667,-3.35146,passive,BTC-USD,buy,1.15687,100000,86440,0.00115687,2.02016e+06,0.131576,0.113734,1,86439,-0.108912,8,9.09863,11373.3,0,-0.012387,0.909863,-2.97028,-2.07281,0.516958,88602.1,14.3925,-3.35146,10,82,0,10,59.5098,0,13,69,0,0,0.766123,0.696435,0.766123,0.696435,0.79185,0.722161,0.79185,0.722161,1.09783,1.02813,1.09783,1.02813
replay,live_calm_thin,100000,10,passive|prints-only,40,0,True,"coinbase>=1,000,000",prints-only,10,1.79116e+09,0.0223992,1.69566e+06,0.486058,4.56667,-3.35146,passive,BTC-USD,sell,1.15687,100000,86440,0.00115687,1.71465e+06,0.128485,0.111063,1,86442.9,-0.341061,8,8.88531,11106.6,0,-0.0378792,0.888531,2.97924,3.82989,0.228158,88861.7,20.0531,3.35146,11,42,0,11,51.7006,0,11,31,0,0,0.552178,0.522582,0.552178,0.522582,-0.386645,-0.416236,-0.386645,-0.416236,-2.65052,-2.6801,-2.65052,-2.6801
replay,live_calm_thin,100000,10,hybrid|prints-only,40,0,True,"coinbase>=1,000,000",prints-only,10,1.79116e+09,0.0223992,1.69566e+06,0.486058,4.56667,-3.35146,hybrid,BTC-USD,buy,1.15687,100000,86440,0.00115687,2.02016e+06,1.15687,1,0.0707916,86440.6,0.072733,17.292,172.921,7079.9,92920.8,0.072733,17.2921,-0,17.3649,0,0,17.3649,-3.35146,10,66,0,9,42.6698,0,13,43,0,0,0.980251,0.0418142,0.619858,0.590666,3.0519,2.11367,0.523515,0.49432,-0.836358,-1.775,3.41531,3.38613
replay,live_calm_thin,100000,10,hybrid|prints-only,40,0,True,"coinbase>=1,000,000",prints-only,10,1.79116e+09,0.0223992,1.69566e+06,0.486058,4.56667,-3.35146,hybrid,BTC-USD,sell,1.15687,100000,86440,0.00115687,1.71465e+06,1.15687,1,0.0989794,86425.2,1.70936,17.01,170.071,9898.47,90084.4,1.70936,17.0071,2.897e-08,18.7164,5e-12,0.00086411,18.7164,3.35146,10,45,0,9,42.6698,0,7,26,0,0,0.916706,0.0596273,0.635397,0.602422,-1.18114,-2.03803,-0.193433,-0.226402,2.48439,1.62713,-3.26529,-3.29824
replay,live_calm_thin,100000,11,passive|prints-only,40,0,True,"coinbase>=1,000,000",prints-only,11,1.79116e+09,0.0286918,1.74005e+06,0.497937,5,6.33831,passive,BTC-USD,buy,1.15726,100000,86411,0.00115726,1.46002e+06,0.202628,0.175093,1,86445.2,3.95205,8,14.013,17516.2,0,0.691977,1.4013,5.22852,7.32179,0.525663,82548.2,22.7061,6.33831,14,68,0,14,60.0064,0,32,36,0,0.00011751,0.33895,0.403006,0.33895,0.403006,1.09528,1.15933,1.09528,1.15933,-1.48395,-1.41988,-1.48395,-1.41988
replay,live_calm_thin,100000,11,passive|prints-only,40,0,True,"coinbase>=1,000,000",prints-only,11,1.79116e+09,0.0286918,1.74005e+06,0.497937,5,6.33831,passive,BTC-USD,sell,1.15726,100000,86411,0.00115726,1.7003e+06,0.916638,0.792076,1,86440,-3.35223,8,63.3873,79234.1,0,-2.65522,6.33873,-1.31789,2.36562,0.133773,20804.3,6.24416,-6.33831,18,67,1,17,57.6447,0,16,51,0,0,0.748086,0.73716,0.748086,0.73716,0.510743,0.499814,0.510743,0.499814,0.114926,0.103997,0.114926,0.103997
replay,live_calm_thin,100000,11,hybrid|prints-only,40,0,True,"coinbase>=1,000,000",prints-only,11,1.79116e+09,0.0286918,1.74005e+06,0.497937,5,6.33831,hybrid,BTC-USD,buy,1.15726,100000,86411,0.00115726,1.46002e+06,1.15726,1,0.154336,86448.7,4.35792,16.4567,164.639,15439.3,84604.3,4.35791,16.4639,5.477e-08,20.8218,5e-12,0.000864658,20.8218,6.33831,11,58,0,10,42.226,0,19,28,0,0,0.928682,0.0666389,0.355894,0.431778,-0.818579,-1.68082,1.20412,1.27999,-1.93018,-2.79248,-2.01163,-1.93573
replay,live_calm_thin,100000,11,hybrid|prints-only,40,0,True,"coinbase>=1,000,000",prints-only,11,1.79116e+09,0.0286918,1.74005e+06,0.497937,5,6.33831,hybrid,BTC-USD,sell,1.15726,100000,86411,0.00115726,1.7003e+06,1.15726,1,0.34441,86431.3,-2.35091,14.5566,145.6,34442.4,65581.1,-2.35091,14.56,-0,12.2091,0,0,12.2091,-6.33831,15,40,1,13,42.3614,0,5,31,0,0,0.304317,0.245872,0.73112,0.713894,1.8868,1.82834,1.0978,1.08057,3.19626,3.1378,3.51471,3.49748
replay,live_volatile_thin,100000,12,passive|prints-only,40,0,True,"coinbase>=1,000,000",prints-only,12,1.79116e+09,0.025241,1.71538e+06,0.579231,5.05,1.60999,passive,BTC-USD,buy,1.1566,100000,86460,0.0011566,1.77728e+06,0.337628,0.291913,1,86461.1,0.124602,8,23.3533,29191.7,0,0.036373,2.33533,1.14002,3.51172,0.72013,70827.3,16.9808,1.60999,13,68,0,13,55.5256,0,29,39,0,0,1.08382,0.849676,1.08382,0.849676,1.56382,1.32972,1.56382,1.32972,-1.1614,-1.39559,-1.1614,-1.39559
replay,live_volatile_thin,100000,12,passive|prints-only,40,0,True,"coinbase>=1,000,000",prints-only,12,1.79116e+09,0.025241,1.71538e+06,0.579231,5.05,1.60999,passive,BTC-USD,sell,1.1566,100000,86460,0.0011566,1.55724e+06,1.06086,0.917215,1,86460.5,-0.0641609,8,73.3777,91722.1,0,-0.0588493,7.33777,-0.133283,7.14564,4.78746e-05,8279.81,8.63605,-1.60999,12,55,0,12,59.2894,0,6,49,0,0,-0.930206,-0.929717,-0.930206,-0.929717,-1.87765,-1.87716,-1.87765,-1.87716,0.826551,0.827039,0.826551,0.827039
replay,live_volatile_thin,100000,12,hybrid|prints-only,40,0,True,"coinbase>=1,000,000",prints-only,12,1.79116e+09,0.025241,1.71538e+06,0.579231,5.05,1.60999,hybrid,BTC-USD,buy,1.1566,100000,86460,0.0011566,1.77728e+06,1.1566,1,0.22835,86470.5,1.21419,15.7168,157.187,22834.5,77177.7,1.21419,15.7187,3.09086e-16,16.9329,0,0,16.9329,1.60999,10,55,0,9,42.5758,0,23,24,0,0,0.804288,0.219945,1.25844,0.96319,0.971033,0.386699,1.98865,1.69345,-0.886618,-1.47105,-1.42191,-1.71722
replay,live_volatile_thin,100000,12,hybrid|prints-only,40,0,True,"coinbase>=1,000,000",prints-only,12,1.79116e+09,0.025241,1.71538e+06,0.579231,5.05,1.60999,hybrid,BTC-USD,sell,1.1566,100000,86460,0.0011566,1.55724e+06,1.1566,1,0.906819,86461.1,-0.132134,8.93188,89.32,90682.4,9318.96,-0.132134,8.932,-0,8.79987,0,0,8.79987,-1.60999,10,52,0,9,42.5758,0,3,46,0,0,-0.852477,-0.859746,-0.947769,-0.948091,-1.72097,-1.72824,-1.9055,-1.90582,0.907417,0.900146,0.84929,0.848969
replay,live_calm_thin,100000,13,passive|prints-only,40,0,True,"coinbase>=1,000,000",prints-only,13,1.79116e+09,0.0158713,1.75917e+06,0.423613,5.13333,-7.27503,passive,BTC-USD,buy,1.15642,100000,86473.9,0.00115642,1.78964e+06,1.15642,1,1,86446.7,-3.14862,8,79.9748,99968.5,0,-3.14862,7.99748,-1.39688e-15,4.84887,0,0,4.84887,-7.27503,10,87,1,8,44.9092,0,19,68,0,0,2.27089,2.3973,2.27089,2.3973,2.5761,2.70251,2.5761,2.70251,4.0108,4.13722,4.0108,4.13722
replay,live_calm_thin,100000,13,passive|prints-only,40,0,True,"coinbase>=1,000,000",prints-only,13,1.79116e+09,0.0158713,1.75917e+06,0.423613,5.13333,-7.27503,passive,BTC-USD,sell,1.15642,100000,86473.9,0.00115642,1.58152e+06,0.112733,0.097485,1,86457.2,1.93572,8,7.79729,9746.61,0,0.188704,0.779729,6.56582,7.53425,0.773988,90178.1,24.5403,7.27503,15,38,0,15,50.1805,0,16,22,0,0,1.51551,1.5265,1.51551,1.5265,1.57598,1.58696,1.57598,1.58696,-4.24028,-4.2293,-4.24028,-4.2293
replay,live_calm_thin,100000,13,hybrid|prints-only,40,0,True,"coinbase>=1,000,000",prints-only,13,1.79116e+09,0.0158713,1.75917e+06,0.423613,5.13333,-7.27503,hybrid,BTC-USD,buy,1.15642,100000,86473.9,0.00115642,1.78964e+06,1.15642,1,0.157372,86453.9,-2.30904,16.4259,164.222,15736.9,84240,-2.30904,16.4222,-0,14.1131,0,0,14.1131,-7.27503,11,90,1,9,42.3441,0,19,58,0,0,1.18252,0.313242,0.558179,0.311837,3.14761,2.27853,0.794251,0.547911,4.85029,3.98131,6.14475,5.89855
replay,live_calm_thin,100000,13,hybrid|prints-only,40,0,True,"coinbase>=1,000,000",prints-only,13,1.79116e+09,0.0158713,1.75917e+06,0.423613,5.13333,-7.27503,hybrid,BTC-USD,sell,1.15642,100000,86473.9,0.00115642,1.58152e+06,1.15642,1,0.0903865,86439.9,3.9317,17.0959,170.892,9037.13,90923.5,3.9317,17.0892,0,21.0209,0,0,21.0209,7.27503,10,41,0,9,42.3729,0,13,20,0,0,0.29322,-0.131583,1.7007,1.6992,-1.77851,-2.20322,1.80886,1.80736,-3.26266,-3.68733,-4.33078,-4.33228
replay,live_volatile_deep,100000,14,passive|prints-only,40,0,True,"coinbase>=1,000,000",prints-only,14,1.79116e+09,0.0265493,1.84203e+06,0.672118,5.08333,-1.36557,passive,BTC-USD,buy,1.15726,100000,86411,0.00115726,1.81204e+06,0.625662,0.54064,1,86397.4,-1.5726,8,43.2444,54055.5,0,-0.850212,4.32444,-0.627286,2.84695,0.378262,45933.5,11.4932,-1.36557,14,101,1,13,54.0764,0,20,81,0,0,0.493501,0.753252,0.493501,0.753252,-0.718225,-0.458404,-0.718225,-0.458404,-0.346254,-0.0864849,-0.346254,-0.0864849
replay,live_volatile_deep,100000,14,passive|prints-only,40,0,True,"coinbase>=1,000,000",prints-only,14,1.79116e+09,0.0265493,1.84203e+06,0.672118,5.08333,-1.36557,passive,BTC-USD,sell,1.15726,100000,86411,0.00115726,1.77163e+06,1.15726,1,1,86395.8,1.76432,8,79.9859,99982.4,0,1.76432,7.99859,1.18e-08,9.76291,5e-12,0.000863992,9.76291,1.36557,10,29,0,9,34.9121,0,9,20,0,0,1.84229,3.02622,1.84229,3.02622,0.879299,2.06306,0.879299,2.06306,0.399469,1.58319,0.399469,1.58319
replay,live_volatile_deep,100000,14,hybrid|prints-only,40,0,True,"coinbase>=1,000,000",prints-only,14,1.79116e+09,0.0265493,1.84203e+06,0.672118,5.08333,-1.36557,hybrid,BTC-USD,buy,1.15726,100000,86411,0.00115726,1.81204e+06,1.15726,1,0.491452,86401.4,-1.11707,13.0857,130.843,49137.3,50851.6,-1.11707,13.0843,-1.18e-08,11.9672,5e-12,0.000863992,11.9672,-1.36557,14,93,1,12,42.1843,0,20,66,0,0,0.471334,0.407189,0.523591,0.828544,-0.0290751,-0.0931749,-0.8108,-0.505769,0.24445,0.180324,-0.261419,0.0435569
replay,live_volatile_deep,100000,14,hybrid|prints-only,40,0,True,"coinbase>=1,000,000",prints-only,14,1.79116e+09,0.0265493,1.84203e+06,0.672118,5.08333,-1.36557,hybrid,BTC-USD,sell,1.15726,100000,86411,0.00115726,1.77163e+06,1.15726,1,1,86395.8,1.76432,8,79.9859,99982.4,0,1.76432,7.99859,1.18e-08,9.76291,5e-12,0.000863992,9.76291,1.36557,10,29,0,9,34.9121,0,9,20,0,0,1.84229,3.02622,1.84229,3.02622,0.879299,2.06306,0.879299,2.06306,0.399469,1.58319,0.399469,1.58319
replay,live_calm_thin,100000,15,passive|prints-only,40,0,True,"coinbase>=1,000,000",prints-only,15,1.79116e+09,0.0124314,1.8085e+06,0.389521,5.13333,0.255789,passive,BTC-USD,buy,1.15742,100000,86399.2,0.00115742,1.65604e+06,1.15742,1,1,86409.5,1.1954,8,80.0096,100012,0,1.1954,8.00096,2.21e-09,9.19636,5e-12,0.000864014,9.19636,0.255789,9,89,0,8,51.7209,0,12,77,0,0,0.654237,0.411694,0.654237,0.411694,0.774045,0.531509,0.774045,0.531509,3.69019,3.44775,3.69019,3.44775
replay,live_calm_thin,100000,15,passive|prints-only,40,0,True,"coinbase>=1,000,000",prints-only,15,1.79116e+09,0.0124314,1.8085e+06,0.389521,5.13333,0.255789,passive,BTC-USD,sell,1.15742,100000,86399.2,0.00115742,1.86849e+06,0.284091,0.245453,1,86405.4,-0.718393,8,19.6376,24547,0,-0.176331,1.96376,-0.193005,1.59443,0.788479,75448.8,15.9637,-0.255789,10,56,0,10,45.9105,0,28,28,0,0,0.946196,0.89344,0.946196,0.89344,0.413202,0.360452,0.413202,0.360452,0.202282,0.149529,0.202282,0.149529
replay,live_calm_thin,100000,15,hybrid|prints-only,40,0,True,"coinbase>=1,000,000",prints-only,15,1.79116e+09,0.0124314,1.8085e+06,0.389521,5.13333,0.255789,hybrid,BTC-USD,buy,1.15742,100000,86399.2,0.00115742,1.65604e+06,1.15742,1,0.260153,86409.8,1.23048,15.3984,154.003,26018.9,73993.4,1.23048,15.4003,0,16.6308,0,0,16.6308,0.255789,8,68,0,7,42.313,0,12,49,0,0,0.546413,0.194931,0.751072,0.749295,-0.344394,-0.695915,0.552267,0.55049,0.096321,-0.255184,0.908463,0.906686
replay,live_calm_thin,100000,15,hybrid|prints-only,40,0,True,"coinbase>=1,000,000",prints-only,15,1.79116e+09,0.0124314,1.8085e+06,0.389521,5.13333,0.255789,hybrid,BTC-USD,sell,1.15742,100000,86399.2,0.00115742,1.86849e+06,1.15742,1,0.151543,86399.7,-0.0531976,16.4845,164.845,15155.6,84845,-0.0531976,16.4845,-2.21e-09,16.4313,5e-12,0.000864014,16.4313,-0.255789,8,54,0,7,42.313,0,28,15,0,0,0.773618,0.10829,0.71073,0.714582,1.71489,1.04948,0.571374,0.575227,1.2037,0.538326,-0.167648,-0.163795
replay,live_volatile_deep,100000,16,passive|prints-only,40,0,True,"coinbase>=1,000,000",prints-only,16,1.79116e+09,0.0368686,1.90781e+06,0.747237,6.58333,-6.77072,passive,BTC-USD,buy,1.15739,100000,86401.4,0.00115739,1.90494e+06,1.15739,1,1,86403.1,0.19823,8,80.0016,100002,0,0.19823,8.00016,-0,8.19839,0,0,8.19839,-6.77072,8,20,0,7,19.6592,0,1,19,0,0,4.64964,4.5841,4.64964,4.5841,4.12454,4.05899,4.12454,4.05899,7.02537,6.95986,7.02537,6.95986
replay,live_volatile_deep,100000,16,passive|prints-only,40,0,True,"coinbase>=1,000,000",prints-only,16,1.79116e+09,0.0368686,1.90781e+06,0.747237,6.58333,-6.77072,passive,BTC-USD,sell,1.15739,100000,86401.4,0.00115739,1.8763e+06,0.716891,0.619404,1,86365.2,4.19413,8,49.5315,61914.4,0,2.59786,4.95315,2.57691,10.1279,0.257372,38031.3,17.2309,6.77072,18,66,1,17,58.8969,0,20,46,0,0,0.898781,0.802661,0.898781,0.802661,-0.00374046,-0.0998479,-0.00374046,-0.0998479,-2.22818,-2.32426,-2.22818,-2.32426
replay,live_volatile_deep,100000,16,hybrid|prints-only,40,0,True,"coinbase>=1,000,000",prints-only,16,1.79116e+09,0.0368686,1.90781e+06,0.747237,6.58333,-6.77072,hybrid,BTC-USD,buy,1.15739,100000,86401.4,0.00115739,1.90494e+06,1.15739,1,1,86403.1,0.19823,8,80.0016,100002,0,0.19823,8.00016,-0,8.19839,0,0,8.19839,-6.77072,8,20,0,7,19.6592,0,1,19,0,0,4.64964,4.5841,4.64964,4.5841,4.12454,4.05899,4.12454,4.05899,7.02537,6.95986,7.02537,6.95986
replay,live_volatile_deep,100000,16,hybrid|prints-only,40,0,True,"coinbase>=1,000,000",prints-only,16,1.79116e+09,0.0368686,1.90781e+06,0.747237,6.58333,-6.77072,hybrid,BTC-USD,sell,1.15739,100000,86401.4,0.00115739,1.8763e+06,1.15739,1,0.567225,86360.4,4.74265,12.3273,123.214,56700.2,43252.4,4.74265,12.3214,0,17.0641,0,0,17.0641,6.77072,17,53,1,15,42.2957,0,18,29,0,0,-0.2354,-0.514387,0.954804,0.864607,-0.441042,-0.72004,-0.0447875,-0.13497,-1.1994,-1.47842,-2.51007,-2.60023
replay,live_volatile_deep,100000,17,passive|prints-only,40,0,True,"coinbase>=1,000,000",prints-only,17,1.79116e+09,0.0295399,1.96121e+06,0.863022,6.31667,-5.03689,passive,BTC-USD,buy,1.15817,100000,86342.9,0.00115817,1.97458e+06,1.15817,1,1,86330.7,-1.41741,8,79.9887,99985.8,0,-1.41741,7.99887,-0,6.58146,0,0,6.58146,-5.03689,16,113,0,15,54.1,0,20,93,0,0,2.65559,2.65946,2.65559,2.65946,2.07806,2.08193,2.07806,2.08193,4.12298,4.12685,4.12298,4.12685
replay,live_volatile_deep,100000,17,passive|prints-only,40,0,True,"coinbase>=1,000,000",prints-only,17,1.79116e+09,0.0295399,1.96121e+06,0.863022,6.31667,-5.03689,passive,BTC-USD,sell,1.15817,100000,86342.9,0.00115817,1.88988e+06,0.882891,0.762314,1,86321.6,2.46294,8,60.9701,76212.6,0,1.87753,6.09701,1.1972,9.17174,0.183692,23754.8,13.6313,5.03689,18,74,1,17,58.5959,0,34,40,0,0,0.862225,0.951698,0.862225,0.951698,-0.077562,0.0118881,-0.077562,0.0118881,-1.46292,-1.37348,-1.46292,-1.37348
replay,live_volatile_deep,100000,17,hybrid|prints-only,40,0,True,"coinbase>=1,000,000",prints-only,17,1.79116e+09,0.0295399,1.96121e+06,0.863022,6.31667,-5.03689,hybrid,BTC-USD,buy,1.15817,100000,86342.9,0.00115817,1.97458e+06,1.15817,1,0.501719,86333.8,-1.0549,12.9824,129.81,50170.8,49818.6,-1.0549,12.981,-0,11.9261,0,0,11.9261,-5.03689,11,98,0,10,42.1789,0,13,73,0,0,1.10295,0.764231,1.5307,1.52323,2.12954,1.79088,2.00304,1.99556,3.71369,3.37505,4.71122,4.70375
replay,live_volatile_deep,100000,17,hybrid|prints-only,40,0,True,"coinbase>=1,000,000",prints-only,17,1.79116e+09,0.0295399,1.96121e+06,0.863022,6.31667,-5.03689,hybrid,BTC-USD,sell,1.15817,100000,86342.9,0.00115817,1.88988e+06,1.15817,1,0.317263,86324.9,2.08631,14.8268,148.237,31725.1,68254,2.08631,14.8237,0,16.91,0,0,16.91,5.03689,11,46,1,9,42.1734,0,23,17,0,0,0.388577,0.179795,0.566133,0.566705,-0.966027,-1.17478,-0.29302,-0.292447,-1.88248,-2.09122,-2.20812,-2.20754
replay,live_volatile_deep,100000,18,passive|prints-only,40,0,True,"coinbase>=1,000,000",prints-only,18,1.79116e+09,0.0686092,1.85502e+06,0.591521,5.23333,1.01681,passive,BTC-USD,buy,1.15876,100000,86299.4,0.00115876,1.81051e+06,1.15876,1,1,86314.8,1.78505,8,80.0143,100018,0,1.78505,8.00143,0,9.78648,0,0,9.78648,1.01681,17,57,0,16,49.2687,0,0,57,0,0,0.0703193,0.0903198,0.0703193,0.0903198,0.0913131,0.111311,0.0913131,0.111311,2.50002,2.52003,2.50002,2.52003
replay,live_volatile_deep,100000,18,passive|prints-only,40,0,True,"coinbase>=1,000,000",prints-only,18,1.79116e+09,0.0686092,1.85502e+06,0.591521,5.23333,1.01681,passive,BTC-USD,sell,1.15876,100000,86299.4,0.00115876,1.87716e+06,0.641393,0.553519,1,86299.3,0.00997712,8,44.2814,55351.8,0,0.00552252,4.42814,-0.453986,3.97968,0.293484,44649.7,12.3101,-1.01681,17,67,0,17,48.3426,0,10,57,0,0,0.674778,0.563902,0.674778,0.563902,1.09982,0.988944,1.09982,0.988944,-0.496749,-0.607619,-0.496749,-0.607619
replay,live_volatile_deep,100000,18,hybrid|prints-only,40,0,True,"coinbase>=1,000,000",prints-only,18,1.79116e+09,0.0686092,1.85502e+06,0.591521,5.23333,1.01681,hybrid,BTC-USD,buy,1.15876,100000,86299.4,0.00115876,1.81051e+06,1.15876,1,0.176754,86303.7,0.500339,16.2325,162.333,17676.3,82328.7,0.500339,16.2333,0,16.7336,0,0,16.7336,1.01681,16,62,0,15,42.1602,0,0,50,0,0,0.71158,0.0903198,0.400536,0.510992,0.0953723,-0.52594,0.51931,0.629751,-1.35972,-1.98112,-1.24232,-1.13184
replay,live_volatile_deep,100000,18,hybrid|prints-only,40,0,True,"coinbase>=1,000,000",prints-only,18,1.79116e+09,0.0686092,1.85502e+06,0.591521,5.23333,1.01681,hybrid,BTC-USD,sell,1.15876,100000,86299.4,0.00115876,1.87716e+06,1.15876,1,0.285315,86292.5,0.806153,15.1467,151.455,28530.9,71461,0.806153,15.1455,-0,15.9516,0,0,15.9516,-1.01681,15,55,0,14,42.1658,0,10,37,0,0,0.661178,0.0836111,0.395997,0.293049,1.20933,0.631726,0.37811,0.275166,2.21093,1.63324,0.408048,0.305082
replay,live_calm_deep,100000,19,passive|prints-only,40,0,True,"coinbase>=1,000,000",prints-only,19,1.79116e+09,0.014723,1.96611e+06,0.507561,3.81667,-1.98013,passive,BTC-USD,buy,1.15865,100000,86307.4,0.00115865,1.96752e+06,0.299426,0.258427,1,86308.3,0.112191,8,20.6744,25843,0,0.0289931,2.06744,-1.46841,0.628016,0.251944,74145.2,14.2261,-1.98013,11,95,0,11,59.2597,0,11,84,0,0,2.45845,2.30327,2.45845,2.30327,2.27389,2.11872,2.27389,2.11872,1.26385,1.10868,1.26385,1.10868
replay,live_calm_deep,100000,19,passive|prints-only,40,0,True,"coinbase>=1,000,000",prints-only,19,1.79116e+09,0.014723,1.96611e+06,0.507561,3.81667,-1.98013,passive,BTC-USD,sell,1.15865,100000,86307.4,0.00115865,1.83791e+06,0.156399,0.134984,1,86290.2,1.98998,8,10.7966,13495.7,0,0.268615,1.07966,1.71285,3.06112,0.666953,86477.8,19.2941,1.98013,12,25,0,12,59.9135,0,6,19,0,0,0.718835,0.603397,0.718835,0.603397,-0.161892,-0.277316,-0.161892,-0.277316,0.211265,0.0958393,0.211265,0.0958393
replay,live_calm_deep,100000,19,hybrid|prints-only,40,0,True,"coinbase>=1,000,000",prints-only,19,1.79116e+09,0.014723,1.96611e+06,0.507561,3.81667,-1.98013,hybrid,BTC-USD,buy,1.15865,100000,86307.4,0.00115865,1.96752e+06,1.15865,1,0.251372,86303.5,-0.442504,15.4861,154.854,25137.7,74857.9,-0.442504,15.4854,-0,15.0429,0,0,15.0429,-1.98013,11,52,0,10,42.3486,0,11,37,0,0,1.33684,1.19811,2.52414,2.36791,1.7338,1.59508,2.33991,2.18367,1.33363,1.19491,1.34153,1.1853
replay,live_calm_deep,100000,19,hybrid|prints-only,40,0,True,"coinbase>=1,000,000",prints-only,19,1.79116e+09,0.014723,1.96611e+06,0.507561,3.81667,-1.98013,hybrid,BTC-USD,sell,1.15865,100000,86307.4,0.00115865,1.83791e+06,1.15865,1,0.133808,86288.7,2.16188,16.6619,166.583,13378.1,86600.3,2.16188,16.6583,0,18.8202,0,0,18.8202,1.98013,11,34,0,10,42.3486,0,6,17,0,0,0.617802,-0.616342,0.724446,0.607019,-0.0154503,-1.24952,-0.174557,-0.291971,0.207576,-1.02652,0.201859,0.0844445
replay,live_volatile_deep,100000,20,passive|prints-only,40,0,True,"coinbase>=1,000,000",prints-only,20,1.79116e+09,0.0391254,2.0081e+06,0.580827,4.76667,-0.339552,passive,BTC-USD,buy,1.15888,100000,86290.3,0.00115888,2.01608e+06,1.15888,1,1,86295.4,0.596281,8,80.0048,100006,0,0.596281,8.00048,-0,8.59676,0,0,8.59676,-0.339552,7,73,0,6,38.8714,0,11,62,0,0,2.60339,2.60245,2.60339,2.60245,2.52794,2.52701,2.52794,2.52701,2.08789,2.08695,2.08789,2.08695
replay,live_volatile_deep,100000,20,passive|prints-only,40,0,True,"coinbase>=1,000,000",prints-only,20,1.79116e+09,0.0391254,2.0081e+06,0.580827,4.76667,-0.339552,passive,BTC-USD,sell,1.15888,100000,86290.3,0.00115888,1.83388e+06,0.331418,0.285981,1,86275.4,1.72348,8,22.8746,28593.2,0,0.492881,2.28746,0.242446,3.02278,0.829323,71391.2,16.7025,0.339552,8,76,0,8,57.6077,0,16,60,0,0,0.938543,1.00717,0.938543,1.00717,1.19335,1.26198,1.19335,1.26198,-1.31694,-1.24835,-1.31694,-1.24835
replay,live_volatile_deep,100000,20,hybrid|prints-only,40,0,True,"coinbase>=1,000,000",prints-only,20,1.79116e+09,0.0391254,2.0081e+06,0.580827,4.76667,-0.339552,hybrid,BTC-USD,buy,1.15888,100000,86290.3,0.00115888,2.01608e+06,1.15888,1,1,86295.4,0.596281,8,80.0048,100006,0,0.596281,8.00048,-0,8.59676,0,0,8.59676,-0.339552,7,73,0,6,38.8714,0,11,62,0,0,2.60339,2.60245,2.60339,2.60245,2.52794,2.52701,2.52794,2.52701,2.08789,2.08695,2.08789,2.08695
replay,live_volatile_deep,100000,20,hybrid|prints-only,40,0,True,"coinbase>=1,000,000",prints-only,20,1.79116e+09,0.0391254,2.0081e+06,0.580827,4.76667,-0.339552,hybrid,BTC-USD,sell,1.15888,100000,86290.3,0.00115888,1.83388e+06,1.15888,1,0.10745,86261.7,3.31292,16.9251,169.195,10745.3,89221.6,3.31292,16.9195,5.86e-09,20.2324,1e-11,0.00172575,20.2324,0.339552,7,57,0,6,42.3017,0,15,35,0,0,0.791135,0.0793083,0.843566,0.738093,0.803721,0.0918943,0.9607,0.855226,1.65179,0.93988,-0.689981,-0.795452
replay,live_calm_deep,100000,21,passive|prints-only,40,0,True,"coinbase>=1,000,000",prints-only,21,1.79116e+09,0.0342989,1.94193e+06,0.565371,5.58333,-3.40838,passive,BTC-USD,buy,1.15892,100000,86287.3,0.00115892,1.93848e+06,1.15892,1,1,86267,-2.3539,8,79.9812,99976.5,0,-2.3539,7.99812,-2.941e-08,5.64422,5e-12,0.000862579,5.64422,-3.40838,6,41,0,5,24.1795,0,2,39,0,0,1.68503,1.93176,1.68503,1.93176,1.39807,1.64481,1.39807,1.64481,0.684588,0.93136,0.684588,0.93136
replay,live_calm_deep,100000,21,passive|prints-only,40,0,True,"coinbase>=1,000,000",prints-only,21,1.79116e+09,0.0342989,1.94193e+06,0.565371,5.58333,-3.40838,passive,BTC-USD,sell,1.15892,100000,86287.3,0.00115892,1.90417e+06,0.97486,0.841181,1,86252.8,3.99733,8,67.2676,84084.5,0,3.36248,6.72676,0.541315,10.6305,0.0272554,15876.2,13.5155,3.40838,14,62,0,14,51.5435,0,11,51,0,0,1.02342,0.685226,1.02342,0.685226,1.14304,0.804846,1.14304,0.804846,0.811748,0.473557,0.811748,0.473557
replay,live_calm_deep,100000,21,hybrid|prints-only,40,0,True,"coinbase>=1,000,000",prints-only,21,1.79116e+09,0.0342989,1.94193e+06,0.565371,5.58333,-3.40838,hybrid,BTC-USD,buy,1.15892,100000,86287.3,0.00115892,1.93848e+06,1.15892,1,1,86267,-2.3539,8,79.9812,99976.5,0,-2.3539,7.99812,-2.941e-08,5.64422,5e-12,0.000862579,5.64422,-3.40838,6,41,0,5,24.1795,0,2,39,0,0,1.68503,1.93176,1.68503,1.93176,1.39807,1.64481,1.39807,1.64481,0.684588,0.93136,0.684588,0.93136
replay,live_calm_deep,100000,21,hybrid|prints-only,40,0,True,"coinbase>=1,000,000",prints-only,21,1.79116e+09,0.0342989,1.94193e+06,0.565371,5.58333,-3.40838,hybrid,BTC-USD,sell,1.15892,100000,86287.3,0.00115892,1.90417e+06,1.15892,1,0.292878,86259.1,3.27508,15.0714,150.665,29276.5,70690.7,3.27508,15.0665,2.941e-08,18.3415,5e-12,0.000862579,18.3415,3.40838,11,47,0,10,42.3679,0,8,33,0,0,0.564723,0.268428,1.03645,0.916518,0.584519,0.288227,1.33636,1.21642,-0.480123,-0.776382,0.391028,0.271105
replay,live_calm_deep,100000,22,passive|prints-only,40,0,True,"coinbase>=1,000,000",prints-only,22,1.79116e+09,0.00852243,1.91715e+06,0.245394,5.45,-1.86765,passive,BTC-USD,buy,1.15931,100000,86257.9,0.00115931,2.00477e+06,1.15931,1,1,86265,0.824208,8,80.0066,100008,0,0.824208,8.00066,-3.57714e-16,8.82487,0,0,8.82487,-1.86765,3,148,0,2,38.7976,0,3,145,0,0,1.0291,0.967655,1.0291,0.967655,1.04728,0.985834,1.04728,0.985834,2.83537,2.77394,2.83537,2.77394
replay,live_calm_deep,100000,22,passive|prints-only,40,0,True,"coinbase>=1,000,000",prints-only,22,1.79116e+09,0.00852243,1.91715e+06,0.245394,5.45,-1.86765,passive,BTC-USD,sell,1.15931,100000,86257.9,0.00115931,2.05564e+06,0.273055,0.235531,1,86263.1,-0.596467,8,18.8436,23554.6,0,-0.140487,1.88436,1.42776,3.17164,0.428142,76428.3,17.3569,1.86765,4,11,0,4,38.1152,0,0,11,0,0,-1.34994,-1.18477,-1.34994,-1.18477,-2.44427,-2.27911,-2.44427,-2.27911,-3.0123,-2.84715,-3.0123,-2.84715
replay,live_calm_deep,100000,22,hybrid|prints-only,40,0,True,"coinbase>=1,000,000",prints-only,22,1.79116e+09,0.00852243,1.91715e+06,0.245394,5.45,-1.86765,hybrid,BTC-USD,buy,1.15931,100000,86257.9,0.00115931,2.00477e+06,1.15931,1,1,86265,0.824208,8,80.0066,100008,0,0.824208,8.00066,-3.57714e-16,8.82487,0,0,8.82487,-1.86765,3,148,0,2,38.7976,0,3,145,0,0,1.0291,0.967655,1.0291,0.967655,1.04728,0.985834,1.04728,0.985834,2.83537,2.77394,2.83537,2.77394
replay,live_calm_deep,100000,22,hybrid|prints-only,40,0,True,"coinbase>=1,000,000",prints-only,22,1.79116e+09,0.00852243,1.91715e+06,0.245394,5.45,-1.86765,hybrid,BTC-USD,sell,1.15931,100000,86257.9,0.00115931,2.05564e+06,1.15931,1,0.235531,86244.3,1.57746,15.6442,156.417,23554.6,76429.7,1.57746,15.6417,3.57714e-16,17.2192,0,0,17.2192,1.86765,5,16,0,4,42.1772,0,0,11,0,0,-0.0126314,-0.271959,-1.34994,-1.18477,-0.28545,-0.544781,-2.44427,-2.27911,-1.02292,-1.28223,-3.0123,-2.84715
replay,live_calm_thin,100000,23,passive|prints-only,40,0,True,"coinbase>=1,000,000",prints-only,23,1.79116e+09,0.0177434,1.84096e+06,0.440747,5.88333,-5.35471,passive,BTC-USD,buy,1.15953,100000,86241.8,0.00115953,1.88959e+06,1.15953,1,1,86237.1,-0.543328,8,79.9957,99994.6,0,-0.543328,7.99957,1.0254e-15,7.45624,0,0,7.45624,-5.35471,2,11,0,1,10.6677,0,5,6,0,0,0.243815,0.244394,0.243815,0.244394,0.246326,0.246905,0.246326,0.246905,4.29603,4.29661,4.29603,4.29661
replay,live_calm_thin,100000,23,passive|prints-only,40,0,True,"coinbase>=1,000,000",prints-only,23,1.79116e+09,0.0177434,1.84096e+06,0.440747,5.88333,-5.35471,passive,BTC-USD,sell,1.15953,100000,86241.8,0.00115953,1.55985e+06,1.15953,1,1,86183.7,6.73623,8,79.9461,99932.6,0,6.73623,7.99461,0,14.7308,0,0,14.7308,5.35471,13,34,0,12,60.1583,0,16,18,0,0.0005197,1.46648,1.41226,1.46648,1.41226,2.09602,2.04179,2.09602,2.04179,3.65965,3.60541,3.65965,3.60541
replay,live_calm_thin,100000,23,hybrid|prints-only,40,0,True,"coinbase>=1,000,000",prints-only,23,1.79116e+09,0.0177434,1.84096e+06,0.440747,5.88333,-5.35471,hybrid,BTC-USD,buy,1.15953,100000,86241.8,0.00115953,1.88959e+06,1.15953,1,1,86237.1,-0.543328,8,79.9957,99994.6,0,-0.543328,7.99957,1.0254e-15,7.45624,0,0,7.45624,-5.35471,2,11,0,1,10.6677,0,5,6,0,0,0.243815,0.244394,0.243815,0.244394,0.246326,0.246905,0.246326,0.246905,4.29603,4.29661,4.29603,4.29661
replay,live_calm_thin,100000,23,hybrid|prints-only,40,0,True,"coinbase>=1,000,000",prints-only,23,1.79116e+09,0.0177434,1.84096e+06,0.440747,5.88333,-5.35471,hybrid,BTC-USD,sell,1.15953,100000,86241.8,0.00115953,1.55985e+06,1.15953,1,0.0058534,86178.5,7.34322,17.9414,179.283,585.106,99341.5,7.34322,17.9283,4.618e-08,25.2715,5e-12,0.000861956,25.2715,5.35471,8,14,0,7,42.309,0,4,0,0,0,0.6393,-0.000863262,-0.148061,-0.147481,0.624213,-0.0159495,-2.72541,-2.72483,2.86885,2.22855,-0.600297,-0.599717
replay,live_calm_thin,100000,24,passive|prints-only,40,0,True,"coinbase>=1,000,000",prints-only,24,1.79116e+09,0.0112171,1.7999e+06,0.372798,4.61667,2.08809,passive,BTC-USD,buy,1.16005,100000,86203,0.00116005,2.22587e+06,0.179166,0.154447,1,86212.1,1.05412,8,12.357,15446.3,0,0.162805,1.2357,1.7656,3.1641,0.281767,84575.8,18.6695,2.08809,12,32,0,12,51.1632,0,11,21,0,0,1.30257,1.25646,1.30257,1.25646,1.94221,1.89609,1.94221,1.89609,-1.03232,-1.07845,-1.03232,-1.07845
replay,live_calm_thin,100000,24,passive|prints-only,40,0,True,"coinbase>=1,000,000",prints-only,24,1.79116e+09,0.0112171,1.7999e+06,0.372798,4.61667,2.08809,passive,BTC-USD,sell,1.16005,100000,86203,0.00116005,1.86266e+06,0.666303,0.574373,1,86201.8,0.142172,8,45.9492,57436.5,0,0.0816596,4.59492,-0.888748,3.78783,0.194791,42569.6,11.6452,-2.08809,11,57,0,11,53.992,0,9,48,0,0,0.22944,0.213929,0.22944,0.213929,0.286879,0.271368,0.286879,0.271368,0.650396,0.634885,0.650396,0.634885
replay,live_calm_thin,100000,24,hybrid|prints-only,40,0,True,"coinbase>=1,000,000",prints-only,24,1.79116e+09,0.0112171,1.7999e+06,0.372798,4.61667,2.08809,hybrid,BTC-USD,buy,1.16005,100000,86203,0.00116005,2.22587e+06,1.16005,1,0.151246,86200.1,-0.330078,16.4873,164.868,15126.2,84870.5,-0.330078,16.4868,0,16.1567,0,0,16.1567,2.08809,8,42,0,7,42.0896,0,8,21,0,0,0.225975,-0.403337,1.33238,1.28528,0.32871,-0.300602,2.01164,1.96453,-2.41508,-3.04457,-1.00621,-1.05334
replay,live_calm_thin,100000,24,hybrid|prints-only,40,0,True,"coinbase>=1,000,000",prints-only,24,1.79116e+09,0.0112171,1.7999e+06,0.372798,4.61667,2.08809,hybrid,BTC-USD,sell,1.16005,100000,86203,0.00116005,1.86266e+06,1.16005,1,0.470239,86195.1,0.912752,13.2972,132.96,47024,52966.9,0.912752,13.296,-1.8e-08,14.2087,5e-12,0.00086221,14.2087,-2.08809,8,40,0,7,42.0896,0,3,33,0,0,0.609641,0.376466,0.0262722,0.00719774,0.558085,0.32491,-0.0833645,-0.102439,2.03195,1.79871,0.014484,-0.00459047
replay,live_calm_deep,100000,25,passive|prints-only,40,0,True,"coinbase>=1,000,000",prints-only,25,1.79116e+09,0.00815099,1.85249e+06,0.375442,4.23333,2.29816,passive,BTC-USD,buy,1.15981,100000,86221,0.00115981,2.00272e+06,0.325421,0.280581,1,86219.1,-0.224424,8,22.446,28057.5,0,-0.0629692,2.2446,1.65334,3.83497,0.382731,71962.3,17.1709,2.29816,10,33,0,10,34.788,0,25,8,0,0,1.48767,1.69969,1.48767,1.69969,1.40223,1.61425,1.40223,1.61425,-1.44217,-1.2301,-1.44217,-1.2301
replay,live_calm_deep,100000,25,passive|prints-only,40,0,True,"coinbase>=1,000,000",prints-only,25,1.79116e+09,0.00815099,1.85249e+06,0.375442,4.23333,2.29816,passive,BTC-USD,sell,1.15981,100000,86221,0.00115981,1.76838e+06,0.25371,0.218751,1,86220.8,0.0203528,8,17.5001,21875.1,0,0.0044522,1.75001,-1.79544,-0.0409786,0.598364,78136.8,14.622,-2.29816,11,55,1,10,59.8492,0,9,46,0,0,0.754063,0.624689,0.754063,0.624689,1.15319,1.0238,1.15319,1.0238,1.49723,1.36785,1.49723,1.36785
replay,live_calm_deep,100000,25,hybrid|prints-only,40,0,True,"coinbase>=1,000,000",prints-only,25,1.79116e+09,0.00815099,1.85249e+06,0.375442,4.23333,2.29816,hybrid,BTC-USD,buy,1.15981,100000,86221,0.00115981,2.00272e+06,1.15981,1,0.280581,86231.2,1.18104,15.1946,151.964,28057.5,71954.3,1.18104,15.1964,4.39981e-16,16.3774,0,0,16.3774,2.29816,7,45,0,6,42.2671,0,25,8,0,0,1.39505,0.385954,1.48767,1.69969,1.1475,0.138371,1.40223,1.61425,-0.912796,-1.9221,-1.44217,-1.2301
replay,live_calm_deep,100000,25,hybrid|prints-only,40,0,True,"coinbase>=1,000,000",prints-only,25,1.79116e+09,0.00815099,1.85249e+06,0.375442,4.23333,2.29816,hybrid,BTC-USD,sell,1.15981,100000,86221,0.00115981,1.76838e+06,1.15981,1,0.157589,86219.3,0.202067,16.4241,164.238,15758.7,84239.3,0.202067,16.4238,-0,16.6258,0,0,16.6258,-2.29816,7,40,0,6,42.2671,0,8,26,0,0,0.614096,0.224049,0.76736,0.745957,0.899122,0.509063,0.914416,0.893014,2.44916,2.05903,1.36969,1.34829
replay,live_calm_thin,100000,26,passive|prints-only,40,0,True,"coinbase>=1,000,000",prints-only,26,1.79116e+09,0.00378732,1.8397e+06,0.246614,4.48333,-0.618044,passive,BTC-USD,buy,1.15956,100000,86239.8,0.0220316,2.04024e+06,0.463509,0.399729,1,86246.4,0.769409,8,31.9808,39976,0,0.307555,3.19808,-0.370994,3.13464,0.517114,60028.6,14.4569,-0.618044,5,90,0,5,57.7374,0,41,49,0,0,0.109509,0.0703026,0.109509,0.0703026,0.638552,0.599346,0.638552,0.599346,1.71862,1.67941,1.71862,1.67941
replay,live_calm_thin,100000,26,passive|prints-only,40,0,True,"coinbase>=1,000,000",prints-only,26,1.79116e+09,0.00378732,1.8397e+06,0.246614,4.48333,-0.618044,passive,BTC-USD,sell,1.15956,100000,86239.8,0.0220316,1.9255e+06,0.0687589,0.0592976,1,86241.6,-0.204361,8,4.7439,5929.88,0,-0.0121181,0.47439,0.581396,1.04367,0.650954,94057.9,18.625,0.618044,5,38,0,5,59.5017,0,6,32,0,0,0.681677,0.701949,0.681677,0.701949,0.593143,0.613416,0.593143,0.613416,-0.825743,-0.805487,-0.825743,-0.805487
replay,live_calm_thin,100000,26,hybrid|prints-only,40,0,True,"coinbase>=1,000,000",prints-only,26,1.79116e+09,0.00378732,1.8397e+06,0.246614,4.48333,-0.618044,hybrid,BTC-USD,buy,1.15956,100000,86239.8,0.0220316,2.04024e+06,1.15956,1,0.356649,86254.6,1.71676,14.4338,144.363,35668,64349.1,1.71676,14.4363,-0,16.153,0,0,16.153,-0.618044,3,85,0,2,42.2314,0,39,36,0,0,0.750416,0.00932978,0.0582991,0.0261596,2.11424,1.37329,0.619961,0.587822,2.66024,1.9193,1.8309,1.79876
replay,live_calm_thin,100000,26,hybrid|prints-only,40,0,True,"coinbase>=1,000,000",prints-only,26,1.79116e+09,0.00378732,1.8397e+06,0.246614,4.48333,-0.618044,hybrid,BTC-USD,sell,1.15956,100000,86239.8,0.0220316,1.9255e+06,1.15956,1,0.0561205,86243.4,-0.41691,17.4388,174.395,5612.2,94392,-0.41691,17.4395,0,17.0226,0,0,17.0226,0.618044,3,45,0,2,42.2314,0,6,31,0,0,0.624799,0.0405996,0.71518,0.723436,-1.08777,-1.67186,0.621633,0.629891,-1.33833,-1.92242,-0.859327,-0.851086
replay,live_calm_thin,100000,27,passive|prints-only,40,0,True,"coinbase>=1,000,000",prints-only,27,1.79116e+09,0.00653474,1.80768e+06,0.337175,3.93333,-1.10281,passive,BTC-USD,buy,1.15963,100000,86234.5,0.00115963,1.71953e+06,0.318229,0.274423,1,86232.3,-0.246716,8,21.9533,27441.6,0,-0.0677044,2.19533,-0.800172,1.32745,0.566201,72555.4,14.9536,-1.10281,4,113,0,4,59.4294,0,1,112,0,0,1.43442,1.21917,1.43442,1.21917,1.64288,1.42764,1.64288,1.42764,-1.37674,-1.59205,-1.37674,-1.59205
replay,live_calm_thin,100000,27,passive|prints-only,40,0,True,"coinbase>=1,000,000",prints-only,27,1.79116e+09,0.00653474,1.80768e+06,0.337175,3.93333,-1.10281,passive,BTC-USD,sell,1.15963,100000,86234.5,0.00115963,1.91591e+06,0.0394411,0.0340118,1,86231.7,0.319213,8,2.72086,3401.07,0,0.010857,0.272086,1.0653,1.34824,0.740933,96580.8,19.4737,1.10281,4,13,0,4,56.8886,0,5,8,0,0,0.0221551,0.0293397,0.0221551,0.0293397,-0.91197,-0.904785,-0.91197,-0.904785,4.59291,4.6001,4.59291,4.6001
replay,live_calm_thin,100000,27,hybrid|prints-only,40,0,True,"coinbase>=1,000,000",prints-only,27,1.79116e+09,0.00653474,1.80768e+06,0.337175,3.93333,-1.10281,hybrid,BTC-USD,buy,1.15963,100000,86234.5,0.00115963,1.71953e+06,1.15963,1,0.245358,86222.3,-1.40646,15.5461,155.439,24535.5,75450.5,-1.40646,15.5439,-0,14.1375,0,0,14.1375,-1.10281,3,92,0,2,42.2993,0,1,81,0,0,0.626612,0.329207,1.55118,1.34174,0.697876,0.400473,1.84163,1.6322,-2.89085,-3.18837,-0.791644,-1.00113
replay,live_calm_thin,100000,27,hybrid|prints-only,40,0,True,"coinbase>=1,000,000",prints-only,27,1.79116e+09,0.00653474,1.80768e+06,0.337175,3.93333,-1.10281,hybrid,BTC-USD,sell,1.15963,100000,86234.5,0.00115963,1.91591e+06,1.15963,1,0.0060394,86208.4,3.02034,17.9396,179.342,603.941,99365.9,3.02034,17.9342,0,20.9545,0,0,20.9545,1.10281,3,13,0,2,42.2993,0,4,1,0,0,0.893059,0.000195946,0.0318648,0.0324446,0.890916,-0.00194696,-0.322957,-0.322377,4.7675,3.87429,-0.276809,-0.276229
replay,live_volatile_deep,100000,28,passive|prints-only,40,0,True,"coinbase>=1,000,000",prints-only,28,1.79116e+09,0.0153798,1.92399e+06,0.64214,4.56667,9.58887,passive,BTC-USD,buy,1.15976,100000,86225,0.00115976,1.61537e+06,0.25914,0.223444,1,86305,9.28549,8,17.8921,22365.1,0,2.07478,1.78921,7.4463,11.3103,0.447667,77734.6,25.7502,9.58887,14,25,0,14,58.1409,0,12,13,0,0,2.13944,1.94817,2.13944,1.94817,1.52583,1.33454,1.52583,1.33454,0.519888,0.328593,0.519888,0.328593
replay,live_volatile_deep,100000,28,passive|prints-only,40,0,True,"coinbase>=1,000,000",prints-only,28,1.79116e+09,0.0153798,1.92399e+06,0.64214,4.56667,9.58887,passive,BTC-USD,sell,1.15976,100000,86225,0.00115976,1.96694e+06,1.15976,1,1,86247.9,-2.66655,8,80.0213,100027,0,-2.66655,8.00213,-8.268e-08,5.33558,5e-12,0.000863076,5.33558,-9.58887,5,21,0,4,12.4302,0,3,18,0,0,3.29824,3.28922,3.29824,3.28922,3.35658,3.34756,3.35658,3.34756,5.21244,5.20342,5.21244,5.20342
replay,live_volatile_deep,100000,28,hybrid|prints-only,40,0,True,"coinbase>=1,000,000",prints-only,28,1.79116e+09,0.0153798,1.92399e+06,0.64214,4.56667,9.58887,hybrid,BTC-USD,buy,1.15976,100000,86225,0.00115976,1.61537e+06,1.15976,1,0.0410522,86304.5,9.22211,17.5896,176.058,4107.83,95984.4,9.22211,17.6058,8.268e-08,26.8279,5e-12,0.000863076,26.8279,9.58887,9,22,0,8,42.3519,0,7,5,0,0,-0.165893,-1.44779,-0.0773709,-0.0767922,-0.162837,-1.44473,-0.00292785,-0.00234917,-0.396747,-1.67865,-3.15661,-3.15604
replay,live_volatile_deep,100000,28,hybrid|prints-only,40,0,True,"coinbase>=1,000,000",prints-only,28,1.79116e+09,0.0153798,1.92399e+06,0.64214,4.56667,9.58887,hybrid,BTC-USD,sell,1.15976,100000,86225,0.00115976,1.96694e+06,1.15976,1,1,86247.9,-2.66655,8,80.0213,100027,0,-2.66655,8.00213,-8.268e-08,5.33558,5e-12,0.000863076,5.33558,-9.58887,5,21,0,4,12.4302,0,3,18,0,0,3.29824,3.28922,3.29824,3.28922,3.35658,3.34756,3.35658,3.34756,5.21244,5.20342,5.21244,5.20342
replay,live_calm_thin,100000,0,passive|prints-only,40,0,True,"coinbase>=1,000,000",prints-only,100,1.79116e+09,0.358385,1.02802e+06,0.55548,1.3,4.99443,passive,ETH-USD,buy,36.7237,100000,2723.03,1.06499,907262,0.410962,0.0111906,1,2723.52,1.77644,8,0.895411,1119.26,0,0.0198795,0.0895411,4.93854,5.04796,1.15927,98941.9,24.0168,4.99443,19,11,0,19,56.5157,0,0,11,0,0,0.106971,0.22529,0.106971,0.22529,-0.543288,-0.424959,-0.543288,-0.424959,-2.31711,-2.19876,-2.31711,-2.19876
replay,live_calm_thin,100000,0,passive|prints-only,40,0,True,"coinbase>=1,000,000",prints-only,100,1.79116e+09,0.358385,1.02802e+06,0.55548,1.3,4.99443,passive,ETH-USD,sell,36.7237,100000,2723.03,1.06499,1.3713e+06,6.4016,0.174318,1,2723.89,-3.1371,8,13.9498,17437.3,0,-0.546853,1.39498,-4.12381,-3.27568,0.719281,82602.3,12.312,-4.99443,15,38,0,15,60.2423,0,4,34,0,0.5,0.612837,0.739574,0.612837,0.739574,0.761455,0.888195,0.761455,0.888195,1.51205,1.63879,1.51205,1.63879
replay,live_calm_thin,100000,0,hybrid|prints-only,40,0,True,"coinbase>=1,000,000",prints-only,100,1.79116e+09,0.358385,1.02802e+06,0.55548,1.3,4.99443,hybrid,ETH-USD,buy,36.7237,100000,2723.03,1.06499,907262,36.7237,1,0.0106593,2724.8,6.48083,17.8935,179.051,1066.1,98998.7,6.48083,17.9051,0,24.3859,0,0,24.3859,4.99443,14,20,0,13,42.3799,0,0,8,0,0,1.25044,0.0571197,0.12193,0.248637,0.0633943,-1.13007,-0.53661,-0.409893,-0.104108,-1.29759,-2.62572,-2.49898
replay,live_calm_thin,100000,0,hybrid|prints-only,40,0,True,"coinbase>=1,000,000",prints-only,100,1.79116e+09,0.358385,1.02802e+06,0.55548,1.3,4.99443,hybrid,ETH-USD,sell,36.7237,100000,2723.03,1.06499,1.3713e+06,36.7237,1,0.0957196,2724.13,-4.00521,17.043,170.499,9573.38,90466.7,-4.00521,17.0499,-0,13.0447,0,0,13.0447,-4.99443,11,34,0,10,42.3987,0,4,17,0,0,0.988044,0.0439333,0.89356,0.979106,0.941458,-0.0026491,0.753656,0.839202,2.5416,1.59737,4.46614,4.55171
replay,live_calm_thin,100000,1,passive|prints-only,40,0,True,"coinbase>=1,000,000",prints-only,101,1.79116e+09,0.36538,1.00183e+06,0.598851,1.26667,-4.69791,passive,ETH-USD,buy,36.7024,100000,2724.61,0.770751,735052,6.95871,0.189598,1,2724.37,-0.905794,8,15.1665,18958.1,0,-0.171737,1.51665,-3.8072,-2.46229,0.606163,81008.2,12.7253,-4.69791,27,17,0,27,33.4201,0,7,10,0,0,0.0573975,0.232685,0.0573975,0.232685,-0.230551,-0.0552342,-0.230551,-0.0552342,3.27178,3.44699,3.27178,3.44699
replay,live_calm_thin,100000,1,passive|prints-only,40,0,True,"coinbase>=1,000,000",prints-only,101,1.79116e+09,0.36538,1.00183e+06,0.598851,1.26667,-4.69791,passive,ETH-USD,sell,36.7024,100000,2724.61,0.770751,937291,8.19481,0.223277,1,2723.46,4.24372,8,17.8546,22318.2,0,0.947526,1.78546,3.64898,6.38196,0.825133,77627.5,21.1801,4.69791,22,29,0,22,55.9157,0,3,26,0,0,-0.0976584,-0.0768764,-0.0976584,-0.0768764,-0.371597,-0.350815,-0.371597,-0.350815,-2.26968,-2.24891,-2.26968,-2.24891
replay,live_calm_thin,100000,1,hybrid|prints-only,40,0,True,"coinbase>=1,000,000",prints-only,101,1.79116e+09,0.36538,1.00183e+06,0.598851,1.26667,-4.69791,hybrid,ETH-USD,buy,36.7024,100000,2724.61,0.770751,735052,36.7024,1,0.189598,2723.73,-3.26174,16.1036,160.983,18958.1,81009.3,-3.26174,16.0983,-0,12.8366,0,0,12.8366,-4.69791,22,24,0,21,42.1187,0,7,10,0,0,1.04077,0.490475,0.0573975,0.232685,1.01593,0.465643,-0.230551,-0.0552342,2.84042,2.29019,3.27178,3.44699
replay,live_calm_thin,100000,1,hybrid|prints-only,40,0,True,"coinbase>=1,000,000",prints-only,101,1.79116e+09,0.36538,1.00183e+06,0.598851,1.26667,-4.69791,hybrid,ETH-USD,sell,36.7024,100000,2724.61,0.770751,937291,36.7024,1,0.0230423,2722.83,6.53777,17.7695,177.579,2303.42,97631.2,6.53777,17.7579,-9.09495e-16,24.2957,0,0,24.2957,4.69791,17,28,0,16,42.5658,0,0,14,0,0,1.49707,0.00640052,0.247706,0.277772,1.62233,0.131631,-0.545174,-0.515104,-0.0636202,-1.55406,-1.30493,-1.27487
replay,live_volatile_deep,100000,2,passive|prints-only,40,0,True,"coinbase>=1,000,000",prints-only,102,1.79116e+09,0.186588,1.03906e+06,0.626911,1.83333,4.35128,passive,ETH-USD,buy,36.7197,100000,2723.34,0.0367197,1.02865e+06,4.13067,0.112492,1,2723.6,0.973357,8,9.00023,11250.3,0,0.109495,0.900023,3.8618,4.87132,1.14195,88800.8,21.9974,4.35128,19,19,0,19,53.8155,0,4,15,0,0,1.6595,1.53192,1.6595,1.53192,1.21263,1.08504,1.21263,1.08504,-3.19898,-3.32662,-3.19898,-3.32662
replay,live_volatile_deep,100000,2,passive|prints-only,40,0,True,"coinbase>=1,000,000",prints-only,102,1.79116e+09,0.186588,1.03906e+06,0.626911,1.83333,4.35128,passive,ETH-USD,sell,36.7197,100000,2723.34,0.0367197,1.10417e+06,10.5345,0.286889,1,2723.21,0.470074,8,22.9501,28687.6,0,0.134859,2.29501,-3.10295,-0.673081,0.58933,71336.2,12.7568,-4.35128,21,61,0,21,57.9753,0,6,55,0,0,1.05123,1.00397,1.05123,1.00397,1.39372,1.34645,1.39372,1.34645,5.50555,5.45827,5.50555,5.45827
replay,live_volatile_deep,100000,2,hybrid|prints-only,40,0,True,"coinbase>=1,000,000",prints-only,102,1.79116e+09,0.186588,1.03906e+06,0.626911,1.83333,4.35128,hybrid,ETH-USD,buy,36.7197,100000,2723.34,0.0367197,1.02865e+06,36.7197,1,0.0747723,2723.86,1.92609,17.2525,172.558,7476.6,92542.7,1.92609,17.2558,0,19.1819,0,0,19.1819,4.35128,14,27,0,13,42.5003,0,2,13,0,0,1.20306,0.0825493,1.3052,1.10401,0.862107,-0.258437,0.833788,0.632591,-6.03297,-7.15431,-2.57087,-2.77216
replay,live_volatile_deep,100000,2,hybrid|prints-only,40,0,True,"coinbase>=1,000,000",prints-only,102,1.79116e+09,0.186588,1.03906e+06,0.626911,1.83333,4.35128,hybrid,ETH-USD,sell,36.7197,100000,2723.34,0.0367197,1.10417e+06,36.7197,1,0.212991,2723.26,0.292415,15.8703,158.699,21296.2,78700.9,0.292415,15.8699,-0,16.1623,0,0,16.1623,-4.35128,17,44,0,16,42.4997,0,0,31,0,0,1.02062,0.260545,1.26251,1.22327,1.28029,0.520189,1.26054,1.2213,7.70814,6.94749,4.91396,4.8747
replay,live_volatile_thin,100000,3,passive|prints-only,40,0,True,"coinbase>=1,000,000",prints-only,103,1.79116e+09,0.256636,917198,0.629256,1.53333,5.78071,passive,ETH-USD,buy,36.7029,100000,2724.58,0.367029,785582,4.47937,0.122044,1,2726.29,6.27605,8,9.76965,12212.1,0,0.765954,0.976965,5.07521,6.81813,0.916255,87855.5,23.5484,5.78071,21,23,1,20,60.1336,0,0,23,0,0.757797,1.01719,0.930606,1.01719,0.930606,1.59196,1.50539,1.59196,1.50539,5.5159,5.42941,5.5159,5.42941
replay,live_volatile_thin,100000,3,passive|prints-only,40,0,True,"coinbase>=1,000,000",prints-only,103,1.79116e+09,0.256636,917198,0.629256,1.53333,5.78071,passive,ETH-USD,sell,36.7029,100000,2724.58,0.367029,973162,15.52,0.422854,1,2725.14,-2.05451,8,33.8353,42294.1,0,-0.86876,3.38353,-3.33631,-0.821544,0.741261,57740.5,10.313,-5.78071,20,36,1,19,49.0629,0,0,36,0,0,1.51882,1.84948,1.51882,1.84948,2.86258,3.19328,2.86258,3.19328,1.90146,2.23215,1.90146,2.23215
replay,live_volatile_thin,100000,3,hybrid|prints-only,40,0,True,"coinbase>=1,000,000",prints-only,103,1.79116e+09,0.256636,917198,0.629256,1.53333,5.78071,hybrid,ETH-USD,buy,36.7029,100000,2724.58,0.367029,785582,36.7029,1,0.0497037,2726.48,6.96501,17.5031,175.153,4972.47,95097.2,6.96501,17.5153,0,24.4803,0,0,24.4803,5.78071,16,26,1,14,42.583,0,0,15,0,0,1.33097,0.213574,-0.00722614,0.0890411,0.434893,-0.68261,-0.504869,-0.408595,5.94178,4.82492,0.195869,0.292114
replay,live_volatile_thin,100000,3,hybrid|prints-only,40,0,True,"coinbase>=1,000,000",prints-only,103,1.79116e+09,0.256636,917198,0.629256,1.53333,5.78071,hybrid,ETH-USD,sell,36.7029,100000,2724.58,0.367029,973162,36.7029,1,0.30424,2725.57,-3.62429,14.9587,149.641,30424.2,69612,-3.62429,14.9641,-0,11.3398,0,0,11.3398,-5.78071,15,36,1,13,42.5604,0,0,24,0,0,0.892465,0.473746,1.73207,2.06046,2.27535,1.85661,4.18016,4.50864,-1.47561,-1.89404,5.02217,5.35071
replay,live_calm_deep,100000,4,passive|prints-only,40,0,True,"coinbase>=1,000,000",prints-only,104,1.79116e+09,0.252671,1.04415e+06,0.585852,1.85,-14.3067,passive,ETH-USD,buy,36.6837,100000,2726.01,0.0366837,911618,11.8082,0.321893,1,2723.19,-10.3362,8,25.7248,32156,0,-3.32716,2.57248,-9.70144,-10.4561,0.881083,67722.5,2.61502,-14.3067,19,39,0,19,58.7157,0,5,34,0,0,1.42825,1.13933,1.42825,1.13933,0.840265,0.551314,0.840265,0.551314,1.5083,1.21934,1.5083,1.21934
replay,live_calm_deep,100000,4,passive|prints-only,40,0,True,"coinbase>=1,000,000",prints-only,104,1.79116e+09,0.252671,1.04415e+06,0.585852,1.85,-14.3067,passive,ETH-USD,sell,36.6837,100000,2726.01,0.0366837,785324,2.0767,0.0566111,1,2722.62,12.4258,8,4.52326,5654.07,0,0.703435,0.452326,13.4967,14.6525,1.24957,94191.4,32.8565,14.3067,26,20,0,26,59.0254,0,5,15,0,0,0.353982,0.401017,0.353982,0.401017,0.291111,0.338143,0.291111,0.338143,1.26437,1.31141,1.26437,1.31141
replay,live_calm_deep,100000,4,hybrid|prints-only,40,0,True,"coinbase>=1,000,000",prints-only,104,1.79116e+09,0.252671,1.04415e+06,0.585852,1.85,-14.3067,hybrid,ETH-USD,buy,36.6837,100000,2726.01,0.0366837,911618,36.6837,1,0.123188,2723.44,-9.40784,16.7678,167.52,12310.6,87595.3,-9.40784,16.752,-0,7.34416,0,0,7.34416,-14.3067,15,37,0,14,42.4687,0,4,22,0,0,1.14506,-0.14538,1.3288,1.17242,2.22195,0.93165,2.09916,1.9428,2.55927,1.26897,5.62155,5.46523
replay,live_calm_deep,100000,4,hybrid|prints-only,40,0,True,"coinbase>=1,000,000",prints-only,104,1.79116e+09,0.252671,1.04415e+06,0.585852,1.85,-14.3067,hybrid,ETH-USD,sell,36.6837,100000,2726.01,0.0366837,785324,36.6837,1,0.0454788,2722.54,12.7038,17.5452,175.229,4542.14,95330.8,12.7038,17.5229,3.9e-09,30.2268,3.5e-11,2.72207e-05,30.2268,14.3067,17,21,0,16,42.4807,0,2,6,0,0,1.73724,0.338236,0.489649,0.500072,0.674622,-0.724225,0.637196,0.647619,0.824951,-0.573911,1.62995,1.64037
replay,live_volatile_thin,100000,5,passive|prints-only,40,0,True,"coinbase>=1,000,000",prints-only,105,1.79116e+09,0.237232,953110,0.641681,1.28333,4.77572,passive,ETH-USD,buy,36.7363,100000,2722.11,0.257154,970062,1.73594,0.0472541,1,2722.69,2.14658,8,3.78114,4726.43,0,0.101435,0.378114,4.55004,5.02959,0.765341,95327.7,22.9539,4.77572,17,15,0,17,55.981,0,9,6,0,0,1.6093,1.66783,1.6093,1.66783,0.907927,0.96646,0.907927,0.96646,-5.00557,-4.94703,-5.00557,-4.94703
replay,live_volatile_thin,100000,5,passive|prints-only,40,0,True,"coinbase>=1,000,000",prints-only,105,1.79116e+09,0.237232,953110,0.641681,1.28333,4.77572,passive,ETH-USD,sell,36.7363,100000,2722.11,0.257154,942075,6.31633,0.171937,1,2722.73,-2.30473,8,13.7581,17197.7,0,-0.396269,1.37581,-3.95459,-2.97505,1.08015,82835,13.0154,-4.77572,20,28,0,20,57.1605,0,12,16,0,0,-0.169254,-0.149411,-0.169254,-0.149411,1.37284,1.39269,1.37284,1.39269,1.40571,1.42555,1.40571,1.42555
replay,live_volatile_thin,100000,5,hybrid|prints-only,40,0,True,"coinbase>=1,000,000",prints-only,105,1.79116e+09,0.237232,953110,0.641681,1.28333,4.77572,hybrid,ETH-USD,buy,36.7363,100000,2722.11,0.257154,970062,36.7363,1,0.0423772,2722.48,1.37887,17.5762,175.786,4238.57,95775.2,1.37887,17.5786,0,18.9575,0,0,18.9575,4.77572,15,28,0,14,42.4947,0,6,6,0,0,1.37156,-0.095656,1.83042,1.89358,1.39634,-0.0708731,1.58508,1.64823,-6.28126,-7.7496,-5.27945,-5.21629
replay,live_volatile_thin,100000,5,hybrid|prints-only,40,0,True,"coinbase>=1,000,000",prints-only,105,1.79116e+09,0.237232,953110,0.641681,1.28333,4.77572,hybrid,ETH-USD,sell,36.7363,100000,2722.11,0.257154,942075,36.7363,1,0.118436,2721.8,1.12884,16.8152,168.133,11846.3,88142.4,1.12884,16.8133,-0,17.9422,0,0,17.9422,-4.77572,16,29,0,15,42.4747,0,8,5,0,0,1.31397,0.0756038,-0.738762,-0.728886,1.45546,0.217101,0.729395,0.739275,8.21581,6.97649,0.377624,0.387503
replay,live_volatile_thin,100000,6,passive|prints-only,40,0,True,"coinbase>=1,000,000",prints-only,106,1.79116e+09,0.223051,913400,0.712183,1.5,2.05625,passive,ETH-USD,buy,36.7187,100000,2723.4,0.0367187,999679,10.2355,0.278754,1,2724.37,3.5493,8,22.3083,27885.3,0,0.989383,2.23083,1.48306,4.70327,0.479881,72144.2,18.1691,2.05625,23,22,0,23,47.9094,0,5,17,0,0,1.18172,1.40044,1.18172,1.40044,0.996501,1.21523,0.996501,1.21523,0.897268,1.11596,0.897268,1.11596
replay,live_volatile_thin,100000,6,passive|prints-only,40,0,True,"coinbase>=1,000,000",prints-only,106,1.79116e+09,0.223051,913400,0.712183,1.5,2.05625,passive,ETH-USD,sell,36.7187,100000,2723.4,0.0367187,943151,1.59218,0.0433615,1,2723.58,-0.641667,8,3.46915,4336.43,0,-0.0278237,0.346915,-1.96709,-1.648,1.48614,95668.7,17.0585,-2.05625,20,18,1,19,55.147,0,0,18,0,0,2.06306,1.58272,2.06306,1.58272,1.75908,1.27876,1.75908,1.27876,1.35076,0.870493,1.35076,0.870493
replay,live_volatile_thin,100000,6,hybrid|prints-only,40,0,True,"coinbase>=1,000,000",prints-only,106,1.79116e+09,0.223051,913400,0.712183,1.5,2.05625,hybrid,ETH-USD,buy,36.7187,100000,2723.4,0.0367187,999679,36.7187,1,0.216827,2724.27,3.19419,15.8315,158.366,21691.4,78340.5,3.19419,15.8366,0,19.0308,0,0,19.0308,2.05625,19,28,0,18,42.4396,0,5,13,0,0,0.79659,-0.00693438,1.20991,1.55926,1.3723,0.568835,1.41218,1.76154,1.63007,0.826618,1.87178,2.22111
replay,live_volatile_thin,100000,6,hybrid|prints-only,40,0,True,"coinbase>=1,000,000",prints-only,106,1.79116e+09,0.223051,913400,0.712183,1.5,2.05625,hybrid,ETH-USD,sell,36.7187,100000,2723.4,0.0367187,943151,36.7187,1,0.0329921,2723.65,-0.889259,17.6701,176.717,3299.4,96709.5,-0.889259,17.6717,-0,16.7824,0,0,16.7824,-2.05625,16,28,1,14,42.4389,0,0,11,0,0,1.40598,0.479937,2.26729,1.63455,0.738096,-0.187884,1.93216,1.29944,0.512599,-0.41336,1.01605,0.383408
replay,live_volatile_thin,100000,7,passive|prints-only,40,0,True,"coinbase>=1,000,000",prints-only,107,1.79116e+09,0.121518,929151,0.611711,1.38333,11.5463,passive,ETH-USD,buy,36.7132,100000,2723.82,0.0367132,823508,4.75309,0.129465,1,2726.54,10.0044,8,10.3676,12959.5,0,1.29522,1.03676,10.0515,12.3834,0.876635,87162.7,28.9494,11.5463,18,3,1,17,52.6619,0,0,3,0,0,0.458457,0.539661,0.458457,0.539661,0.678516,0.759718,0.678516,0.759718,-2.60403,-2.5228,-2.60403,-2.5228
replay,live_volatile_thin,100000,7,passive|prints-only,40,0,True,"coinbase>=1,000,000",prints-only,107,1.79116e+09,0.121518,929151,0.611711,1.38333,11.5463,passive,ETH-USD,sell,36.7132,100000,2723.82,0.0367132,980168,12.0387,0.327912,1,2725.59,-6.50005,8,26.25,32812.6,0,-2.13145,2.625,-7.76013,-7.26657,0.350803,67282.8,5.19514,-11.5463,20,34,0,20,59.286,0,1,33,0,0,1.14355,1.11259,1.14355,1.11259,1.00737,0.976388,1.00737,0.976388,4.12894,4.09796,4.12894,4.09796
replay,live_volatile_thin,100000,7,hybrid|prints-only,40,0,True,"coinbase>=1,000,000",prints-only,107,1.79116e+09,0.121518,929151,0.611711,1.38333,11.5463,hybrid,ETH-USD,buy,36.7132,100000,2723.82,0.0367132,823508,36.7132,1,0,2726.73,10.6917,18,180.192,0,100107,10.6917,18.0192,-2.23466e-15,28.7109,0,0,28.7109,11.5463,14,11,1,12,42.2766,0,0,0,0,0,1.21832,-0.0733575,,,0.448169,-0.843611,,,1.58506,0.29343,,
replay,live_volatile_thin,100000,7,hybrid|prints-only,40,0,True,"coinbase>=1,000,000",prints-only,107,1.79116e+09,0.121518,929151,0.611711,1.38333,11.5463,hybrid,ETH-USD,sell,36.7132,100000,2723.82,0.0367132,980168,36.7132,1,0.264292,2725.98,-7.9538,15.3577,153.699,26444,73635.6,-7.9538,15.3699,-0,7.41612,0,0,7.41612,-11.5463,16,22,0,15,42.2456,0,1,17,0,0,0.809302,0.351026,1.21052,1.12397,1.39951,0.941199,1.29941,1.21285,1.45704,0.99878,4.68246,4.59589
replay,live_volatile_thin,100000,8,passive|prints-only,40,0,True,"coinbase>=1,000,000",prints-only,108,1.79116e+09,0.362939,953611,0.888819,1.75,1.96189,passive,ETH-USD,buy,36.6709,100000,2726.96,0.146683,890375,4.13973,0.112889,1,2726.75,-0.776668,8,9.0304,11288,0,-0.0876771,0.90304,1.74042,2.55578,1.28507,88741.4,19.8143,1.96189,24,20,1,23,52.1441,0,2,18,0,0,0.877099,1.0486,0.877099,1.0486,-0.644317,-0.472798,-0.644317,-0.472798,-0.924214,-0.752733,-0.924214,-0.752733
replay,live_volatile_thin,100000,8,passive|prints-only,40,0,True,"coinbase>=1,000,000",prints-only,108,1.79116e+09,0.362939,953611,0.888819,1.75,1.96189,passive,ETH-USD,sell,36.6709,100000,2726.96,0.146683,1.00675e+06,21.048,0.573971,1,2726.53,1.59,8,45.9104,57388,0,0.912615,4.59104,-0.835823,4.66783,0.223989,42609,12.5614,-1.96189,27,56,0,27,55.9295,0,6,50,0,0,2.37568,2.63155,2.37568,2.63155,2.80058,3.05647,2.80058,3.05647,1.38779,1.64363,1.38779,1.64363
replay,live_volatile_thin,100000,8,hybrid|prints-only,40,0,True,"coinbase>=1,000,000",prints-only,108,1.79116e+09,0.362939,953611,0.888819,1.75,1.96189,hybrid,ETH-USD,buy,36.6709,100000,2726.96,0.146683,890375,36.6709,1,0.110381,2727.67,2.61299,16.8966,169.01,11037.2,88988.9,2.61299,16.901,0,19.514,0,0,19.514,1.96189,19,35,0,18,42.4824,0,2,16,0,0,3.0603,1.56996,0.897861,1.07284,3.23536,1.74507,-0.618546,-0.443547,2.32394,0.8335,-0.898138,-0.723177
replay,live_volatile_thin,100000,8,hybrid|prints-only,40,0,True,"coinbase>=1,000,000",prints-only,108,1.79116e+09,0.362939,953611,0.888819,1.75,1.96189,hybrid,ETH-USD,sell,36.6709,100000,2726.96,0.146683,1.00675e+06,36.6709,1,0.546765,2726.8,0.597919,12.5329,125.322,54667.3,45326.7,0.597919,12.5322,-5.35e-10,13.1301,5e-12,2.72749e-05,13.1301,-1.96189,22,54,0,21,42.4967,0,1,46,0,0,0.905559,0.759682,2.48813,2.74194,0.946342,0.800483,2.88188,3.1357,0.54531,0.3994,1.32773,1.58151
replay,live_volatile_deep,100000,9,passive|prints-only,40,0,True,"coinbase>=1,000,000",prints-only,109,1.79116e+09,0.131104,1.10305e+06,0.691096,1.76667,0.146655,passive,ETH-USD,buy,36.6637,100000,2727.49,0.0366637,942174,6.571,0.179224,1,2727.74,0.880194,8,14.3392,17924,0,0.157752,1.43392,0.120371,1.71204,0.847544,82087.3,17.3353,0.146655,25,21,0,25,56.3792,0,2,19,0,0,1.03159,1.01433,1.03159,1.01433,1.43466,1.41739,1.43466,1.41739,-1.29701,-1.31426,-1.29701,-1.31426
replay,live_volatile_deep,100000,9,passive|prints-only,40,0,True,"coinbase>=1,000,000",prints-only,109,1.79116e+09,0.131104,1.10305e+06,0.691096,1.76667,0.146655,passive,ETH-USD,sell,36.6637,100000,2727.49,0.0366637,1.05919e+06,11.5529,0.315104,1,2727.46,0.141589,8,25.208,31510,0,0.0446152,2.5208,-0.100443,2.46497,0.706549,68483.5,15.4986,-0.146655,21,27,0,21,32.0428,0,3,24,0,0,0.907746,0.775583,0.907746,0.775583,1.71069,1.57854,1.71069,1.57854,-0.79473,-0.926824,-0.79473,-0.926824
replay,live_volatile_deep,100000,9,hybrid|prints-only,40,0,True,"coinbase>=1,000,000",prints-only,109,1.79116e+09,0.131104,1.10305e+06,0.691096,1.76667,0.146655,hybrid,ETH-USD,buy,36.6637,100000,2727.49,0.0366637,942174,36.6637,1,0.117554,2727.47,-0.106391,16.8242,168.24,11757.6,88241.3,-0.106391,16.824,0,16.7177,0,0,16.7177,0.146655,19,25,0,18,42.5167,0,2,13,0,0,1.38061,0.146012,1.3236,1.24209,0.490841,-0.743899,2.28683,2.20531,-1.55845,-2.79344,0.129617,0.0480892
replay,live_volatile_deep,100000,9,hybrid|prints-only,40,0,True,"coinbase>=1,000,000",prints-only,109,1.79116e+09,0.131104,1.10305e+06,0.691096,1.76667,0.146655,hybrid,ETH-USD,sell,36.6637,100000,2727.49,0.0366637,1.05919e+06,36.6637,1,0.315104,2727.14,1.28594,14.8486,148.467,31510,68477.2,1.28594,14.8467,-0,16.1326,0,0,16.1326,-0.146655,18,29,0,17,42.5283,0,3,24,0,0,0.322049,0.244389,0.907746,0.775583,1.35363,1.27598,1.71069,1.57854,1.95807,1.88042,-0.79473,-0.926824
replay,live_volatile_deep,100000,10,passive|prints-only,40,0,True,"coinbase>=1,000,000",prints-only,110,1.79116e+09,0.207891,1.12054e+06,0.621929,1.65,-0.329968,passive,ETH-USD,buy,36.6631,100000,2727.53,0.0366631,1.01598e+06,17.5509,0.478707,1,2727.33,-0.75011,8,38.2937,47867.1,0,-0.359083,3.82937,-0.17201,3.29828,0.713111,52134.7,13.3956,-0.329968,27,22,0,27,51.9486,0,2,20,0,0,0.46137,0.441448,0.46137,0.441448,0.503049,0.48313,0.503049,0.48313,-1.57255,-1.59247,-1.57255,-1.59247
replay,live_volatile_deep,100000,10,passive|prints-only,40,0,True,"coinbase>=1,000,000",prints-only,110,1.79116e+09,0.207891,1.12054e+06,0.621929,1.65,-0.329968,passive,ETH-USD,sell,36.6631,100000,2727.53,0.0366631,1.21169e+06,28.5355,0.778315,1,2727.23,1.11086,8,62.2583,77822.9,0,0.864603,6.22583,0.0731489,7.16358,0.152495,22166.2,11.306,0.329968,20,45,0,20,59.3274,0,7,38,0,0,0.609749,0.829967,0.609749,0.829967,0.1932,0.413375,0.1932,0.413375,2.12603,2.3463,2.12603,2.3463
replay,live_volatile_deep,100000,10,hybrid|prints-only,40,0,True,"coinbase>=1,000,000",prints-only,110,1.79116e+09,0.207891,1.12054e+06,0.621929,1.65,-0.329968,hybrid,ETH-USD,buy,36.6631,100000,2727.53,0.0366631,1.01598e+06,36.6631,1,0.0571233,2728.08,2.01011,17.4288,174.323,5713.43,94306.7,2.01011,17.4323,-8.99999e-11,19.4424,9.49999e-11,2.72754e-05,19.4424,-0.329968,19,27,0,18,42.7291,0,1,13,0,0,1.85694,0.46917,1.36036,1.25431,3.22446,1.83689,2.00617,1.90014,-0.872682,-2.26087,3.49136,3.38535
replay,live_volatile_deep,100000,10,hybrid|prints-only,40,0,True,"coinbase>=1,000,000",prints-only,110,1.79116e+09,0.207891,1.12054e+06,0.621929,1.65,-0.329968,hybrid,ETH-USD,sell,36.6631,100000,2727.53,0.0366631,1.21169e+06,36.6631,1,0.0687036,2727.47,0.256319,17.3128,173.124,6871.63,93125.8,0.256319,17.3124,0,17.5687,0,0,17.5687,0.329968,14,30,0,13,42.7306,0,4,18,0,0,0.526877,-0.376383,0.352333,0.236591,-0.808807,-1.71194,0.0455647,-0.0701589,3.17026,2.26674,-2.1749,-2.2906
replay,live_calm_deep,100000,11,passive|prints-only,40,0,True,"coinbase>=1,000,000",prints-only,111,1.79116e+09,0.194573,1.10666e+06,0.565819,1.1,5.3343,passive,ETH-USD,buy,36.6619,100000,2727.63,0.219971,892736,3.88761,0.10604,1,2729.16,5.59204,8,8.48791,10609.9,0,0.592978,0.848791,4.76865,6.21042,0.80793,89451.8,23.1197,5.3343,24,12,0,24,59.9613,0,1,11,0,0,1.15309,1.15112,1.15309,1.15112,0.657918,0.655953,0.657918,0.655953,3.48601,3.48405,3.48601,3.48405
replay,live_calm_deep,100000,11,passive|prints-only,40,0,True,"coinbase>=1,000,000",prints-only,111,1.79116e+09,0.194573,1.10666e+06,0.565819,1.1,5.3343,passive,ETH-USD,sell,36.6619,100000,2727.63,0.219971,1.06994e+06,10.2298,0.279031,1,2728.22,-2.17931,8,22.3274,27909.2,0,-0.608096,2.23274,-3.84586,-2.22122,1.14729,72123.8,11.9084,-5.3343,23,26,0,23,50.4779,0,2,24,0,0,1.07458,1.13575,1.07458,1.13575,1.5066,1.56778,1.5066,1.56778,3.46323,3.52443,3.46323,3.52443
replay,live_calm_deep,100000,11,hybrid|prints-only,40,0,True,"coinbase>=1,000,000",prints-only,111,1.79116e+09,0.194573,1.10666e+06,0.565819,1.1,5.3343,hybrid,ETH-USD,buy,36.6619,100000,2727.63,0.219971,892736,36.6619,1,0.00192566,2728.68,3.85736,17.9808,179.877,192.562,99846,3.85736,17.9877,1.455e-09,21.8451,5e-12,2.72909e-05,21.8451,5.3343,18,19,0,17,42.2009,0,1,5,0,0,1.05808,-0.420829,0.0213117,-0.067341,-1.59602,-3.07532,-1.15058,-1.23925,-1.8741,-3.35345,-3.10107,-3.18972
replay,live_calm_deep,100000,11,hybrid|prints-only,40,0,True,"coinbase>=1,000,000",prints-only,111,1.79116e+09,0.194573,1.10666e+06,0.565819,1.1,5.3343,hybrid,ETH-USD,sell,36.6619,100000,2727.63,0.219971,1.06994e+06,36.6619,1,0.114689,2728.01,-1.37596,16.8532,168.556,11469.1,88544.7,-1.37596,16.8556,-1.455e-09,15.4796,5e-12,2.72908e-05,15.4796,-5.3343,18,29,0,17,42.4923,0,1,13,0,0,1.19651,0.21873,0.608083,0.775451,3.58223,2.60419,1.17823,1.34562,4.26038,3.28232,4.68606,4.8535
replay,live_calm_deep,100000,12,passive|prints-only,40,0,True,"coinbase>=1,000,000",prints-only,112,1.79116e+09,0.199832,1.07443e+06,0.52058,1.35,-0.219872,passive,ETH-USD,buy,36.6453,100000,2728.86,0.0366453,1.07144e+06,2.82704,0.0771461,1,2729.3,1.5895,8,6.17267,7715.84,0,0.122624,0.617267,-0.202909,0.536981,1.1224,92294.6,18.2724,-0.219872,20,9,0,20,55.0954,0,1,8,0,0,0.313824,0.454178,0.313824,0.454178,3.77484,3.91514,3.77484,3.91514,2.90635,3.04667,2.90635,3.04667
replay,live_calm_deep,100000,12,passive|prints-only,40,0,True,"coinbase>=1,000,000",prints-only,112,1.79116e+09,0.199832,1.07443e+06,0.52058,1.35,-0.219872,passive,ETH-USD,sell,36.6453,100000,2728.86,0.0366453,964337,11.4408,0.312205,1,2728.55,1.15653,8,24.9735,31216.9,0,0.361073,2.49735,0.151227,3.00965,0.706861,68770.9,16.0953,0.219872,19,29,0,19,59.3314,0,3,26,0,0,0.656048,0.6271,0.656048,0.6271,1.31431,1.28535,1.31431,1.28535,0.0924839,0.0635239,0.0924839,0.0635239
replay,live_calm_deep,100000,12,hybrid|prints-only,40,0,True,"coinbase>=1,000,000",prints-only,112,1.79116e+09,0.199832,1.07443e+06,0.52058,1.35,-0.219872,hybrid,ETH-USD,buy,36.6453,100000,2728.86,0.0366453,1.07144e+06,36.6453,1,0.0769451,2728.91,0.174459,17.2304,172.307,7695.74,92306,0.174459,17.2307,-0,17.4052,0,0,17.4052,-0.219872,17,18,0,16,42.3894,0,1,6,0,0,1.68249,0.288697,0.314596,0.454455,1.52687,0.133014,3.78723,3.92705,1.42572,0.0318565,2.91222,3.05205
replay,live_calm_deep,100000,12,hybrid|prints-only,40,0,True,"coinbase>=1,000,000",prints-only,112,1.79116e+09,0.199832,1.07443e+06,0.52058,1.35,-0.219872,hybrid,ETH-USD,sell,36.6453,100000,2728.86,0.0366453,964337,36.6453,1,0.297291,2728.32,2.00505,15.0269,150.238,29725.5,70254.4,2.00505,15.0238,0,17.0289,0,0,17.0289,0.219872,17,28,0,16,42.3894,0,3,20,0,0,0.629078,0.000446012,0.680932,0.651237,1.15266,0.524,1.35914,1.32943,0.835467,0.206801,0.205537,0.175829
replay,live_calm_deep,100000,13,passive|prints-only,40,0,True,"coinbase>=1,000,000",prints-only,113,1.79116e+09,0.28948,1.10041e+06,0.570574,1.36667,-8.72177,passive,ETH-USD,buy,36.6461,100000,2728.81,0.0366461,947751,36.6461,1,1,2727.61,-4.37519,8,79.965,99956.2,0,-4.37519,7.9965,-2.38e-09,3.62131,5e-12,2.72643e-05,3.62131,-8.72177,10,17,0,9,38.029,0,0,17,0,0,2.5091,2.41754,2.5091,2.41754,1.8137,1.72213,1.8137,1.72213,6.12303,6.0315,6.12303,6.0315
replay,live_calm_deep,100000,13,passive|prints-only,40,0,True,"coinbase>=1,000,000",prints-only,113,1.79116e+09,0.28948,1.10041e+06,0.570574,1.36667,-8.72177,passive,ETH-USD,sell,36.6461,100000,2728.81,0.0366461,1.18383e+06,4.26574,0.116404,1,2728.71,0.364651,8,9.31197,11640,0,0.0424468,0.931197,7.70652,8.68016,1.49812,88267.6,26.0664,8.72177,27,14,0,27,48.2486,0,0,14,0,0,-0.512747,-0.729284,-0.512747,-0.729284,-0.558734,-0.775267,-0.558734,-0.775267,-2.84301,-3.0595,-2.84301,-3.0595
replay,live_calm_deep,100000,13,hybrid|prints-only,40,0,True,"coinbase>=1,000,000",prints-only,113,1.79116e+09,0.28948,1.10041e+06,0.570574,1.36667,-8.72177,hybrid,ETH-USD,buy,36.6461,100000,2728.81,0.0366461,947751,36.6461,1,1,2727.61,-4.37519,8,79.965,99956.2,0,-4.37519,7.9965,-2.38e-09,3.62131,5e-12,2.72643e-05,3.62131,-8.72177,10,17,0,9,38.029,0,0,17,0,0,2.5091,2.41754,2.5091,2.41754,1.8137,1.72213,1.8137,1.72213,6.12303,6.0315,6.12303,6.0315
replay,live_calm_deep,100000,13,hybrid|prints-only,40,0,True,"coinbase>=1,000,000",prints-only,113,1.79116e+09,0.28948,1.10041e+06,0.570574,1.36667,-8.72177,hybrid,ETH-USD,sell,36.6461,100000,2728.81,0.0366461,1.18383e+06,36.6461,1,0.114459,2727.23,5.78966,16.8548,168.45,11445.7,88496.5,5.78966,16.845,-1.69109e-15,22.6347,0,0,22.6347,8.72177,18,26,0,17,42.1967,0,0,13,0,0,0.170843,-0.734959,-0.526444,-0.747595,-1.60481,-2.51043,-0.577886,-0.799033,-4.94307,-5.84838,-2.7913,-3.01239
replay,live_volatile_deep,100000,14,passive|prints-only,40,0,True,"coinbase>=1,000,000",prints-only,114,1.79116e+09,0.27149,1.04925e+06,0.732589,1.96667,-7.68406,passive,ETH-USD,buy,36.6781,100000,2726.43,0.0366781,1.21301e+06,34.3579,0.936742,1,2724.34,-7.64145,8,74.8821,93602.6,0,-7.15807,7.48821,-0.486076,-0.155932,0.028099,6321.2,1.00998,-7.68406,27,49,2,25,56.9573,0,4,45,0,0,0.582866,0.737269,0.582866,0.737269,0.0522988,0.206746,0.0522988,0.206746,0.623629,0.778022,0.623629,0.778022
replay,live_volatile_deep,100000,14,passive|prints-only,40,0,True,"coinbase>=1,000,000",prints-only,114,1.79116e+09,0.27149,1.04925e+06,0.732589,1.96667,-7.68406,passive,ETH-USD,sell,36.6781,100000,2726.43,0.0366781,1.00643e+06,9.30158,0.253601,1,2724.23,8.05655,8,20.2717,25339.6,0,2.04315,2.02717,5.73537,9.80569,0.820238,74574.4,24.0493,7.68406,24,25,0,24,54.6928,0,1,24,0,0,2.08119,2.37398,2.08119,2.37398,-0.187229,0.105488,-0.187229,0.105488,0.439732,0.732463,0.439732,0.732463
replay,live_volatile_deep,100000,14,hybrid|prints-only,40,0,True,"coinbase>=1,000,000",prints-only,114,1.79116e+09,0.27149,1.04925e+06,0.732589,1.96667,-7.68406,hybrid,ETH-USD,buy,36.6781,100000,2726.43,0.0366781,1.21301e+06,36.6781,1,0.932769,2724.34,-7.65437,8.6723,86.6566,93205.6,6717.81,-7.65437,8.66566,-0,1.01128,0,0,1.01128,-7.68406,23,53,2,20,42.4956,0,4,44,0,0,0.594464,0.70719,0.586834,0.742287,0.0992889,0.212055,0.0572911,0.212787,0.605282,0.717995,0.643409,0.798851
replay,live_volatile_deep,100000,14,hybrid|prints-only,40,0,True,"coinbase>=1,000,000",prints-only,114,1.79116e+09,0.27149,1.04925e+06,0.732589,1.96667,-7.68406,hybrid,ETH-USD,sell,36.6781,100000,2726.43,0.0366781,1.00643e+06,36.6781,1,0.231971,2723.96,9.05798,15.68,156.658,23178.6,76730.8,9.05798,15.6658,0,24.7238,0,0,24.7238,7.68406,21,38,0,20,42.2339,0,1,21,0,0,0.946614,0.244032,2.26241,2.57123,0.564681,-0.137939,-0.23491,0.0738253,1.11225,0.409585,0.120001,0.428747
replay,live_calm_thin,100000,15,passive|prints-only,40,0,True,"coinbase>=1,000,000",prints-only,115,1.79116e+09,0.341146,1.02576e+06,0.510257,1.28333,1.15628,passive,ETH-USD,buy,36.7072,100000,2724.26,0.146829,860962,14.8296,0.403996,1,2725.06,2.93746,8,32.3292,40411.4,0,1.18672,3.23292,0.689146,5.10878,0.661486,59613.9,16.5008,1.15628,22,18,1,21,52.5019,0,3,15,0,0,0.110914,0.403447,0.110914,0.403447,1.58133,1.87382,1.58133,1.87382,2.02706,2.31954,2.02706,2.31954
replay,live_calm_thin,100000,15,passive|prints-only,40,0,True,"coinbase>=1,000,000",prints-only,115,1.79116e+09,0.341146,1.02576e+06,0.510257,1.28333,1.15628,passive,ETH-USD,sell,36.7072,100000,2724.26,0.146829,1.16318e+06,2.78901,0.0759799,1,2724.56,-1.08719,8,6.07905,7598.81,0,-0.0826047,0.607905,-1.06842,-0.543123,0.960318,92403.1,17.0498,-1.15628,22,24,0,22,59.474,0,3,21,0,0,0.755915,0.793297,0.755915,0.793297,1.07662,1.11402,1.07662,1.11402,0.114774,0.152157,0.114774,0.152157
replay,live_calm_thin,100000,15,hybrid|prints-only,40,0,True,"coinbase>=1,000,000",prints-only,115,1.79116e+09,0.341146,1.02576e+06,0.510257,1.28333,1.15628,hybrid,ETH-USD,buy,36.7072,100000,2724.26,0.146829,860962,36.7072,1,0.0349501,2725.07,2.98737,17.6505,176.558,3496.04,96533.8,2.98737,17.6558,0,20.6431,0,0,20.6431,1.15628,17,21,1,15,43.5484,0,2,5,0,0,1.23442,0.139083,-0.0493178,-0.0740446,1.43091,0.335585,1.01281,0.988107,0.782748,-0.312648,1.21293,1.18826
replay,live_calm_thin,100000,15,hybrid|prints-only,40,0,True,"coinbase>=1,000,000",prints-only,115,1.79116e+09,0.341146,1.02576e+06,0.510257,1.28333,1.15628,hybrid,ETH-USD,sell,36.7072,100000,2724.26,0.146829,1.16318e+06,36.7072,1,0.0525043,2724.46,-0.745645,17.475,174.763,5250.76,94756.7,-0.745645,17.4763,2.23821e-16,16.7306,0,0,16.7306,-1.15628,13,34,0,12,43.5418,0,1,15,0,0,0.956157,-0.0822879,0.973609,1.08193,0.850042,-0.188384,1.93321,2.04155,1.46824,0.429738,1.45352,1.56184
replay,live_volatile_deep,100000,16,passive|prints-only,40,0,True,"coinbase>=1,000,000",prints-only,116,1.79116e+09,0.42181,1.03408e+06,0.975984,1.23333,-5.61555,passive,ETH-USD,buy,36.703,100000,2724.57,0.844168,967909,21.0993,0.574866,1,2724.41,-0.60186,8,45.9865,57483.1,0,-0.345988,4.59865,-2.38737,1.86529,0.409009,42493.7,9.92316,-5.61555,22,33,0,22,44.3104,0,0,33,0,0,3.8558,3.80081,3.8558,3.80081,4.84221,4.78723,4.84221,4.78723,5.68885,5.63386,5.68885,5.63386
replay,live_volatile_deep,100000,16,passive|prints-only,40,0,True,"coinbase>=1,000,000",prints-only,116,1.79116e+09,0.42181,1.03408e+06,0.975984,1.23333,-5.61555,passive,ETH-USD,sell,36.703,100000,2724.57,0.844168,1.04109e+06,6.01635,0.16392,1,2724.41,0.606397,8,13.1128,16391,0,0.0994004,1.31128,4.69505,6.10573,1.06149,83550.4,22.2063,5.61555,23,19,0,23,60.0166,0,0,19,0,0.5,1.0934,1.25628,1.0934,1.25628,-0.292268,-0.129427,-0.292268,-0.129427,-4.84922,-4.68647,-4.84922,-4.68647
replay,live_volatile_deep,100000,16,hybrid|prints-only,40,0,True,"coinbase>=1,000,000",prints-only,116,1.79116e+09,0.42181,1.03408e+06,0.975984,1.23333,-5.61555,hybrid,ETH-USD,buy,36.703,100000,2724.57,0.844168,967909,36.703,1,0.574349,2723.85,-2.66389,12.2553,122.521,57431.4,42541.9,-2.66389,12.2521,-1.53e-09,9.58817,5e-12,2.72305e-05,9.58817,-5.61555,17,36,0,16,42.4107,0,0,30,0,0,2.66091,2.20075,3.85954,3.80451,3.03256,2.57238,4.8468,4.79179,3.04301,2.58278,5.69508,5.64006
replay,live_volatile_deep,100000,16,hybrid|prints-only,40,0,True,"coinbase>=1,000,000",prints-only,116,1.79116e+09,0.42181,1.03408e+06,0.975984,1.23333,-5.61555,hybrid,ETH-USD,sell,36.703,100000,2724.57,0.844168,1.04109e+06,36.703,1,0.139692,2722.75,6.69522,16.6021,165.91,13969.6,85963.4,6.69522,16.591,1.53e-09,23.2862,5e-12,2.72304e-05,23.2862,5.61555,17,23,0,16,42.4107,0,0,9,0,0,1.31231,0.160307,1.15411,1.37376,1.4586,0.306536,-0.626372,-0.40676,1.68756,0.535354,-5.88691,-5.66741
replay,live_volatile_deep,100000,17,passive|prints-only,40,0,True,"coinbase>=1,000,000",prints-only,117,1.79116e+09,0.246567,1.10537e+06,1.02999,2.06667,-7.47246,passive,ETH-USD,buy,36.7197,100000,2723.34,0.477356,1.03468e+06,26.3842,0.718529,1,2722.1,-4.53865,8,57.4562,71820.3,0,-3.26115,5.74562,-2.10328,0.381196,0.190024,28128,5.63425,-7.47246,32,44,0,32,54.4733,0,2,42,0,0,3.28088,3.22288,3.28088,3.22288,1.56672,1.50872,1.56672,1.50872,5.32194,5.26396,5.32194,5.26396
replay,live_volatile_deep,100000,17,passive|prints-only,40,0,True,"coinbase>=1,000,000",prints-only,117,1.79116e+09,0.246567,1.10537e+06,1.02999,2.06667,-7.47246,passive,ETH-USD,sell,36.7197,100000,2723.34,0.477356,1.18039e+06,28.8512,0.785716,1,2721.99,4.92867,8,62.8263,78532.8,0,3.87253,6.28263,1.60123,11.7564,0.139613,21411,15.75,7.47246,34,42,1,33,56.773,0,3,39,0,0,0.311647,0.307635,0.311647,0.307635,0.572423,0.568411,0.572423,0.568411,-3.25747,-3.26148,-3.25747,-3.26148
replay,live_volatile_deep,100000,17,hybrid|prints-only,40,0,True,"coinbase>=1,000,000",prints-only,117,1.79116e+09,0.246567,1.10537e+06,1.02999,2.06667,-7.47246,hybrid,ETH-USD,buy,36.7197,100000,2723.34,0.477356,1.03468e+06,36.7197,1,0.13191,2722.52,-2.97741,16.6809,166.759,13187.4,86782.8,-2.97741,16.6759,-1.44595e-15,13.6985,0,0,13.6985,-7.47246,21,31,0,20,42.4955,0,1,18,0,0,2.14739,0.637143,1.06132,1.08279,3.35626,1.84623,1.04024,1.06171,5.43266,3.92288,5.78292,5.80437
replay,live_volatile_deep,100000,17,hybrid|prints-only,40,0,True,"coinbase>=1,000,000",prints-only,117,1.79116e+09,0.246567,1.10537e+06,1.02999,2.06667,-7.47246,hybrid,ETH-USD,sell,36.7197,100000,2723.34,0.477356,1.18039e+06,36.7197,1,0.231572,2721.94,5.10979,15.684,156.759,23148.6,76800.3,5.10979,15.6759,0,20.7857,0,0,20.7857,7.47246,21,38,0,20,42.4955,0,2,30,0,0,0.393782,-0.202083,0.99016,1.01688,-1.08367,-1.67945,-0.757179,-0.73047,-3.07897,-3.67465,-3.82636,-3.79966
replay,live_volatile_thin,100000,18,passive|prints-only,40,0,True,"coinbase>=1,000,000",prints-only,118,1.79116e+09,0.313599,979777,0.683433,0.95,-0.973799,passive,ETH-USD,buy,36.7471,100000,2721.3,0.220483,1.13485e+06,0.743027,0.02022,1,2721.17,-0.470295,8,1.61752,2021.9,0,-0.00950937,0.161752,-0.954109,-0.801866,0.440628,97972.9,17.2739,-0.973799,24,7,0,24,59.5533,0,2,5,0,0,1.94454,1.97723,1.94454,1.97723,0.744988,0.777685,0.744988,0.777685,3.64606,3.67875,3.64606,3.67875
replay,live_volatile_thin,100000,18,passive|prints-only,40,0,True,"coinbase>=1,000,000",prints-only,118,1.79116e+09,0.313599,979777,0.683433,0.95,-0.973799,passive,ETH-USD,sell,36.7471,100000,2721.3,0.220483,1.12298e+06,1.00674,0.0273963,1,2720.88,1.53976,8,2.19137,2739.21,0,0.0421837,0.219137,0.947121,1.20844,2.31645,97227.7,21.0259,0.973799,28,19,0,28,53.5387,0,3,16,0,0,-0.706103,-0.841093,-0.706103,-0.841093,0.197874,0.0628686,0.197874,0.0628686,-1.67054,-1.8055,-1.67054,-1.8055
replay,live_volatile_thin,100000,18,hybrid|prints-only,40,0,True,"coinbase>=1,000,000",prints-only,118,1.79116e+09,0.313599,979777,0.683433,0.95,-0.973799,hybrid,ETH-USD,buy,36.7471,100000,2721.3,0.220483,1.13485e+06,36.7471,1,0.0123574,2720.62,-2.49107,17.8764,178.719,1235.75,98739.3,-2.49107,17.8719,1.88294e-16,15.3809,0,0,15.3809,-0.973799,18,11,0,17,42.6695,0,0,2,0,0,0.75172,-0.113483,2.54917,2.56835,-0.174421,-1.0397,1.04514,1.06432,0.766122,-0.0990818,3.71459,3.73377
replay,live_volatile_thin,100000,18,hybrid|prints-only,40,0,True,"coinbase>=1,000,000",prints-only,118,1.79116e+09,0.313599,979777,0.683433,0.95,-0.973799,hybrid,ETH-USD,sell,36.7471,100000,2721.3,0.220483,1.12298e+06,36.7471,1,0.0268754,2720.11,4.389,17.7312,177.234,2687.12,97269,4.389,17.7234,0,22.1124,0,0,22.1124,0.973799,24,32,0,23,42.6271,0,3,14,0,0,1.16311,0.119269,-0.748283,-0.886246,2.08254,1.0386,0.183544,0.0455662,1.13878,0.0949436,-1.65341,-1.79135
replay,live_volatile_thin,100000,19,passive|prints-only,40,0,True,"coinbase>=1,000,000",prints-only,119,1.79116e+09,0.186078,1.01185e+06,0.699742,1.66667,-2.84846,passive,ETH-USD,buy,36.7543,100000,2720.77,0.808595,1.10088e+06,14.9939,0.40795,1,2720.05,-2.64351,8,32.6274,40784.2,0,-1.07842,3.26274,-1.68643,0.497889,0.340146,59191.5,11.4925,-2.84846,19,44,0,19,52.5043,0,6,38,0,0,0.711511,0.591298,0.711511,0.591298,1.00432,0.884105,1.00432,0.884105,1.01977,0.899568,1.01977,0.899568
replay,live_volatile_thin,100000,19,passive|prints-only,40,0,True,"coinbase>=1,000,000",prints-only,119,1.79116e+09,0.186078,1.01185e+06,0.699742,1.66667,-2.84846,passive,ETH-USD,sell,36.7543,100000,2720.77,0.808595,1.08819e+06,5.53929,0.150711,1,2719.57,4.42883,8,12.0516,15064.5,0,0.667475,1.20516,2.41916,4.2918,1.01557,84894.5,20.5884,2.84846,18,16,0,18,55.2452,0,0,16,0,0,1.9427,1.79856,1.9427,1.79856,-0.7482,-0.892295,-0.7482,-0.892295,2.60903,2.46488,2.60903,2.46488
replay,live_volatile_thin,100000,19,hybrid|prints-only,40,0,True,"coinbase>=1,000,000",prints-only,119,1.79116e+09,0.186078,1.01185e+06,0.699742,1.66667,-2.84846,hybrid,ETH-USD,buy,36.7543,100000,2720.77,0.808595,1.10088e+06,36.7543,1,0.401907,2719.93,-3.10144,13.9807,139.764,40180.3,59788.7,-3.10144,13.9764,-0,10.8749,0,0,10.8749,-2.84846,13,42,0,12,42.4794,0,4,29,0,0,0.882191,0.194861,0.716954,0.594281,1.79929,1.11205,1.02912,0.906452,0.03783,-0.649604,1.10556,0.982897
replay,live_volatile_thin,100000,19,hybrid|prints-only,40,0,True,"coinbase>=1,000,000",prints-only,119,1.79116e+09,0.186078,1.01185e+06,0.699742,1.66667,-2.84846,hybrid,ETH-USD,sell,36.7543,100000,2720.77,0.808595,1.08819e+06,36.7543,1,0.132376,2719.15,5.97135,16.676,166.661,13231.8,86708.5,5.97135,16.6661,0,22.6374,0,0,22.6374,2.84846,14,33,0,13,42.4861,0,0,14,0,0,1.82679,0.325431,2.14302,1.97637,0.252978,-1.24818,-1.06828,-1.23488,3.32782,1.82621,2.51458,2.34792
replay,live_calm_thin,100000,20,passive|prints-only,40,0,True,"coinbase>=1,000,000",prints-only,120,1.79116e+09,0.202785,1.01873e+06,0.606251,1.11667,-1.08456,passive,ETH-USD,buy,36.7648,100000,2719.99,0.0367648,783628,1.3334,0.0362684,1,2720.68,2.50273,8,2.9022,3627.75,0,0.0907699,0.29022,-1.04523,-0.664236,0.930922,96372,17.6136,-1.08456,23,12,0,23,56.4124,0,0,12,0,0,1.31067,1.33991,1.31067,1.33991,1.30829,1.33754,1.30829,1.33754,5.37005,5.39927,5.37005,5.39927
replay,live_calm_thin,100000,20,passive|prints-only,40,0,True,"coinbase>=1,000,000",prints-only,120,1.79116e+09,0.202785,1.01873e+06,0.606251,1.11667,-1.08456,passive,ETH-USD,sell,36.7648,100000,2719.99,0.0367648,1.07537e+06,0.595582,0.0161998,1,2719.83,0.624126,8,1.2959,1619.88,0,0.0101107,0.12959,1.06699,1.20669,1.38343,98355.5,20.2941,1.08456,21,17,0,21,55.3555,0,3,14,0,0,0.515631,0.777909,0.515631,0.777909,0.173404,0.435682,0.173404,0.435682,-2.37215,-2.10994,-2.37215,-2.10994
replay,live_calm_thin,100000,20,hybrid|prints-only,40,0,True,"coinbase>=1,000,000",prints-only,120,1.79116e+09,0.202785,1.01873e+06,0.606251,1.11667,-1.08456,hybrid,ETH-USD,buy,36.7648,100000,2719.99,0.0367648,783628,36.7648,1,0.03138,2719.7,-1.06925,17.6861,176.842,3138.99,96850.3,-1.06925,17.6842,-0,16.6149,0,0,16.6149,-1.08456,20,27,0,19,42.4547,0,0,10,0,0,1.64141,0.0845911,1.59237,1.56055,1.54992,-0.00691196,1.51428,1.48246,1.28584,-0.271054,5.58343,5.55162
replay,live_calm_thin,100000,20,hybrid|prints-only,40,0,True,"coinbase>=1,000,000",prints-only,120,1.79116e+09,0.202785,1.01873e+06,0.606251,1.11667,-1.08456,hybrid,ETH-USD,sell,36.7648,100000,2719.99,0.0367648,1.07537e+06,36.7648,1,0.00642013,2718.94,3.88476,17.9358,179.288,642.144,99319,3.88476,17.9288,2.95e-10,21.8135,7.99999e-11,2.71962e-05,21.8135,1.08456,19,35,0,18,42.4427,0,2,13,0,0,1.06791,-0.0355931,0.0889707,0.147341,1.15238,0.048861,-0.984757,-0.926388,1.61058,0.50701,-3.61059,-3.55222
replay,live_calm_thin,100000,21,passive|prints-only,40,0,True,"coinbase>=1,000,000",prints-only,121,1.79116e+09,0.186738,1.02345e+06,0.542032,1.96667,-2.33487,passive,ETH-USD,buy,36.7696,100000,2719.64,0.147078,1.02256e+06,26.0253,0.707796,1,2719.14,-1.85263,8,56.6132,70766.5,0,-1.31128,5.66132,-0.682258,3.66778,0.274777,29216.4,9.2015,-2.33487,26,52,0,26,56.3813,0,5,47,0,0,0.74578,0.759133,0.74578,0.759133,0.360881,0.374219,0.360881,0.374219,0.502225,0.515544,0.502225,0.515544
replay,live_calm_thin,100000,21,passive|prints-only,40,0,True,"coinbase>=1,000,000",prints-only,121,1.79116e+09,0.186738,1.02345e+06,0.542032,1.96667,-2.33487,passive,ETH-USD,sell,36.7696,100000,2719.64,0.147078,928350,5.59208,0.152084,1,2718.85,2.91394,8,12.1632,15204,0,0.443165,1.21632,1.97977,3.63926,0.754608,84764.2,19.6514,2.33487,22,26,0,22,59.3917,0,6,20,0,0,0.703326,0.717964,0.703326,0.717964,0.577425,0.59206,0.577425,0.59206,0.317016,0.331637,0.317016,0.331637
replay,live_calm_thin,100000,21,hybrid|prints-only,40,0,True,"coinbase>=1,000,000",prints-only,121,1.79116e+09,0.186738,1.02345e+06,0.542032,1.96667,-2.33487,hybrid,ETH-USD,buy,36.7696,100000,2719.64,0.147078,1.02256e+06,36.7696,1,0.54861,2719.23,-1.51018,12.5139,125.12,54852.4,45132.5,-1.51018,12.512,-6.35e-10,11.0019,5e-12,2.71901e-05,11.0019,-2.33487,22,55,0,21,42.5679,0,4,41,0,0,0.726616,0.235173,0.644127,0.610236,0.932332,0.4409,0.565235,0.531317,1.09166,0.600191,1.17336,1.13941
replay,live_calm_thin,100000,21,hybrid|prints-only,40,0,True,"coinbase>=1,000,000",prints-only,121,1.79116e+09,0.186738,1.02345e+06,0.542032,1.96667,-2.33487,hybrid,ETH-USD,sell,36.7696,100000,2719.64,0.147078,928350,36.7696,1,0.107288,2718.73,3.35072,16.9271,169.214,10725.9,89240.6,3.35072,16.9214,-4.51195e-16,20.2721,0,0,20.2721,2.33487,18,24,0,17,42.6018,0,3,9,0,0,1.12657,0.289341,0.777943,0.860712,0.592908,-0.24427,0.394686,0.477452,0.849857,0.0126444,-0.423936,-0.341182
replay,live_calm_thin,100000,22,passive|prints-only,40,0,True,"coinbase>=1,000,000",prints-only,122,1.79116e+09,0.131797,1.01515e+06,0.527653,1.6,0.183891,passive,ETH-USD,buy,36.7782,100000,2719.01,0.0367782,1.00998e+06,1.75709,0.0477755,1,2719.53,1.93859,8,3.82278,4778.48,0,0.0926171,0.382278,0.175105,0.65,0.9918,95234.1,18.7839,0.183891,17,14,0,17,50.6222,0,7,7,0,0,1.21942,1.31638,1.21942,1.31638,1.61884,1.7158,1.61884,1.7158,1.74706,1.84403,1.74706,1.84403
replay,live_calm_thin,100000,22,passive|prints-only,40,0,True,"coinbase>=1,000,000",prints-only,122,1.79116e+09,0.131797,1.01515e+06,0.527653,1.6,0.183891,passive,ETH-USD,sell,36.7782,100000,2719.01,0.0367782,957961,6.47737,0.17612,1,2718.99,0.0428076,8,14.0895,17611.9,0,0.00753928,1.40895,-0.151504,1.26499,1.01976,82379.3,17.113,-0.183891,16,44,0,16,59.9413,0,6,38,0,0,1.00748,0.875682,1.00748,0.875682,0.795137,0.663358,0.795137,0.663358,0.480221,0.348435,0.480221,0.348435
replay,live_calm_thin,100000,22,hybrid|prints-only,40,0,True,"coinbase>=1,000,000",prints-only,122,1.79116e+09,0.131797,1.01515e+06,0.527653,1.6,0.183891,hybrid,ETH-USD,buy,36.7782,100000,2719.01,0.0367782,1.00998e+06,36.7782,1,0.0475475,2719.41,1.50386,17.5245,175.271,4755.67,95259.4,1.50386,17.5271,0,19.031,0,0,19.031,0.183891,17,28,0,16,42.3215,0,7,5,0,0,1.29417,0.0628447,1.22394,1.32173,1.31325,0.0819271,1.62528,1.72306,0.881519,-0.349866,1.75288,1.85066
replay,live_calm_thin,100000,22,hybrid|prints-only,40,0,True,"coinbase>=1,000,000",prints-only,122,1.79116e+09,0.131797,1.01515e+06,0.527653,1.6,0.183891,hybrid,ETH-USD,sell,36.7782,100000,2719.01,0.0367782,957961,36.7782,1,0.154794,2718.77,0.876567,16.4519,164.505,15479.3,84511.9,0.876567,16.4505,3.55271e-17,17.3271,0,0,17.3271,-0.183891,15,47,0,14,42.3166,0,3,33,0,0,1.19808,0.154726,1.14881,0.999561,1.15987,0.116519,0.901965,0.752736,1.4988,0.455397,0.581039,0.431801
replay,live_calm_deep,100000,23,passive|prints-only,40,0,True,"coinbase>=1,000,000",prints-only,123,1.79116e+09,0.171535,1.06488e+06,0.456831,2.11667,-0.956215,passive,ETH-USD,buy,36.7775,100000,2719.06,0.0367775,1.10971e+06,36.0372,0.979871,1,2718.95,-0.388486,8,78.3866,97983.3,0,-0.380666,7.83866,-0.019248,7.43875,0.00606979,2012.8,7.80712,-0.956215,10,77,0,10,54.3475,0,2,75,0,0,0.374626,0.400646,0.374626,0.400646,0.239499,0.265518,0.239499,0.265518,3.80723,3.83322,3.80723,3.83322
replay,live_calm_deep,100000,23,passive|prints-only,40,0,True,"coinbase>=1,000,000",prints-only,123,1.79116e+09,0.171535,1.06488e+06,0.456831,2.11667,-0.956215,passive,ETH-USD,sell,36.7775,100000,2719.06,0.0367775,1.00179e+06,4.70559,0.127948,1,2718.55,1.8603,8,10.2339,12792.4,0,0.238021,1.02339,0.833869,2.09528,0.983761,87187.1,18.7727,0.956215,19,20,0,19,59.7153,0,7,13,0,0,0.308148,0.230817,0.308148,0.230817,0.160386,0.0830569,0.160386,0.0830569,0.236281,0.15891,0.236281,0.15891
replay,live_calm_deep,100000,23,hybrid|prints-only,40,0,True,"coinbase>=1,000,000",prints-only,123,1.79116e+09,0.171535,1.06488e+06,0.456831,2.11667,-0.956215,hybrid,ETH-USD,buy,36.7775,100000,2719.06,0.0367775,1.10971e+06,36.7775,1,0.939909,2718.94,-0.437499,8.6007,86.0032,93988.9,6006.7,-0.437499,8.60032,-2.6e-10,8.16282,5e-12,2.7188e-05,8.16282,-0.956215,7,60,0,6,42.5169,0,2,54,0,0,0.345688,0.35222,0.340713,0.375914,0.305805,0.31234,0.262997,0.2982,3.76997,3.77647,4.16151,4.19669
replay,live_calm_deep,100000,23,hybrid|prints-only,40,0,True,"coinbase>=1,000,000",prints-only,123,1.79116e+09,0.171535,1.06488e+06,0.456831,2.11667,-0.956215,hybrid,ETH-USD,sell,36.7775,100000,2719.06,0.0367775,1.00179e+06,36.7775,1,0.0892833,2717.61,5.30204,17.1067,170.977,8927.97,91019,5.30204,17.0977,0,22.3997,0,0,22.3997,0.956215,10,27,0,9,42.5188,0,7,6,0,0,1.26663,0.0204309,0.030518,0.0411785,0.726168,-0.519965,-0.392479,-0.381817,3.62019,2.37364,-1.94847,-1.93781
replay,live_calm_thin,100000,24,passive|prints-only,40,0,True,"coinbase>=1,000,000",prints-only,124,1.79116e+09,0.133614,1.00795e+06,0.587045,1.13333,4.50567,passive,ETH-USD,buy,36.781,100000,2718.8,0.036781,863859,12.3863,0.336758,1,2719.38,2.13515,8,26.9464,33683,0,0.719028,2.69464,2.98835,6.40202,0.695974,66361,19.043,4.50567,25,12,0,25,58.3845,0,2,10,0,0,1.20774,1.46996,1.20774,1.46996,2.8617,3.12388,2.8617,3.12388,-2.47465,-2.21232,-2.47465,-2.21232
replay,live_calm_thin,100000,24,passive|prints-only,40,0,True,"coinbase>=1,000,000",prints-only,124,1.79116e+09,0.133614,1.00795e+06,0.587045,1.13333,4.50567,passive,ETH-USD,sell,36.781,100000,2718.8,0.036781,1.18108e+06,5.48443,0.14911,1,2719,-0.753058,8,11.9297,14912.2,0,-0.112289,1.19297,-3.83383,-2.75315,0.797545,85119.3,13.3659,-4.50567,24,24,0,24,57.7585,0,4,20,0,0,1.458,1.41961,1.458,1.41961,1.9593,1.9209,1.9593,1.9209,2.07759,2.03918,2.07759,2.03918
replay,live_calm_thin,100000,24,hybrid|prints-only,40,0,True,"coinbase>=1,000,000",prints-only,124,1.79116e+09,0.133614,1.00795e+06,0.587045,1.13333,4.50567,hybrid,ETH-USD,buy,36.781,100000,2718.8,0.036781,863859,36.781,1,0.321035,2719.18,1.40179,14.7895,147.915,32109.8,67904.3,1.40179,14.7915,8.70415e-16,16.1933,0,0,16.1933,4.50567,18,19,0,17,42.064,0,0,9,0,0,0.269113,-0.124532,1.20478,1.47894,-0.00542779,-0.399145,2.91634,3.19047,-3.83079,-4.2246,-2.73806,-2.46378
replay,live_calm_thin,100000,24,hybrid|prints-only,40,0,True,"coinbase>=1,000,000",prints-only,124,1.79116e+09,0.133614,1.00795e+06,0.587045,1.13333,4.50567,hybrid,ETH-USD,sell,36.781,100000,2718.8,0.036781,1.18108e+06,36.781,1,0.134169,2718.62,0.634968,16.6582,166.571,13417.3,86576.4,0.634968,16.6571,-8.70415e-16,17.2921,0,0,17.2921,-4.50567,17,25,0,16,42.0471,0,4,13,0,0,2.03759,0.977074,1.59685,1.58607,3.17301,2.11237,2.22604,2.21525,5.76581,4.70485,2.44207,2.43127
replay,live_calm_deep,100000,25,passive|prints-only,40,0,True,"coinbase>=1,000,000",prints-only,125,1.79116e+09,0.232377,1.0708e+06,0.538807,1.08333,3.10659,passive,ETH-USD,buy,36.7644,100000,2720.02,0.588231,1.04161e+06,0.434873,0.0118286,1,2720.46,1.60527,8,0.946442,1183.05,0,0.0189881,0.0946442,3.06985,3.18348,0.863178,98856.5,21.8408,3.10659,22,9,0,22,58.6309,0,0,9,0,0,-0.0433694,-0.0767231,-0.0433694,-0.0767231,-0.781521,-0.814894,-0.781521,-0.814894,-1.3302,-1.36356,-1.3302,-1.36356
replay,live_calm_deep,100000,25,passive|prints-only,40,0,True,"coinbase>=1,000,000",prints-only,125,1.79116e+09,0.232377,1.0708e+06,0.538807,1.08333,3.10659,passive,ETH-USD,sell,36.7644,100000,2720.02,0.588231,1.01995e+06,2.06894,0.0562756,1,2720.32,-1.10711,8,4.50255,5628.19,0,-0.0623036,0.450255,-2.93177,-2.54382,1.08772,94390.9,15.5343,-3.10659,25,25,0,25,57.2058,0,0,25,0,0,0.460721,0.330457,0.460721,0.330457,0.471272,0.341006,0.471272,0.341006,0.750799,0.620515,0.750799,0.620515
replay,live_calm_deep,100000,25,hybrid|prints-only,40,0,True,"coinbase>=1,000,000",prints-only,125,1.79116e+09,0.232377,1.0708e+06,0.538807,1.08333,3.10659,hybrid,ETH-USD,buy,36.7644,100000,2720.02,0.588231,1.04161e+06,36.7644,1,0.00237746,2720.93,3.32932,17.9762,179.822,237.744,99795.5,3.32932,17.9822,1.20082e-15,21.3115,0,0,21.3115,3.10659,18,21,0,17,42.4083,0,0,4,0,0,1.78768,0.457301,-0.32767,-0.450065,1.17857,-0.151896,-2.0719,-2.19433,-0.177485,-1.50813,-1.84177,-1.96419
replay,live_calm_deep,100000,25,hybrid|prints-only,40,0,True,"coinbase>=1,000,000",prints-only,125,1.79116e+09,0.232377,1.0708e+06,0.538807,1.08333,3.10659,hybrid,ETH-USD,sell,36.7644,100000,2720.02,0.588231,1.01995e+06,36.7644,1,0.0418325,2720.2,-0.65208,17.5817,175.828,4183.64,95822.9,-0.65208,17.5828,-0,16.9307,0,0,16.9307,-3.10659,20,34,0,19,42.4611,0,0,20,0,0,0.887475,-0.422447,0.495219,0.425417,1.47336,0.163362,0.60728,0.537473,3.14804,1.83781,0.222673,0.152865
replay,live_calm_deep,100000,26,passive|prints-only,40,0,True,"coinbase>=1,000,000",prints-only,126,1.79116e+09,0.223384,1.05082e+06,0.491667,0.733333,-1.56198,passive,ETH-USD,buy,36.7525,100000,2720.9,0.0367525,1.15225e+06,1.51877,0.0413244,1,2720.76,-0.545678,8,3.30577,4132.21,0,-0.0225498,0.330577,-1.49743,-1.18941,1.07905,95863.4,17.1451,-1.56198,25,7,0,25,46.8983,0,0,7,0,0,0.830687,0.668458,0.830687,0.668458,0.981228,0.819015,0.981228,0.819015,1.99555,1.83336,1.99555,1.83336
replay,live_calm_deep,100000,26,passive|prints-only,40,0,True,"coinbase>=1,000,000",prints-only,126,1.79116e+09,0.223384,1.05082e+06,0.491667,0.733333,-1.56198,passive,ETH-USD,sell,36.7525,100000,2720.9,0.0367525,1.10022e+06,2.16662,0.0589516,1,2720.82,0.308555,8,4.71598,5894.98,0,0.0181898,0.471598,1.4699,1.95969,0.96367,94080.5,19.8578,1.56198,18,22,0,18,58.911,0,1,21,0,0,0.646725,0.574274,0.646725,0.574274,0.866951,0.794517,0.866951,0.794517,-1.47686,-1.54928,-1.47686,-1.54928
replay,live_calm_deep,100000,26,hybrid|prints-only,40,0,True,"coinbase>=1,000,000",prints-only,126,1.79116e+09,0.223384,1.05082e+06,0.491667,0.733333,-1.56198,hybrid,ETH-USD,buy,36.7525,100000,2720.9,0.0367525,1.15225e+06,36.7525,1,0.0101307,2721.31,1.4773,17.8987,179.014,1012.94,99001.8,1.4773,17.9014,-3.01981e-16,19.3787,0,0,19.3787,-1.56198,22,15,0,21,42.1873,0,0,4,0,0,1.16519,0.239532,0.255288,0.303497,3.30528,2.37982,-0.338438,-0.290227,4.84273,3.91742,-1.1747,-1.12648
replay,live_calm_deep,100000,26,hybrid|prints-only,40,0,True,"coinbase>=1,000,000",prints-only,126,1.79116e+09,0.223384,1.05082e+06,0.491667,0.733333,-1.56198,hybrid,ETH-USD,sell,36.7525,100000,2720.9,0.0367525,1.10022e+06,36.7525,1,0.0565987,2720.66,0.918594,17.434,174.324,5659.73,94331.1,0.918594,17.4324,0,18.351,0,0,18.351,1.56198,16,28,0,15,42.5107,0,0,14,0,0,1.25426,-0.191839,0.66044,0.592204,-0.777852,-2.22364,0.903406,0.835188,-2.38938,-3.83495,-1.53159,-1.5998
replay,live_volatile_deep,100000,27,passive|prints-only,40,0,True,"coinbase>=1,000,000",prints-only,127,1.79116e+09,0.162821,1.10806e+06,0.640321,1.3,-5.49535,passive,ETH-USD,buy,36.7582,100000,2720.48,0.220549,1.07143e+06,33.6185,0.914584,1,2720.08,-1.47856,8,73.1559,91444.9,0,-1.35226,7.31559,-0.469391,5.49394,0.0210936,8537.11,7.05171,-5.49535,14,49,0,14,58.5272,0,1,48,0,0,2.84448,2.69003,2.84448,2.69003,2.82685,2.67241,2.82685,2.67241,-1.74986,-1.90439,-1.74986,-1.90439
replay,live_volatile_deep,100000,27,passive|prints-only,40,0,True,"coinbase>=1,000,000",prints-only,127,1.79116e+09,0.162821,1.10806e+06,0.640321,1.3,-5.49535,passive,ETH-USD,sell,36.7582,100000,2720.48,0.220549,1.17929e+06,0.796337,0.0216642,1,2719.54,3.43806,8,1.73254,2165.67,0,0.0744828,0.173254,5.3763,5.62404,1.00269,97769.8,24.2253,5.49535,12,8,0,12,48.9437,0,0,8,0,0,1.86639,1.97475,1.86639,1.97475,-1.22152,-1.11319,-1.22152,-1.11319,3.83028,3.93867,3.83028,3.93867
replay,live_volatile_deep,100000,27,hybrid|prints-only,40,0,True,"coinbase>=1,000,000",prints-only,127,1.79116e+09,0.162821,1.10806e+06,0.640321,1.3,-5.49535,hybrid,ETH-USD,buy,36.7582,100000,2720.48,0.220549,1.07143e+06,36.7582,1,0.0758093,2719.86,-2.2798,17.2418,172.378,7580.72,92396.5,-2.2798,17.2378,-0,14.958,0,0,14.958,-5.49535,9,32,0,8,42.4383,0,0,23,0,0,1.36435,0.793332,0.503375,0.603182,1.21142,0.640381,1.62362,1.72341,-1.91834,-2.48957,0.679554,0.779358
replay,live_volatile_deep,100000,27,hybrid|prints-only,40,0,True,"coinbase>=1,000,000",prints-only,127,1.79116e+09,0.162821,1.10806e+06,0.640321,1.3,-5.49535,hybrid,ETH-USD,sell,36.7582,100000,2720.48,0.220549,1.17929e+06,36.7582,1,0.000135095,2719.07,5.19912,17.9986,179.893,13.5086,99934.5,5.19912,17.9893,0,23.1884,0,0,23.1884,5.49535,8,22,0,7,42.4445,0,0,6,0,0,1.32232,-0.808788,0.443527,0.23738,1.57973,-0.551439,0.421392,0.215245,4.88864,2.75677,-3.9861,-4.19215
replay,live_calm_deep,100000,28,passive|prints-only,40,0,True,"coinbase>=1,000,000",prints-only,128,1.79116e+09,0.101728,1.03025e+06,0.538372,1.15,7.31891,passive,ETH-USD,buy,36.7784,100000,2718.98,0.0367784,1.13785e+06,19.204,0.522154,1,2720.17,4.37244,8,41.7906,52238.2,0,2.28309,4.17906,3.49731,9.95946,0.174084,47821.3,18.7414,7.31891,18,28,0,18,50.5181,0,1,27,0,0,0.64298,0.907678,0.64298,0.907678,-0.370647,-0.105922,-0.370647,-0.105922,0.0239758,0.288724,0.0239758,0.288724
replay,live_calm_deep,100000,28,passive|prints-only,40,0,True,"coinbase>=1,000,000",prints-only,128,1.79116e+09,0.101728,1.03025e+06,0.538372,1.15,7.31891,passive,ETH-USD,sell,36.7784,100000,2718.98,0.0367784,1.07068e+06,4.42808,0.120399,1,2720,-3.72341,8,9.6355,12044.4,0,-0.448295,0.96355,-6.43772,-5.92246,1.22488,88012.2,11.1446,-7.31891,17,25,0,17,54.9192,0,9,16,0,0,0.981307,0.986942,0.981307,0.986942,1.23664,1.24227,1.23664,1.24227,0.857019,0.862653,0.857019,0.862653
replay,live_calm_deep,100000,28,hybrid|prints-only,40,0,True,"coinbase>=1,000,000",prints-only,128,1.79116e+09,0.101728,1.03025e+06,0.538372,1.15,7.31891,hybrid,ETH-USD,buy,36.7784,100000,2718.98,0.0367784,1.13785e+06,36.7784,1,0.275448,2720.45,5.37032,15.2463,152.545,27551.3,72502.4,5.37032,15.2545,0,20.6249,0,0,20.6249,7.31891,13,22,0,12,42.5522,0,1,8,0,0,-0.0691094,-0.503008,-0.344785,0.107621,-0.455546,-0.88944,-1.361,-0.908546,-0.602593,-1.03646,-2.57161,-2.1191
replay,live_calm_deep,100000,28,hybrid|prints-only,40,0,True,"coinbase>=1,000,000",prints-only,128,1.79116e+09,0.101728,1.03025e+06,0.538372,1.15,7.31891,hybrid,ETH-USD,sell,36.7784,100000,2718.98,0.0367784,1.07068e+06,36.7784,1,0.0832585,2720.17,-4.3447,17.1676,171.75,8328,91715.5,-4.3447,17.175,1.41398e-15,12.8303,0,0,12.8303,-7.31891,13,30,0,12,42.5522,0,7,12,0,0,1.91,0.781408,1.28139,1.29078,2.12484,0.996229,2.24265,2.25204,1.91412,0.785533,2.54512,2.55451
