experiment,regime,notional,config,latency_ms,outage_rate_per_min,cancel_on_disconnect,fee_schedule,fill_model,seed,start_ts,path_spread_bps_mean,path_depth10_usd_median,path_vol_bps_sqrt_s,path_trades_per_s,path_move_bps,strategy,product,side,target_qty,target_notional,arrival_mid,arrival_spread_bps,arrival_depth10_usd,filled_qty,fill_rate,maker_share,vwap,slippage_bps,fee_bps,fees_usd,maker_notional,taker_notional,exec_cost_bps,fee_cost_bps,opportunity_cost_bps,is_bps,cleanup_exec_bps,cleanup_notional,is_completed_bps,drift_bps,n_children,n_fills,n_rejects,n_cancel_requests,time_to_last_fill_s,blind_s,maker_fills_by_queue,maker_fills_by_tradethrough,maker_fills_by_cross,fills_after_deadline_qty,adverse_sel_bps_1s_all,post_fill_drift_bps_1s_all,adverse_sel_bps_1s_maker,post_fill_drift_bps_1s_maker,adverse_sel_bps_5s_all,post_fill_drift_bps_5s_all,adverse_sel_bps_5s_maker,post_fill_drift_bps_5s_maker,adverse_sel_bps_30s_all,post_fill_drift_bps_30s_all,adverse_sel_bps_30s_maker,post_fill_drift_bps_30s_maker
latency_outage,volatile_deep,100000,aggressive|lat250ms,250,0,True,"coinbase>=1,000,000",prints+quotes,9000000,10,0.173904,2.33796e+06,2.38295,7.88333,16.6143,aggressive,BTC-USD,buy,1.15933,100000,86257,0.402286,2.2639e+06,1.15933,1,0,86271,1.62776,18,180.029,0,100016,1.62776,18.0029,0,19.6307,0,0,19.6307,16.6143,1,2,0,0,0.27637,0,0,0,0,0,-3.84248,-3.85878,,,1.03634,1.02004,,,-27.1238,-27.1401,,
latency_outage,volatile_deep,100000,aggressive|lat250ms,250,0,True,"coinbase>=1,000,000",prints+quotes,9000000,10,0.173904,2.33796e+06,2.38295,7.88333,16.6143,aggressive,BTC-USD,sell,1.15933,100000,86257,0.402286,2.34532e+06,1.15933,1,0,86268.2,-1.30078,18,180.023,0,100013,-1.30078,18.0023,3.18212e-15,16.7016,0,0,16.7016,-16.6143,1,5,0,0,0.27637,0,0,0,0,0,4.16955,3.85878,,,-0.709424,-1.02004,,,27.4516,27.1401,,
latency_outage,volatile_deep,100000,aggressive|lat40ms,40,0,True,"coinbase>=1,000,000",prints+quotes,9000000,10,0.173904,2.33796e+06,2.38295,7.88333,16.6143,aggressive,BTC-USD,buy,1.15933,100000,86257,0.402286,2.2639e+06,1.15933,1,0,86258.9,0.221499,18,180.004,0,100002,0.221499,18.0004,-3.18212e-15,18.2219,0,0,18.2219,16.6143,1,4,0,0,0.0442192,0,0,0,0,0,-5.0939,-5.31551,,,-1.09837,-1.31989,,,-27.5617,-27.7838,,
latency_outage,volatile_deep,100000,aggressive|lat40ms,40,0,True,"coinbase>=1,000,000",prints+quotes,9000000,10,0.173904,2.33796e+06,2.38295,7.88333,16.6143,aggressive,BTC-USD,sell,1.15933,100000,86257,0.402286,2.34532e+06,1.15933,1,0,86253.8,0.370411,18,179.993,0,99996.3,0.370411,17.9993,-3.18212e-15,18.3697,0,0,18.3697,-16.6143,1,5,0,0,0.0442192,0,0,0,0,0,5.68614,5.31551,,,1.69037,1.31989,,,28.1553,27.7838,,
latency_outage,volatile_deep,100000,aggressive|lat5ms,5,0,True,"coinbase>=1,000,000",prints+quotes,9000000,10,0.173904,2.33796e+06,2.38295,7.88333,16.6143,aggressive,BTC-USD,buy,1.15933,100000,86257,0.402286,2.2639e+06,1.15933,1,0,86258.9,0.221499,18,180.004,0,100002,0.221499,18.0004,-3.18212e-15,18.2219,0,0,18.2219,16.6143,1,4,0,0,0.0055274,0,0,0,0,0,-5.0939,-5.31551,,,-1.09837,-1.31989,,,-27.5617,-27.7838,,
latency_outage,volatile_deep,100000,aggressive|lat5ms,5,0,True,"coinbase>=1,000,000",prints+quotes,9000000,10,0.173904,2.33796e+06,2.38295,7.88333,16.6143,aggressive,BTC-USD,sell,1.15933,100000,86257,0.402286,2.34532e+06,1.15933,1,0,86253.8,0.370411,18,179.993,0,99996.3,0.370411,17.9993,-3.18212e-15,18.3697,0,0,18.3697,-16.6143,1,5,0,0,0.0055274,0,0,0,0,0,5.68614,5.31551,,,1.69037,1.31989,,,28.1553,27.7838,,
latency_outage,volatile_deep,100000,aggressive|outage|cod,40,3,True,"coinbase>=1,000,000",prints+quotes,9000000,10,0.173904,2.33796e+06,2.38295,7.88333,16.6143,aggressive,BTC-USD,buy,1.15933,100000,86257,0.402286,2.2639e+06,1.15933,1,0,86258.9,0.221499,18,180.004,0,100002,0.221499,18.0004,-3.18212e-15,18.2219,0,0,18.2219,16.6143,1,4,0,0,0.0442192,3.10416,0,0,0,0,-5.0939,-5.31551,,,-1.09837,-1.31989,,,-27.5617,-27.7838,,
latency_outage,volatile_deep,100000,aggressive|outage|cod,40,3,True,"coinbase>=1,000,000",prints+quotes,9000000,10,0.173904,2.33796e+06,2.38295,7.88333,16.6143,aggressive,BTC-USD,sell,1.15933,100000,86257,0.402286,2.34532e+06,1.15933,1,0,86253.8,0.370411,18,179.993,0,99996.3,0.370411,17.9993,-3.18212e-15,18.3697,0,0,18.3697,-16.6143,1,5,0,0,0.0442192,3.10416,0,0,0,0,5.68614,5.31551,,,1.69037,1.31989,,,28.1553,27.7838,,
latency_outage,volatile_deep,100000,aggressive|outage|no-cod,40,3,False,"coinbase>=1,000,000",prints+quotes,9000000,10,0.173904,2.33796e+06,2.38295,7.88333,16.6143,aggressive,BTC-USD,buy,1.15933,100000,86257,0.402286,2.2639e+06,1.15933,1,0,86258.9,0.221499,18,180.004,0,100002,0.221499,18.0004,-3.18212e-15,18.2219,0,0,18.2219,16.6143,1,4,0,0,0.0442192,3.10416,0,0,0,0,-5.0939,-5.31551,,,-1.09837,-1.31989,,,-27.5617,-27.7838,,
latency_outage,volatile_deep,100000,aggressive|outage|no-cod,40,3,False,"coinbase>=1,000,000",prints+quotes,9000000,10,0.173904,2.33796e+06,2.38295,7.88333,16.6143,aggressive,BTC-USD,sell,1.15933,100000,86257,0.402286,2.34532e+06,1.15933,1,0,86253.8,0.370411,18,179.993,0,99996.3,0.370411,17.9993,-3.18212e-15,18.3697,0,0,18.3697,-16.6143,1,5,0,0,0.0442192,3.10416,0,0,0,0,5.68614,5.31551,,,1.69037,1.31989,,,28.1553,27.7838,,
latency_outage,volatile_deep,100000,aggressive|prints-only,40,0,True,"coinbase>=1,000,000",prints-only,9000000,10,0.173904,2.33796e+06,2.38295,7.88333,16.6143,aggressive,BTC-USD,buy,1.15933,100000,86257,0.402286,2.2639e+06,1.15933,1,0,86258.9,0.221499,18,180.004,0,100002,0.221499,18.0004,-3.18212e-15,18.2219,0,0,18.2219,16.6143,1,4,0,0,0.0442192,0,0,0,0,0,-5.0939,-5.31551,,,-1.09837,-1.31989,,,-27.5617,-27.7838,,
latency_outage,volatile_deep,100000,aggressive|prints-only,40,0,True,"coinbase>=1,000,000",prints-only,9000000,10,0.173904,2.33796e+06,2.38295,7.88333,16.6143,aggressive,BTC-USD,sell,1.15933,100000,86257,0.402286,2.34532e+06,1.15933,1,0,86253.8,0.370411,18,179.993,0,99996.3,0.370411,17.9993,-3.18212e-15,18.3697,0,0,18.3697,-16.6143,1,5,0,0,0.0442192,0,0,0,0,0,5.68614,5.31551,,,1.69037,1.31989,,,28.1553,27.7838,,
latency_outage,volatile_deep,100000,hybrid|lat250ms,250,0,True,"coinbase>=1,000,000",prints+quotes,9000000,10,0.173904,2.33796e+06,2.38295,7.88333,16.6143,hybrid,BTC-USD,buy,1.15933,100000,86257,0.402286,2.2639e+06,1.15933,1,1,86286.9,3.46343,8,80.0277,100035,0,3.46343,8.00277,0,11.4662,0,0,11.4662,16.6143,8,4,4,3,4.5,0,0,3,1,0,1.81468,1.75789,1.81468,1.75789,-1.57888,-1.63584,-1.57888,-1.63584,-19.3148,-19.3717,-19.3148,-19.3717
latency_outage,volatile_deep,100000,hybrid|lat250ms,250,0,True,"coinbase>=1,000,000",prints+quotes,9000000,10,0.173904,2.33796e+06,2.38295,7.88333,16.6143,hybrid,BTC-USD,sell,1.15933,100000,86257,0.402286,2.34532e+06,1.15933,1,1,86302.9,-5.31725,8,80.0425,100053,0,-5.31725,8.00425,-0,2.687,0,0,2.687,-16.6143,4,3,3,0,1.3,0,0,1,2,0,-3.11389,-3.33096,-3.11389,-3.33096,-3.53261,-3.74967,-3.53261,-3.74967,19.3046,19.0871,19.3046,19.0871
latency_outage,volatile_deep,100000,hybrid|lat40ms,40,0,True,"coinbase>=1,000,000",prints+quotes,9000000,10,0.173904,2.33796e+06,2.38295,7.88333,16.6143,hybrid,BTC-USD,buy,1.15933,100000,86257,0.402286,2.2639e+06,1.15933,1,1,86303.4,5.38681,8,80.0431,100054,0,5.38681,8.00431,0,13.3911,0,0,13.3911,16.6143,3,4,0,2,1.5,0,0,2,2,0,2.2954,1.33959,2.2954,1.33959,4.62142,3.66585,4.62142,3.66585,-18.7352,-19.693,-18.7352,-19.693
latency_outage,volatile_deep,100000,hybrid|lat40ms,40,0,True,"coinbase>=1,000,000",prints+quotes,9000000,10,0.173904,2.33796e+06,2.38295,7.88333,16.6143,hybrid,BTC-USD,sell,1.15933,100000,86257,0.402286,2.34532e+06,1.15933,1,1,86258.7,-0.199984,8,80.0016,100002,0,-0.199984,8.00016,-0,7.80018,0,0,7.80018,-16.6143,1,2,0,0,0.2,0,0,0,2,0,5.04817,4.35727,5.04817,4.35727,0.929815,0.239219,0.929815,0.239219,28.8937,28.2011,28.8937,28.2011
latency_outage,volatile_deep,100000,hybrid|lat5ms,5,0,True,"coinbase>=1,000,000",prints+quotes,9000000,10,0.173904,2.33796e+06,2.38295,7.88333,16.6143,hybrid,BTC-USD,buy,1.15933,100000,86257,0.402286,2.2639e+06,1.15933,1,1,86297,4.64434,8,80.0372,100046,0,4.64434,8.00372,0,12.6481,0,0,12.6481,16.6143,3,6,0,2,1.5,0,0,5,1,0,1.36926,0.553996,1.36926,0.553996,3.92109,3.10604,3.92109,3.10604,-19.5966,-20.4135,-19.5966,-20.4135
latency_outage,volatile_deep,100000,hybrid|lat5ms,5,0,True,"coinbase>=1,000,000",prints+quotes,9000000,10,0.173904,2.33796e+06,2.38295,7.88333,16.6143,hybrid,BTC-USD,sell,1.15933,100000,86257,0.402286,2.34532e+06,1.15933,1,1,86258.7,-0.199984,8,80.0016,100002,0,-0.199984,8.00016,-0,7.80018,0,0,7.80018,-16.6143,1,2,0,0,0.2,0,0,0,2,0,5.04817,4.35727,5.04817,4.35727,0.929815,0.239219,0.929815,0.239219,28.8937,28.2011,28.8937,28.2011
latency_outage,volatile_deep,100000,hybrid|outage|cod,40,3,True,"coinbase>=1,000,000",prints+quotes,9000000,10,0.173904,2.33796e+06,2.38295,7.88333,16.6143,hybrid,BTC-USD,buy,1.15933,100000,86257,0.402286,2.2639e+06,1.15933,1,1,86303.4,5.38681,8,80.0431,100054,0,5.38681,8.00431,0,13.3911,0,0,13.3911,16.6143,3,4,0,2,1.5,3.10416,0,2,2,0,2.2954,1.33959,2.2954,1.33959,4.62142,3.66585,4.62142,3.66585,-18.7352,-19.693,-18.7352,-19.693
latency_outage,volatile_deep,100000,hybrid|outage|cod,40,3,True,"coinbase>=1,000,000",prints+quotes,9000000,10,0.173904,2.33796e+06,2.38295,7.88333,16.6143,hybrid,BTC-USD,sell,1.15933,100000,86257,0.402286,2.34532e+06,1.15933,1,1,86258.7,-0.199984,8,80.0016,100002,0,-0.199984,8.00016,-0,7.80018,0,0,7.80018,-16.6143,1,2,0,0,0.2,3.10416,0,0,2,0,5.04817,4.35727,5.04817,4.35727,0.929815,0.239219,0.929815,0.239219,28.8937,28.2011,28.8937,28.2011
latency_outage,volatile_deep,100000,hybrid|outage|no-cod,40,3,False,"coinbase>=1,000,000",prints+quotes,9000000,10,0.173904,2.33796e+06,2.38295,7.88333,16.6143,hybrid,BTC-USD,buy,1.15933,100000,86257,0.402286,2.2639e+06,1.15933,1,1,86303.4,5.38681,8,80.0431,100054,0,5.38681,8.00431,0,13.3911,0,0,13.3911,16.6143,3,4,0,2,1.5,3.10416,0,2,2,0,2.2954,1.33959,2.2954,1.33959,4.62142,3.66585,4.62142,3.66585,-18.7352,-19.693,-18.7352,-19.693
latency_outage,volatile_deep,100000,hybrid|outage|no-cod,40,3,False,"coinbase>=1,000,000",prints+quotes,9000000,10,0.173904,2.33796e+06,2.38295,7.88333,16.6143,hybrid,BTC-USD,sell,1.15933,100000,86257,0.402286,2.34532e+06,1.15933,1,1,86258.7,-0.199984,8,80.0016,100002,0,-0.199984,8.00016,-0,7.80018,0,0,7.80018,-16.6143,1,2,0,0,0.2,3.10416,0,0,2,0,5.04817,4.35727,5.04817,4.35727,0.929815,0.239219,0.929815,0.239219,28.8937,28.2011,28.8937,28.2011
latency_outage,volatile_deep,100000,hybrid|prints-only,40,0,True,"coinbase>=1,000,000",prints-only,9000000,10,0.173904,2.33796e+06,2.38295,7.88333,16.6143,hybrid,BTC-USD,buy,1.15933,100000,86257,0.402286,2.2639e+06,1.15933,1,1,86287.5,3.5418,8,80.0283,100035,0,3.5418,8.00283,0,11.5446,0,0,11.5446,16.6143,7,13,1,5,4.42649,0,0,13,0,0,1.1605,0.78817,1.1605,0.78817,0.0180585,-0.354225,0.0180585,-0.354225,-19.1312,-19.5043,-19.1312,-19.5043
latency_outage,volatile_deep,100000,hybrid|prints-only,40,0,True,"coinbase>=1,000,000",prints-only,9000000,10,0.173904,2.33796e+06,2.38295,7.88333,16.6143,hybrid,BTC-USD,sell,1.15933,100000,86257,0.402286,2.34532e+06,1.15933,1,1,86416.8,-18.5266,8,80.1482,100185,0,-18.5266,8.01482,-0,-10.5118,0,0,-10.5118,-16.6143,37,64,0,36,24.6099,0,0,64,0,0,2.89944,2.11143,2.89944,2.11143,5.46161,4.6735,5.46161,4.6735,0.961238,0.173432,0.961238,0.173432
latency_outage,volatile_deep,100000,passive|lat250ms,250,0,True,"coinbase>=1,000,000",prints+quotes,9000000,10,0.173904,2.33796e+06,2.38295,7.88333,16.6143,passive,BTC-USD,buy,1.15933,100000,86257,0.402286,2.2639e+06,1.15933,1,1,86286.9,3.46343,8,80.0277,100035,0,3.46343,8.00277,0,11.4662,0,0,11.4662,16.6143,8,4,4,3,4.5,0,0,3,1,0,1.81468,1.75789,1.81468,1.75789,-1.57888,-1.63584,-1.57888,-1.63584,-19.3148,-19.3717,-19.3148,-19.3717
latency_outage,volatile_deep,100000,passive|lat250ms,250,0,True,"coinbase>=1,000,000",prints+quotes,9000000,10,0.173904,2.33796e+06,2.38295,7.88333,16.6143,passive,BTC-USD,sell,1.15933,100000,86257,0.402286,2.34532e+06,1.15933,1,1,86302.9,-5.31725,8,80.0425,100053,0,-5.31725,8.00425,-0,2.687,0,0,2.687,-16.6143,4,3,3,0,1.3,0,0,1,2,0,-3.11389,-3.33096,-3.11389,-3.33096,-3.53261,-3.74967,-3.53261,-3.74967,19.3046,19.0871,19.3046,19.0871
latency_outage,volatile_deep,100000,passive|lat40ms,40,0,True,"coinbase>=1,000,000",prints+quotes,9000000,10,0.173904,2.33796e+06,2.38295,7.88333,16.6143,passive,BTC-USD,buy,1.15933,100000,86257,0.402286,2.2639e+06,1.15933,1,1,86303.4,5.38681,8,80.0431,100054,0,5.38681,8.00431,0,13.3911,0,0,13.3911,16.6143,3,4,0,2,1.5,0,0,2,2,0,2.2954,1.33959,2.2954,1.33959,4.62142,3.66585,4.62142,3.66585,-18.7352,-19.693,-18.7352,-19.693
latency_outage,volatile_deep,100000,passive|lat40ms,40,0,True,"coinbase>=1,000,000",prints+quotes,9000000,10,0.173904,2.33796e+06,2.38295,7.88333,16.6143,passive,BTC-USD,sell,1.15933,100000,86257,0.402286,2.34532e+06,1.15933,1,1,86258.7,-0.199984,8,80.0016,100002,0,-0.199984,8.00016,-0,7.80018,0,0,7.80018,-16.6143,1,2,0,0,0.2,0,0,0,2,0,5.04817,4.35727,5.04817,4.35727,0.929815,0.239219,0.929815,0.239219,28.8937,28.2011,28.8937,28.2011
latency_outage,volatile_deep,100000,passive|lat5ms,5,0,True,"coinbase>=1,000,000",prints+quotes,9000000,10,0.173904,2.33796e+06,2.38295,7.88333,16.6143,passive,BTC-USD,buy,1.15933,100000,86257,0.402286,2.2639e+06,1.15933,1,1,86297,4.64434,8,80.0372,100046,0,4.64434,8.00372,0,12.6481,0,0,12.6481,16.6143,3,6,0,2,1.5,0,0,5,1,0,1.36926,0.553996,1.36926,0.553996,3.92109,3.10604,3.92109,3.10604,-19.5966,-20.4135,-19.5966,-20.4135
latency_outage,volatile_deep,100000,passive|lat5ms,5,0,True,"coinbase>=1,000,000",prints+quotes,9000000,10,0.173904,2.33796e+06,2.38295,7.88333,16.6143,passive,BTC-USD,sell,1.15933,100000,86257,0.402286,2.34532e+06,1.15933,1,1,86258.7,-0.199984,8,80.0016,100002,0,-0.199984,8.00016,-0,7.80018,0,0,7.80018,-16.6143,1,2,0,0,0.2,0,0,0,2,0,5.04817,4.35727,5.04817,4.35727,0.929815,0.239219,0.929815,0.239219,28.8937,28.2011,28.8937,28.2011
latency_outage,volatile_deep,100000,passive|outage|cod,40,3,True,"coinbase>=1,000,000",prints+quotes,9000000,10,0.173904,2.33796e+06,2.38295,7.88333,16.6143,passive,BTC-USD,buy,1.15933,100000,86257,0.402286,2.2639e+06,1.15933,1,1,86303.4,5.38681,8,80.0431,100054,0,5.38681,8.00431,0,13.3911,0,0,13.3911,16.6143,3,4,0,2,1.5,3.10416,0,2,2,0,2.2954,1.33959,2.2954,1.33959,4.62142,3.66585,4.62142,3.66585,-18.7352,-19.693,-18.7352,-19.693
latency_outage,volatile_deep,100000,passive|outage|cod,40,3,True,"coinbase>=1,000,000",prints+quotes,9000000,10,0.173904,2.33796e+06,2.38295,7.88333,16.6143,passive,BTC-USD,sell,1.15933,100000,86257,0.402286,2.34532e+06,1.15933,1,1,86258.7,-0.199984,8,80.0016,100002,0,-0.199984,8.00016,-0,7.80018,0,0,7.80018,-16.6143,1,2,0,0,0.2,3.10416,0,0,2,0,5.04817,4.35727,5.04817,4.35727,0.929815,0.239219,0.929815,0.239219,28.8937,28.2011,28.8937,28.2011
latency_outage,volatile_deep,100000,passive|outage|no-cod,40,3,False,"coinbase>=1,000,000",prints+quotes,9000000,10,0.173904,2.33796e+06,2.38295,7.88333,16.6143,passive,BTC-USD,buy,1.15933,100000,86257,0.402286,2.2639e+06,1.15933,1,1,86303.4,5.38681,8,80.0431,100054,0,5.38681,8.00431,0,13.3911,0,0,13.3911,16.6143,3,4,0,2,1.5,3.10416,0,2,2,0,2.2954,1.33959,2.2954,1.33959,4.62142,3.66585,4.62142,3.66585,-18.7352,-19.693,-18.7352,-19.693
latency_outage,volatile_deep,100000,passive|outage|no-cod,40,3,False,"coinbase>=1,000,000",prints+quotes,9000000,10,0.173904,2.33796e+06,2.38295,7.88333,16.6143,passive,BTC-USD,sell,1.15933,100000,86257,0.402286,2.34532e+06,1.15933,1,1,86258.7,-0.199984,8,80.0016,100002,0,-0.199984,8.00016,-0,7.80018,0,0,7.80018,-16.6143,1,2,0,0,0.2,3.10416,0,0,2,0,5.04817,4.35727,5.04817,4.35727,0.929815,0.239219,0.929815,0.239219,28.8937,28.2011,28.8937,28.2011
latency_outage,volatile_deep,100000,passive|prints-only,40,0,True,"coinbase>=1,000,000",prints-only,9000000,10,0.173904,2.33796e+06,2.38295,7.88333,16.6143,passive,BTC-USD,buy,1.15933,100000,86257,0.402286,2.2639e+06,1.15933,1,1,86287.5,3.5418,8,80.0283,100035,0,3.5418,8.00283,0,11.5446,0,0,11.5446,16.6143,7,13,1,5,4.42649,0,0,13,0,0,1.1605,0.78817,1.1605,0.78817,0.0180585,-0.354225,0.0180585,-0.354225,-19.1312,-19.5043,-19.1312,-19.5043
latency_outage,volatile_deep,100000,passive|prints-only,40,0,True,"coinbase>=1,000,000",prints-only,9000000,10,0.173904,2.33796e+06,2.38295,7.88333,16.6143,passive,BTC-USD,sell,1.15933,100000,86257,0.402286,2.34532e+06,1.15933,1,1,86416.8,-18.5266,8,80.1482,100185,0,-18.5266,8.01482,-0,-10.5118,0,0,-10.5118,-16.6143,37,64,0,36,24.6099,0,0,64,0,0,2.89944,2.11143,2.89944,2.11143,5.46161,4.6735,5.46161,4.6735,0.961238,0.173432,0.961238,0.173432
latency_outage,volatile_deep,100000,aggressive|lat250ms,250,0,True,"coinbase>=1,000,000",prints+quotes,9000001,10,0.183239,2.34555e+06,1.93071,7.98333,-10.3714,aggressive,BTC-USD,buy,1.15837,100000,86328.4,0.235149,2.14213e+06,1.15837,1,0,86332.4,0.466575,18,180.008,0,100005,0.466575,18.0008,-0,18.4674,0,0,18.4674,-10.3714,1,6,0,0,0.166209,0,0,0,0,0,-1.72555,-1.89156,,,-0.370907,-0.536887,,,0.168867,0.00289583,,
latency_outage,volatile_deep,100000,aggressive|lat250ms,250,0,True,"coinbase>=1,000,000",prints+quotes,9000001,10,0.183239,2.34555e+06,1.93071,7.98333,-10.3714,aggressive,BTC-USD,sell,1.15837,100000,86328.4,0.235149,2.36859e+06,1.15837,1,0,86326.5,0.22434,18,179.996,0,99997.8,0.22434,17.9996,0,18.2239,0,0,18.2239,10.3714,1,9,0,0,0.166209,0,0,0,0,0,2.41661,1.89156,,,1.06187,0.536887,,,0.522057,-0.00289583,,
latency_outage,volatile_deep,100000,aggressive|lat40ms,40,0,True,"coinbase>=1,000,000",prints+quotes,9000001,10,0.183239,2.34555e+06,1.93071,7.98333,-10.3714,aggressive,BTC-USD,buy,1.15837,100000,86328.4,0.235149,2.14213e+06,1.15837,1,0,86331.6,0.365899,18,180.007,0,100004,0.365899,18.0007,-1.98808e-15,18.3666,0,0,18.3666,-10.3714,1,6,0,0,0.0265935,0,0,0,0,0,-2.12857,-2.49454,,,-1.73706,-2.10302,,,0.141748,-0.224144,,
latency_outage,volatile_deep,100000,aggressive|lat40ms,40,0,True,"coinbase>=1,000,000",prints+quotes,9000001,10,0.183239,2.34555e+06,1.93071,7.98333,-10.3714,aggressive,BTC-USD,sell,1.15837,100000,86328.4,0.235149,2.36859e+06,1.15837,1,0,86325.3,0.35547,18,179.994,0,99996.4,0.35547,17.9994,1.98808e-15,18.3548,0,0,18.3548,10.3714,1,8,0,0,0.0265935,0,0,0,0,0,2.85012,2.49454,,,2.45857,2.10302,,,0.579636,0.224144,,
latency_outage,volatile_deep,100000,aggressive|lat5ms,5,0,True,"coinbase>=1,000,000",prints+quotes,9000001,10,0.183239,2.34555e+06,1.93071,7.98333,-10.3714,aggressive,BTC-USD,buy,1.15837,100000,86328.4,0.235149,2.14213e+06,1.15837,1,0,86331.6,0.365899,18,180.007,0,100004,0.365899,18.0007,-1.98808e-15,18.3666,0,0,18.3666,-10.3714,1,6,0,0,0.00332419,0,0,0,0,0,-2.12857,-2.49454,,,-1.73706,-2.10302,,,0.141748,-0.224144,,
latency_outage,volatile_deep,100000,aggressive|lat5ms,5,0,True,"coinbase>=1,000,000",prints+quotes,9000001,10,0.183239,2.34555e+06,1.93071,7.98333,-10.3714,aggressive,BTC-USD,sell,1.15837,100000,86328.4,0.235149,2.36859e+06,1.15837,1,0,86325.3,0.35547,18,179.994,0,99996.4,0.35547,17.9994,1.98808e-15,18.3548,0,0,18.3548,10.3714,1,8,0,0,0.00332419,0,0,0,0,0,2.85012,2.49454,,,2.45857,2.10302,,,0.579636,0.224144,,
latency_outage,volatile_deep,100000,aggressive|outage|cod,40,3,True,"coinbase>=1,000,000",prints+quotes,9000001,10,0.183239,2.34555e+06,1.93071,7.98333,-10.3714,aggressive,BTC-USD,buy,1.15837,100000,86328.4,0.235149,2.14213e+06,1.15837,1,0,86331.6,0.365899,18,180.007,0,100004,0.365899,18.0007,-1.98808e-15,18.3666,0,0,18.3666,-10.3714,1,6,0,0,0.0265935,4.46344,0,0,0,0,-2.12857,-2.49454,,,-1.73706,-2.10302,,,0.141748,-0.224144,,
latency_outage,volatile_deep,100000,aggressive|outage|cod,40,3,True,"coinbase>=1,000,000",prints+quotes,9000001,10,0.183239,2.34555e+06,1.93071,7.98333,-10.3714,aggressive,BTC-USD,sell,1.15837,100000,86328.4,0.235149,2.36859e+06,1.15837,1,0,86325.3,0.35547,18,179.994,0,99996.4,0.35547,17.9994,1.98808e-15,18.3548,0,0,18.3548,10.3714,1,8,0,0,0.0265935,4.46344,0,0,0,0,2.85012,2.49454,,,2.45857,2.10302,,,0.579636,0.224144,,
latency_outage,volatile_deep,100000,aggressive|outage|no-cod,40,3,False,"coinbase>=1,000,000",prints+quotes,9000001,10,0.183239,2.34555e+06,1.93071,7.98333,-10.3714,aggressive,BTC-USD,buy,1.15837,100000,86328.4,0.235149,2.14213e+06,1.15837,1,0,86331.6,0.365899,18,180.007,0,100004,0.365899,18.0007,-1.98808e-15,18.3666,0,0,18.3666,-10.3714,1,6,0,0,0.0265935,4.46344,0,0,0,0,-2.12857,-2.49454,,,-1.73706,-2.10302,,,0.141748,-0.224144,,
latency_outage,volatile_deep,100000,aggressive|outage|no-cod,40,3,False,"coinbase>=1,000,000",prints+quotes,9000001,10,0.183239,2.34555e+06,1.93071,7.98333,-10.3714,aggressive,BTC-USD,sell,1.15837,100000,86328.4,0.235149,2.36859e+06,1.15837,1,0,86325.3,0.35547,18,179.994,0,99996.4,0.35547,17.9994,1.98808e-15,18.3548,0,0,18.3548,10.3714,1,8,0,0,0.0265935,4.46344,0,0,0,0,2.85012,2.49454,,,2.45857,2.10302,,,0.579636,0.224144,,
latency_outage,volatile_deep,100000,aggressive|prints-only,40,0,True,"coinbase>=1,000,000",prints-only,9000001,10,0.183239,2.34555e+06,1.93071,7.98333,-10.3714,aggressive,BTC-USD,buy,1.15837,100000,86328.4,0.235149,2.14213e+06,1.15837,1,0,86331.6,0.365899,18,180.007,0,100004,0.365899,18.0007,-1.98808e-15,18.3666,0,0,18.3666,-10.3714,1,6,0,0,0.0265935,0,0,0,0,0,-2.12857,-2.49454,,,-1.73706,-2.10302,,,0.141748,-0.224144,,
latency_outage,volatile_deep,100000,aggressive|prints-only,40,0,True,"coinbase>=1,000,000",prints-only,9000001,10,0.183239,2.34555e+06,1.93071,7.98333,-10.3714,aggressive,BTC-USD,sell,1.15837,100000,86328.4,0.235149,2.36859e+06,1.15837,1,0,86325.3,0.35547,18,179.994,0,99996.4,0.35547,17.9994,1.98808e-15,18.3548,0,0,18.3548,10.3714,1,8,0,0,0.0265935,0,0,0,0,0,2.85012,2.49454,,,2.45857,2.10302,,,0.579636,0.224144,,
latency_outage,volatile_deep,100000,hybrid|lat250ms,250,0,True,"coinbase>=1,000,000",prints+quotes,9000001,10,0.183239,2.34555e+06,1.93071,7.98333,-10.3714,hybrid,BTC-USD,buy,1.15837,100000,86328.4,0.235149,2.14213e+06,1.15837,1,1,86340,1.33965,8,80.0107,100013,0,1.33965,8.00107,-0,9.34072,0,0,9.34072,-10.3714,8,4,4,4,5.6,0,0,2,2,0,2.85287,2.31816,2.85287,2.31816,7.88868,7.35424,7.88868,7.35424,0.984724,0.449914,0.984724,0.449914
latency_outage,volatile_deep,100000,hybrid|lat250ms,250,0,True,"coinbase>=1,000,000",prints+quotes,9000001,10,0.183239,2.34555e+06,1.93071,7.98333,-10.3714,hybrid,BTC-USD,sell,1.15837,100000,86328.4,0.235149,2.36859e+06,1.15837,1,1,86344.3,-1.83891,8,80.0147,100018,0,-1.83891,8.00147,0,6.16256,0,0,6.16256,10.3714,3,2,2,0,1.1,0,0,0,2,0,1.77007,1.14263,1.77007,1.14263,-1.08552,-1.71279,-1.08552,-1.71279,-2.83984,-3.46699,-2.83984,-3.46699
latency_outage,volatile_deep,100000,hybrid|lat40ms,40,0,True,"coinbase>=1,000,000",prints+quotes,9000001,10,0.183239,2.34555e+06,1.93071,7.98333,-10.3714,hybrid,BTC-USD,buy,1.15837,100000,86328.4,0.235149,2.14213e+06,1.15837,1,1,86344,1.80763,8,80.0145,100018,0,1.80763,8.00145,-0,9.80908,0,0,9.80908,-10.3714,2,1,0,1,0.8,0,0,0,1,0,-1.72681,-3.61124,-1.72681,-3.61124,0.238581,-1.64547,0.238581,-1.64547,2.51147,0.62784,2.51147,0.62784
latency_outage,volatile_deep,100000,hybrid|lat40ms,40,0,True,"coinbase>=1,000,000",prints+quotes,9000001,10,0.183239,2.34555e+06,1.93071,7.98333,-10.3714,hybrid,BTC-USD,sell,1.15837,100000,86328.4,0.235149,2.36859e+06,1.15837,1,1,86329.4,-0.116416,8,80.0009,100001,0,-0.116416,8.00009,-1.98808e-15,7.88368,0,0,7.88368,10.3714,1,6,0,0,0.3,0,0,3,3,0,1.64653,1.45083,1.64653,1.45083,1.33882,1.14312,1.33882,1.14312,-0.356199,-0.551866,-0.356199,-0.551866
latency_outage,volatile_deep,100000,hybrid|lat5ms,5,0,True,"coinbase>=1,000,000",prints+quotes,9000001,10,0.183239,2.34555e+06,1.93071,7.98333,-10.3714,hybrid,BTC-USD,buy,1.15837,100000,86328.4,0.235149,2.14213e+06,1.15837,1,1,86334.1,0.663165,8,80.0053,100007,0,0.663165,8.00053,-0,8.6637,0,0,8.6637,-10.3714,2,2,0,1,0.9,0,0,0,2,0,-2.91243,-3.6307,-2.91243,-3.6307,-0.791426,-1.50954,-0.791426,-1.50954,1.38412,0.666163,1.38412,0.666163
latency_outage,volatile_deep,100000,hybrid|lat5ms,5,0,True,"coinbase>=1,000,000",prints+quotes,9000001,10,0.183239,2.34555e+06,1.93071,7.98333,-10.3714,hybrid,BTC-USD,sell,1.15837,100000,86328.4,0.235149,2.36859e+06,1.15837,1,1,86329.4,-0.116416,8,80.0009,100001,0,-0.116416,8.00009,-1.98808e-15,7.88368,0,0,7.88368,10.3714,1,6,0,0,0.3,0,0,3,3,0,1.64653,1.45083,1.64653,1.45083,1.33882,1.14312,1.33882,1.14312,-0.356199,-0.551866,-0.356199,-0.551866
latency_outage,volatile_deep,100000,hybrid|outage|cod,40,3,True,"coinbase>=1,000,000",prints+quotes,9000001,10,0.183239,2.34555e+06,1.93071,7.98333,-10.3714,hybrid,BTC-USD,buy,1.15837,100000,86328.4,0.235149,2.14213e+06,1.15837,1,1,86344,1.80763,8,80.0145,100018,0,1.80763,8.00145,-0,9.80908,0,0,9.80908,-10.3714,2,1,0,1,0.8,4.46344,0,0,1,0,-1.72681,-3.61124,-1.72681,-3.61124,0.238581,-1.64547,0.238581,-1.64547,2.51147,0.62784,2.51147,0.62784
latency_outage,volatile_deep,100000,hybrid|outage|cod,40,3,True,"coinbase>=1,000,000",prints+quotes,9000001,10,0.183239,2.34555e+06,1.93071,7.98333,-10.3714,hybrid,BTC-USD,sell,1.15837,100000,86328.4,0.235149,2.36859e+06,1.15837,1,1,86329.4,-0.116416,8,80.0009,100001,0,-0.116416,8.00009,-1.98808e-15,7.88368,0,0,7.88368,10.3714,1,6,0,0,0.3,4.46344,0,3,3,0,1.64653,1.45083,1.64653,1.45083,1.33882,1.14312,1.33882,1.14312,-0.356199,-0.551866,-0.356199,-0.551866
latency_outage,volatile_deep,100000,hybrid|outage|no-cod,40,3,False,"coinbase>=1,000,000",prints+quotes,9000001,10,0.183239,2.34555e+06,1.93071,7.98333,-10.3714,hybrid,BTC-USD,buy,1.15837,100000,86328.4,0.235149,2.14213e+06,1.15837,1,1,86344,1.80763,8,80.0145,100018,0,1.80763,8.00145,-0,9.80908,0,0,9.80908,-10.3714,2,1,0,1,0.8,4.46344,0,0,1,0,-1.72681,-3.61124,-1.72681,-3.61124,0.238581,-1.64547,0.238581,-1.64547,2.51147,0.62784,2.51147,0.62784
latency_outage,volatile_deep,100000,hybrid|outage|no-cod,40,3,False,"coinbase>=1,000,000",prints+quotes,9000001,10,0.183239,2.34555e+06,1.93071,7.98333,-10.3714,hybrid,BTC-USD,sell,1.15837,100000,86328.4,0.235149,2.36859e+06,1.15837,1,1,86329.4,-0.116416,8,80.0009,100001,0,-0.116416,8.00009,-1.98808e-15,7.88368,0,0,7.88368,10.3714,1,6,0,0,0.3,4.46344,0,3,3,0,1.64653,1.45083,1.64653,1.45083,1.33882,1.14312,1.33882,1.14312,-0.356199,-0.551866,-0.356199,-0.551866
latency_outage,volatile_deep,100000,hybrid|prints-only,40,0,True,"coinbase>=1,000,000",prints-only,9000001,10,0.183239,2.34555e+06,1.93071,7.98333,-10.3714,hybrid,BTC-USD,buy,1.15837,100000,86328.4,0.235149,2.14213e+06,1.15837,1,0.593964,86287,-4.79565,12.0597,120.539,59374.5,40577.5,-4.79565,12.0539,-8.9535e-08,7.25827,2.6e-10,0.000862391,7.25827,-10.3714,64,89,1,62,42.1218,0,0,86,0,0,-0.89492,-1.29421,0.0527051,-0.35998,3.53777,3.1386,1.51811,1.10542,2.12477,1.72563,2.8063,2.39379
latency_outage,volatile_deep,100000,hybrid|prints-only,40,0,True,"coinbase>=1,000,000",prints-only,9000001,10,0.183239,2.34555e+06,1.93071,7.98333,-10.3714,hybrid,BTC-USD,sell,1.15837,100000,86328.4,0.235149,2.36859e+06,1.15837,1,1,86318,1.20747,8,79.9903,99987.9,0,1.20747,7.99903,8.9535e-08,9.2065,2.6e-10,0.000862386,9.2065,10.3714,31,46,0,31,20.4034,0,0,46,0,0,1.42028,0.20401,1.42028,0.20401,-1.34859,-2.56444,-1.34859,-2.56444,-5.15406,-6.36914,-5.15406,-6.36914
latency_outage,volatile_deep,100000,passive|lat250ms,250,0,True,"coinbase>=1,000,000",prints+quotes,9000001,10,0.183239,2.34555e+06,1.93071,7.98333,-10.3714,passive,BTC-USD,buy,1.15837,100000,86328.4,0.235149,2.14213e+06,1.15837,1,1,86340,1.33965,8,80.0107,100013,0,1.33965,8.00107,-0,9.34072,0,0,9.34072,-10.3714,8,4,4,4,5.6,0,0,2,2,0,2.85287,2.31816,2.85287,2.31816,7.88868,7.35424,7.88868,7.35424,0.984724,0.449914,0.984724,0.449914
latency_outage,volatile_deep,100000,passive|lat250ms,250,0,True,"coinbase>=1,000,000",prints+quotes,9000001,10,0.183239,2.34555e+06,1.93071,7.98333,-10.3714,passive,BTC-USD,sell,1.15837,100000,86328.4,0.235149,2.36859e+06,1.15837,1,1,86344.3,-1.83891,8,80.0147,100018,0,-1.83891,8.00147,0,6.16256,0,0,6.16256,10.3714,3,2,2,0,1.1,0,0,0,2,0,1.77007,1.14263,1.77007,1.14263,-1.08552,-1.71279,-1.08552,-1.71279,-2.83984,-3.46699,-2.83984,-3.46699
latency_outage,volatile_deep,100000,passive|lat40ms,40,0,True,"coinbase>=1,000,000",prints+quotes,9000001,10,0.183239,2.34555e+06,1.93071,7.98333,-10.3714,passive,BTC-USD,buy,1.15837,100000,86328.4,0.235149,2.14213e+06,1.15837,1,1,86344,1.80763,8,80.0145,100018,0,1.80763,8.00145,-0,9.80908,0,0,9.80908,-10.3714,2,1,0,1,0.8,0,0,0,1,0,-1.72681,-3.61124,-1.72681,-3.61124,0.238581,-1.64547,0.238581,-1.64547,2.51147,0.62784,2.51147,0.62784
latency_outage,volatile_deep,100000,passive|lat40ms,40,0,True,"coinbase>=1,000,000",prints+quotes,9000001,10,0.183239,2.34555e+06,1.93071,7.98333,-10.3714,passive,BTC-USD,sell,1.15837,100000,86328.4,0.235149,2.36859e+06,1.15837,1,1,86329.4,-0.116416,8,80.0009,100001,0,-0.116416,8.00009,-1.98808e-15,7.88368,0,0,7.88368,10.3714,1,6,0,0,0.3,0,0,3,3,0,1.64653,1.45083,1.64653,1.45083,1.33882,1.14312,1.33882,1.14312,-0.356199,-0.551866,-0.356199,-0.551866
latency_outage,volatile_deep,100000,passive|lat5ms,5,0,True,"coinbase>=1,000,000",prints+quotes,9000001,10,0.183239,2.34555e+06,1.93071,7.98333,-10.3714,passive,BTC-USD,buy,1.15837,100000,86328.4,0.235149,2.14213e+06,1.15837,1,1,86334.1,0.663165,8,80.0053,100007,0,0.663165,8.00053,-0,8.6637,0,0,8.6637,-10.3714,2,2,0,1,0.9,0,0,0,2,0,-2.91243,-3.6307,-2.91243,-3.6307,-0.791426,-1.50954,-0.791426,-1.50954,1.38412,0.666163,1.38412,0.666163
latency_outage,volatile_deep,100000,passive|lat5ms,5,0,True,"coinbase>=1,000,000",prints+quotes,9000001,10,0.183239,2.34555e+06,1.93071,7.98333,-10.3714,passive,BTC-USD,sell,1.15837,100000,86328.4,0.235149,2.36859e+06,1.15837,1,1,86329.4,-0.116416,8,80.0009,100001,0,-0.116416,8.00009,-1.98808e-15,7.88368,0,0,7.88368,10.3714,1,6,0,0,0.3,0,0,3,3,0,1.64653,1.45083,1.64653,1.45083,1.33882,1.14312,1.33882,1.14312,-0.356199,-0.551866,-0.356199,-0.551866
latency_outage,volatile_deep,100000,passive|outage|cod,40,3,True,"coinbase>=1,000,000",prints+quotes,9000001,10,0.183239,2.34555e+06,1.93071,7.98333,-10.3714,passive,BTC-USD,buy,1.15837,100000,86328.4,0.235149,2.14213e+06,1.15837,1,1,86344,1.80763,8,80.0145,100018,0,1.80763,8.00145,-0,9.80908,0,0,9.80908,-10.3714,2,1,0,1,0.8,4.46344,0,0,1,0,-1.72681,-3.61124,-1.72681,-3.61124,0.238581,-1.64547,0.238581,-1.64547,2.51147,0.62784,2.51147,0.62784
latency_outage,volatile_deep,100000,passive|outage|cod,40,3,True,"coinbase>=1,000,000",prints+quotes,9000001,10,0.183239,2.34555e+06,1.93071,7.98333,-10.3714,passive,BTC-USD,sell,1.15837,100000,86328.4,0.235149,2.36859e+06,1.15837,1,1,86329.4,-0.116416,8,80.0009,100001,0,-0.116416,8.00009,-1.98808e-15,7.88368,0,0,7.88368,10.3714,1,6,0,0,0.3,4.46344,0,3,3,0,1.64653,1.45083,1.64653,1.45083,1.33882,1.14312,1.33882,1.14312,-0.356199,-0.551866,-0.356199,-0.551866
latency_outage,volatile_deep,100000,passive|outage|no-cod,40,3,False,"coinbase>=1,000,000",prints+quotes,9000001,10,0.183239,2.34555e+06,1.93071,7.98333,-10.3714,passive,BTC-USD,buy,1.15837,100000,86328.4,0.235149,2.14213e+06,1.15837,1,1,86344,1.80763,8,80.0145,100018,0,1.80763,8.00145,-0,9.80908,0,0,9.80908,-10.3714,2,1,0,1,0.8,4.46344,0,0,1,0,-1.72681,-3.61124,-1.72681,-3.61124,0.238581,-1.64547,0.238581,-1.64547,2.51147,0.62784,2.51147,0.62784
latency_outage,volatile_deep,100000,passive|outage|no-cod,40,3,False,"coinbase>=1,000,000",prints+quotes,9000001,10,0.183239,2.34555e+06,1.93071,7.98333,-10.3714,passive,BTC-USD,sell,1.15837,100000,86328.4,0.235149,2.36859e+06,1.15837,1,1,86329.4,-0.116416,8,80.0009,100001,0,-0.116416,8.00009,-1.98808e-15,7.88368,0,0,7.88368,10.3714,1,6,0,0,0.3,4.46344,0,3,3,0,1.64653,1.45083,1.64653,1.45083,1.33882,1.14312,1.33882,1.14312,-0.356199,-0.551866,-0.356199,-0.551866
latency_outage,volatile_deep,100000,passive|prints-only,40,0,True,"coinbase>=1,000,000",prints-only,9000001,10,0.183239,2.34555e+06,1.93071,7.98333,-10.3714,passive,BTC-USD,buy,1.15837,100000,86328.4,0.235149,2.14213e+06,1.15837,1,1,86266.1,-7.21875,8,79.9422,99927.8,0,-7.21875,7.99422,-1.7907e-07,0.775471,5.2e-10,0.00172478,0.775471,-10.3714,74,103,1,72,48.6317,0,0,103,0,0,1.08697,0.170885,1.08697,0.170885,0.733407,-0.182822,0.733407,-0.182822,-0.957762,-1.87435,-0.957762,-1.87435
latency_outage,volatile_deep,100000,passive|prints-only,40,0,True,"coinbase>=1,000,000",prints-only,9000001,10,0.183239,2.34555e+06,1.93071,7.98333,-10.3714,passive,BTC-USD,sell,1.15837,100000,86328.4,0.235149,2.36859e+06,1.15837,1,1,86318,1.20747,8,79.9903,99987.9,0,1.20747,7.99903,8.9535e-08,9.2065,2.6e-10,0.000862386,9.2065,10.3714,31,46,0,31,20.4034,0,0,46,0,0,1.42028,0.20401,1.42028,0.20401,-1.34859,-2.56444,-1.34859,-2.56444,-5.15406,-6.36914,-5.15406,-6.36914
latency_outage,volatile_deep,100000,aggressive|lat250ms,250,0,True,"coinbase>=1,000,000",prints+quotes,9000002,10,0.156567,2.32107e+06,2.60045,7.28333,6.77627,aggressive,BTC-USD,buy,1.16181,100000,86072.5,0.158006,2.23358e+06,1.16181,1,0,86070.2,-0.257,18,179.995,0,99997.4,-0.257,17.9995,0,17.7425,0,0,17.7425,6.77627,1,6,0,0,0.534757,0,0,0,0,0,0.771221,0.295703,,,-0.490539,-0.966117,,,-0.627055,-1.10264,,
latency_outage,volatile_deep,100000,aggressive|lat250ms,250,0,True,"coinbase>=1,000,000",prints+quotes,9000002,10,0.156567,2.32107e+06,2.60045,7.28333,6.77627,aggressive,BTC-USD,sell,1.16181,100000,86072.5,0.158006,2.27455e+06,1.16181,1,0,86064.1,0.97186,18,179.983,0,99990.3,0.97186,17.9983,-0,18.9701,0,0,18.9701,-6.77627,1,5,0,0,0.534757,0,0,0,0,0,-0.0563494,-0.295703,,,1.2055,0.966117,,,1.34203,1.10264,,
latency_outage,volatile_deep,100000,aggressive|lat40ms,40,0,True,"coinbase>=1,000,000",prints+quotes,9000002,10,0.156567,2.32107e+06,2.60045,7.28333,6.77627,aggressive,BTC-USD,buy,1.16181,100000,86072.5,0.158006,2.23358e+06,1.16181,1,0,86073.5,0.116189,18,180.002,0,100001,0.116189,18.0002,0,18.1164,0,0,18.1164,6.77627,1,4,0,0,0.0855611,0,0,0,0,0,0.024405,-0.0917831,,,1.24255,1.12638,,,-0.811509,-0.927707,,
latency_outage,volatile_deep,100000,aggressive|lat40ms,40,0,True,"coinbase>=1,000,000",prints+quotes,9000002,10,0.156567,2.32107e+06,2.60045,7.28333,6.77627,aggressive,BTC-USD,sell,1.16181,100000,86072.5,0.158006,2.27455e+06,1.16181,1,0,86067.6,0.568291,18,179.99,0,99994.3,0.568291,17.999,-0,18.5673,0,0,18.5673,-6.77627,1,6,0,0,0.0855611,0,0,0,0,0,0.66012,0.0917831,,,-0.558109,-1.12638,,,1.49609,0.927707,,
latency_outage,volatile_deep,100000,aggressive|lat5ms,5,0,True,"coinbase>=1,000,000",prints+quotes,9000002,10,0.156567,2.32107e+06,2.60045,7.28333,6.77627,aggressive,BTC-USD,buy,1.16181,100000,86072.5,0.158006,2.23358e+06,1.16181,1,0,86073.5,0.116189,18,180.002,0,100001,0.116189,18.0002,0,18.1164,0,0,18.1164,6.77627,1,4,0,0,0.0106951,0,0,0,0,0,0.024405,-0.0917831,,,1.24255,1.12638,,,-0.811509,-0.927707,,
latency_outage,volatile_deep,100000,aggressive|lat5ms,5,0,True,"coinbase>=1,000,000",prints+quotes,9000002,10,0.156567,2.32107e+06,2.60045,7.28333,6.77627,aggressive,BTC-USD,sell,1.16181,100000,86072.5,0.158006,2.27455e+06,1.16181,1,0,86067.6,0.568291,18,179.99,0,99994.3,0.568291,17.999,-0,18.5673,0,0,18.5673,-6.77627,1,6,0,0,0.0106951,0,0,0,0,0,0.66012,0.0917831,,,-0.558109,-1.12638,,,1.49609,0.927707,,
latency_outage,volatile_deep,100000,aggressive|outage|cod,40,3,True,"coinbase>=1,000,000",prints+quotes,9000002,10,0.156567,2.32107e+06,2.60045,7.28333,6.77627,aggressive,BTC-USD,buy,1.16181,100000,86072.5,0.158006,2.23358e+06,1.16181,1,0,86073.5,0.116189,18,180.002,0,100001,0.116189,18.0002,0,18.1164,0,0,18.1164,6.77627,1,4,0,0,0.0855611,4.76761,0,0,0,0,0.024405,-0.0917831,,,1.24255,1.12638,,,-0.811509,-0.927707,,
latency_outage,volatile_deep,100000,aggressive|outage|cod,40,3,True,"coinbase>=1,000,000",prints+quotes,9000002,10,0.156567,2.32107e+06,2.60045,7.28333,6.77627,aggressive,BTC-USD,sell,1.16181,100000,86072.5,0.158006,2.27455e+06,1.16181,1,0,86067.6,0.568291,18,179.99,0,99994.3,0.568291,17.999,-0,18.5673,0,0,18.5673,-6.77627,1,6,0,0,0.0855611,4.76761,0,0,0,0,0.66012,0.0917831,,,-0.558109,-1.12638,,,1.49609,0.927707,,
latency_outage,volatile_deep,100000,aggressive|outage|no-cod,40,3,False,"coinbase>=1,000,000",prints+quotes,9000002,10,0.156567,2.32107e+06,2.60045,7.28333,6.77627,aggressive,BTC-USD,buy,1.16181,100000,86072.5,0.158006,2.23358e+06,1.16181,1,0,86073.5,0.116189,18,180.002,0,100001,0.116189,18.0002,0,18.1164,0,0,18.1164,6.77627,1,4,0,0,0.0855611,4.76761,0,0,0,0,0.024405,-0.0917831,,,1.24255,1.12638,,,-0.811509,-0.927707,,
latency_outage,volatile_deep,100000,aggressive|outage|no-cod,40,3,False,"coinbase>=1,000,000",prints+quotes,9000002,10,0.156567,2.32107e+06,2.60045,7.28333,6.77627,aggressive,BTC-USD,sell,1.16181,100000,86072.5,0.158006,2.27455e+06,1.16181,1,0,86067.6,0.568291,18,179.99,0,99994.3,0.568291,17.999,-0,18.5673,0,0,18.5673,-6.77627,1,6,0,0,0.0855611,4.76761,0,0,0,0,0.66012,0.0917831,,,-0.558109,-1.12638,,,1.49609,0.927707,,
latency_outage,volatile_deep,100000,aggressive|prints-only,40,0,True,"coinbase>=1,000,000",prints-only,9000002,10,0.156567,2.32107e+06,2.60045,7.28333,6.77627,aggressive,BTC-USD,buy,1.16181,100000,86072.5,0.158006,2.23358e+06,1.16181,1,0,86073.5,0.116189,18,180.002,0,100001,0.116189,18.0002,0,18.1164,0,0,18.1164,6.77627,1,4,0,0,0.0855611,0,0,0,0,0,0.024405,-0.0917831,,,1.24255,1.12638,,,-0.811509,-0.927707,,
latency_outage,volatile_deep,100000,aggressive|prints-only,40,0,True,"coinbase>=1,000,000",prints-only,9000002,10,0.156567,2.32107e+06,2.60045,7.28333,6.77627,aggressive,BTC-USD,sell,1.16181,100000,86072.5,0.158006,2.27455e+06,1.16181,1,0,86067.6,0.568291,18,179.99,0,99994.3,0.568291,17.999,-0,18.5673,0,0,18.5673,-6.77627,1,6,0,0,0.0855611,0,0,0,0,0,0.66012,0.0917831,,,-0.558109,-1.12638,,,1.49609,0.927707,,
latency_outage,volatile_deep,100000,hybrid|lat250ms,250,0,True,"coinbase>=1,000,000",prints+quotes,9000002,10,0.156567,2.32107e+06,2.60045,7.28333,6.77627,hybrid,BTC-USD,buy,1.16181,100000,86072.5,0.158006,2.23358e+06,1.16181,1,1,86071,-0.17311,8,79.9986,99998.3,0,-0.17311,7.99986,0,7.82675,0,0,7.82675,6.77627,3,2,2,0,1.5,0,0,0,2,0,2.41439,1.75952,2.41439,1.75952,2.82522,2.17038,2.82522,2.17038,-0.416233,-1.07129,-0.416233,-1.07129
latency_outage,volatile_deep,100000,hybrid|lat250ms,250,0,True,"coinbase>=1,000,000",prints+quotes,9000002,10,0.156567,2.32107e+06,2.60045,7.28333,6.77627,hybrid,BTC-USD,sell,1.16181,100000,86072.5,0.158006,2.27455e+06,1.16181,1,1,86073.1,-0.0778414,8,80.0006,100001,0,-0.0778414,8.00006,-0,7.92222,0,0,7.92222,-6.77627,1,3,0,1,0.7,0,0,1,2,0,-0.559025,-1.26077,-0.559025,-1.26077,-0.324409,-1.02616,-0.324409,-1.02616,0.179717,-0.522072,0.179717,-0.522072
latency_outage,volatile_deep,100000,hybrid|lat40ms,40,0,True,"coinbase>=1,000,000",prints+quotes,9000002,10,0.156567,2.32107e+06,2.60045,7.28333,6.77627,hybrid,BTC-USD,buy,1.16181,100000,86072.5,0.158006,2.23358e+06,1.16181,1,1,86071.8,-0.0778414,8,79.9994,99999.2,0,-0.0778414,7.99994,0,7.9221,0,0,7.9221,6.77627,1,4,0,0,0.5,0,0,1,3,0,0.328315,-0.282834,0.328315,-0.282834,-0.688296,-1.2995,-0.688296,-1.2995,-0.241414,-0.852594,-0.241414,-0.852594
latency_outage,volatile_deep,100000,hybrid|lat40ms,40,0,True,"coinbase>=1,000,000",prints+quotes,9000002,10,0.156567,2.32107e+06,2.60045,7.28333,6.77627,hybrid,BTC-USD,sell,1.16181,100000,86072.5,0.158006,2.27455e+06,1.16181,1,1,86074.2,-0.19833,8,80.0016,100002,0,-0.19833,8.00016,-0,7.80183,0,0,7.80183,-6.77627,2,5,0,1,0.8,0,0,2,3,0,0.458311,0.136141,0.458311,0.136141,-0.134142,-0.456294,-0.134142,-0.456294,1.06481,0.742619,1.06481,0.742619
latency_outage,volatile_deep,100000,hybrid|lat5ms,5,0,True,"coinbase>=1,000,000",prints+quotes,9000002,10,0.156567,2.32107e+06,2.60045,7.28333,6.77627,hybrid,BTC-USD,buy,1.16181,100000,86072.5,0.158006,2.23358e+06,1.16181,1,1,86071.8,-0.0778414,8,79.9994,99999.2,0,-0.0778414,7.99994,0,7.9221,0,0,7.9221,6.77627,1,4,0,0,0.5,0,0,1,3,0,0.328315,-0.282834,0.328315,-0.282834,-0.688296,-1.2995,-0.688296,-1.2995,-0.241414,-0.852594,-0.241414,-0.852594
latency_outage,volatile_deep,100000,hybrid|lat5ms,5,0,True,"coinbase>=1,000,000",prints+quotes,9000002,10,0.156567,2.32107e+06,2.60045,7.28333,6.77627,hybrid,BTC-USD,sell,1.16181,100000,86072.5,0.158006,2.27455e+06,1.16181,1,1,86074.2,-0.19833,8,80.0016,100002,0,-0.19833,8.00016,-0,7.80183,0,0,7.80183,-6.77627,2,6,0,1,0.8,0,0,3,3,0,0.454143,0.139594,0.454143,0.139594,-0.125655,-0.440185,-0.125655,-0.440185,1.06911,0.754538,1.06911,0.754538
latency_outage,volatile_deep,100000,hybrid|outage|cod,40,3,True,"coinbase>=1,000,000",prints+quotes,9000002,10,0.156567,2.32107e+06,2.60045,7.28333,6.77627,hybrid,BTC-USD,buy,1.16181,100000,86072.5,0.158006,2.23358e+06,1.16181,1,1,86071.8,-0.0778414,8,79.9994,99999.2,0,-0.0778414,7.99994,0,7.9221,0,0,7.9221,6.77627,1,4,0,0,0.5,4.76761,0,1,3,0,0.328315,-0.282834,0.328315,-0.282834,-0.688296,-1.2995,-0.688296,-1.2995,-0.241414,-0.852594,-0.241414,-0.852594
latency_outage,volatile_deep,100000,hybrid|outage|cod,40,3,True,"coinbase>=1,000,000",prints+quotes,9000002,10,0.156567,2.32107e+06,2.60045,7.28333,6.77627,hybrid,BTC-USD,sell,1.16181,100000,86072.5,0.158006,2.27455e+06,1.16181,1,1,86074.2,-0.19833,8,80.0016,100002,0,-0.19833,8.00016,-0,7.80183,0,0,7.80183,-6.77627,2,5,0,1,0.8,4.76761,0,2,3,0,0.458311,0.136141,0.458311,0.136141,-0.134142,-0.456294,-0.134142,-0.456294,1.06481,0.742619,1.06481,0.742619
latency_outage,volatile_deep,100000,hybrid|outage|no-cod,40,3,False,"coinbase>=1,000,000",prints+quotes,9000002,10,0.156567,2.32107e+06,2.60045,7.28333,6.77627,hybrid,BTC-USD,buy,1.16181,100000,86072.5,0.158006,2.23358e+06,1.16181,1,1,86071.8,-0.0778414,8,79.9994,99999.2,0,-0.0778414,7.99994,0,7.9221,0,0,7.9221,6.77627,1,4,0,0,0.5,4.76761,0,1,3,0,0.328315,-0.282834,0.328315,-0.282834,-0.688296,-1.2995,-0.688296,-1.2995,-0.241414,-0.852594,-0.241414,-0.852594
latency_outage,volatile_deep,100000,hybrid|outage|no-cod,40,3,False,"coinbase>=1,000,000",prints+quotes,9000002,10,0.156567,2.32107e+06,2.60045,7.28333,6.77627,hybrid,BTC-USD,sell,1.16181,100000,86072.5,0.158006,2.27455e+06,1.16181,1,1,86074.2,-0.19833,8,80.0016,100002,0,-0.19833,8.00016,-0,7.80183,0,0,7.80183,-6.77627,2,5,0,1,0.8,4.76761,0,2,3,0,0.458311,0.136141,0.458311,0.136141,-0.134142,-0.456294,-0.134142,-0.456294,1.06481,0.742619,1.06481,0.742619
latency_outage,volatile_deep,100000,hybrid|prints-only,40,0,True,"coinbase>=1,000,000",prints-only,9000002,10,0.156567,2.32107e+06,2.60045,7.28333,6.77627,hybrid,BTC-USD,buy,1.16181,100000,86072.5,0.158006,2.23358e+06,1.16181,1,0.482541,86154,9.47092,13.1746,131.871,48299.6,51795.1,9.47092,13.1871,0,22.658,0,0,22.658,6.77627,65,78,0,64,42.1318,0,0,75,0,0,-1.95024,-2.20919,0.446829,0.00415531,0.526402,0.267491,0.181074,-0.261569,-6.54629,-6.80532,-2.32224,-2.76502
latency_outage,volatile_deep,100000,hybrid|prints-only,40,0,True,"coinbase>=1,000,000",prints-only,9000002,10,0.156567,2.32107e+06,2.60045,7.28333,6.77627,hybrid,BTC-USD,sell,1.16181,100000,86072.5,0.158006,2.27455e+06,1.16181,1,0.282842,86131.9,-6.90349,15.1733,151.838,28286.7,71782.4,-6.90349,15.1838,-0,8.28027,0,0,8.28027,-6.77627,65,98,0,64,42.1318,0,0,94,0,0,3.79291,3.59824,2.22074,1.88689,1.98493,1.79025,8.59274,8.25867,10.2678,10.073,9.13952,8.80544
latency_outage,volatile_deep,100000,passive|lat250ms,250,0,True,"coinbase>=1,000,000",prints+quotes,9000002,10,0.156567,2.32107e+06,2.60045,7.28333,6.77627,passive,BTC-USD,buy,1.16181,100000,86072.5,0.158006,2.23358e+06,1.16181,1,1,86071,-0.17311,8,79.9986,99998.3,0,-0.17311,7.99986,0,7.82675,0,0,7.82675,6.77627,3,2,2,0,1.5,0,0,0,2,0,2.41439,1.75952,2.41439,1.75952,2.82522,2.17038,2.82522,2.17038,-0.416233,-1.07129,-0.416233,-1.07129
latency_outage,volatile_deep,100000,passive|lat250ms,250,0,True,"coinbase>=1,000,000",prints+quotes,9000002,10,0.156567,2.32107e+06,2.60045,7.28333,6.77627,passive,BTC-USD,sell,1.16181,100000,86072.5,0.158006,2.27455e+06,1.16181,1,1,86073.1,-0.0778414,8,80.0006,100001,0,-0.0778414,8.00006,-0,7.92222,0,0,7.92222,-6.77627,1,3,0,1,0.7,0,0,1,2,0,-0.559025,-1.26077,-0.559025,-1.26077,-0.324409,-1.02616,-0.324409,-1.02616,0.179717,-0.522072,0.179717,-0.522072
latency_outage,volatile_deep,100000,passive|lat40ms,40,0,True,"coinbase>=1,000,000",prints+quotes,9000002,10,0.156567,2.32107e+06,2.60045,7.28333,6.77627,passive,BTC-USD,buy,1.16181,100000,86072.5,0.158006,2.23358e+06,1.16181,1,1,86071.8,-0.0778414,8,79.9994,99999.2,0,-0.0778414,7.99994,0,7.9221,0,0,7.9221,6.77627,1,4,0,0,0.5,0,0,1,3,0,0.328315,-0.282834,0.328315,-0.282834,-0.688296,-1.2995,-0.688296,-1.2995,-0.241414,-0.852594,-0.241414,-0.852594
latency_outage,volatile_deep,100000,passive|lat40ms,40,0,True,"coinbase>=1,000,000",prints+quotes,9000002,10,0.156567,2.32107e+06,2.60045,7.28333,6.77627,passive,BTC-USD,sell,1.16181,100000,86072.5,0.158006,2.27455e+06,1.16181,1,1,86074.2,-0.19833,8,80.0016,100002,0,-0.19833,8.00016,-0,7.80183,0,0,7.80183,-6.77627,2,5,0,1,0.8,0,0,2,3,0,0.458311,0.136141,0.458311,0.136141,-0.134142,-0.456294,-0.134142,-0.456294,1.06481,0.742619,1.06481,0.742619
latency_outage,volatile_deep,100000,passive|lat5ms,5,0,True,"coinbase>=1,000,000",prints+quotes,9000002,10,0.156567,2.32107e+06,2.60045,7.28333,6.77627,passive,BTC-USD,buy,1.16181,100000,86072.5,0.158006,2.23358e+06,1.16181,1,1,86071.8,-0.0778414,8,79.9994,99999.2,0,-0.0778414,7.99994,0,7.9221,0,0,7.9221,6.77627,1,4,0,0,0.5,0,0,1,3,0,0.328315,-0.282834,0.328315,-0.282834,-0.688296,-1.2995,-0.688296,-1.2995,-0.241414,-0.852594,-0.241414,-0.852594
latency_outage,volatile_deep,100000,passive|lat5ms,5,0,True,"coinbase>=1,000,000",prints+quotes,9000002,10,0.156567,2.32107e+06,2.60045,7.28333,6.77627,passive,BTC-USD,sell,1.16181,100000,86072.5,0.158006,2.27455e+06,1.16181,1,1,86074.2,-0.19833,8,80.0016,100002,0,-0.19833,8.00016,-0,7.80183,0,0,7.80183,-6.77627,2,6,0,1,0.8,0,0,3,3,0,0.454143,0.139594,0.454143,0.139594,-0.125655,-0.440185,-0.125655,-0.440185,1.06911,0.754538,1.06911,0.754538
latency_outage,volatile_deep,100000,passive|outage|cod,40,3,True,"coinbase>=1,000,000",prints+quotes,9000002,10,0.156567,2.32107e+06,2.60045,7.28333,6.77627,passive,BTC-USD,buy,1.16181,100000,86072.5,0.158006,2.23358e+06,1.16181,1,1,86071.8,-0.0778414,8,79.9994,99999.2,0,-0.0778414,7.99994,0,7.9221,0,0,7.9221,6.77627,1,4,0,0,0.5,4.76761,0,1,3,0,0.328315,-0.282834,0.328315,-0.282834,-0.688296,-1.2995,-0.688296,-1.2995,-0.241414,-0.852594,-0.241414,-0.852594
latency_outage,volatile_deep,100000,passive|outage|cod,40,3,True,"coinbase>=1,000,000",prints+quotes,9000002,10,0.156567,2.32107e+06,2.60045,7.28333,6.77627,passive,BTC-USD,sell,1.16181,100000,86072.5,0.158006,2.27455e+06,1.16181,1,1,86074.2,-0.19833,8,80.0016,100002,0,-0.19833,8.00016,-0,7.80183,0,0,7.80183,-6.77627,2,5,0,1,0.8,4.76761,0,2,3,0,0.458311,0.136141,0.458311,0.136141,-0.134142,-0.456294,-0.134142,-0.456294,1.06481,0.742619,1.06481,0.742619
latency_outage,volatile_deep,100000,passive|outage|no-cod,40,3,False,"coinbase>=1,000,000",prints+quotes,9000002,10,0.156567,2.32107e+06,2.60045,7.28333,6.77627,passive,BTC-USD,buy,1.16181,100000,86072.5,0.158006,2.23358e+06,1.16181,1,1,86071.8,-0.0778414,8,79.9994,99999.2,0,-0.0778414,7.99994,0,7.9221,0,0,7.9221,6.77627,1,4,0,0,0.5,4.76761,0,1,3,0,0.328315,-0.282834,0.328315,-0.282834,-0.688296,-1.2995,-0.688296,-1.2995,-0.241414,-0.852594,-0.241414,-0.852594
latency_outage,volatile_deep,100000,passive|outage|no-cod,40,3,False,"coinbase>=1,000,000",prints+quotes,9000002,10,0.156567,2.32107e+06,2.60045,7.28333,6.77627,passive,BTC-USD,sell,1.16181,100000,86072.5,0.158006,2.27455e+06,1.16181,1,1,86074.2,-0.19833,8,80.0016,100002,0,-0.19833,8.00016,-0,7.80183,0,0,7.80183,-6.77627,2,5,0,1,0.8,4.76761,0,2,3,0,0.458311,0.136141,0.458311,0.136141,-0.134142,-0.456294,-0.134142,-0.456294,1.06481,0.742619,1.06481,0.742619
latency_outage,volatile_deep,100000,passive|prints-only,40,0,True,"coinbase>=1,000,000",prints-only,9000002,10,0.156567,2.32107e+06,2.60045,7.28333,6.77627,passive,BTC-USD,buy,1.16181,100000,86072.5,0.158006,2.23358e+06,0.597987,0.514702,1,86153.1,9.37393,8,41.2148,51518.4,0,4.82478,4.12148,3.28851,12.2348,0.161417,48564.3,21.1378,6.77627,92,106,1,91,59.4544,0,0,106,0,0,0.403501,-0.0137276,0.403501,-0.0137276,0.0357236,-0.381473,0.0357236,-0.381473,-2.87725,-3.29458,-2.87725,-3.29458
latency_outage,volatile_deep,100000,passive|prints-only,40,0,True,"coinbase>=1,000,000",prints-only,9000002,10,0.156567,2.32107e+06,2.60045,7.28333,6.77627,passive,BTC-USD,sell,1.16181,100000,86072.5,0.158006,2.27455e+06,0.625949,0.53877,1,86112.5,-4.65509,8,43.1217,53902.1,0,-2.50802,4.31217,-3.12542,-1.32127,0.0119555,46154.1,6.99843,-6.77627,91,114,0,91,55.2176,0,0,114,0,0,3.46638,2.01136,3.46638,2.01136,4.4745,3.02001,4.4745,3.02001,10.5576,9.10159,10.5576,9.10159
latency_outage,volatile_deep,100000,aggressive|lat250ms,250,0,True,"coinbase>=1,000,000",prints+quotes,9000003,10,0.175822,2.33458e+06,2.73975,8.36667,3.73743,aggressive,BTC-USD,buy,1.15889,100000,86289.3,0.0799635,2.5403e+06,1.15889,1,0,86303.8,1.67311,18,180.03,0,100017,1.67311,18.003,0,19.6761,0,0,19.6761,3.73743,1,4,0,0,0.327526,0,0,0,0,0,2.10965,1.93853,,,-1.98287,-2.15406,,,25.0009,24.8302,,
latency_outage,volatile_deep,100000,aggressive|lat250ms,250,0,True,"coinbase>=1,000,000",prints+quotes,9000003,10,0.175822,2.33458e+06,2.73975,8.36667,3.73743,aggressive,BTC-USD,sell,1.15889,100000,86289.3,0.0799635,2.21747e+06,1.15889,1,0,86300.1,-1.24871,18,180.022,0,100012,-1.24871,18.0022,-7.16094e-16,16.7535,0,0,16.7535,-3.73743,1,10,0,0,0.327526,0,0,0,0,0,-1.6854,-1.93853,,,2.4073,2.15406,,,-24.5776,-24.8302,,
latency_outage,volatile_deep,100000,aggressive|lat40ms,40,0,True,"coinbase>=1,000,000",prints+quotes,9000003,10,0.175822,2.33458e+06,2.73975,8.36667,3.73743,aggressive,BTC-USD,buy,1.15889,100000,86289.3,0.0799635,2.5403e+06,1.15889,1,0,86291.6,0.261828,18,180.005,0,100003,0.261828,18.0005,0,18.2623,0,0,18.2623,3.73743,1,4,0,0,0.0524041,0,0,0,0,0,1.18195,0.92016,,,-4.79952,-5.06146,,,22.0032,21.742,,
latency_outage,volatile_deep,100000,aggressive|lat40ms,40,0,True,"coinbase>=1,000,000",prints+quotes,9000003,10,0.175822,2.33458e+06,2.73975,8.36667,3.73743,aggressive,BTC-USD,sell,1.15889,100000,86289.3,0.0799635,2.21747e+06,1.15889,1,0,86288.3,0.118681,18,179.998,0,99998.8,0.118681,17.9998,-0,18.1185,0,0,18.1185,-3.73743,1,4,0,0,0.0524041,0,0,0,0,0,-0.801487,-0.92016,,,5.1802,5.06146,,,-21.6235,-21.742,,
latency_outage,volatile_deep,100000,aggressive|lat5ms,5,0,True,"coinbase>=1,000,000",prints+quotes,9000003,10,0.175822,2.33458e+06,2.73975,8.36667,3.73743,aggressive,BTC-USD,buy,1.15889,100000,86289.3,0.0799635,2.5403e+06,1.15889,1,0,86291.6,0.261828,18,180.005,0,100003,0.261828,18.0005,0,18.2623,0,0,18.2623,3.73743,1,4,0,0,0.00655051,0,0,0,0,0,1.18195,0.92016,,,-4.79952,-5.06146,,,22.0032,21.742,,
latency_outage,volatile_deep,100000,aggressive|lat5ms,5,0,True,"coinbase>=1,000,000",prints+quotes,9000003,10,0.175822,2.33458e+06,2.73975,8.36667,3.73743,aggressive,BTC-USD,sell,1.15889,100000,86289.3,0.0799635,2.21747e+06,1.15889,1,0,86288.3,0.118681,18,179.998,0,99998.8,0.118681,17.9998,-0,18.1185,0,0,18.1185,-3.73743,1,4,0,0,0.00655051,0,0,0,0,0,-0.801487,-0.92016,,,5.1802,5.06146,,,-21.6235,-21.742,,
latency_outage,volatile_deep,100000,aggressive|outage|cod,40,3,True,"coinbase>=1,000,000",prints+quotes,9000003,10,0.175822,2.33458e+06,2.73975,8.36667,3.73743,aggressive,BTC-USD,buy,1.15889,100000,86289.3,0.0799635,2.5403e+06,1.15889,1,0,86291.6,0.261828,18,180.005,0,100003,0.261828,18.0005,0,18.2623,0,0,18.2623,3.73743,1,4,0,0,0.0524041,6.84945,0,0,0,0,1.18195,0.92016,,,-4.79952,-5.06146,,,22.0032,21.742,,
latency_outage,volatile_deep,100000,aggressive|outage|cod,40,3,True,"coinbase>=1,000,000",prints+quotes,9000003,10,0.175822,2.33458e+06,2.73975,8.36667,3.73743,aggressive,BTC-USD,sell,1.15889,100000,86289.3,0.0799635,2.21747e+06,1.15889,1,0,86288.3,0.118681,18,179.998,0,99998.8,0.118681,17.9998,-0,18.1185,0,0,18.1185,-3.73743,1,4,0,0,0.0524041,6.84945,0,0,0,0,-0.801487,-0.92016,,,5.1802,5.06146,,,-21.6235,-21.742,,
latency_outage,volatile_deep,100000,aggressive|outage|no-cod,40,3,False,"coinbase>=1,000,000",prints+quotes,9000003,10,0.175822,2.33458e+06,2.73975,8.36667,3.73743,aggressive,BTC-USD,buy,1.15889,100000,86289.3,0.0799635,2.5403e+06,1.15889,1,0,86291.6,0.261828,18,180.005,0,100003,0.261828,18.0005,0,18.2623,0,0,18.2623,3.73743,1,4,0,0,0.0524041,6.84945,0,0,0,0,1.18195,0.92016,,,-4.79952,-5.06146,,,22.0032,21.742,,
latency_outage,volatile_deep,100000,aggressive|outage|no-cod,40,3,False,"coinbase>=1,000,000",prints+quotes,9000003,10,0.175822,2.33458e+06,2.73975,8.36667,3.73743,aggressive,BTC-USD,sell,1.15889,100000,86289.3,0.0799635,2.21747e+06,1.15889,1,0,86288.3,0.118681,18,179.998,0,99998.8,0.118681,17.9998,-0,18.1185,0,0,18.1185,-3.73743,1,4,0,0,0.0524041,6.84945,0,0,0,0,-0.801487,-0.92016,,,5.1802,5.06146,,,-21.6235,-21.742,,
latency_outage,volatile_deep,100000,aggressive|prints-only,40,0,True,"coinbase>=1,000,000",prints-only,9000003,10,0.175822,2.33458e+06,2.73975,8.36667,3.73743,aggressive,BTC-USD,buy,1.15889,100000,86289.3,0.0799635,2.5403e+06,1.15889,1,0,86291.6,0.261828,18,180.005,0,100003,0.261828,18.0005,0,18.2623,0,0,18.2623,3.73743,1,4,0,0,0.0524041,0,0,0,0,0,1.18195,0.92016,,,-4.79952,-5.06146,,,22.0032,21.742,,
latency_outage,volatile_deep,100000,aggressive|prints-only,40,0,True,"coinbase>=1,000,000",prints-only,9000003,10,0.175822,2.33458e+06,2.73975,8.36667,3.73743,aggressive,BTC-USD,sell,1.15889,100000,86289.3,0.0799635,2.21747e+06,1.15889,1,0,86288.3,0.118681,18,179.998,0,99998.8,0.118681,17.9998,-0,18.1185,0,0,18.1185,-3.73743,1,4,0,0,0.0524041,0,0,0,0,0,-0.801487,-0.92016,,,5.1802,5.06146,,,-21.6235,-21.742,,
latency_outage,volatile_deep,100000,hybrid|lat250ms,250,0,True,"coinbase>=1,000,000",prints+quotes,9000003,10,0.175822,2.33458e+06,2.73975,8.36667,3.73743,hybrid,BTC-USD,buy,1.15889,100000,86289.3,0.0799635,2.5403e+06,1.15889,1,1,86289,-0.0388229,8,79.9997,99999.6,0,-0.0388229,7.99997,0,7.96115,0,0,7.96115,3.73743,1,5,0,1,0.8,0,0,2,3,0,0.863995,0.031251,0.863995,0.031251,-2.59551,-3.42852,-2.59551,-3.42852,21.9811,21.1501,21.9811,21.1501
latency_outage,volatile_deep,100000,hybrid|lat250ms,250,0,True,"coinbase>=1,000,000",prints+quotes,9000003,10,0.175822,2.33458e+06,2.73975,8.36667,3.73743,hybrid,BTC-USD,sell,1.15889,100000,86289.3,0.0799635,2.21747e+06,1.15889,1,1,86285.7,0.422416,8,79.9966,99995.8,0,0.422416,7.99966,-0,8.42208,0,0,8.42208,-3.73743,3,1,1,2,2.1,0,0,0,1,0,7.11705,0.14882,7.11705,0.14882,2.61979,-4.34532,2.61979,-4.34532,-20.4437,-27.3928,-20.4437,-27.3928
latency_outage,volatile_deep,100000,hybrid|lat40ms,40,0,True,"coinbase>=1,000,000",prints+quotes,9000003,10,0.175822,2.33458e+06,2.73975,8.36667,3.73743,hybrid,BTC-USD,buy,1.15889,100000,86289.3,0.0799635,2.5403e+06,1.15889,1,1,86304.5,1.751,8,80.014,100018,0,1.751,8.0014,0,9.7524,0,0,9.7524,3.73743,4,8,0,3,2.6,0,0,4,4,0,0.644446,0.196549,0.644446,0.196549,-0.30277,-0.750697,-0.30277,-0.750697,23.8552,23.4083,23.8552,23.4083
latency_outage,volatile_deep,100000,hybrid|lat40ms,40,0,True,"coinbase>=1,000,000",prints+quotes,9000003,10,0.175822,2.33458e+06,2.73975,8.36667,3.73743,hybrid,BTC-USD,sell,1.15889,100000,86289.3,0.0799635,2.21747e+06,1.15889,1,1,86289.7,-0.0388229,8,80.0003,100000,0,-0.0388229,8.00003,-0,7.96121,0,0,7.96121,-3.73743,1,1,0,0,0.1,0,0,0,1,0,-0.920736,-3.06923,-0.920736,-3.06923,5.28568,3.13585,5.28568,3.13585,-23.1493,-25.2931,-23.1493,-25.2931
latency_outage,volatile_deep,100000,hybrid|lat5ms,5,0,True,"coinbase>=1,000,000",prints+quotes,9000003,10,0.175822,2.33458e+06,2.73975,8.36667,3.73743,hybrid,BTC-USD,buy,1.15889,100000,86289.3,0.0799635,2.5403e+06,1.15889,1,1,86287.5,-0.213291,8,79.9983,99997.9,0,-0.213291,7.99983,0,7.78654,0,0,7.78654,3.73743,2,5,0,1,0.8,0,0,2,3,0,0.689525,0.031251,0.689525,0.031251,-2.77003,-3.42852,-2.77003,-3.42852,21.807,21.1501,21.807,21.1501
latency_outage,volatile_deep,100000,hybrid|lat5ms,5,0,True,"coinbase>=1,000,000",prints+quotes,9000003,10,0.175822,2.33458e+06,2.73975,8.36667,3.73743,hybrid,BTC-USD,sell,1.15889,100000,86289.3,0.0799635,2.21747e+06,1.15889,1,1,86289.7,-0.0388229,8,80.0003,100000,0,-0.0388229,8.00003,-0,7.96121,0,0,7.96121,-3.73743,1,1,0,0,0.1,0,0,0,1,0,-0.920736,-3.06923,-0.920736,-3.06923,5.28568,3.13585,5.28568,3.13585,-23.1493,-25.2931,-23.1493,-25.2931
latency_outage,volatile_deep,100000,hybrid|outage|cod,40,3,True,"coinbase>=1,000,000",prints+quotes,9000003,10,0.175822,2.33458e+06,2.73975,8.36667,3.73743,hybrid,BTC-USD,buy,1.15889,100000,86289.3,0.0799635,2.5403e+06,1.15889,1,1,86304.5,1.751,8,80.014,100018,0,1.751,8.0014,0,9.7524,0,0,9.7524,3.73743,4,8,0,3,2.6,6.84945,0,4,4,0,0.644446,0.196549,0.644446,0.196549,-0.30277,-0.750697,-0.30277,-0.750697,23.8552,23.4083,23.8552,23.4083
latency_outage,volatile_deep,100000,hybrid|outage|cod,40,3,True,"coinbase>=1,000,000",prints+quotes,9000003,10,0.175822,2.33458e+06,2.73975,8.36667,3.73743,hybrid,BTC-USD,sell,1.15889,100000,86289.3,0.0799635,2.21747e+06,1.15889,1,1,86289.7,-0.0388229,8,80.0003,100000,0,-0.0388229,8.00003,-0,7.96121,0,0,7.96121,-3.73743,1,1,0,0,0.1,6.84945,0,0,1,0,-0.920736,-3.06923,-0.920736,-3.06923,5.28568,3.13585,5.28568,3.13585,-23.1493,-25.2931,-23.1493,-25.2931
latency_outage,volatile_deep,100000,hybrid|outage|no-cod,40,3,False,"coinbase>=1,000,000",prints+quotes,9000003,10,0.175822,2.33458e+06,2.73975,8.36667,3.73743,hybrid,BTC-USD,buy,1.15889,100000,86289.3,0.0799635,2.5403e+06,1.15889,1,1,86304.5,1.751,8,80.014,100018,0,1.751,8.0014,0,9.7524,0,0,9.7524,3.73743,4,8,0,3,2.6,6.84945,0,4,4,0,0.644446,0.196549,0.644446,0.196549,-0.30277,-0.750697,-0.30277,-0.750697,23.8552,23.4083,23.8552,23.4083
latency_outage,volatile_deep,100000,hybrid|outage|no-cod,40,3,False,"coinbase>=1,000,000",prints+quotes,9000003,10,0.175822,2.33458e+06,2.73975,8.36667,3.73743,hybrid,BTC-USD,sell,1.15889,100000,86289.3,0.0799635,2.21747e+06,1.15889,1,1,86289.7,-0.0388229,8,80.0003,100000,0,-0.0388229,8.00003,-0,7.96121,0,0,7.96121,-3.73743,1,1,0,0,0.1,6.84945,0,0,1,0,-0.920736,-3.06923,-0.920736,-3.06923,5.28568,3.13585,5.28568,3.13585,-23.1493,-25.2931,-23.1493,-25.2931
latency_outage,volatile_deep,100000,hybrid|prints-only,40,0,True,"coinbase>=1,000,000",prints-only,9000003,10,0.175822,2.33458e+06,2.73975,8.36667,3.73743,hybrid,BTC-USD,buy,1.15889,100000,86289.3,0.0799635,2.5403e+06,1.15889,1,1,86321.4,3.71113,8,80.0297,100037,0,3.71113,8.00297,0,11.7141,0,0,11.7141,3.73743,31,42,0,31,20.9363,0,0,42,0,0,4.33275,3.69361,4.33275,3.69361,7.40818,6.76904,7.40818,6.76904,22.084,21.4461,22.084,21.4461
latency_outage,volatile_deep,100000,hybrid|prints-only,40,0,True,"coinbase>=1,000,000",prints-only,9000003,10,0.175822,2.33458e+06,2.73975,8.36667,3.73743,hybrid,BTC-USD,sell,1.15889,100000,86289.3,0.0799635,2.21747e+06,1.15889,1,1,86151.4,15.9892,8,79.8721,99840.1,0,15.9892,7.98721,-0,23.9764,0,0,23.9764,-3.73743,43,62,0,43,28.3038,0,0,62,0,0,0.154718,-0.518411,0.154718,-0.518411,-1.11812,-1.79117,-1.11812,-1.79117,10.7061,10.0321,10.7061,10.0321
latency_outage,volatile_deep,100000,passive|lat250ms,250,0,True,"coinbase>=1,000,000",prints+quotes,9000003,10,0.175822,2.33458e+06,2.73975,8.36667,3.73743,passive,BTC-USD,buy,1.15889,100000,86289.3,0.0799635,2.5403e+06,1.15889,1,1,86289,-0.0388229,8,79.9997,99999.6,0,-0.0388229,7.99997,0,7.96115,0,0,7.96115,3.73743,1,5,0,1,0.8,0,0,2,3,0,0.863995,0.031251,0.863995,0.031251,-2.59551,-3.42852,-2.59551,-3.42852,21.9811,21.1501,21.9811,21.1501
latency_outage,volatile_deep,100000,passive|lat250ms,250,0,True,"coinbase>=1,000,000",prints+quotes,9000003,10,0.175822,2.33458e+06,2.73975,8.36667,3.73743,passive,BTC-USD,sell,1.15889,100000,86289.3,0.0799635,2.21747e+06,1.15889,1,1,86285.7,0.422416,8,79.9966,99995.8,0,0.422416,7.99966,-0,8.42208,0,0,8.42208,-3.73743,3,1,1,2,2.1,0,0,0,1,0,7.11705,0.14882,7.11705,0.14882,2.61979,-4.34532,2.61979,-4.34532,-20.4437,-27.3928,-20.4437,-27.3928
latency_outage,volatile_deep,100000,passive|lat40ms,40,0,True,"coinbase>=1,000,000",prints+quotes,9000003,10,0.175822,2.33458e+06,2.73975,8.36667,3.73743,passive,BTC-USD,buy,1.15889,100000,86289.3,0.0799635,2.5403e+06,1.15889,1,1,86304.5,1.751,8,80.014,100018,0,1.751,8.0014,0,9.7524,0,0,9.7524,3.73743,4,8,0,3,2.6,0,0,4,4,0,0.644446,0.196549,0.644446,0.196549,-0.30277,-0.750697,-0.30277,-0.750697,23.8552,23.4083,23.8552,23.4083
latency_outage,volatile_deep,100000,passive|lat40ms,40,0,True,"coinbase>=1,000,000",prints+quotes,9000003,10,0.175822,2.33458e+06,2.73975,8.36667,3.73743,passive,BTC-USD,sell,1.15889,100000,86289.3,0.0799635,2.21747e+06,1.15889,1,1,86289.7,-0.0388229,8,80.0003,100000,0,-0.0388229,8.00003,-0,7.96121,0,0,7.96121,-3.73743,1,1,0,0,0.1,0,0,0,1,0,-0.920736,-3.06923,-0.920736,-3.06923,5.28568,3.13585,5.28568,3.13585,-23.1493,-25.2931,-23.1493,-25.2931
latency_outage,volatile_deep,100000,passive|lat5ms,5,0,True,"coinbase>=1,000,000",prints+quotes,9000003,10,0.175822,2.33458e+06,2.73975,8.36667,3.73743,passive,BTC-USD,buy,1.15889,100000,86289.3,0.0799635,2.5403e+06,1.15889,1,1,86287.5,-0.213291,8,79.9983,99997.9,0,-0.213291,7.99983,0,7.78654,0,0,7.78654,3.73743,2,5,0,1,0.8,0,0,2,3,0,0.689525,0.031251,0.689525,0.031251,-2.77003,-3.42852,-2.77003,-3.42852,21.807,21.1501,21.807,21.1501
latency_outage,volatile_deep,100000,passive|lat5ms,5,0,True,"coinbase>=1,000,000",prints+quotes,9000003,10,0.175822,2.33458e+06,2.73975,8.36667,3.73743,passive,BTC-USD,sell,1.15889,100000,86289.3,0.0799635,2.21747e+06,1.15889,1,1,86289.7,-0.0388229,8,80.0003,100000,0,-0.0388229,8.00003,-0,7.96121,0,0,7.96121,-3.73743,1,1,0,0,0.1,0,0,0,1,0,-0.920736,-3.06923,-0.920736,-3.06923,5.28568,3.13585,5.28568,3.13585,-23.1493,-25.2931,-23.1493,-25.2931
latency_outage,volatile_deep,100000,passive|outage|cod,40,3,True,"coinbase>=1,000,000",prints+quotes,9000003,10,0.175822,2.33458e+06,2.73975,8.36667,3.73743,passive,BTC-USD,buy,1.15889,100000,86289.3,0.0799635,2.5403e+06,1.15889,1,1,86304.5,1.751,8,80.014,100018,0,1.751,8.0014,0,9.7524,0,0,9.7524,3.73743,4,8,0,3,2.6,6.84945,0,4,4,0,0.644446,0.196549,0.644446,0.196549,-0.30277,-0.750697,-0.30277,-0.750697,23.8552,23.4083,23.8552,23.4083
latency_outage,volatile_deep,100000,passive|outage|cod,40,3,True,"coinbase>=1,000,000",prints+quotes,9000003,10,0.175822,2.33458e+06,2.73975,8.36667,3.73743,passive,BTC-USD,sell,1.15889,100000,86289.3,0.0799635,2.21747e+06,1.15889,1,1,86289.7,-0.0388229,8,80.0003,100000,0,-0.0388229,8.00003,-0,7.96121,0,0,7.96121,-3.73743,1,1,0,0,0.1,6.84945,0,0,1,0,-0.920736,-3.06923,-0.920736,-3.06923,5.28568,3.13585,5.28568,3.13585,-23.1493,-25.2931,-23.1493,-25.2931
latency_outage,volatile_deep,100000,passive|outage|no-cod,40,3,False,"coinbase>=1,000,000",prints+quotes,9000003,10,0.175822,2.33458e+06,2.73975,8.36667,3.73743,passive,BTC-USD,buy,1.15889,100000,86289.3,0.0799635,2.5403e+06,1.15889,1,1,86304.5,1.751,8,80.014,100018,0,1.751,8.0014,0,9.7524,0,0,9.7524,3.73743,4,8,0,3,2.6,6.84945,0,4,4,0,0.644446,0.196549,0.644446,0.196549,-0.30277,-0.750697,-0.30277,-0.750697,23.8552,23.4083,23.8552,23.4083
latency_outage,volatile_deep,100000,passive|outage|no-cod,40,3,False,"coinbase>=1,000,000",prints+quotes,9000003,10,0.175822,2.33458e+06,2.73975,8.36667,3.73743,passive,BTC-USD,sell,1.15889,100000,86289.3,0.0799635,2.21747e+06,1.15889,1,1,86289.7,-0.0388229,8,80.0003,100000,0,-0.0388229,8.00003,-0,7.96121,0,0,7.96121,-3.73743,1,1,0,0,0.1,6.84945,0,0,1,0,-0.920736,-3.06923,-0.920736,-3.06923,5.28568,3.13585,5.28568,3.13585,-23.1493,-25.2931,-23.1493,-25.2931
latency_outage,volatile_deep,100000,passive|prints-only,40,0,True,"coinbase>=1,000,000",prints-only,9000003,10,0.175822,2.33458e+06,2.73975,8.36667,3.73743,passive,BTC-USD,buy,1.15889,100000,86289.3,0.0799635,2.5403e+06,1.15889,1,1,86321.4,3.71113,8,80.0297,100037,0,3.71113,8.00297,0,11.7141,0,0,11.7141,3.73743,31,42,0,31,20.9363,0,0,42,0,0,4.33275,3.69361,4.33275,3.69361,7.40818,6.76904,7.40818,6.76904,22.084,21.4461,22.084,21.4461
latency_outage,volatile_deep,100000,passive|prints-only,40,0,True,"coinbase>=1,000,000",prints-only,9000003,10,0.175822,2.33458e+06,2.73975,8.36667,3.73743,passive,BTC-USD,sell,1.15889,100000,86289.3,0.0799635,2.21747e+06,1.15889,1,1,86151.4,15.9892,8,79.8721,99840.1,0,15.9892,7.98721,-0,23.9764,0,0,23.9764,-3.73743,43,62,0,43,28.3038,0,0,62,0,0,0.154718,-0.518411,0.154718,-0.518411,-1.11812,-1.79117,-1.11812,-1.79117,10.7061,10.0321,10.7061,10.0321
latency_outage,volatile_deep,100000,aggressive|lat250ms,250,0,True,"coinbase>=1,000,000",prints+quotes,9000004,10,0.179558,2.31647e+06,2.37686,8.63333,22.6587,aggressive,BTC-USD,buy,1.15818,100000,86342.1,0.105395,2.39675e+06,1.15818,1,0,86353.1,1.26489,18,180.023,0,100013,1.26489,18.0023,0,19.2672,0,0,19.2672,22.6587,1,6,0,0,0.309545,0,0,0,0,0,0.473795,0.365943,,,1.73953,1.63169,,,-15.8707,-15.9788,,
latency_outage,volatile_deep,100000,aggressive|lat250ms,250,0,True,"coinbase>=1,000,000",prints+quotes,9000004,10,0.179558,2.31647e+06,2.37686,8.63333,22.6587,aggressive,BTC-USD,sell,1.15818,100000,86342.1,0.105395,2.45625e+06,1.15818,1,0,86344.5,-0.2732,18,180.005,0,100003,-0.2732,18.0005,-0,17.7273,0,0,17.7273,-22.6587,1,9,0,0,0.309545,0,0,0,0,0,0.517859,-0.365943,,,-0.748,-1.63169,,,16.864,15.9788,,
latency_outage,volatile_deep,100000,aggressive|lat40ms,40,0,True,"coinbase>=1,000,000",prints+quotes,9000004,10,0.179558,2.31647e+06,2.37686,8.63333,22.6587,aggressive,BTC-USD,buy,1.15818,100000,86342.1,0.105395,2.39675e+06,1.15818,1,0,86344.4,0.259485,18,180.005,0,100003,0.259485,18.0005,0,18.26,0,0,18.26,22.6587,1,5,0,0,0.0495273,0,0,0,0,0,-0.186411,-0.4459,,,1.34814,1.08869,,,-16.4353,-16.6952,,
latency_outage,volatile_deep,100000,aggressive|lat40ms,40,0,True,"coinbase>=1,000,000",prints+quotes,9000004,10,0.179558,2.31647e+06,2.37686,8.63333,22.6587,aggressive,BTC-USD,sell,1.15818,100000,86342.1,0.105395,2.45625e+06,1.15818,1,0,86341.5,0.0750663,18,179.999,0,99999.2,0.0750663,17.9999,-0,18.0749,0,0,18.0749,-22.6587,1,7,0,0,0.0495273,0,0,0,0,0,0.520971,0.4459,,,-1.01363,-1.08869,,,16.7704,16.6952,,
latency_outage,volatile_deep,100000,aggressive|lat5ms,5,0,True,"coinbase>=1,000,000",prints+quotes,9000004,10,0.179558,2.31647e+06,2.37686,8.63333,22.6587,aggressive,BTC-USD,buy,1.15818,100000,86342.1,0.105395,2.39675e+06,1.15818,1,0,86344.4,0.259485,18,180.005,0,100003,0.259485,18.0005,0,18.26,0,0,18.26,22.6587,1,5,0,0,0.00619091,0,0,0,0,0,-0.186411,-0.4459,,,1.34814,1.08869,,,-16.4353,-16.6952,,
latency_outage,volatile_deep,100000,aggressive|lat5ms,5,0,True,"coinbase>=1,000,000",prints+quotes,9000004,10,0.179558,2.31647e+06,2.37686,8.63333,22.6587,aggressive,BTC-USD,sell,1.15818,100000,86342.1,0.105395,2.45625e+06,1.15818,1,0,86341.5,0.0750663,18,179.999,0,99999.2,0.0750663,17.9999,-0,18.0749,0,0,18.0749,-22.6587,1,7,0,0,0.00619091,0,0,0,0,0,0.520971,0.4459,,,-1.01363,-1.08869,,,16.7704,16.6952,,
latency_outage,volatile_deep,100000,aggressive|outage|cod,40,3,True,"coinbase>=1,000,000",prints+quotes,9000004,10,0.179558,2.31647e+06,2.37686,8.63333,22.6587,aggressive,BTC-USD,buy,1.15818,100000,86342.1,0.105395,2.39675e+06,1.15818,1,0,86344.4,0.259485,18,180.005,0,100003,0.259485,18.0005,0,18.26,0,0,18.26,22.6587,1,5,0,0,0.0495273,0,0,0,0,0,-0.186411,-0.4459,,,1.34814,1.08869,,,-16.4353,-16.6952,,
latency_outage,volatile_deep,100000,aggressive|outage|cod,40,3,True,"coinbase>=1,000,000",prints+quotes,9000004,10,0.179558,2.31647e+06,2.37686,8.63333,22.6587,aggressive,BTC-USD,sell,1.15818,100000,86342.1,0.105395,2.45625e+06,1.15818,1,0,86341.5,0.0750663,18,179.999,0,99999.2,0.0750663,17.9999,-0,18.0749,0,0,18.0749,-22.6587,1,7,0,0,0.0495273,0,0,0,0,0,0.520971,0.4459,,,-1.01363,-1.08869,,,16.7704,16.6952,,
latency_outage,volatile_deep,100000,aggressive|outage|no-cod,40,3,False,"coinbase>=1,000,000",prints+quotes,9000004,10,0.179558,2.31647e+06,2.37686,8.63333,22.6587,aggressive,BTC-USD,buy,1.15818,100000,86342.1,0.105395,2.39675e+06,1.15818,1,0,86344.4,0.259485,18,180.005,0,100003,0.259485,18.0005,0,18.26,0,0,18.26,22.6587,1,5,0,0,0.0495273,0,0,0,0,0,-0.186411,-0.4459,,,1.34814,1.08869,,,-16.4353,-16.6952,,
latency_outage,volatile_deep,100000,aggressive|outage|no-cod,40,3,False,"coinbase>=1,000,000",prints+quotes,9000004,10,0.179558,2.31647e+06,2.37686,8.63333,22.6587,aggressive,BTC-USD,sell,1.15818,100000,86342.1,0.105395,2.45625e+06,1.15818,1,0,86341.5,0.0750663,18,179.999,0,99999.2,0.0750663,17.9999,-0,18.0749,0,0,18.0749,-22.6587,1,7,0,0,0.0495273,0,0,0,0,0,0.520971,0.4459,,,-1.01363,-1.08869,,,16.7704,16.6952,,
latency_outage,volatile_deep,100000,aggressive|prints-only,40,0,True,"coinbase>=1,000,000",prints-only,9000004,10,0.179558,2.31647e+06,2.37686,8.63333,22.6587,aggressive,BTC-USD,buy,1.15818,100000,86342.1,0.105395,2.39675e+06,1.15818,1,0,86344.4,0.259485,18,180.005,0,100003,0.259485,18.0005,0,18.26,0,0,18.26,22.6587,1,5,0,0,0.0495273,0,0,0,0,0,-0.186411,-0.4459,,,1.34814,1.08869,,,-16.4353,-16.6952,,
latency_outage,volatile_deep,100000,aggressive|prints-only,40,0,True,"coinbase>=1,000,000",prints-only,9000004,10,0.179558,2.31647e+06,2.37686,8.63333,22.6587,aggressive,BTC-USD,sell,1.15818,100000,86342.1,0.105395,2.45625e+06,1.15818,1,0,86341.5,0.0750663,18,179.999,0,99999.2,0.0750663,17.9999,-0,18.0749,0,0,18.0749,-22.6587,1,7,0,0,0.0495273,0,0,0,0,0,0.520971,0.4459,,,-1.01363,-1.08869,,,16.7704,16.6952,,
latency_outage,volatile_deep,100000,hybrid|lat250ms,250,0,True,"coinbase>=1,000,000",prints+quotes,9000004,10,0.179558,2.31647e+06,2.37686,8.63333,22.6587,hybrid,BTC-USD,buy,1.15818,100000,86342.1,0.105395,2.39675e+06,1.15818,1,1,86351.8,1.11823,8,80.0089,100011,0,1.11823,8.00089,0,9.11912,0,0,9.11912,22.6587,4,4,1,2,2.4,0,0,1,3,0,3.79828,3.41274,3.79828,3.41274,-2.26473,-2.6505,-2.26473,-2.6505,-14.2331,-14.6194,-14.2331,-14.6194
latency_outage,volatile_deep,100000,hybrid|lat250ms,250,0,True,"coinbase>=1,000,000",prints+quotes,9000004,10,0.179558,2.31647e+06,2.37686,8.63333,22.6587,hybrid,BTC-USD,sell,1.15818,100000,86342.1,0.105395,2.45625e+06,1.15818,1,1,86346.2,-0.471831,8,80.0038,100005,0,-0.471831,8.00038,-0,7.52855,0,0,7.52855,-22.6587,12,4,8,3,5.6,0,0,1,3,0,0.919814,-0.0208142,0.919814,-0.0208142,-2.74622,-3.68616,-2.74622,-3.68616,17.2669,16.3248,17.2669,16.3248
latency_outage,volatile_deep,100000,hybrid|lat40ms,40,0,True,"coinbase>=1,000,000",prints+quotes,9000004,10,0.179558,2.31647e+06,2.37686,8.63333,22.6587,hybrid,BTC-USD,buy,1.15818,100000,86342.1,0.105395,2.39675e+06,1.15818,1,1,86341.7,-0.0515391,8,79.9996,99999.5,0,-0.0515391,7.99996,0,7.94842,0,0,7.94842,22.6587,1,1,0,0,0.1,0,0,0,1,0,-0.810153,-1.76583,-0.810153,-1.76583,-0.00231638,-0.957914,-0.00231638,-0.957914,-16.8105,-17.7677,-16.8105,-17.7677
latency_outage,volatile_deep,100000,hybrid|lat40ms,40,0,True,"coinbase>=1,000,000",prints+quotes,9000004,10,0.179558,2.31647e+06,2.37686,8.63333,22.6587,hybrid,BTC-USD,sell,1.15818,100000,86342.1,0.105395,2.45625e+06,1.15818,1,1,86342.6,-0.0515391,8,80.0004,100001,0,-0.0515391,8.00004,-0,7.9485,0,0,7.9485,-22.6587,1,3,0,0,0.5,0,0,1,2,0,0.803788,-0.323244,0.803788,-0.323244,-0.500525,-1.62741,-0.500525,-1.62741,16.9354,15.8065,16.9354,15.8065
latency_outage,volatile_deep,100000,hybrid|lat5ms,5,0,True,"coinbase>=1,000,000",prints+quotes,9000004,10,0.179558,2.31647e+06,2.37686,8.63333,22.6587,hybrid,BTC-USD,buy,1.15818,100000,86342.1,0.105395,2.39675e+06,1.15818,1,1,86341.7,-0.0515391,8,79.9996,99999.5,0,-0.0515391,7.99996,0,7.94842,0,0,7.94842,22.6587,1,1,0,0,0.1,0,0,0,1,0,-0.810153,-1.76583,-0.810153,-1.76583,-0.00231638,-0.957914,-0.00231638,-0.957914,-16.8105,-17.7677,-16.8105,-17.7677
latency_outage,volatile_deep,100000,hybrid|lat5ms,5,0,True,"coinbase>=1,000,000",prints+quotes,9000004,10,0.179558,2.31647e+06,2.37686,8.63333,22.6587,hybrid,BTC-USD,sell,1.15818,100000,86342.1,0.105395,2.45625e+06,1.15818,1,1,86342.6,-0.0515391,8,80.0004,100001,0,-0.0515391,8.00004,-0,7.9485,0,0,7.9485,-22.6587,1,3,0,0,0.5,0,0,1,2,0,0.803788,-0.323244,0.803788,-0.323244,-0.500525,-1.62741,-0.500525,-1.62741,16.9354,15.8065,16.9354,15.8065
latency_outage,volatile_deep,100000,hybrid|outage|cod,40,3,True,"coinbase>=1,000,000",prints+quotes,9000004,10,0.179558,2.31647e+06,2.37686,8.63333,22.6587,hybrid,BTC-USD,buy,1.15818,100000,86342.1,0.105395,2.39675e+06,1.15818,1,1,86341.7,-0.0515391,8,79.9996,99999.5,0,-0.0515391,7.99996,0,7.94842,0,0,7.94842,22.6587,1,1,0,0,0.1,0,0,0,1,0,-0.810153,-1.76583,-0.810153,-1.76583,-0.00231638,-0.957914,-0.00231638,-0.957914,-16.8105,-17.7677,-16.8105,-17.7677
latency_outage,volatile_deep,100000,hybrid|outage|cod,40,3,True,"coinbase>=1,000,000",prints+quotes,9000004,10,0.179558,2.31647e+06,2.37686,8.63333,22.6587,hybrid,BTC-USD,sell,1.15818,100000,86342.1,0.105395,2.45625e+06,1.15818,1,1,86342.6,-0.0515391,8,80.0004,100001,0,-0.0515391,8.00004,-0,7.9485,0,0,7.9485,-22.6587,1,3,0,0,0.5,0,0,1,2,0,0.803788,-0.323244,0.803788,-0.323244,-0.500525,-1.62741,-0.500525,-1.62741,16.9354,15.8065,16.9354,15.8065
latency_outage,volatile_deep,100000,hybrid|outage|no-cod,40,3,False,"coinbase>=1,000,000",prints+quotes,9000004,10,0.179558,2.31647e+06,2.37686,8.63333,22.6587,hybrid,BTC-USD,buy,1.15818,100000,86342.1,0.105395,2.39675e+06,1.15818,1,1,86341.7,-0.0515391,8,79.9996,99999.5,0,-0.0515391,7.99996,0,7.94842,0,0,7.94842,22.6587,1,1,0,0,0.1,0,0,0,1,0,-0.810153,-1.76583,-0.810153,-1.76583,-0.00231638,-0.957914,-0.00231638,-0.957914,-16.8105,-17.7677,-16.8105,-17.7677
latency_outage,volatile_deep,100000,hybrid|outage|no-cod,40,3,False,"coinbase>=1,000,000",prints+quotes,9000004,10,0.179558,2.31647e+06,2.37686,8.63333,22.6587,hybrid,BTC-USD,sell,1.15818,100000,86342.1,0.105395,2.45625e+06,1.15818,1,1,86342.6,-0.0515391,8,80.0004,100001,0,-0.0515391,8.00004,-0,7.9485,0,0,7.9485,-22.6587,1,3,0,0,0.5,0,0,1,2,0,0.803788,-0.323244,0.803788,-0.323244,-0.500525,-1.62741,-0.500525,-1.62741,16.9354,15.8065,16.9354,15.8065
latency_outage,volatile_deep,100000,hybrid|prints-only,40,0,True,"coinbase>=1,000,000",prints-only,9000004,10,0.179558,2.31647e+06,2.37686,8.63333,22.6587,hybrid,BTC-USD,buy,1.15818,100000,86342.1,0.105395,2.39675e+06,1.15818,1,0.736157,86400.4,6.74712,10.6401,106.473,73648.7,26418.7,6.74712,10.6473,0,17.3944,0,0,17.3944,22.6587,65,105,0,64,42.1455,0,0,103,0,0,-0.918067,-1.59955,-0.35769,-1.23488,-1.65085,-2.33223,0.0711133,-0.805921,-7.12268,-7.80514,-8.63207,-9.51059
latency_outage,volatile_deep,100000,hybrid|prints-only,40,0,True,"coinbase>=1,000,000",prints-only,9000004,10,0.179558,2.31647e+06,2.37686,8.63333,22.6587,hybrid,BTC-USD,sell,1.15818,100000,86342.1,0.105395,2.45625e+06,1.15818,1,0.261139,86451.9,-12.7127,15.3886,154.082,26147.3,73979.9,-12.7127,15.4082,-4.34408e-15,2.69547,0,0,2.69547,-22.6587,65,96,0,64,42.1455,0,0,92,0,0,2.34914,2.26863,0.985482,1.28292,5.12025,5.03961,0.353434,0.650672,4.2207,4.14013,6.93653,7.23378
latency_outage,volatile_deep,100000,passive|lat250ms,250,0,True,"coinbase>=1,000,000",prints+quotes,9000004,10,0.179558,2.31647e+06,2.37686,8.63333,22.6587,passive,BTC-USD,buy,1.15818,100000,86342.1,0.105395,2.39675e+06,1.15818,1,1,86351.8,1.11823,8,80.0089,100011,0,1.11823,8.00089,0,9.11912,0,0,9.11912,22.6587,4,4,1,2,2.4,0,0,1,3,0,3.79828,3.41274,3.79828,3.41274,-2.26473,-2.6505,-2.26473,-2.6505,-14.2331,-14.6194,-14.2331,-14.6194
latency_outage,volatile_deep,100000,passive|lat250ms,250,0,True,"coinbase>=1,000,000",prints+quotes,9000004,10,0.179558,2.31647e+06,2.37686,8.63333,22.6587,passive,BTC-USD,sell,1.15818,100000,86342.1,0.105395,2.45625e+06,1.15818,1,1,86346.2,-0.471831,8,80.0038,100005,0,-0.471831,8.00038,-0,7.52855,0,0,7.52855,-22.6587,12,4,8,3,5.6,0,0,1,3,0,0.919814,-0.0208142,0.919814,-0.0208142,-2.74622,-3.68616,-2.74622,-3.68616,17.2669,16.3248,17.2669,16.3248
latency_outage,volatile_deep,100000,passive|lat40ms,40,0,True,"coinbase>=1,000,000",prints+quotes,9000004,10,0.179558,2.31647e+06,2.37686,8.63333,22.6587,passive,BTC-USD,buy,1.15818,100000,86342.1,0.105395,2.39675e+06,1.15818,1,1,86341.7,-0.0515391,8,79.9996,99999.5,0,-0.0515391,7.99996,0,7.94842,0,0,7.94842,22.6587,1,1,0,0,0.1,0,0,0,1,0,-0.810153,-1.76583,-0.810153,-1.76583,-0.00231638,-0.957914,-0.00231638,-0.957914,-16.8105,-17.7677,-16.8105,-17.7677
latency_outage,volatile_deep,100000,passive|lat40ms,40,0,True,"coinbase>=1,000,000",prints+quotes,9000004,10,0.179558,2.31647e+06,2.37686,8.63333,22.6587,passive,BTC-USD,sell,1.15818,100000,86342.1,0.105395,2.45625e+06,1.15818,1,1,86342.6,-0.0515391,8,80.0004,100001,0,-0.0515391,8.00004,-0,7.9485,0,0,7.9485,-22.6587,1,3,0,0,0.5,0,0,1,2,0,0.803788,-0.323244,0.803788,-0.323244,-0.500525,-1.62741,-0.500525,-1.62741,16.9354,15.8065,16.9354,15.8065
latency_outage,volatile_deep,100000,passive|lat5ms,5,0,True,"coinbase>=1,000,000",prints+quotes,9000004,10,0.179558,2.31647e+06,2.37686,8.63333,22.6587,passive,BTC-USD,buy,1.15818,100000,86342.1,0.105395,2.39675e+06,1.15818,1,1,86341.7,-0.0515391,8,79.9996,99999.5,0,-0.0515391,7.99996,0,7.94842,0,0,7.94842,22.6587,1,1,0,0,0.1,0,0,0,1,0,-0.810153,-1.76583,-0.810153,-1.76583,-0.00231638,-0.957914,-0.00231638,-0.957914,-16.8105,-17.7677,-16.8105,-17.7677
latency_outage,volatile_deep,100000,passive|lat5ms,5,0,True,"coinbase>=1,000,000",prints+quotes,9000004,10,0.179558,2.31647e+06,2.37686,8.63333,22.6587,passive,BTC-USD,sell,1.15818,100000,86342.1,0.105395,2.45625e+06,1.15818,1,1,86342.6,-0.0515391,8,80.0004,100001,0,-0.0515391,8.00004,-0,7.9485,0,0,7.9485,-22.6587,1,3,0,0,0.5,0,0,1,2,0,0.803788,-0.323244,0.803788,-0.323244,-0.500525,-1.62741,-0.500525,-1.62741,16.9354,15.8065,16.9354,15.8065
latency_outage,volatile_deep,100000,passive|outage|cod,40,3,True,"coinbase>=1,000,000",prints+quotes,9000004,10,0.179558,2.31647e+06,2.37686,8.63333,22.6587,passive,BTC-USD,buy,1.15818,100000,86342.1,0.105395,2.39675e+06,1.15818,1,1,86341.7,-0.0515391,8,79.9996,99999.5,0,-0.0515391,7.99996,0,7.94842,0,0,7.94842,22.6587,1,1,0,0,0.1,0,0,0,1,0,-0.810153,-1.76583,-0.810153,-1.76583,-0.00231638,-0.957914,-0.00231638,-0.957914,-16.8105,-17.7677,-16.8105,-17.7677
latency_outage,volatile_deep,100000,passive|outage|cod,40,3,True,"coinbase>=1,000,000",prints+quotes,9000004,10,0.179558,2.31647e+06,2.37686,8.63333,22.6587,passive,BTC-USD,sell,1.15818,100000,86342.1,0.105395,2.45625e+06,1.15818,1,1,86342.6,-0.0515391,8,80.0004,100001,0,-0.0515391,8.00004,-0,7.9485,0,0,7.9485,-22.6587,1,3,0,0,0.5,0,0,1,2,0,0.803788,-0.323244,0.803788,-0.323244,-0.500525,-1.62741,-0.500525,-1.62741,16.9354,15.8065,16.9354,15.8065
latency_outage,volatile_deep,100000,passive|outage|no-cod,40,3,False,"coinbase>=1,000,000",prints+quotes,9000004,10,0.179558,2.31647e+06,2.37686,8.63333,22.6587,passive,BTC-USD,buy,1.15818,100000,86342.1,0.105395,2.39675e+06,1.15818,1,1,86341.7,-0.0515391,8,79.9996,99999.5,0,-0.0515391,7.99996,0,7.94842,0,0,7.94842,22.6587,1,1,0,0,0.1,0,0,0,1,0,-0.810153,-1.76583,-0.810153,-1.76583,-0.00231638,-0.957914,-0.00231638,-0.957914,-16.8105,-17.7677,-16.8105,-17.7677
latency_outage,volatile_deep,100000,passive|outage|no-cod,40,3,False,"coinbase>=1,000,000",prints+quotes,9000004,10,0.179558,2.31647e+06,2.37686,8.63333,22.6587,passive,BTC-USD,sell,1.15818,100000,86342.1,0.105395,2.45625e+06,1.15818,1,1,86342.6,-0.0515391,8,80.0004,100001,0,-0.0515391,8.00004,-0,7.9485,0,0,7.9485,-22.6587,1,3,0,0,0.5,0,0,1,2,0,0.803788,-0.323244,0.803788,-0.323244,-0.500525,-1.62741,-0.500525,-1.62741,16.9354,15.8065,16.9354,15.8065
latency_outage,volatile_deep,100000,passive|prints-only,40,0,True,"coinbase>=1,000,000",prints-only,9000004,10,0.179558,2.31647e+06,2.37686,8.63333,22.6587,passive,BTC-USD,buy,1.15818,100000,86342.1,0.105395,2.39675e+06,1.15818,1,1,86412.4,8.14072,8,80.0651,100081,0,8.14072,8.00651,0,16.1472,0,0,16.1472,22.6587,84,131,0,83,54.9017,0,0,131,0,0,-0.087374,-0.996435,-0.087374,-0.996435,0.146565,-0.762348,0.146565,-0.762348,-6.75898,-7.66906,-6.75898,-7.66906
latency_outage,volatile_deep,100000,passive|prints-only,40,0,True,"coinbase>=1,000,000",prints-only,9000004,10,0.179558,2.31647e+06,2.37686,8.63333,22.6587,passive,BTC-USD,sell,1.15818,100000,86342.1,0.105395,2.45625e+06,1.15818,1,1,86486.2,-16.6893,8,80.1335,100167,0,-16.6893,8.01335,-1.9564e-07,-8.67599,3.75e-10,0.000865374,-8.67599,-22.6587,88,127,0,87,57.4188,0,0,127,0,0,2.1908,2.32616,2.1908,2.32616,0.313975,0.449138,0.313975,0.449138,4.01131,4.14655,4.01131,4.14655
latency_outage,volatile_deep,100000,aggressive|lat250ms,250,0,True,"coinbase>=1,000,000",prints+quotes,9000005,10,0.165443,2.33001e+06,1.89865,7.83333,-15.997,aggressive,BTC-USD,buy,1.15933,100000,86256.9,0.243459,3.09017e+06,1.15933,1,0,86261.8,0.562227,18,180.01,0,100006,0.562227,18.001,-1.37985e-07,18.5632,3.45e-10,0.000861193,18.5632,-15.997,1,5,0,0,0.13736,0,0,0,0,0,-0.886882,-1.04393,,,2.48309,2.3261,,,16.1595,16.0027,,
latency_outage,volatile_deep,100000,aggressive|lat250ms,250,0,True,"coinbase>=1,000,000",prints+quotes,9000005,10,0.165443,2.33001e+06,1.89865,7.83333,-15.997,aggressive,BTC-USD,sell,1.15933,100000,86256.9,0.243459,1.97841e+06,1.15933,1,0,86255.4,0.178947,18,179.997,0,99998.2,0.178947,17.9997,1.37985e-07,18.1786,3.45e-10,0.000861186,18.1786,15.997,1,5,0,0,0.13736,0,0,0,0,0,1.62814,1.04393,,,-1.74209,-2.3261,,,-15.4195,-16.0027,,
latency_outage,volatile_deep,100000,aggressive|lat40ms,40,0,True,"coinbase>=1,000,000",prints+quotes,9000005,10,0.165443,2.33001e+06,1.89865,7.83333,-15.997,aggressive,BTC-USD,buy,1.15933,100000,86256.9,0.243459,3.09017e+06,1.15933,1,0,86258.1,0.132119,18,180.002,0,100001,0.132119,18.0002,-1.37985e-07,18.1324,3.45e-10,0.000861193,18.1324,-15.997,1,5,0,0,0.0219777,0,0,0,0,0,-0.622595,-0.754722,,,2.33539,2.2033,,,15.773,15.6411,,
latency_outage,volatile_deep,100000,aggressive|lat40ms,40,0,True,"coinbase>=1,000,000",prints+quotes,9000005,10,0.165443,2.33001e+06,1.89865,7.83333,-15.997,aggressive,BTC-USD,sell,1.15933,100000,86256.9,0.243459,1.97841e+06,1.15933,1,0,86254.2,0.311922,18,179.994,0,99996.9,0.311922,17.9994,1.37985e-07,18.3114,3.45e-10,0.000861186,18.3114,15.997,1,4,0,0,0.0219777,0,0,0,0,0,1.06668,0.754722,,,-1.89144,-2.2033,,,-15.3296,-15.6411,,
latency_outage,volatile_deep,100000,aggressive|lat5ms,5,0,True,"coinbase>=1,000,000",prints+quotes,9000005,10,0.165443,2.33001e+06,1.89865,7.83333,-15.997,aggressive,BTC-USD,buy,1.15933,100000,86256.9,0.243459,3.09017e+06,1.15933,1,0,86258.1,0.132119,18,180.002,0,100001,0.132119,18.0002,-1.37985e-07,18.1324,3.45e-10,0.000861193,18.1324,-15.997,1,5,0,0,0.00274721,0,0,0,0,0,-0.622595,-0.754722,,,2.33539,2.2033,,,15.773,15.6411,,
latency_outage,volatile_deep,100000,aggressive|lat5ms,5,0,True,"coinbase>=1,000,000",prints+quotes,9000005,10,0.165443,2.33001e+06,1.89865,7.83333,-15.997,aggressive,BTC-USD,sell,1.15933,100000,86256.9,0.243459,1.97841e+06,1.15933,1,0,86254.2,0.311922,18,179.994,0,99996.9,0.311922,17.9994,1.37985e-07,18.3114,3.45e-10,0.000861186,18.3114,15.997,1,4,0,0,0.00274721,0,0,0,0,0,1.06668,0.754722,,,-1.89144,-2.2033,,,-15.3296,-15.6411,,
latency_outage,volatile_deep,100000,aggressive|outage|cod,40,3,True,"coinbase>=1,000,000",prints+quotes,9000005,10,0.165443,2.33001e+06,1.89865,7.83333,-15.997,aggressive,BTC-USD,buy,1.15933,100000,86256.9,0.243459,3.09017e+06,1.15933,1,0,86258.1,0.132119,18,180.002,0,100001,0.132119,18.0002,-1.37985e-07,18.1324,3.45e-10,0.000861193,18.1324,-15.997,1,5,0,0,0.0219777,19.7959,0,0,0,0,-0.622595,-0.754722,,,2.33539,2.2033,,,15.773,15.6411,,
latency_outage,volatile_deep,100000,aggressive|outage|cod,40,3,True,"coinbase>=1,000,000",prints+quotes,9000005,10,0.165443,2.33001e+06,1.89865,7.83333,-15.997,aggressive,BTC-USD,sell,1.15933,100000,86256.9,0.243459,1.97841e+06,1.15933,1,0,86254.2,0.311922,18,179.994,0,99996.9,0.311922,17.9994,1.37985e-07,18.3114,3.45e-10,0.000861186,18.3114,15.997,1,4,0,0,0.0219777,19.7959,0,0,0,0,1.06668,0.754722,,,-1.89144,-2.2033,,,-15.3296,-15.6411,,
latency_outage,volatile_deep,100000,aggressive|outage|no-cod,40,3,False,"coinbase>=1,000,000",prints+quotes,9000005,10,0.165443,2.33001e+06,1.89865,7.83333,-15.997,aggressive,BTC-USD,buy,1.15933,100000,86256.9,0.243459,3.09017e+06,1.15933,1,0,86258.1,0.132119,18,180.002,0,100001,0.132119,18.0002,-1.37985e-07,18.1324,3.45e-10,0.000861193,18.1324,-15.997,1,5,0,0,0.0219777,19.7959,0,0,0,0,-0.622595,-0.754722,,,2.33539,2.2033,,,15.773,15.6411,,
latency_outage,volatile_deep,100000,aggressive|outage|no-cod,40,3,False,"coinbase>=1,000,000",prints+quotes,9000005,10,0.165443,2.33001e+06,1.89865,7.83333,-15.997,aggressive,BTC-USD,sell,1.15933,100000,86256.9,0.243459,1.97841e+06,1.15933,1,0,86254.2,0.311922,18,179.994,0,99996.9,0.311922,17.9994,1.37985e-07,18.3114,3.45e-10,0.000861186,18.3114,15.997,1,4,0,0,0.0219777,19.7959,0,0,0,0,1.06668,0.754722,,,-1.89144,-2.2033,,,-15.3296,-15.6411,,
latency_outage,volatile_deep,100000,aggressive|prints-only,40,0,True,"coinbase>=1,000,000",prints-only,9000005,10,0.165443,2.33001e+06,1.89865,7.83333,-15.997,aggressive,BTC-USD,buy,1.15933,100000,86256.9,0.243459,3.09017e+06,1.15933,1,0,86258.1,0.132119,18,180.002,0,100001,0.132119,18.0002,-1.37985e-07,18.1324,3.45e-10,0.000861193,18.1324,-15.997,1,5,0,0,0.0219777,0,0,0,0,0,-0.622595,-0.754722,,,2.33539,2.2033,,,15.773,15.6411,,
latency_outage,volatile_deep,100000,aggressive|prints-only,40,0,True,"coinbase>=1,000,000",prints-only,9000005,10,0.165443,2.33001e+06,1.89865,7.83333,-15.997,aggressive,BTC-USD,sell,1.15933,100000,86256.9,0.243459,1.97841e+06,1.15933,1,0,86254.2,0.311922,18,179.994,0,99996.9,0.311922,17.9994,1.37985e-07,18.3114,3.45e-10,0.000861186,18.3114,15.997,1,4,0,0,0.0219777,0,0,0,0,0,1.06668,0.754722,,,-1.89144,-2.2033,,,-15.3296,-15.6411,,
latency_outage,volatile_deep,100000,hybrid|lat250ms,250,0,True,"coinbase>=1,000,000",prints+quotes,9000005,10,0.165443,2.33001e+06,1.89865,7.83333,-15.997,hybrid,BTC-USD,buy,1.15933,100000,86256.9,0.243459,3.09017e+06,1.15933,1,1,86269.4,1.448,8,80.0116,100014,0,1.448,8.00116,-1.37985e-07,9.44916,3.45e-10,0.000861193,9.44916,-15.997,3,5,1,1,1.5,0,0,2,3,0,3.3255,2.48813,3.3255,2.48813,5.54701,4.70984,5.54701,4.70984,18.2789,17.4427,18.2789,17.4427
latency_outage,volatile_deep,100000,hybrid|lat250ms,250,0,True,"coinbase>=1,000,000",prints+quotes,9000005,10,0.165443,2.33001e+06,1.89865,7.83333,-15.997,hybrid,BTC-USD,sell,1.15933,100000,86256.9,0.243459,1.97841e+06,1.15933,1,1,86222.4,4.00234,8,79.968,99960,0,4.00234,7.9968,1.37985e-07,11.9991,3.45e-10,0.000861186,11.9991,15.997,14,12,6,8,7.8,0,0,7,5,0,-1.39437,-1.88061,-1.39437,-1.88061,-6.43904,-6.92505,-6.43904,-6.92505,-12.0703,-12.5561,-12.0703,-12.5561
latency_outage,volatile_deep,100000,hybrid|lat40ms,40,0,True,"coinbase>=1,000,000",prints+quotes,9000005,10,0.165443,2.33001e+06,1.89865,7.83333,-15.997,hybrid,BTC-USD,buy,1.15933,100000,86256.9,0.243459,3.09017e+06,1.15933,1,1,86266.2,1.07817,8,80.0086,100011,0,1.07817,8.00086,-1.37985e-07,9.07904,3.45e-10,0.000861193,9.07904,-15.997,2,3,0,1,1,0,0,1,2,0,1.94357,1.63579,1.94357,1.63579,4.5554,4.2477,4.5554,4.2477,18.7705,18.4632,18.7705,18.4632
latency_outage,volatile_deep,100000,hybrid|lat40ms,40,0,True,"coinbase>=1,000,000",prints+quotes,9000005,10,0.165443,2.33001e+06,1.89865,7.83333,-15.997,hybrid,BTC-USD,sell,1.15933,100000,86256.9,0.243459,1.97841e+06,1.15933,1,1,86258,-0.12057,8,80.001,100001,0,-0.12057,8.0001,1.37985e-07,7.87953,3.45e-10,0.000861186,7.87953,15.997,1,3,0,0,0.2,0,0,1,2,0,1.32085,-0.135669,1.32085,-0.135669,-2.31739,-3.77338,-2.31739,-3.77338,-14.5834,-16.0377,-14.5834,-16.0377
latency_outage,volatile_deep,100000,hybrid|lat5ms,5,0,True,"coinbase>=1,000,000",prints+quotes,9000005,10,0.165443,2.33001e+06,1.89865,7.83333,-15.997,hybrid,BTC-USD,buy,1.15933,100000,86256.9,0.243459,3.09017e+06,1.15933,1,1,86266.2,1.07817,8,80.0086,100011,0,1.07817,8.00086,-1.37985e-07,9.07904,3.45e-10,0.000861193,9.07904,-15.997,2,3,0,1,1,0,0,1,2,0,1.94357,1.63579,1.94357,1.63579,4.5554,4.2477,4.5554,4.2477,18.7705,18.4632,18.7705,18.4632
latency_outage,volatile_deep,100000,hybrid|lat5ms,5,0,True,"coinbase>=1,000,000",prints+quotes,9000005,10,0.165443,2.33001e+06,1.89865,7.83333,-15.997,hybrid,BTC-USD,sell,1.15933,100000,86256.9,0.243459,1.97841e+06,1.15933,1,1,86258,-0.12057,8,80.001,100001,0,-0.12057,8.0001,1.37985e-07,7.87953,3.45e-10,0.000861186,7.87953,15.997,1,3,0,0,0.2,0,0,1,2,0,1.32085,-0.135669,1.32085,-0.135669,-2.31739,-3.77338,-2.31739,-3.77338,-14.5834,-16.0377,-14.5834,-16.0377
latency_outage,volatile_deep,100000,hybrid|outage|cod,40,3,True,"coinbase>=1,000,000",prints+quotes,9000005,10,0.165443,2.33001e+06,1.89865,7.83333,-15.997,hybrid,BTC-USD,buy,1.15933,100000,86256.9,0.243459,3.09017e+06,1.15933,1,1,86266.2,1.07817,8,80.0086,100011,0,1.07817,8.00086,-1.37985e-07,9.07904,3.45e-10,0.000861193,9.07904,-15.997,2,3,0,1,1,19.7959,0,1,2,0,1.94357,1.63579,1.94357,1.63579,4.5554,4.2477,4.5554,4.2477,18.7705,18.4632,18.7705,18.4632
latency_outage,volatile_deep,100000,hybrid|outage|cod,40,3,True,"coinbase>=1,000,000",prints+quotes,9000005,10,0.165443,2.33001e+06,1.89865,7.83333,-15.997,hybrid,BTC-USD,sell,1.15933,100000,86256.9,0.243459,1.97841e+06,1.15933,1,1,86258,-0.12057,8,80.001,100001,0,-0.12057,8.0001,1.37985e-07,7.87953,3.45e-10,0.000861186,7.87953,15.997,1,3,0,0,0.2,19.7959,0,1,2,0,1.32085,-0.135669,1.32085,-0.135669,-2.31739,-3.77338,-2.31739,-3.77338,-14.5834,-16.0377,-14.5834,-16.0377
latency_outage,volatile_deep,100000,hybrid|outage|no-cod,40,3,False,"coinbase>=1,000,000",prints+quotes,9000005,10,0.165443,2.33001e+06,1.89865,7.83333,-15.997,hybrid,BTC-USD,buy,1.15933,100000,86256.9,0.243459,3.09017e+06,1.15933,1,1,86266.2,1.07817,8,80.0086,100011,0,1.07817,8.00086,-1.37985e-07,9.07904,3.45e-10,0.000861193,9.07904,-15.997,2,3,0,1,1,19.7959,0,1,2,0,1.94357,1.63579,1.94357,1.63579,4.5554,4.2477,4.5554,4.2477,18.7705,18.4632,18.7705,18.4632
latency_outage,volatile_deep,100000,hybrid|outage|no-cod,40,3,False,"coinbase>=1,000,000",prints+quotes,9000005,10,0.165443,2.33001e+06,1.89865,7.83333,-15.997,hybrid,BTC-USD,sell,1.15933,100000,86256.9,0.243459,1.97841e+06,1.15933,1,1,86258,-0.12057,8,80.001,100001,0,-0.12057,8.0001,1.37985e-07,7.87953,3.45e-10,0.000861186,7.87953,15.997,1,3,0,0,0.2,19.7959,0,1,2,0,1.32085,-0.135669,1.32085,-0.135669,-2.31739,-3.77338,-2.31739,-3.77338,-14.5834,-16.0377,-14.5834,-16.0377
latency_outage,volatile_deep,100000,hybrid|prints-only,40,0,True,"coinbase>=1,000,000",prints-only,9000005,10,0.165443,2.33001e+06,1.89865,7.83333,-15.997,hybrid,BTC-USD,buy,1.15933,100000,86256.9,0.243459,3.09017e+06,1.15933,1,0.362621,86114.7,-16.4829,14.3729,143.492,36211.7,63623.5,-16.4829,14.3492,-1.37985e-07,-2.13375,3.45e-10,0.000861193,-2.13375,-15.997,67,77,0,66,42.0423,0,0,72,0,0,1.13384,0.905734,0.140348,-0.193908,3.88788,3.65982,3.54824,3.21402,-13.1114,-13.3398,-4.07114,-4.40568
latency_outage,volatile_deep,100000,hybrid|prints-only,40,0,True,"coinbase>=1,000,000",prints-only,9000005,10,0.165443,2.33001e+06,1.89865,7.83333,-15.997,hybrid,BTC-USD,sell,1.15933,100000,86256.9,0.243459,1.97841e+06,1.15933,1,1,86134.5,14.1874,8,79.8865,99858.1,0,14.1874,7.98865,1.37985e-07,22.1761,3.45e-10,0.000861186,22.1761,15.997,59,97,0,58,37.6072,0,0,97,0,0,-1.26708,-2.29519,-1.26708,-2.29519,-0.754554,-1.78277,-0.754554,-1.78277,-2.14142,-3.16949,-2.14142,-3.16949
latency_outage,volatile_deep,100000,passive|lat250ms,250,0,True,"coinbase>=1,000,000",prints+quotes,9000005,10,0.165443,2.33001e+06,1.89865,7.83333,-15.997,passive,BTC-USD,buy,1.15933,100000,86256.9,0.243459,3.09017e+06,1.15933,1,1,86269.4,1.448,8,80.0116,100014,0,1.448,8.00116,-1.37985e-07,9.44916,3.45e-10,0.000861193,9.44916,-15.997,3,5,1,1,1.5,0,0,2,3,0,3.3255,2.48813,3.3255,2.48813,5.54701,4.70984,5.54701,4.70984,18.2789,17.4427,18.2789,17.4427
latency_outage,volatile_deep,100000,passive|lat250ms,250,0,True,"coinbase>=1,000,000",prints+quotes,9000005,10,0.165443,2.33001e+06,1.89865,7.83333,-15.997,passive,BTC-USD,sell,1.15933,100000,86256.9,0.243459,1.97841e+06,1.15933,1,1,86222.4,4.00234,8,79.968,99960,0,4.00234,7.9968,1.37985e-07,11.9991,3.45e-10,0.000861186,11.9991,15.997,14,12,6,8,7.8,0,0,7,5,0,-1.39437,-1.88061,-1.39437,-1.88061,-6.43904,-6.92505,-6.43904,-6.92505,-12.0703,-12.5561,-12.0703,-12.5561
latency_outage,volatile_deep,100000,passive|lat40ms,40,0,True,"coinbase>=1,000,000",prints+quotes,9000005,10,0.165443,2.33001e+06,1.89865,7.83333,-15.997,passive,BTC-USD,buy,1.15933,100000,86256.9,0.243459,3.09017e+06,1.15933,1,1,86266.2,1.07817,8,80.0086,100011,0,1.07817,8.00086,-1.37985e-07,9.07904,3.45e-10,0.000861193,9.07904,-15.997,2,3,0,1,1,0,0,1,2,0,1.94357,1.63579,1.94357,1.63579,4.5554,4.2477,4.5554,4.2477,18.7705,18.4632,18.7705,18.4632
latency_outage,volatile_deep,100000,passive|lat40ms,40,0,True,"coinbase>=1,000,000",prints+quotes,9000005,10,0.165443,2.33001e+06,1.89865,7.83333,-15.997,passive,BTC-USD,sell,1.15933,100000,86256.9,0.243459,1.97841e+06,1.15933,1,1,86258,-0.12057,8,80.001,100001,0,-0.12057,8.0001,1.37985e-07,7.87953,3.45e-10,0.000861186,7.87953,15.997,1,3,0,0,0.2,0,0,1,2,0,1.32085,-0.135669,1.32085,-0.135669,-2.31739,-3.77338,-2.31739,-3.77338,-14.5834,-16.0377,-14.5834,-16.0377
latency_outage,volatile_deep,100000,passive|lat5ms,5,0,True,"coinbase>=1,000,000",prints+quotes,9000005,10,0.165443,2.33001e+06,1.89865,7.83333,-15.997,passive,BTC-USD,buy,1.15933,100000,86256.9,0.243459,3.09017e+06,1.15933,1,1,86266.2,1.07817,8,80.0086,100011,0,1.07817,8.00086,-1.37985e-07,9.07904,3.45e-10,0.000861193,9.07904,-15.997,2,3,0,1,1,0,0,1,2,0,1.94357,1.63579,1.94357,1.63579,4.5554,4.2477,4.5554,4.2477,18.7705,18.4632,18.7705,18.4632
latency_outage,volatile_deep,100000,passive|lat5ms,5,0,True,"coinbase>=1,000,000",prints+quotes,9000005,10,0.165443,2.33001e+06,1.89865,7.83333,-15.997,passive,BTC-USD,sell,1.15933,100000,86256.9,0.243459,1.97841e+06,1.15933,1,1,86258,-0.12057,8,80.001,100001,0,-0.12057,8.0001,1.37985e-07,7.87953,3.45e-10,0.000861186,7.87953,15.997,1,3,0,0,0.2,0,0,1,2,0,1.32085,-0.135669,1.32085,-0.135669,-2.31739,-3.77338,-2.31739,-3.77338,-14.5834,-16.0377,-14.5834,-16.0377
latency_outage,volatile_deep,100000,passive|outage|cod,40,3,True,"coinbase>=1,000,000",prints+quotes,9000005,10,0.165443,2.33001e+06,1.89865,7.83333,-15.997,passive,BTC-USD,buy,1.15933,100000,86256.9,0.243459,3.09017e+06,1.15933,1,1,86266.2,1.07817,8,80.0086,100011,0,1.07817,8.00086,-1.37985e-07,9.07904,3.45e-10,0.000861193,9.07904,-15.997,2,3,0,1,1,19.7959,0,1,2,0,1.94357,1.63579,1.94357,1.63579,4.5554,4.2477,4.5554,4.2477,18.7705,18.4632,18.7705,18.4632
latency_outage,volatile_deep,100000,passive|outage|cod,40,3,True,"coinbase>=1,000,000",prints+quotes,9000005,10,0.165443,2.33001e+06,1.89865,7.83333,-15.997,passive,BTC-USD,sell,1.15933,100000,86256.9,0.243459,1.97841e+06,1.15933,1,1,86258,-0.12057,8,80.001,100001,0,-0.12057,8.0001,1.37985e-07,7.87953,3.45e-10,0.000861186,7.87953,15.997,1,3,0,0,0.2,19.7959,0,1,2,0,1.32085,-0.135669,1.32085,-0.135669,-2.31739,-3.77338,-2.31739,-3.77338,-14.5834,-16.0377,-14.5834,-16.0377
latency_outage,volatile_deep,100000,passive|outage|no-cod,40,3,False,"coinbase>=1,000,000",prints+quotes,9000005,10,0.165443,2.33001e+06,1.89865,7.83333,-15.997,passive,BTC-USD,buy,1.15933,100000,86256.9,0.243459,3.09017e+06,1.15933,1,1,86266.2,1.07817,8,80.0086,100011,0,1.07817,8.00086,-1.37985e-07,9.07904,3.45e-10,0.000861193,9.07904,-15.997,2,3,0,1,1,19.7959,0,1,2,0,1.94357,1.63579,1.94357,1.63579,4.5554,4.2477,4.5554,4.2477,18.7705,18.4632,18.7705,18.4632
latency_outage,volatile_deep,100000,passive|outage|no-cod,40,3,False,"coinbase>=1,000,000",prints+quotes,9000005,10,0.165443,2.33001e+06,1.89865,7.83333,-15.997,passive,BTC-USD,sell,1.15933,100000,86256.9,0.243459,1.97841e+06,1.15933,1,1,86258,-0.12057,8,80.001,100001,0,-0.12057,8.0001,1.37985e-07,7.87953,3.45e-10,0.000861186,7.87953,15.997,1,3,0,0,0.2,19.7959,0,1,2,0,1.32085,-0.135669,1.32085,-0.135669,-2.31739,-3.77338,-2.31739,-3.77338,-14.5834,-16.0377,-14.5834,-16.0377
latency_outage,volatile_deep,100000,passive|prints-only,40,0,True,"coinbase>=1,000,000",prints-only,9000005,10,0.165443,2.33001e+06,1.89865,7.83333,-15.997,passive,BTC-USD,buy,1.15933,100000,86256.9,0.243459,3.09017e+06,0.797089,0.687544,1,86121.4,-15.7118,8,54.9171,68646.4,0,-10.8026,5.49171,-4.99835,-10.3092,0.0288786,31195.9,-4.66506,-15.997,94,117,0,94,60.0061,0,0,117,0,0.00019738,0.846818,0.139003,0.846818,0.139003,0.720848,0.0127608,0.720848,0.0127608,-10.9885,-11.6976,-10.9885,-11.6976
latency_outage,volatile_deep,100000,passive|prints-only,40,0,True,"coinbase>=1,000,000",prints-only,9000005,10,0.165443,2.33001e+06,1.89865,7.83333,-15.997,passive,BTC-USD,sell,1.15933,100000,86256.9,0.243459,1.97841e+06,1.15933,1,1,86134.5,14.1874,8,79.8865,99858.1,0,14.1874,7.98865,1.37985e-07,22.1761,3.45e-10,0.000861186,22.1761,15.997,59,97,0,58,37.6072,0,0,97,0,0,-1.26708,-2.29519,-1.26708,-2.29519,-0.754554,-1.78277,-0.754554,-1.78277,-2.14142,-3.16949,-2.14142,-3.16949
latency_outage,volatile_deep,100000,aggressive|lat250ms,250,0,True,"coinbase>=1,000,000",prints+quotes,9000006,10,0.17685,2.32971e+06,2.28248,7.38333,29.1524,aggressive,BTC-USD,buy,1.1573,100000,86408,0.239561,1.98989e+06,1.1573,1,0,86408,0.00812,18,180,0,100000,0.00812,18,2.519e-07,18.0081,1.125e-09,0.00086661,18.0081,29.1524,1,6,0,0,0.194394,0,0,0,0,0,3.05007,2.08334,,,0.51269,-0.454284,,,-9.19532,-10.1632,,
latency_outage,volatile_deep,100000,aggressive|lat250ms,250,0,True,"coinbase>=1,000,000",prints+quotes,9000006,10,0.17685,2.32971e+06,2.28248,7.38333,29.1524,aggressive,BTC-USD,sell,1.1573,100000,86408,0.239561,2.52558e+06,1.1573,1,0,86399.1,1.03072,18,179.981,0,99989.7,1.03072,17.9981,-2.519e-07,19.0289,1.125e-09,0.000866587,19.0289,-29.1524,1,5,0,0,0.194394,0,0,0,0,0,-2.01145,-2.08334,,,0.526191,0.454284,,,10.2352,10.1632,,
latency_outage,volatile_deep,100000,aggressive|lat40ms,40,0,True,"coinbase>=1,000,000",prints+quotes,9000006,10,0.17685,2.32971e+06,2.28248,7.38333,29.1524,aggressive,BTC-USD,buy,1.1573,100000,86408,0.239561,1.98989e+06,1.1573,1,0,86411.4,0.392264,18,180.007,0,100004,0.392264,18.0007,2.519e-07,18.393,1.125e-09,0.00086661,18.393,29.1524,1,5,0,0,0.0311031,0,0,0,0,0,3.36581,2.97368,,,0.184516,-0.207735,,,-8.34966,-8.74225,,
latency_outage,volatile_deep,100000,aggressive|lat40ms,40,0,True,"coinbase>=1,000,000",prints+quotes,9000006,10,0.17685,2.32971e+06,2.28248,7.38333,29.1524,aggressive,BTC-USD,sell,1.1573,100000,86408,0.239561,2.52558e+06,1.1573,1,0,86406.9,0.12353,18,179.998,0,99998.8,0.12353,17.9998,-2.519e-07,18.1233,1.125e-09,0.000866587,18.1233,-29.1524,1,4,0,0,0.0311031,0,0,0,0,0,-2.85019,-2.97368,,,0.331269,0.207735,,,8.86589,8.74225,,
latency_outage,volatile_deep,100000,aggressive|lat5ms,5,0,True,"coinbase>=1,000,000",prints+quotes,9000006,10,0.17685,2.32971e+06,2.28248,7.38333,29.1524,aggressive,BTC-USD,buy,1.1573,100000,86408,0.239561,1.98989e+06,1.1573,1,0,86411.4,0.392264,18,180.007,0,100004,0.392264,18.0007,2.519e-07,18.393,1.125e-09,0.00086661,18.393,29.1524,1,5,0,0,0.00388788,0,0,0,0,0,3.36581,2.97368,,,0.184516,-0.207735,,,-8.34966,-8.74225,,
latency_outage,volatile_deep,100000,aggressive|lat5ms,5,0,True,"coinbase>=1,000,000",prints+quotes,9000006,10,0.17685,2.32971e+06,2.28248,7.38333,29.1524,aggressive,BTC-USD,sell,1.1573,100000,86408,0.239561,2.52558e+06,1.1573,1,0,86406.9,0.12353,18,179.998,0,99998.8,0.12353,17.9998,-2.519e-07,18.1233,1.125e-09,0.000866587,18.1233,-29.1524,1,4,0,0,0.00388788,0,0,0,0,0,-2.85019,-2.97368,,,0.331269,0.207735,,,8.86589,8.74225,,
latency_outage,volatile_deep,100000,aggressive|outage|cod,40,3,True,"coinbase>=1,000,000",prints+quotes,9000006,10,0.17685,2.32971e+06,2.28248,7.38333,29.1524,aggressive,BTC-USD,buy,1.1573,100000,86408,0.239561,1.98989e+06,1.1573,1,0,86411.4,0.392264,18,180.007,0,100004,0.392264,18.0007,2.519e-07,18.393,1.125e-09,0.00086661,18.393,29.1524,1,5,0,0,0.0311031,3.65603,0,0,0,0,3.36581,2.97368,,,0.184516,-0.207735,,,-8.34966,-8.74225,,
latency_outage,volatile_deep,100000,aggressive|outage|cod,40,3,True,"coinbase>=1,000,000",prints+quotes,9000006,10,0.17685,2.32971e+06,2.28248,7.38333,29.1524,aggressive,BTC-USD,sell,1.1573,100000,86408,0.239561,2.52558e+06,1.1573,1,0,86406.9,0.12353,18,179.998,0,99998.8,0.12353,17.9998,-2.519e-07,18.1233,1.125e-09,0.000866587,18.1233,-29.1524,1,4,0,0,0.0311031,3.65603,0,0,0,0,-2.85019,-2.97368,,,0.331269,0.207735,,,8.86589,8.74225,,
latency_outage,volatile_deep,100000,aggressive|outage|no-cod,40,3,False,"coinbase>=1,000,000",prints+quotes,9000006,10,0.17685,2.32971e+06,2.28248,7.38333,29.1524,aggressive,BTC-USD,buy,1.1573,100000,86408,0.239561,1.98989e+06,1.1573,1,0,86411.4,0.392264,18,180.007,0,100004,0.392264,18.0007,2.519e-07,18.393,1.125e-09,0.00086661,18.393,29.1524,1,5,0,0,0.0311031,3.65603,0,0,0,0,3.36581,2.97368,,,0.184516,-0.207735,,,-8.34966,-8.74225,,
latency_outage,volatile_deep,100000,aggressive|outage|no-cod,40,3,False,"coinbase>=1,000,000",prints+quotes,9000006,10,0.17685,2.32971e+06,2.28248,7.38333,29.1524,aggressive,BTC-USD,sell,1.1573,100000,86408,0.239561,2.52558e+06,1.1573,1,0,86406.9,0.12353,18,179.998,0,99998.8,0.12353,17.9998,-2.519e-07,18.1233,1.125e-09,0.000866587,18.1233,-29.1524,1,4,0,0,0.0311031,3.65603,0,0,0,0,-2.85019,-2.97368,,,0.331269,0.207735,,,8.86589,8.74225,,
latency_outage,volatile_deep,100000,aggressive|prints-only,40,0,True,"coinbase>=1,000,000",prints-only,9000006,10,0.17685,2.32971e+06,2.28248,7.38333,29.1524,aggressive,BTC-USD,buy,1.1573,100000,86408,0.239561,1.98989e+06,1.1573,1,0,86411.4,0.392264,18,180.007,0,100004,0.392264,18.0007,2.519e-07,18.393,1.125e-09,0.00086661,18.393,29.1524,1,5,0,0,0.0311031,0,0,0,0,0,3.36581,2.97368,,,0.184516,-0.207735,,,-8.34966,-8.74225,,
latency_outage,volatile_deep,100000,aggressive|prints-only,40,0,True,"coinbase>=1,000,000",prints-only,9000006,10,0.17685,2.32971e+06,2.28248,7.38333,29.1524,aggressive,BTC-USD,sell,1.1573,100000,86408,0.239561,2.52558e+06,1.1573,1,0,86406.9,0.12353,18,179.998,0,99998.8,0.12353,17.9998,-2.519e-07,18.1233,1.125e-09,0.000866587,18.1233,-29.1524,1,4,0,0,0.0311031,0,0,0,0,0,-2.85019,-2.97368,,,0.331269,0.207735,,,8.86589,8.74225,,
latency_outage,volatile_deep,100000,hybrid|lat250ms,250,0,True,"coinbase>=1,000,000",prints+quotes,9000006,10,0.17685,2.32971e+06,2.28248,7.38333,29.1524,hybrid,BTC-USD,buy,1.1573,100000,86408,0.239561,1.98989e+06,1.1573,1,1,86385.1,-2.64862,8,79.9788,99973.5,0,-2.64862,7.99788,0,5.34927,0,0,5.34927,29.1524,9,4,5,3,4.3,0,0,1,3,0,-1.86852,-2.16779,-1.86852,-2.16779,-3.93869,-4.23802,-3.93869,-4.23802,-8.26393,-8.56339,-8.26393,-8.56339
latency_outage,volatile_deep,100000,hybrid|lat250ms,250,0,True,"coinbase>=1,000,000",prints+quotes,9000006,10,0.17685,2.32971e+06,2.28248,7.38333,29.1524,hybrid,BTC-USD,sell,1.1573,100000,86408,0.239561,2.52558e+06,1.1573,1,1,86395,1.49928,8,79.988,99985,0,1.49928,7.9988,-2.519e-07,9.49808,1.125e-09,0.000866587,9.49808,-29.1524,5,4,3,1,2.4,0,0,1,3,0,0.860793,0.65733,0.860793,0.65733,4.28038,4.07684,4.28038,4.07684,8.99625,8.79261,8.99625,8.79261
latency_outage,volatile_deep,100000,hybrid|lat40ms,40,0,True,"coinbase>=1,000,000",prints+quotes,9000006,10,0.17685,2.32971e+06,2.28248,7.38333,29.1524,hybrid,BTC-USD,buy,1.1573,100000,86408,0.239561,1.98989e+06,1.1573,1,1,86406.9,-0.118623,8,79.999,99998.8,0,-0.118623,7.99991,2.519e-07,7.88128,1.125e-09,0.00086661,7.88128,29.1524,1,2,0,0,0.2,0,0,0,2,0,2.88291,1.73677,2.88291,1.73677,-0.578604,-1.72515,-0.578604,-1.72515,-9.0046,-10.1521,-9.0046,-10.1521
latency_outage,volatile_deep,100000,hybrid|lat40ms,40,0,True,"coinbase>=1,000,000",prints+quotes,9000006,10,0.17685,2.32971e+06,2.28248,7.38333,29.1524,hybrid,BTC-USD,sell,1.1573,100000,86408,0.239561,2.52558e+06,1.1573,1,1,86381.4,3.07437,8,79.9754,99969.3,0,3.07437,7.99754,-2.519e-07,11.0719,1.125e-09,0.000866587,11.0719,-29.1524,3,2,0,2,1.6,0,0,0,2,0,2.71437,2.27809,2.71437,2.27809,6.24221,5.80578,6.24221,5.80578,7.99838,7.56187,7.99838,7.56187
latency_outage,volatile_deep,100000,hybrid|lat5ms,5,0,True,"coinbase>=1,000,000",prints+quotes,9000006,10,0.17685,2.32971e+06,2.28248,7.38333,29.1524,hybrid,BTC-USD,buy,1.1573,100000,86408,0.239561,1.98989e+06,1.1573,1,1,86406.9,-0.118623,8,79.999,99998.8,0,-0.118623,7.99991,2.519e-07,7.88128,1.125e-09,0.00086661,7.88128,29.1524,1,3,0,0,0.2,0,0,1,2,0,2.88289,1.73889,2.88289,1.73889,-0.577728,-1.72213,-0.577728,-1.72213,-9.00454,-10.1499,-9.00454,-10.1499
latency_outage,volatile_deep,100000,hybrid|lat5ms,5,0,True,"coinbase>=1,000,000",prints+quotes,9000006,10,0.17685,2.32971e+06,2.28248,7.38333,29.1524,hybrid,BTC-USD,sell,1.1573,100000,86408,0.239561,2.52558e+06,1.1573,1,1,86379,3.35654,8,79.9731,99966.4,0,3.35654,7.99731,-5.038e-07,11.3539,2.25e-09,0.00173317,11.3539,-29.1524,3,3,0,2,1.5,0,0,1,2,0,2.75745,2.29767,2.75745,2.29767,6.62858,6.16863,6.62858,6.16863,8.2126,7.75257,8.2126,7.75257
latency_outage,volatile_deep,100000,hybrid|outage|cod,40,3,True,"coinbase>=1,000,000",prints+quotes,9000006,10,0.17685,2.32971e+06,2.28248,7.38333,29.1524,hybrid,BTC-USD,buy,1.1573,100000,86408,0.239561,1.98989e+06,1.1573,1,1,86406.9,-0.118623,8,79.999,99998.8,0,-0.118623,7.99991,2.519e-07,7.88128,1.125e-09,0.00086661,7.88128,29.1524,1,2,0,0,0.2,3.65603,0,0,2,0,2.88291,1.73677,2.88291,1.73677,-0.578604,-1.72515,-0.578604,-1.72515,-9.0046,-10.1521,-9.0046,-10.1521
latency_outage,volatile_deep,100000,hybrid|outage|cod,40,3,True,"coinbase>=1,000,000",prints+quotes,9000006,10,0.17685,2.32971e+06,2.28248,7.38333,29.1524,hybrid,BTC-USD,sell,1.1573,100000,86408,0.239561,2.52558e+06,1.1573,1,1,86381.4,3.07437,8,79.9754,99969.3,0,3.07437,7.99754,-2.519e-07,11.0719,1.125e-09,0.000866587,11.0719,-29.1524,3,2,0,2,1.6,3.65603,0,0,2,0,2.71437,2.27809,2.71437,2.27809,6.24221,5.80578,6.24221,5.80578,7.99838,7.56187,7.99838,7.56187
latency_outage,volatile_deep,100000,hybrid|outage|no-cod,40,3,False,"coinbase>=1,000,000",prints+quotes,9000006,10,0.17685,2.32971e+06,2.28248,7.38333,29.1524,hybrid,BTC-USD,buy,1.1573,100000,86408,0.239561,1.98989e+06,1.1573,1,1,86406.9,-0.118623,8,79.999,99998.8,0,-0.118623,7.99991,2.519e-07,7.88128,1.125e-09,0.00086661,7.88128,29.1524,1,2,0,0,0.2,3.65603,0,0,2,0,2.88291,1.73677,2.88291,1.73677,-0.578604,-1.72515,-0.578604,-1.72515,-9.0046,-10.1521,-9.0046,-10.1521
latency_outage,volatile_deep,100000,hybrid|outage|no-cod,40,3,False,"coinbase>=1,000,000",prints+quotes,9000006,10,0.17685,2.32971e+06,2.28248,7.38333,29.1524,hybrid,BTC-USD,sell,1.1573,100000,86408,0.239561,2.52558e+06,1.1573,1,1,86381.4,3.07437,8,79.9754,99969.3,0,3.07437,7.99754,-2.519e-07,11.0719,1.125e-09,0.000866587,11.0719,-29.1524,3,2,0,2,1.6,3.65603,0,0,2,0,2.71437,2.27809,2.71437,2.27809,6.24221,5.80578,6.24221,5.80578,7.99838,7.56187,7.99838,7.56187
latency_outage,volatile_deep,100000,hybrid|prints-only,40,0,True,"coinbase>=1,000,000",prints-only,9000006,10,0.17685,2.32971e+06,2.28248,7.38333,29.1524,hybrid,BTC-USD,buy,1.1573,100000,86408,0.239561,1.98989e+06,1.1573,1,1,86435.1,3.13748,8,80.0251,100031,0,3.13748,8.00251,0,11.14,0,0,11.14,29.1524,42,42,0,41,27.3002,0,0,42,0,0,-0.661688,-2.69983,-0.661688,-2.69983,-7.38478,-9.42439,-7.38478,-9.42439,-20.8821,-22.9243,-20.8821,-22.9243
latency_outage,volatile_deep,100000,hybrid|prints-only,40,0,True,"coinbase>=1,000,000",prints-only,9000006,10,0.17685,2.32971e+06,2.28248,7.38333,29.1524,hybrid,BTC-USD,sell,1.1573,100000,86408,0.239561,2.52558e+06,1.1573,1,1,86421.6,-1.57843,8,80.0126,100016,0,-1.57843,8.00126,-2.519e-07,6.42283,1.125e-09,0.000866587,6.42283,-29.1524,20,26,0,19,12.2219,0,0,26,0,0,0.374819,0.171932,0.374819,0.171932,0.125666,-0.0772908,0.125666,-0.0772908,14.0012,13.7978,14.0012,13.7978
latency_outage,volatile_deep,100000,passive|lat250ms,250,0,True,"coinbase>=1,000,000",prints+quotes,9000006,10,0.17685,2.32971e+06,2.28248,7.38333,29.1524,passive,BTC-USD,buy,1.1573,100000,86408,0.239561,1.98989e+06,1.1573,1,1,86385.1,-2.64862,8,79.9788,99973.5,0,-2.64862,7.99788,0,5.34927,0,0,5.34927,29.1524,9,4,5,3,4.3,0,0,1,3,0,-1.86852,-2.16779,-1.86852,-2.16779,-3.93869,-4.23802,-3.93869,-4.23802,-8.26393,-8.56339,-8.26393,-8.56339
latency_outage,volatile_deep,100000,passive|lat250ms,250,0,True,"coinbase>=1,000,000",prints+quotes,9000006,10,0.17685,2.32971e+06,2.28248,7.38333,29.1524,passive,BTC-USD,sell,1.1573,100000,86408,0.239561,2.52558e+06,1.1573,1,1,86395,1.49928,8,79.988,99985,0,1.49928,7.9988,-2.519e-07,9.49808,1.125e-09,0.000866587,9.49808,-29.1524,5,4,3,1,2.4,0,0,1,3,0,0.860793,0.65733,0.860793,0.65733,4.28038,4.07684,4.28038,4.07684,8.99625,8.79261,8.99625,8.79261
latency_outage,volatile_deep,100000,passive|lat40ms,40,0,True,"coinbase>=1,000,000",prints+quotes,9000006,10,0.17685,2.32971e+06,2.28248,7.38333,29.1524,passive,BTC-USD,buy,1.1573,100000,86408,0.239561,1.98989e+06,1.1573,1,1,86406.9,-0.118623,8,79.999,99998.8,0,-0.118623,7.99991,2.519e-07,7.88128,1.125e-09,0.00086661,7.88128,29.1524,1,2,0,0,0.2,0,0,0,2,0,2.88291,1.73677,2.88291,1.73677,-0.578604,-1.72515,-0.578604,-1.72515,-9.0046,-10.1521,-9.0046,-10.1521
latency_outage,volatile_deep,100000,passive|lat40ms,40,0,True,"coinbase>=1,000,000",prints+quotes,9000006,10,0.17685,2.32971e+06,2.28248,7.38333,29.1524,passive,BTC-USD,sell,1.1573,100000,86408,0.239561,2.52558e+06,1.1573,1,1,86381.4,3.07437,8,79.9754,99969.3,0,3.07437,7.99754,-2.519e-07,11.0719,1.125e-09,0.000866587,11.0719,-29.1524,3,2,0,2,1.6,0,0,0,2,0,2.71437,2.27809,2.71437,2.27809,6.24221,5.80578,6.24221,5.80578,7.99838,7.56187,7.99838,7.56187
latency_outage,volatile_deep,100000,passive|lat5ms,5,0,True,"coinbase>=1,000,000",prints+quotes,9000006,10,0.17685,2.32971e+06,2.28248,7.38333,29.1524,passive,BTC-USD,buy,1.1573,100000,86408,0.239561,1.98989e+06,1.1573,1,1,86406.9,-0.118623,8,79.999,99998.8,0,-0.118623,7.99991,2.519e-07,7.88128,1.125e-09,0.00086661,7.88128,29.1524,1,3,0,0,0.2,0,0,1,2,0,2.88289,1.73889,2.88289,1.73889,-0.577728,-1.72213,-0.577728,-1.72213,-9.00454,-10.1499,-9.00454,-10.1499
latency_outage,volatile_deep,100000,passive|lat5ms,5,0,True,"coinbase>=1,000,000",prints+quotes,9000006,10,0.17685,2.32971e+06,2.28248,7.38333,29.1524,passive,BTC-USD,sell,1.1573,100000,86408,0.239561,2.52558e+06,1.1573,1,1,86379,3.35654,8,79.9731,99966.4,0,3.35654,7.99731,-5.038e-07,11.3539,2.25e-09,0.00173317,11.3539,-29.1524,3,3,0,2,1.5,0,0,1,2,0,2.75745,2.29767,2.75745,2.29767,6.62858,6.16863,6.62858,6.16863,8.2126,7.75257,8.2126,7.75257
latency_outage,volatile_deep,100000,passive|outage|cod,40,3,True,"coinbase>=1,000,000",prints+quotes,9000006,10,0.17685,2.32971e+06,2.28248,7.38333,29.1524,passive,BTC-USD,buy,1.1573,100000,86408,0.239561,1.98989e+06,1.1573,1,1,86406.9,-0.118623,8,79.999,99998.8,0,-0.118623,7.99991,2.519e-07,7.88128,1.125e-09,0.00086661,7.88128,29.1524,1,2,0,0,0.2,3.65603,0,0,2,0,2.88291,1.73677,2.88291,1.73677,-0.578604,-1.72515,-0.578604,-1.72515,-9.0046,-10.1521,-9.0046,-10.1521
latency_outage,volatile_deep,100000,passive|outage|cod,40,3,True,"coinbase>=1,000,000",prints+quotes,9000006,10,0.17685,2.32971e+06,2.28248,7.38333,29.1524,passive,BTC-USD,sell,1.1573,100000,86408,0.239561,2.52558e+06,1.1573,1,1,86381.4,3.07437,8,79.9754,99969.3,0,3.07437,7.99754,-2.519e-07,11.0719,1.125e-09,0.000866587,11.0719,-29.1524,3,2,0,2,1.6,3.65603,0,0,2,0,2.71437,2.27809,2.71437,2.27809,6.24221,5.80578,6.24221,5.80578,7.99838,7.56187,7.99838,7.56187
latency_outage,volatile_deep,100000,passive|outage|no-cod,40,3,False,"coinbase>=1,000,000",prints+quotes,9000006,10,0.17685,2.32971e+06,2.28248,7.38333,29.1524,passive,BTC-USD,buy,1.1573,100000,86408,0.239561,1.98989e+06,1.1573,1,1,86406.9,-0.118623,8,79.999,99998.8,0,-0.118623,7.99991,2.519e-07,7.88128,1.125e-09,0.00086661,7.88128,29.1524,1,2,0,0,0.2,3.65603,0,0,2,0,2.88291,1.73677,2.88291,1.73677,-0.578604,-1.72515,-0.578604,-1.72515,-9.0046,-10.1521,-9.0046,-10.1521
latency_outage,volatile_deep,100000,passive|outage|no-cod,40,3,False,"coinbase>=1,000,000",prints+quotes,9000006,10,0.17685,2.32971e+06,2.28248,7.38333,29.1524,passive,BTC-USD,sell,1.1573,100000,86408,0.239561,2.52558e+06,1.1573,1,1,86381.4,3.07437,8,79.9754,99969.3,0,3.07437,7.99754,-2.519e-07,11.0719,1.125e-09,0.000866587,11.0719,-29.1524,3,2,0,2,1.6,3.65603,0,0,2,0,2.71437,2.27809,2.71437,2.27809,6.24221,5.80578,6.24221,5.80578,7.99838,7.56187,7.99838,7.56187
latency_outage,volatile_deep,100000,passive|prints-only,40,0,True,"coinbase>=1,000,000",prints-only,9000006,10,0.17685,2.32971e+06,2.28248,7.38333,29.1524,passive,BTC-USD,buy,1.1573,100000,86408,0.239561,1.98989e+06,1.1573,1,1,86435.1,3.13748,8,80.0251,100031,0,3.13748,8.00251,0,11.14,0,0,11.14,29.1524,42,42,0,41,27.3002,0,0,42,0,0,-0.661688,-2.69983,-0.661688,-2.69983,-7.38478,-9.42439,-7.38478,-9.42439,-20.8821,-22.9243,-20.8821,-22.9243
latency_outage,volatile_deep,100000,passive|prints-only,40,0,True,"coinbase>=1,000,000",prints-only,9000006,10,0.17685,2.32971e+06,2.28248,7.38333,29.1524,passive,BTC-USD,sell,1.1573,100000,86408,0.239561,2.52558e+06,1.1573,1,1,86421.6,-1.57843,8,80.0126,100016,0,-1.57843,8.00126,-2.519e-07,6.42283,1.125e-09,0.000866587,6.42283,-29.1524,20,26,0,19,12.2219,0,0,26,0,0,0.374819,0.171932,0.374819,0.171932,0.125666,-0.0772908,0.125666,-0.0772908,14.0012,13.7978,14.0012,13.7978
latency_outage,volatile_deep,100000,aggressive|lat250ms,250,0,True,"coinbase>=1,000,000",prints+quotes,9000007,10,0.171331,2.34929e+06,3.13501,8.6,-15.4959,aggressive,BTC-USD,buy,1.16052,100000,86168.2,0.00348156,2.10544e+06,1.16052,1,0,86166.5,-0.194421,18,179.997,0,99998.1,-0.194421,17.9997,-0,17.8052,0,0,17.8052,-15.4959,1,4,0,0,0.186443,0,0,0,0,0,-1.37818,-1.68052,,,-7.06078,-7.36329,,,-8.7929,-9.09546,,
latency_outage,volatile_deep,100000,aggressive|lat250ms,250,0,True,"coinbase>=1,000,000",prints+quotes,9000007,10,0.171331,2.34929e+06,3.13501,8.6,-15.4959,aggressive,BTC-USD,sell,1.16052,100000,86168.2,0.00348156,2.42827e+06,1.16052,1,0,86162.5,0.659006,18,179.988,0,99993.4,0.659006,17.9988,0,18.6578,0,0,18.6578,15.4959,1,8,0,0,0.186443,0,0,0,0,0,1.84286,1.68052,,,7.52573,7.36329,,,9.25792,9.09546,,
latency_outage,volatile_deep,100000,aggressive|lat40ms,40,0,True,"coinbase>=1,000,000",prints+quotes,9000007,10,0.171331,2.34929e+06,3.13501,8.6,-15.4959,aggressive,BTC-USD,buy,1.16052,100000,86168.2,0.00348156,2.10544e+06,1.16052,1,0,86173.5,0.613827,18,180.011,0,100006,0.613827,18.0011,-2.96485e-15,18.6149,0,0,18.6149,-15.4959,1,6,0,0,0.0298309,0,0,0,0,0,-1.96823,-2.58216,,,-5.87952,-6.4937,,,-8.92222,-9.53658,,
latency_outage,volatile_deep,100000,aggressive|lat40ms,40,0,True,"coinbase>=1,000,000",prints+quotes,9000007,10,0.171331,2.34929e+06,3.13501,8.6,-15.4959,aggressive,BTC-USD,sell,1.16052,100000,86168.2,0.00348156,2.42827e+06,1.16052,1,0,86168.1,0.00685997,18,180,0,99999.9,0.00685997,18,0,18.0068,0,0,18.0068,15.4959,1,3,0,0,0.0298309,0,0,0,0,0,2.58902,2.58216,,,6.50056,6.4937,,,9.54345,9.53658,,
latency_outage,volatile_deep,100000,aggressive|lat5ms,5,0,True,"coinbase>=1,000,000",prints+quotes,9000007,10,0.171331,2.34929e+06,3.13501,8.6,-15.4959,aggressive,BTC-USD,buy,1.16052,100000,86168.2,0.00348156,2.10544e+06,1.16052,1,0,86173.5,0.613827,18,180.011,0,100006,0.613827,18.0011,-2.96485e-15,18.6149,0,0,18.6149,-15.4959,1,6,0,0,0.00372886,0,0,0,0,0,-1.96823,-2.58216,,,-5.87952,-6.4937,,,-8.92222,-9.53658,,
latency_outage,volatile_deep,100000,aggressive|lat5ms,5,0,True,"coinbase>=1,000,000",prints+quotes,9000007,10,0.171331,2.34929e+06,3.13501,8.6,-15.4959,aggressive,BTC-USD,sell,1.16052,100000,86168.2,0.00348156,2.42827e+06,1.16052,1,0,86168.1,0.00685997,18,180,0,99999.9,0.00685997,18,0,18.0068,0,0,18.0068,15.4959,1,3,0,0,0.00372886,0,0,0,0,0,2.58902,2.58216,,,6.50056,6.4937,,,9.54345,9.53658,,
latency_outage,volatile_deep,100000,aggressive|outage|cod,40,3,True,"coinbase>=1,000,000",prints+quotes,9000007,10,0.171331,2.34929e+06,3.13501,8.6,-15.4959,aggressive,BTC-USD,buy,1.16052,100000,86168.2,0.00348156,2.10544e+06,1.16052,1,0,86173.5,0.613827,18,180.011,0,100006,0.613827,18.0011,-2.96485e-15,18.6149,0,0,18.6149,-15.4959,1,6,0,0,0.0298309,10.0192,0,0,0,0,-1.96823,-2.58216,,,-5.87952,-6.4937,,,-8.92222,-9.53658,,
latency_outage,volatile_deep,100000,aggressive|outage|cod,40,3,True,"coinbase>=1,000,000",prints+quotes,9000007,10,0.171331,2.34929e+06,3.13501,8.6,-15.4959,aggressive,BTC-USD,sell,1.16052,100000,86168.2,0.00348156,2.42827e+06,1.16052,1,0,86168.1,0.00685997,18,180,0,99999.9,0.00685997,18,0,18.0068,0,0,18.0068,15.4959,1,3,0,0,0.0298309,10.0192,0,0,0,0,2.58902,2.58216,,,6.50056,6.4937,,,9.54345,9.53658,,
latency_outage,volatile_deep,100000,aggressive|outage|no-cod,40,3,False,"coinbase>=1,000,000",prints+quotes,9000007,10,0.171331,2.34929e+06,3.13501,8.6,-15.4959,aggressive,BTC-USD,buy,1.16052,100000,86168.2,0.00348156,2.10544e+06,1.16052,1,0,86173.5,0.613827,18,180.011,0,100006,0.613827,18.0011,-2.96485e-15,18.6149,0,0,18.6149,-15.4959,1,6,0,0,0.0298309,10.0192,0,0,0,0,-1.96823,-2.58216,,,-5.87952,-6.4937,,,-8.92222,-9.53658,,
latency_outage,volatile_deep,100000,aggressive|outage|no-cod,40,3,False,"coinbase>=1,000,000",prints+quotes,9000007,10,0.171331,2.34929e+06,3.13501,8.6,-15.4959,aggressive,BTC-USD,sell,1.16052,100000,86168.2,0.00348156,2.42827e+06,1.16052,1,0,86168.1,0.00685997,18,180,0,99999.9,0.00685997,18,0,18.0068,0,0,18.0068,15.4959,1,3,0,0,0.0298309,10.0192,0,0,0,0,2.58902,2.58216,,,6.50056,6.4937,,,9.54345,9.53658,,
latency_outage,volatile_deep,100000,aggressive|prints-only,40,0,True,"coinbase>=1,000,000",prints-only,9000007,10,0.171331,2.34929e+06,3.13501,8.6,-15.4959,aggressive,BTC-USD,buy,1.16052,100000,86168.2,0.00348156,2.10544e+06,1.16052,1,0,86173.5,0.613827,18,180.011,0,100006,0.613827,18.0011,-2.96485e-15,18.6149,0,0,18.6149,-15.4959,1,6,0,0,0.0298309,0,0,0,0,0,-1.96823,-2.58216,,,-5.87952,-6.4937,,,-8.92222,-9.53658,,
latency_outage,volatile_deep,100000,aggressive|prints-only,40,0,True,"coinbase>=1,000,000",prints-only,9000007,10,0.171331,2.34929e+06,3.13501,8.6,-15.4959,aggressive,BTC-USD,sell,1.16052,100000,86168.2,0.00348156,2.42827e+06,1.16052,1,0,86168.1,0.00685997,18,180,0,99999.9,0.00685997,18,0,18.0068,0,0,18.0068,15.4959,1,3,0,0,0.0298309,0,0,0,0,0,2.58902,2.58216,,,6.50056,6.4937,,,9.54345,9.53658,,
latency_outage,volatile_deep,100000,hybrid|lat250ms,250,0,True,"coinbase>=1,000,000",prints+quotes,9000007,10,0.171331,2.34929e+06,3.13501,8.6,-15.4959,hybrid,BTC-USD,buy,1.16052,100000,86168.2,0.00348156,2.10544e+06,1.16052,1,1,86241.1,8.4573,8,80.0677,100085,0,8.4573,8.00677,-0,16.4641,0,0,16.4641,-15.4959,12,4,6,5,6.7,0,0,2,2,0,2.63039,1.55204,2.63039,1.55204,2.71329,1.635,2.71329,1.635,-0.229886,-1.30856,-0.229886,-1.30856
latency_outage,volatile_deep,100000,hybrid|lat250ms,250,0,True,"coinbase>=1,000,000",prints+quotes,9000007,10,0.171331,2.34929e+06,3.13501,8.6,-15.4959,hybrid,BTC-USD,sell,1.16052,100000,86168.2,0.00348156,2.42827e+06,1.16052,1,1,86168.2,-0.00174078,8,80,100000,0,-0.00174078,8,0,7.99826,0,0,7.99826,15.4959,1,2,0,0,0.3,0,0,0,2,0,-1.00041,-2.10411,-1.00041,-2.10411,7.26411,6.15947,7.26411,6.15947,8.44088,7.3361,8.44088,7.3361
latency_outage,volatile_deep,100000,hybrid|lat40ms,40,0,True,"coinbase>=1,000,000",prints+quotes,9000007,10,0.171331,2.34929e+06,3.13501,8.6,-15.4959,hybrid,BTC-USD,buy,1.16052,100000,86168.2,0.00348156,2.10544e+06,1.16052,1,1,86168.3,0.0125532,8,80.0001,100000,0,0.0125532,8.00001,-0,8.01256,0,0,8.01256,-15.4959,2,2,0,1,0.7,0,0,0,2,0,-1.17678,-1.67107,-1.17678,-1.67107,-6.86247,-7.35704,-6.86247,-7.35704,-8.5952,-9.08985,-8.5952,-9.08985
latency_outage,volatile_deep,100000,hybrid|lat40ms,40,0,True,"coinbase>=1,000,000",prints+quotes,9000007,10,0.171331,2.34929e+06,3.13501,8.6,-15.4959,hybrid,BTC-USD,sell,1.16052,100000,86168.2,0.00348156,2.42827e+06,1.16052,1,1,86168.2,-0.00174078,8,80,100000,0,-0.00174078,8,0,7.99826,0,0,7.99826,15.4959,1,2,0,0,0.3,0,0,0,2,0,-1.00041,-2.10411,-1.00041,-2.10411,7.26411,6.15947,7.26411,6.15947,8.44088,7.3361,8.44088,7.3361
latency_outage,volatile_deep,100000,hybrid|lat5ms,5,0,True,"coinbase>=1,000,000",prints+quotes,9000007,10,0.171331,2.34929e+06,3.13501,8.6,-15.4959,hybrid,BTC-USD,buy,1.16052,100000,86168.2,0.00348156,2.10544e+06,1.16052,1,1,86168.3,0.0113989,8,80.0001,100000,0,0.0113989,8.00001,-0,8.01141,0,0,8.01141,-15.4959,2,2,0,1,0.8,0,0,0,2,0,-1.18026,-1.67435,-1.18026,-1.67435,-6.86041,-7.35478,-6.86041,-7.35478,-8.59221,-9.08667,-8.59221,-9.08667
latency_outage,volatile_deep,100000,hybrid|lat5ms,5,0,True,"coinbase>=1,000,000",prints+quotes,9000007,10,0.171331,2.34929e+06,3.13501,8.6,-15.4959,hybrid,BTC-USD,sell,1.16052,100000,86168.2,0.00348156,2.42827e+06,1.16052,1,1,86168.2,-0.00174078,8,80,100000,0,-0.00174078,8,0,7.99826,0,0,7.99826,15.4959,1,2,0,0,0.3,0,0,0,2,0,-1.00041,-2.10411,-1.00041,-2.10411,7.26411,6.15947,7.26411,6.15947,8.44088,7.3361,8.44088,7.3361
latency_outage,volatile_deep,100000,hybrid|outage|cod,40,3,True,"coinbase>=1,000,000",prints+quotes,9000007,10,0.171331,2.34929e+06,3.13501,8.6,-15.4959,hybrid,BTC-USD,buy,1.16052,100000,86168.2,0.00348156,2.10544e+06,1.16052,1,1,86168.3,0.0125532,8,80.0001,100000,0,0.0125532,8.00001,-0,8.01256,0,0,8.01256,-15.4959,2,2,0,1,0.7,10.0192,0,0,2,0,-1.17678,-1.67107,-1.17678,-1.67107,-6.86247,-7.35704,-6.86247,-7.35704,-8.5952,-9.08985,-8.5952,-9.08985
latency_outage,volatile_deep,100000,hybrid|outage|cod,40,3,True,"coinbase>=1,000,000",prints+quotes,9000007,10,0.171331,2.34929e+06,3.13501,8.6,-15.4959,hybrid,BTC-USD,sell,1.16052,100000,86168.2,0.00348156,2.42827e+06,1.16052,1,1,86168.2,-0.00174078,8,80,100000,0,-0.00174078,8,0,7.99826,0,0,7.99826,15.4959,1,2,0,0,0.3,10.0192,0,0,2,0,-1.00041,-2.10411,-1.00041,-2.10411,7.26411,6.15947,7.26411,6.15947,8.44088,7.3361,8.44088,7.3361
latency_outage,volatile_deep,100000,hybrid|outage|no-cod,40,3,False,"coinbase>=1,000,000",prints+quotes,9000007,10,0.171331,2.34929e+06,3.13501,8.6,-15.4959,hybrid,BTC-USD,buy,1.16052,100000,86168.2,0.00348156,2.10544e+06,1.16052,1,1,86168.3,0.0125532,8,80.0001,100000,0,0.0125532,8.00001,-0,8.01256,0,0,8.01256,-15.4959,2,2,0,1,0.7,10.0192,0,0,2,0,-1.17678,-1.67107,-1.17678,-1.67107,-6.86247,-7.35704,-6.86247,-7.35704,-8.5952,-9.08985,-8.5952,-9.08985
latency_outage,volatile_deep,100000,hybrid|outage|no-cod,40,3,False,"coinbase>=1,000,000",prints+quotes,9000007,10,0.171331,2.34929e+06,3.13501,8.6,-15.4959,hybrid,BTC-USD,sell,1.16052,100000,86168.2,0.00348156,2.42827e+06,1.16052,1,1,86168.2,-0.00174078,8,80,100000,0,-0.00174078,8,0,7.99826,0,0,7.99826,15.4959,1,2,0,0,0.3,10.0192,0,0,2,0,-1.00041,-2.10411,-1.00041,-2.10411,7.26411,6.15947,7.26411,6.15947,8.44088,7.3361,8.44088,7.3361
latency_outage,volatile_deep,100000,hybrid|prints-only,40,0,True,"coinbase>=1,000,000",prints-only,9000007,10,0.171331,2.34929e+06,3.13501,8.6,-15.4959,hybrid,BTC-USD,buy,1.16052,100000,86168.2,0.00348156,2.10544e+06,1.16052,1,1,86227.7,6.90429,8,80.0552,100069,0,6.90429,8.00552,-0,14.9098,0,0,14.9098,-15.4959,39,59,0,38,26.4003,0,0,59,0,0,0.736942,0.260492,0.736942,0.260492,1.31507,0.838513,1.31507,0.838513,12.392,11.9171,12.392,11.9171
latency_outage,volatile_deep,100000,hybrid|prints-only,40,0,True,"coinbase>=1,000,000",prints-only,9000007,10,0.171331,2.34929e+06,3.13501,8.6,-15.4959,hybrid,BTC-USD,sell,1.16052,100000,86168.2,0.00348156,2.42827e+06,1.16052,1,0.57928,86150.6,2.04267,12.2024,121.999,57963.9,42015.7,2.04267,12.1999,0,14.2426,0,0,14.2426,15.4959,63,98,0,62,42.1263,0,0,95,0,0,-5.32715,-5.60714,-8.56985,-9.03469,-8.45568,-8.73565,-9.72486,-10.1897,-20.2291,-20.5087,-26.9009,-27.3652
latency_outage,volatile_deep,100000,passive|lat250ms,250,0,True,"coinbase>=1,000,000",prints+quotes,9000007,10,0.171331,2.34929e+06,3.13501,8.6,-15.4959,passive,BTC-USD,buy,1.16052,100000,86168.2,0.00348156,2.10544e+06,1.16052,1,1,86241.1,8.4573,8,80.0677,100085,0,8.4573,8.00677,-0,16.4641,0,0,16.4641,-15.4959,12,4,6,5,6.7,0,0,2,2,0,2.63039,1.55204,2.63039,1.55204,2.71329,1.635,2.71329,1.635,-0.229886,-1.30856,-0.229886,-1.30856
latency_outage,volatile_deep,100000,passive|lat250ms,250,0,True,"coinbase>=1,000,000",prints+quotes,9000007,10,0.171331,2.34929e+06,3.13501,8.6,-15.4959,passive,BTC-USD,sell,1.16052,100000,86168.2,0.00348156,2.42827e+06,1.16052,1,1,86168.2,-0.00174078,8,80,100000,0,-0.00174078,8,0,7.99826,0,0,7.99826,15.4959,1,2,0,0,0.3,0,0,0,2,0,-1.00041,-2.10411,-1.00041,-2.10411,7.26411,6.15947,7.26411,6.15947,8.44088,7.3361,8.44088,7.3361
latency_outage,volatile_deep,100000,passive|lat40ms,40,0,True,"coinbase>=1,000,000",prints+quotes,9000007,10,0.171331,2.34929e+06,3.13501,8.6,-15.4959,passive,BTC-USD,buy,1.16052,100000,86168.2,0.00348156,2.10544e+06,1.16052,1,1,86168.3,0.0125532,8,80.0001,100000,0,0.0125532,8.00001,-0,8.01256,0,0,8.01256,-15.4959,2,2,0,1,0.7,0,0,0,2,0,-1.17678,-1.67107,-1.17678,-1.67107,-6.86247,-7.35704,-6.86247,-7.35704,-8.5952,-9.08985,-8.5952,-9.08985
latency_outage,volatile_deep,100000,passive|lat40ms,40,0,True,"coinbase>=1,000,000",prints+quotes,9000007,10,0.171331,2.34929e+06,3.13501,8.6,-15.4959,passive,BTC-USD,sell,1.16052,100000,86168.2,0.00348156,2.42827e+06,1.16052,1,1,86168.2,-0.00174078,8,80,100000,0,-0.00174078,8,0,7.99826,0,0,7.99826,15.4959,1,2,0,0,0.3,0,0,0,2,0,-1.00041,-2.10411,-1.00041,-2.10411,7.26411,6.15947,7.26411,6.15947,8.44088,7.3361,8.44088,7.3361
latency_outage,volatile_deep,100000,passive|lat5ms,5,0,True,"coinbase>=1,000,000",prints+quotes,9000007,10,0.171331,2.34929e+06,3.13501,8.6,-15.4959,passive,BTC-USD,buy,1.16052,100000,86168.2,0.00348156,2.10544e+06,1.16052,1,1,86168.3,0.0113989,8,80.0001,100000,0,0.0113989,8.00001,-0,8.01141,0,0,8.01141,-15.4959,2,2,0,1,0.8,0,0,0,2,0,-1.18026,-1.67435,-1.18026,-1.67435,-6.86041,-7.35478,-6.86041,-7.35478,-8.59221,-9.08667,-8.59221,-9.08667
latency_outage,volatile_deep,100000,passive|lat5ms,5,0,True,"coinbase>=1,000,000",prints+quotes,9000007,10,0.171331,2.34929e+06,3.13501,8.6,-15.4959,passive,BTC-USD,sell,1.16052,100000,86168.2,0.00348156,2.42827e+06,1.16052,1,1,86168.2,-0.00174078,8,80,100000,0,-0.00174078,8,0,7.99826,0,0,7.99826,15.4959,1,2,0,0,0.3,0,0,0,2,0,-1.00041,-2.10411,-1.00041,-2.10411,7.26411,6.15947,7.26411,6.15947,8.44088,7.3361,8.44088,7.3361
latency_outage,volatile_deep,100000,passive|outage|cod,40,3,True,"coinbase>=1,000,000",prints+quotes,9000007,10,0.171331,2.34929e+06,3.13501,8.6,-15.4959,passive,BTC-USD,buy,1.16052,100000,86168.2,0.00348156,2.10544e+06,1.16052,1,1,86168.3,0.0125532,8,80.0001,100000,0,0.0125532,8.00001,-0,8.01256,0,0,8.01256,-15.4959,2,2,0,1,0.7,10.0192,0,0,2,0,-1.17678,-1.67107,-1.17678,-1.67107,-6.86247,-7.35704,-6.86247,-7.35704,-8.5952,-9.08985,-8.5952,-9.08985
latency_outage,volatile_deep,100000,passive|outage|cod,40,3,True,"coinbase>=1,000,000",prints+quotes,9000007,10,0.171331,2.34929e+06,3.13501,8.6,-15.4959,passive,BTC-USD,sell,1.16052,100000,86168.2,0.00348156,2.42827e+06,1.16052,1,1,86168.2,-0.00174078,8,80,100000,0,-0.00174078,8,0,7.99826,0,0,7.99826,15.4959,1,2,0,0,0.3,10.0192,0,0,2,0,-1.00041,-2.10411,-1.00041,-2.10411,7.26411,6.15947,7.26411,6.15947,8.44088,7.3361,8.44088,7.3361
latency_outage,volatile_deep,100000,passive|outage|no-cod,40,3,False,"coinbase>=1,000,000",prints+quotes,9000007,10,0.171331,2.34929e+06,3.13501,8.6,-15.4959,passive,BTC-USD,buy,1.16052,100000,86168.2,0.00348156,2.10544e+06,1.16052,1,1,86168.3,0.0125532,8,80.0001,100000,0,0.0125532,8.00001,-0,8.01256,0,0,8.01256,-15.4959,2,2,0,1,0.7,10.0192,0,0,2,0,-1.17678,-1.67107,-1.17678,-1.67107,-6.86247,-7.35704,-6.86247,-7.35704,-8.5952,-9.08985,-8.5952,-9.08985
latency_outage,volatile_deep,100000,passive|outage|no-cod,40,3,False,"coinbase>=1,000,000",prints+quotes,9000007,10,0.171331,2.34929e+06,3.13501,8.6,-15.4959,passive,BTC-USD,sell,1.16052,100000,86168.2,0.00348156,2.42827e+06,1.16052,1,1,86168.2,-0.00174078,8,80,100000,0,-0.00174078,8,0,7.99826,0,0,7.99826,15.4959,1,2,0,0,0.3,10.0192,0,0,2,0,-1.00041,-2.10411,-1.00041,-2.10411,7.26411,6.15947,7.26411,6.15947,8.44088,7.3361,8.44088,7.3361
latency_outage,volatile_deep,100000,passive|prints-only,40,0,True,"coinbase>=1,000,000",prints-only,9000007,10,0.171331,2.34929e+06,3.13501,8.6,-15.4959,passive,BTC-USD,buy,1.16052,100000,86168.2,0.00348156,2.10544e+06,1.16052,1,1,86227.7,6.90429,8,80.0552,100069,0,6.90429,8.00552,-0,14.9098,0,0,14.9098,-15.4959,39,59,0,38,26.4003,0,0,59,0,0,0.736942,0.260492,0.736942,0.260492,1.31507,0.838513,1.31507,0.838513,12.392,11.9171,12.392,11.9171
latency_outage,volatile_deep,100000,passive|prints-only,40,0,True,"coinbase>=1,000,000",prints-only,9000007,10,0.171331,2.34929e+06,3.13501,8.6,-15.4959,passive,BTC-USD,sell,1.16052,100000,86168.2,0.00348156,2.42827e+06,0.99843,0.860329,1,86143.1,2.91501,8,68.8063,86007.8,0,2.50787,6.88063,2.16432,11.5528,0.0204234,13945.2,14.0834,15.4959,88,145,0,88,59.8455,0,0,145,0,0,-5.13924,-5.70366,-5.13924,-5.70366,-5.83445,-6.39893,-5.83445,-6.39893,-16.3634,-16.9277,-16.3634,-16.9277
latency_outage,volatile_deep,100000,aggressive|lat250ms,250,0,True,"coinbase>=1,000,000",prints+quotes,9000008,10,0.172463,2.33377e+06,2.57724,8.43333,14.2327,aggressive,BTC-USD,buy,1.15897,100000,86283.8,0.623524,2.21982e+06,1.15897,1,0,86291.5,0.893292,18,180.016,0,100009,0.893292,18.0016,0,18.8949,0,0,18.8949,14.2327,1,5,0,0,0.239569,0,0,0,0,0,0.119092,-0.122263,,,0.17182,-0.0695334,,,-5.85253,-6.09403,,
latency_outage,volatile_deep,100000,aggressive|lat250ms,250,0,True,"coinbase>=1,000,000",prints+quotes,9000008,10,0.172463,2.33377e+06,2.57724,8.43333,14.2327,aggressive,BTC-USD,sell,1.15897,100000,86283.8,0.623524,2.51244e+06,1.15897,1,0,86286,-0.256047,18,180.005,0,100003,-0.256047,18.0005,-0,17.7444,0,0,17.7444,-14.2327,1,5,0,0,0.239569,0,0,0,0,0,0.51813,0.122263,,,0.465398,0.0695334,,,6.49013,6.09403,,
latency_outage,volatile_deep,100000,aggressive|lat40ms,40,0,True,"coinbase>=1,000,000",prints+quotes,9000008,10,0.172463,2.33377e+06,2.57724,8.43333,14.2327,aggressive,BTC-USD,buy,1.15897,100000,86283.8,0.623524,2.21982e+06,1.15897,1,0,86287.1,0.387969,18,180.007,0,100004,0.387969,18.0007,2.72682e-15,18.3887,0,0,18.3887,14.2327,1,6,0,0,0.038331,0,0,0,0,0,-0.622626,-1.01062,,,0.152113,-0.23585,,,-7.30091,-7.68916,,
latency_outage,volatile_deep,100000,aggressive|lat40ms,40,0,True,"coinbase>=1,000,000",prints+quotes,9000008,10,0.172463,2.33377e+06,2.57724,8.43333,14.2327,aggressive,BTC-USD,sell,1.15897,100000,86283.8,0.623524,2.51244e+06,1.15897,1,0,86279,0.552933,18,179.99,0,99994.5,0.552933,17.999,2.72682e-15,18.5519,0,0,18.5519,-14.2327,1,4,0,0,0.038331,0,0,0,0,0,1.56364,1.01062,,,0.788831,0.23585,,,8.24255,7.68916,,
latency_outage,volatile_deep,100000,aggressive|lat5ms,5,0,True,"coinbase>=1,000,000",prints+quotes,9000008,10,0.172463,2.33377e+06,2.57724,8.43333,14.2327,aggressive,BTC-USD,buy,1.15897,100000,86283.8,0.623524,2.21982e+06,1.15897,1,0,86287.1,0.387969,18,180.007,0,100004,0.387969,18.0007,2.72682e-15,18.3887,0,0,18.3887,14.2327,1,6,0,0,0.00479138,0,0,0,0,0,-0.622626,-1.01062,,,0.152113,-0.23585,,,-7.30091,-7.68916,,
latency_outage,volatile_deep,100000,aggressive|lat5ms,5,0,True,"coinbase>=1,000,000",prints+quotes,9000008,10,0.172463,2.33377e+06,2.57724,8.43333,14.2327,aggressive,BTC-USD,sell,1.15897,100000,86283.8,0.623524,2.51244e+06,1.15897,1,0,86279,0.552933,18,179.99,0,99994.5,0.552933,17.999,2.72682e-15,18.5519,0,0,18.5519,-14.2327,1,4,0,0,0.00479138,0,0,0,0,0,1.56364,1.01062,,,0.788831,0.23585,,,8.24255,7.68916,,
latency_outage,volatile_deep,100000,aggressive|outage|cod,40,3,True,"coinbase>=1,000,000",prints+quotes,9000008,10,0.172463,2.33377e+06,2.57724,8.43333,14.2327,aggressive,BTC-USD,buy,1.15897,100000,86283.8,0.623524,2.21982e+06,1.15897,1,0,86287.1,0.387969,18,180.007,0,100004,0.387969,18.0007,2.72682e-15,18.3887,0,0,18.3887,14.2327,1,6,0,0,0.038331,9.96861,0,0,0,0,-0.622626,-1.01062,,,0.152113,-0.23585,,,-7.30091,-7.68916,,
latency_outage,volatile_deep,100000,aggressive|outage|cod,40,3,True,"coinbase>=1,000,000",prints+quotes,9000008,10,0.172463,2.33377e+06,2.57724,8.43333,14.2327,aggressive,BTC-USD,sell,1.15897,100000,86283.8,0.623524,2.51244e+06,1.15897,1,0,86279,0.552933,18,179.99,0,99994.5,0.552933,17.999,2.72682e-15,18.5519,0,0,18.5519,-14.2327,1,4,0,0,0.038331,9.96861,0,0,0,0,1.56364,1.01062,,,0.788831,0.23585,,,8.24255,7.68916,,
latency_outage,volatile_deep,100000,aggressive|outage|no-cod,40,3,False,"coinbase>=1,000,000",prints+quotes,9000008,10,0.172463,2.33377e+06,2.57724,8.43333,14.2327,aggressive,BTC-USD,buy,1.15897,100000,86283.8,0.623524,2.21982e+06,1.15897,1,0,86287.1,0.387969,18,180.007,0,100004,0.387969,18.0007,2.72682e-15,18.3887,0,0,18.3887,14.2327,1,6,0,0,0.038331,9.96861,0,0,0,0,-0.622626,-1.01062,,,0.152113,-0.23585,,,-7.30091,-7.68916,,
latency_outage,volatile_deep,100000,aggressive|outage|no-cod,40,3,False,"coinbase>=1,000,000",prints+quotes,9000008,10,0.172463,2.33377e+06,2.57724,8.43333,14.2327,aggressive,BTC-USD,sell,1.15897,100000,86283.8,0.623524,2.51244e+06,1.15897,1,0,86279,0.552933,18,179.99,0,99994.5,0.552933,17.999,2.72682e-15,18.5519,0,0,18.5519,-14.2327,1,4,0,0,0.038331,9.96861,0,0,0,0,1.56364,1.01062,,,0.788831,0.23585,,,8.24255,7.68916,,
latency_outage,volatile_deep,100000,aggressive|prints-only,40,0,True,"coinbase>=1,000,000",prints-only,9000008,10,0.172463,2.33377e+06,2.57724,8.43333,14.2327,aggressive,BTC-USD,buy,1.15897,100000,86283.8,0.623524,2.21982e+06,1.15897,1,0,86287.1,0.387969,18,180.007,0,100004,0.387969,18.0007,2.72682e-15,18.3887,0,0,18.3887,14.2327,1,6,0,0,0.038331,0,0,0,0,0,-0.622626,-1.01062,,,0.152113,-0.23585,,,-7.30091,-7.68916,,
latency_outage,volatile_deep,100000,aggressive|prints-only,40,0,True,"coinbase>=1,000,000",prints-only,9000008,10,0.172463,2.33377e+06,2.57724,8.43333,14.2327,aggressive,BTC-USD,sell,1.15897,100000,86283.8,0.623524,2.51244e+06,1.15897,1,0,86279,0.552933,18,179.99,0,99994.5,0.552933,17.999,2.72682e-15,18.5519,0,0,18.5519,-14.2327,1,4,0,0,0.038331,0,0,0,0,0,1.56364,1.01062,,,0.788831,0.23585,,,8.24255,7.68916,,
latency_outage,volatile_deep,100000,hybrid|lat250ms,250,0,True,"coinbase>=1,000,000",prints+quotes,9000008,10,0.172463,2.33377e+06,2.57724,8.43333,14.2327,hybrid,BTC-USD,buy,1.15897,100000,86283.8,0.623524,2.21982e+06,1.15897,1,1,86306,2.56737,8,80.0205,100026,0,2.56737,8.00205,1.22805e-07,10.5694,8.75e-10,0.000864075,10.5694,14.2327,7,3,3,4,4.1,0,0,1,2,0,0.270853,-0.159969,0.270853,-0.159969,0.696692,0.265881,0.696692,0.265881,-4.70542,-5.13646,-4.70542,-5.13646
latency_outage,volatile_deep,100000,hybrid|lat250ms,250,0,True,"coinbase>=1,000,000",prints+quotes,9000008,10,0.172463,2.33377e+06,2.57724,8.43333,14.2327,hybrid,BTC-USD,sell,1.15897,100000,86283.8,0.623524,2.51244e+06,1.15897,1,1,86303,-2.22209,8,80.0178,100022,0,-2.22209,8.00178,-0,5.77969,0,0,5.77969,-14.2327,5,5,2,2,2.3,0,0,3,2,0,1.05463,0.199494,1.05463,0.199494,-0.592844,-1.44784,-0.592844,-1.44784,5.24938,4.39388,5.24938,4.39388
latency_outage,volatile_deep,100000,hybrid|lat40ms,40,0,True,"coinbase>=1,000,000",prints+quotes,9000008,10,0.172463,2.33377e+06,2.57724,8.43333,14.2327,hybrid,BTC-USD,buy,1.15897,100000,86283.8,0.623524,2.21982e+06,1.15897,1,1,86296.3,1.44871,8,80.0116,100014,0,1.44871,8.00116,0,9.44987,0,0,9.44987,14.2327,2,5,0,1,1.1,0,0,3,2,0,-0.910476,-2.15397,-0.910476,-2.15397,-3.24653,-4.4903,-3.24653,-4.4903,-6.28321,-7.52736,-6.28321,-7.52736
latency_outage,volatile_deep,100000,hybrid|lat40ms,40,0,True,"coinbase>=1,000,000",prints+quotes,9000008,10,0.172463,2.33377e+06,2.57724,8.43333,14.2327,hybrid,BTC-USD,sell,1.15897,100000,86283.8,0.623524,2.51244e+06,1.15897,1,1,86286.5,-0.310603,8,80.0025,100003,0,-0.310603,8.00025,-0,7.68965,0,0,7.68965,-14.2327,1,5,0,0,0.5,0,0,2,3,0,0.50005,0.0105807,0.50005,0.0105807,0.954225,0.464729,0.954225,0.464729,6.13164,5.64193,6.13164,5.64193
latency_outage,volatile_deep,100000,hybrid|lat5ms,5,0,True,"coinbase>=1,000,000",prints+quotes,9000008,10,0.172463,2.33377e+06,2.57724,8.43333,14.2327,hybrid,BTC-USD,buy,1.15897,100000,86283.8,0.623524,2.21982e+06,1.15897,1,1,86296.3,1.44871,8,80.0116,100014,0,1.44871,8.00116,0,9.44987,0,0,9.44987,14.2327,2,5,0,1,1.1,0,0,3,2,0,-0.910476,-2.15397,-0.910476,-2.15397,-3.24653,-4.4903,-3.24653,-4.4903,-6.28321,-7.52736,-6.28321,-7.52736
latency_outage,volatile_deep,100000,hybrid|lat5ms,5,0,True,"coinbase>=1,000,000",prints+quotes,9000008,10,0.172463,2.33377e+06,2.57724,8.43333,14.2327,hybrid,BTC-USD,sell,1.15897,100000,86283.8,0.623524,2.51244e+06,1.15897,1,1,86286.5,-0.310603,8,80.0025,100003,0,-0.310603,8.00025,-0,7.68965,0,0,7.68965,-14.2327,1,5,0,0,0.5,0,0,2,3,0,0.50005,0.0105807,0.50005,0.0105807,0.954225,0.464729,0.954225,0.464729,6.13164,5.64193,6.13164,5.64193
latency_outage,volatile_deep,100000,hybrid|outage|cod,40,3,True,"coinbase>=1,000,000",prints+quotes,9000008,10,0.172463,2.33377e+06,2.57724,8.43333,14.2327,hybrid,BTC-USD,buy,1.15897,100000,86283.8,0.623524,2.21982e+06,1.15897,1,1,86296.3,1.44871,8,80.0116,100014,0,1.44871,8.00116,0,9.44987,0,0,9.44987,14.2327,2,5,0,1,1.1,9.96861,0,3,2,0,-0.910476,-2.15397,-0.910476,-2.15397,-3.24653,-4.4903,-3.24653,-4.4903,-6.28321,-7.52736,-6.28321,-7.52736
latency_outage,volatile_deep,100000,hybrid|outage|cod,40,3,True,"coinbase>=1,000,000",prints+quotes,9000008,10,0.172463,2.33377e+06,2.57724,8.43333,14.2327,hybrid,BTC-USD,sell,1.15897,100000,86283.8,0.623524,2.51244e+06,1.15897,1,1,86286.5,-0.310603,8,80.0025,100003,0,-0.310603,8.00025,-0,7.68965,0,0,7.68965,-14.2327,1,5,0,0,0.5,9.96861,0,2,3,0,0.50005,0.0105807,0.50005,0.0105807,0.954225,0.464729,0.954225,0.464729,6.13164,5.64193,6.13164,5.64193
latency_outage,volatile_deep,100000,hybrid|outage|no-cod,40,3,False,"coinbase>=1,000,000",prints+quotes,9000008,10,0.172463,2.33377e+06,2.57724,8.43333,14.2327,hybrid,BTC-USD,buy,1.15897,100000,86283.8,0.623524,2.21982e+06,1.15897,1,1,86296.3,1.44871,8,80.0116,100014,0,1.44871,8.00116,0,9.44987,0,0,9.44987,14.2327,2,5,0,1,1.1,9.96861,0,3,2,0,-0.910476,-2.15397,-0.910476,-2.15397,-3.24653,-4.4903,-3.24653,-4.4903,-6.28321,-7.52736,-6.28321,-7.52736
latency_outage,volatile_deep,100000,hybrid|outage|no-cod,40,3,False,"coinbase>=1,000,000",prints+quotes,9000008,10,0.172463,2.33377e+06,2.57724,8.43333,14.2327,hybrid,BTC-USD,sell,1.15897,100000,86283.8,0.623524,2.51244e+06,1.15897,1,1,86286.5,-0.310603,8,80.0025,100003,0,-0.310603,8.00025,-0,7.68965,0,0,7.68965,-14.2327,1,5,0,0,0.5,9.96861,0,2,3,0,0.50005,0.0105807,0.50005,0.0105807,0.954225,0.464729,0.954225,0.464729,6.13164,5.64193,6.13164,5.64193
latency_outage,volatile_deep,100000,hybrid|prints-only,40,0,True,"coinbase>=1,000,000",prints-only,9000008,10,0.172463,2.33377e+06,2.57724,8.43333,14.2327,hybrid,BTC-USD,buy,1.15897,100000,86283.8,0.623524,2.21982e+06,1.15897,1,1,86337.1,6.17854,8,80.0494,100062,0,6.17854,8.00494,0,14.1835,0,0,14.1835,14.2327,52,75,0,51,33.611,0,0,75,0,0,3.0783,3.16475,3.0783,3.16475,5.52139,5.60785,5.52139,5.60785,-4.67826,-4.59168,-4.67826,-4.59168
latency_outage,volatile_deep,100000,hybrid|prints-only,40,0,True,"coinbase>=1,000,000",prints-only,9000008,10,0.172463,2.33377e+06,2.57724,8.43333,14.2327,hybrid,BTC-USD,sell,1.15897,100000,86283.8,0.623524,2.51244e+06,1.15897,1,1,86302.7,-2.18922,8,80.0175,100022,0,-2.18922,8.00175,-0,5.81253,0,0,5.81253,-14.2327,42,69,0,41,26.511,0,0,69,0,0,1.45465,0.814172,1.45465,0.814172,4.02652,3.38588,4.02652,3.38588,-6.11531,-6.75531,-6.11531,-6.75531
latency_outage,volatile_deep,100000,passive|lat250ms,250,0,True,"coinbase>=1,000,000",prints+quotes,9000008,10,0.172463,2.33377e+06,2.57724,8.43333,14.2327,passive,BTC-USD,buy,1.15897,100000,86283.8,0.623524,2.21982e+06,1.15897,1,1,86306,2.56737,8,80.0205,100026,0,2.56737,8.00205,1.22805e-07,10.5694,8.75e-10,0.000864075,10.5694,14.2327,7,3,3,4,4.1,0,0,1,2,0,0.270853,-0.159969,0.270853,-0.159969,0.696692,0.265881,0.696692,0.265881,-4.70542,-5.13646,-4.70542,-5.13646
latency_outage,volatile_deep,100000,passive|lat250ms,250,0,True,"coinbase>=1,000,000",prints+quotes,9000008,10,0.172463,2.33377e+06,2.57724,8.43333,14.2327,passive,BTC-USD,sell,1.15897,100000,86283.8,0.623524,2.51244e+06,1.15897,1,1,86303,-2.22209,8,80.0178,100022,0,-2.22209,8.00178,-0,5.77969,0,0,5.77969,-14.2327,5,5,2,2,2.3,0,0,3,2,0,1.05463,0.199494,1.05463,0.199494,-0.592844,-1.44784,-0.592844,-1.44784,5.24938,4.39388,5.24938,4.39388
latency_outage,volatile_deep,100000,passive|lat40ms,40,0,True,"coinbase>=1,000,000",prints+quotes,9000008,10,0.172463,2.33377e+06,2.57724,8.43333,14.2327,passive,BTC-USD,buy,1.15897,100000,86283.8,0.623524,2.21982e+06,1.15897,1,1,86296.3,1.44871,8,80.0116,100014,0,1.44871,8.00116,0,9.44987,0,0,9.44987,14.2327,2,5,0,1,1.1,0,0,3,2,0,-0.910476,-2.15397,-0.910476,-2.15397,-3.24653,-4.4903,-3.24653,-4.4903,-6.28321,-7.52736,-6.28321,-7.52736
latency_outage,volatile_deep,100000,passive|lat40ms,40,0,True,"coinbase>=1,000,000",prints+quotes,9000008,10,0.172463,2.33377e+06,2.57724,8.43333,14.2327,passive,BTC-USD,sell,1.15897,100000,86283.8,0.623524,2.51244e+06,1.15897,1,1,86286.5,-0.310603,8,80.0025,100003,0,-0.310603,8.00025,-0,7.68965,0,0,7.68965,-14.2327,1,5,0,0,0.5,0,0,2,3,0,0.50005,0.0105807,0.50005,0.0105807,0.954225,0.464729,0.954225,0.464729,6.13164,5.64193,6.13164,5.64193
latency_outage,volatile_deep,100000,passive|lat5ms,5,0,True,"coinbase>=1,000,000",prints+quotes,9000008,10,0.172463,2.33377e+06,2.57724,8.43333,14.2327,passive,BTC-USD,buy,1.15897,100000,86283.8,0.623524,2.21982e+06,1.15897,1,1,86296.3,1.44871,8,80.0116,100014,0,1.44871,8.00116,0,9.44987,0,0,9.44987,14.2327,2,5,0,1,1.1,0,0,3,2,0,-0.910476,-2.15397,-0.910476,-2.15397,-3.24653,-4.4903,-3.24653,-4.4903,-6.28321,-7.52736,-6.28321,-7.52736
latency_outage,volatile_deep,100000,passive|lat5ms,5,0,True,"coinbase>=1,000,000",prints+quotes,9000008,10,0.172463,2.33377e+06,2.57724,8.43333,14.2327,passive,BTC-USD,sell,1.15897,100000,86283.8,0.623524,2.51244e+06,1.15897,1,1,86286.5,-0.310603,8,80.0025,100003,0,-0.310603,8.00025,-0,7.68965,0,0,7.68965,-14.2327,1,5,0,0,0.5,0,0,2,3,0,0.50005,0.0105807,0.50005,0.0105807,0.954225,0.464729,0.954225,0.464729,6.13164,5.64193,6.13164,5.64193
latency_outage,volatile_deep,100000,passive|outage|cod,40,3,True,"coinbase>=1,000,000",prints+quotes,9000008,10,0.172463,2.33377e+06,2.57724,8.43333,14.2327,passive,BTC-USD,buy,1.15897,100000,86283.8,0.623524,2.21982e+06,1.15897,1,1,86296.3,1.44871,8,80.0116,100014,0,1.44871,8.00116,0,9.44987,0,0,9.44987,14.2327,2,5,0,1,1.1,9.96861,0,3,2,0,-0.910476,-2.15397,-0.910476,-2.15397,-3.24653,-4.4903,-3.24653,-4.4903,-6.28321,-7.52736,-6.28321,-7.52736
latency_outage,volatile_deep,100000,passive|outage|cod,40,3,True,"coinbase>=1,000,000",prints+quotes,9000008,10,0.172463,2.33377e+06,2.57724,8.43333,14.2327,passive,BTC-USD,sell,1.15897,100000,86283.8,0.623524,2.51244e+06,1.15897,1,1,86286.5,-0.310603,8,80.0025,100003,0,-0.310603,8.00025,-0,7.68965,0,0,7.68965,-14.2327,1,5,0,0,0.5,9.96861,0,2,3,0,0.50005,0.0105807,0.50005,0.0105807,0.954225,0.464729,0.954225,0.464729,6.13164,5.64193,6.13164,5.64193
latency_outage,volatile_deep,100000,passive|outage|no-cod,40,3,False,"coinbase>=1,000,000",prints+quotes,9000008,10,0.172463,2.33377e+06,2.57724,8.43333,14.2327,passive,BTC-USD,buy,1.15897,100000,86283.8,0.623524,2.21982e+06,1.15897,1,1,86296.3,1.44871,8,80.0116,100014,0,1.44871,8.00116,0,9.44987,0,0,9.44987,14.2327,2,5,0,1,1.1,9.96861,0,3,2,0,-0.910476,-2.15397,-0.910476,-2.15397,-3.24653,-4.4903,-3.24653,-4.4903,-6.28321,-7.52736,-6.28321,-7.52736
latency_outage,volatile_deep,100000,passive|outage|no-cod,40,3,False,"coinbase>=1,000,000",prints+quotes,9000008,10,0.172463,2.33377e+06,2.57724,8.43333,14.2327,passive,BTC-USD,sell,1.15897,100000,86283.8,0.623524,2.51244e+06,1.15897,1,1,86286.5,-0.310603,8,80.0025,100003,0,-0.310603,8.00025,-0,7.68965,0,0,7.68965,-14.2327,1,5,0,0,0.5,9.96861,0,2,3,0,0.50005,0.0105807,0.50005,0.0105807,0.954225,0.464729,0.954225,0.464729,6.13164,5.64193,6.13164,5.64193
latency_outage,volatile_deep,100000,passive|prints-only,40,0,True,"coinbase>=1,000,000",prints-only,9000008,10,0.172463,2.33377e+06,2.57724,8.43333,14.2327,passive,BTC-USD,buy,1.15897,100000,86283.8,0.623524,2.21982e+06,1.15897,1,1,86337.1,6.17854,8,80.0494,100062,0,6.17854,8.00494,0,14.1835,0,0,14.1835,14.2327,52,75,0,51,33.611,0,0,75,0,0,3.0783,3.16475,3.0783,3.16475,5.52139,5.60785,5.52139,5.60785,-4.67826,-4.59168,-4.67826,-4.59168
latency_outage,volatile_deep,100000,passive|prints-only,40,0,True,"coinbase>=1,000,000",prints-only,9000008,10,0.172463,2.33377e+06,2.57724,8.43333,14.2327,passive,BTC-USD,sell,1.15897,100000,86283.8,0.623524,2.51244e+06,1.15897,1,1,86302.7,-2.18922,8,80.0175,100022,0,-2.18922,8.00175,-0,5.81253,0,0,5.81253,-14.2327,42,69,0,41,26.511,0,0,69,0,0,1.45465,0.814172,1.45465,0.814172,4.02652,3.38588,4.02652,3.38588,-6.11531,-6.75531,-6.11531,-6.75531
latency_outage,volatile_deep,100000,aggressive|lat250ms,250,0,True,"coinbase>=1,000,000",prints+quotes,9000009,10,0.169699,2.33182e+06,2.58807,7.38333,-12.1552,aggressive,BTC-USD,buy,1.15891,100000,86288.1,0.00231782,2.27056e+06,1.15891,1,0,86303,1.72815,18,180.031,0,100017,1.72815,18.0031,-0,19.7313,0,0,19.7313,-12.1552,1,3,0,0,0.275383,0,0,0,0,0,-1.37054,-1.49591,,,-2.07445,-2.19983,,,-2.34501,-2.4704,,
latency_outage,volatile_deep,100000,aggressive|lat250ms,250,0,True,"coinbase>=1,000,000",prints+quotes,9000009,10,0.169699,2.33182e+06,2.58807,7.38333,-12.1552,aggressive,BTC-USD,sell,1.15891,100000,86288.1,0.00231782,2.04385e+06,1.15891,1,0,86299.5,-1.32032,18,180.024,0,100013,-1.32032,18.0024,0,16.6821,0,0,16.6821,12.1552,1,6,0,0,0.275383,0,0,0,0,0,1.77837,1.49591,,,2.48231,2.19983,,,2.75288,2.4704,,
latency_outage,volatile_deep,100000,aggressive|lat40ms,40,0,True,"coinbase>=1,000,000",prints+quotes,9000009,10,0.169699,2.33182e+06,2.58807,7.38333,-12.1552,aggressive,BTC-USD,buy,1.15891,100000,86288.1,0.00231782,2.27056e+06,1.15891,1,0,86289.4,0.146126,18,180.003,0,100001,0.146126,18.0003,-0,18.1464,0,0,18.1464,-12.1552,1,7,0,0,0.0440613,0,0,0,0,0,-4.17538,-4.32157,,,-3.81323,-3.95941,,,-3.91405,-4.06023,,
latency_outage,volatile_deep,100000,aggressive|lat40ms,40,0,True,"coinbase>=1,000,000",prints+quotes,9000009,10,0.169699,2.33182e+06,2.58807,7.38333,-12.1552,aggressive,BTC-USD,sell,1.15891,100000,86288.1,0.00231782,2.04385e+06,1.15891,1,0,86285.7,0.283999,18,179.995,0,99997.2,0.283999,17.9995,0,18.2835,0,0,18.2835,12.1552,1,5,0,0,0.0440613,0,0,0,0,0,4.6057,4.32157,,,4.24353,3.95941,,,4.34436,4.06023,,
latency_outage,volatile_deep,100000,aggressive|lat5ms,5,0,True,"coinbase>=1,000,000",prints+quotes,9000009,10,0.169699,2.33182e+06,2.58807,7.38333,-12.1552,aggressive,BTC-USD,buy,1.15891,100000,86288.1,0.00231782,2.27056e+06,1.15891,1,0,86289.4,0.146126,18,180.003,0,100001,0.146126,18.0003,-0,18.1464,0,0,18.1464,-12.1552,1,7,0,0,0.00550767,0,0,0,0,0,-4.17538,-4.32157,,,-3.81323,-3.95941,,,-3.91405,-4.06023,,
latency_outage,volatile_deep,100000,aggressive|lat5ms,5,0,True,"coinbase>=1,000,000",prints+quotes,9000009,10,0.169699,2.33182e+06,2.58807,7.38333,-12.1552,aggressive,BTC-USD,sell,1.15891,100000,86288.1,0.00231782,2.04385e+06,1.15891,1,0,86285.7,0.283999,18,179.995,0,99997.2,0.283999,17.9995,0,18.2835,0,0,18.2835,12.1552,1,5,0,0,0.00550767,0,0,0,0,0,4.6057,4.32157,,,4.24353,3.95941,,,4.34436,4.06023,,
latency_outage,volatile_deep,100000,aggressive|outage|cod,40,3,True,"coinbase>=1,000,000",prints+quotes,9000009,10,0.169699,2.33182e+06,2.58807,7.38333,-12.1552,aggressive,BTC-USD,buy,1.15891,100000,86288.1,0.00231782,2.27056e+06,1.15891,1,0,86289.4,0.146126,18,180.003,0,100001,0.146126,18.0003,-0,18.1464,0,0,18.1464,-12.1552,1,7,0,0,0.0440613,3.08164,0,0,0,0,-4.17538,-4.32157,,,-3.81323,-3.95941,,,-3.91405,-4.06023,,
latency_outage,volatile_deep,100000,aggressive|outage|cod,40,3,True,"coinbase>=1,000,000",prints+quotes,9000009,10,0.169699,2.33182e+06,2.58807,7.38333,-12.1552,aggressive,BTC-USD,sell,1.15891,100000,86288.1,0.00231782,2.04385e+06,1.15891,1,0,86285.7,0.283999,18,179.995,0,99997.2,0.283999,17.9995,0,18.2835,0,0,18.2835,12.1552,1,5,0,0,0.0440613,3.08164,0,0,0,0,4.6057,4.32157,,,4.24353,3.95941,,,4.34436,4.06023,,
latency_outage,volatile_deep,100000,aggressive|outage|no-cod,40,3,False,"coinbase>=1,000,000",prints+quotes,9000009,10,0.169699,2.33182e+06,2.58807,7.38333,-12.1552,aggressive,BTC-USD,buy,1.15891,100000,86288.1,0.00231782,2.27056e+06,1.15891,1,0,86289.4,0.146126,18,180.003,0,100001,0.146126,18.0003,-0,18.1464,0,0,18.1464,-12.1552,1,7,0,0,0.0440613,3.08164,0,0,0,0,-4.17538,-4.32157,,,-3.81323,-3.95941,,,-3.91405,-4.06023,,
latency_outage,volatile_deep,100000,aggressive|outage|no-cod,40,3,False,"coinbase>=1,000,000",prints+quotes,9000009,10,0.169699,2.33182e+06,2.58807,7.38333,-12.1552,aggressive,BTC-USD,sell,1.15891,100000,86288.1,0.00231782,2.04385e+06,1.15891,1,0,86285.7,0.283999,18,179.995,0,99997.2,0.283999,17.9995,0,18.2835,0,0,18.2835,12.1552,1,5,0,0,0.0440613,3.08164,0,0,0,0,4.6057,4.32157,,,4.24353,3.95941,,,4.34436,4.06023,,
latency_outage,volatile_deep,100000,aggressive|prints-only,40,0,True,"coinbase>=1,000,000",prints-only,9000009,10,0.169699,2.33182e+06,2.58807,7.38333,-12.1552,aggressive,BTC-USD,buy,1.15891,100000,86288.1,0.00231782,2.27056e+06,1.15891,1,0,86289.4,0.146126,18,180.003,0,100001,0.146126,18.0003,-0,18.1464,0,0,18.1464,-12.1552,1,7,0,0,0.0440613,0,0,0,0,0,-4.17538,-4.32157,,,-3.81323,-3.95941,,,-3.91405,-4.06023,,
latency_outage,volatile_deep,100000,aggressive|prints-only,40,0,True,"coinbase>=1,000,000",prints-only,9000009,10,0.169699,2.33182e+06,2.58807,7.38333,-12.1552,aggressive,BTC-USD,sell,1.15891,100000,86288.1,0.00231782,2.04385e+06,1.15891,1,0,86285.7,0.283999,18,179.995,0,99997.2,0.283999,17.9995,0,18.2835,0,0,18.2835,12.1552,1,5,0,0,0.0440613,0,0,0,0,0,4.6057,4.32157,,,4.24353,3.95941,,,4.34436,4.06023,,
latency_outage,volatile_deep,100000,hybrid|lat250ms,250,0,True,"coinbase>=1,000,000",prints+quotes,9000009,10,0.169699,2.33182e+06,2.58807,7.38333,-12.1552,hybrid,BTC-USD,buy,1.15891,100000,86288.1,0.00231782,2.27056e+06,1.15891,1,1,86317.6,3.41878,8,80.0273,100034,0,3.41878,8.00274,-0,11.4215,0,0,11.4215,-12.1552,2,3,0,1,1.3,0,0,1,2,0,-0.109493,-0.489079,-0.109493,-0.489079,-0.864785,-1.2444,-0.864785,-1.2444,-2.34152,-2.7212,-2.34152,-2.7212
latency_outage,volatile_deep,100000,hybrid|lat250ms,250,0,True,"coinbase>=1,000,000",prints+quotes,9000009,10,0.169699,2.33182e+06,2.58807,7.38333,-12.1552,hybrid,BTC-USD,sell,1.15891,100000,86288.1,0.00231782,2.04385e+06,1.15891,1,1,86302.6,-1.67462,8,80.0134,100017,0,-1.67462,8.00134,0,6.32672,0,0,6.32672,12.1552,2,4,1,1,0.9,0,0,1,3,0,3.08519,1.22959,3.08519,1.22959,1.74647,-0.108883,1.74647,-0.108883,3.13538,1.27978,3.13538,1.27978
latency_outage,volatile_deep,100000,hybrid|lat40ms,40,0,True,"coinbase>=1,000,000",prints+quotes,9000009,10,0.169699,2.33182e+06,2.58807,7.38333,-12.1552,hybrid,BTC-USD,buy,1.15891,100000,86288.1,0.00231782,2.27056e+06,1.15891,1,1,86323.5,4.095,8,80.0328,100041,0,4.095,8.00328,-0,12.0983,0,0,12.0983,-12.1552,4,2,0,3,2,0,0,0,2,0,0.887121,0.513428,0.887121,0.513428,-0.0393231,-0.413049,-0.0393231,-0.413049,-2.7421,-3.11594,-2.7421,-3.11594
latency_outage,volatile_deep,100000,hybrid|lat40ms,40,0,True,"coinbase>=1,000,000",prints+quotes,9000009,10,0.169699,2.33182e+06,2.58807,7.38333,-12.1552,hybrid,BTC-USD,sell,1.15891,100000,86288.1,0.00231782,2.04385e+06,1.15891,1,1,86288.1,-0.00115891,8,80,100000,0,-0.00115891,8,0,7.99884,0,0,7.99884,12.1552,1,2,0,0,0.2,0,0,0,2,0,3.90483,2.34149,3.90483,2.34149,3.87233,2.309,3.87233,2.309,4.13549,2.57212,4.13549,2.57212
latency_outage,volatile_deep,100000,hybrid|lat5ms,5,0,True,"coinbase>=1,000,000",prints+quotes,9000009,10,0.169699,2.33182e+06,2.58807,7.38333,-12.1552,hybrid,BTC-USD,buy,1.15891,100000,86288.1,0.00231782,2.27056e+06,1.15891,1,1,86323.4,4.09344,8,80.0327,100041,0,4.09344,8.00327,-0,12.0967,0,0,12.0967,-12.1552,4,3,0,3,2,0,0,1,2,0,0.885069,0.511887,0.885069,0.511887,-0.0411143,-0.414328,-0.0411143,-0.414328,-2.74201,-3.11534,-2.74201,-3.11534
latency_outage,volatile_deep,100000,hybrid|lat5ms,5,0,True,"coinbase>=1,000,000",prints+quotes,9000009,10,0.169699,2.33182e+06,2.58807,7.38333,-12.1552,hybrid,BTC-USD,sell,1.15891,100000,86288.1,0.00231782,2.04385e+06,1.15891,1,1,86288.1,-0.00115891,8,80,100000,0,-0.00115891,8,0,7.99884,0,0,7.99884,12.1552,1,2,0,0,0.2,0,0,0,2,0,3.90483,2.34149,3.90483,2.34149,3.87233,2.309,3.87233,2.309,4.13549,2.57212,4.13549,2.57212
latency_outage,volatile_deep,100000,hybrid|outage|cod,40,3,True,"coinbase>=1,000,000",prints+quotes,9000009,10,0.169699,2.33182e+06,2.58807,7.38333,-12.1552,hybrid,BTC-USD,buy,1.15891,100000,86288.1,0.00231782,2.27056e+06,1.15891,1,1,86323.5,4.095,8,80.0328,100041,0,4.095,8.00328,-0,12.0983,0,0,12.0983,-12.1552,4,2,0,3,2,3.08164,0,0,2,0,0.887121,0.513428,0.887121,0.513428,-0.0393231,-0.413049,-0.0393231,-0.413049,-2.7421,-3.11594,-2.7421,-3.11594
latency_outage,volatile_deep,100000,hybrid|outage|cod,40,3,True,"coinbase>=1,000,000",prints+quotes,9000009,10,0.169699,2.33182e+06,2.58807,7.38333,-12.1552,hybrid,BTC-USD,sell,1.15891,100000,86288.1,0.00231782,2.04385e+06,1.15891,1,1,86288.1,-0.00115891,8,80,100000,0,-0.00115891,8,0,7.99884,0,0,7.99884,12.1552,1,2,0,0,0.2,3.08164,0,0,2,0,3.90483,2.34149,3.90483,2.34149,3.87233,2.309,3.87233,2.309,4.13549,2.57212,4.13549,2.57212
latency_outage,volatile_deep,100000,hybrid|outage|no-cod,40,3,False,"coinbase>=1,000,000",prints+quotes,9000009,10,0.169699,2.33182e+06,2.58807,7.38333,-12.1552,hybrid,BTC-USD,buy,1.15891,100000,86288.1,0.00231782,2.27056e+06,1.15891,1,1,86323.5,4.095,8,80.0328,100041,0,4.095,8.00328,-0,12.0983,0,0,12.0983,-12.1552,4,2,0,3,2,3.08164,0,0,2,0,0.887121,0.513428,0.887121,0.513428,-0.0393231,-0.413049,-0.0393231,-0.413049,-2.7421,-3.11594,-2.7421,-3.11594
latency_outage,volatile_deep,100000,hybrid|outage|no-cod,40,3,False,"coinbase>=1,000,000",prints+quotes,9000009,10,0.169699,2.33182e+06,2.58807,7.38333,-12.1552,hybrid,BTC-USD,sell,1.15891,100000,86288.1,0.00231782,2.04385e+06,1.15891,1,1,86288.1,-0.00115891,8,80,100000,0,-0.00115891,8,0,7.99884,0,0,7.99884,12.1552,1,2,0,0,0.2,3.08164,0,0,2,0,3.90483,2.34149,3.90483,2.34149,3.87233,2.309,3.87233,2.309,4.13549,2.57212,4.13549,2.57212
latency_outage,volatile_deep,100000,hybrid|prints-only,40,0,True,"coinbase>=1,000,000",prints-only,9000009,10,0.169699,2.33182e+06,2.58807,7.38333,-12.1552,hybrid,BTC-USD,buy,1.15891,100000,86288.1,0.00231782,2.27056e+06,1.15891,1,1,86312.5,2.82285,8,80.0226,100028,0,2.82285,8.00226,-0,10.8251,0,0,10.8251,-12.1552,22,18,0,21,13.41,0,0,18,0,0,0.312821,0.01245,0.312821,0.01245,-3.69435,-3.99483,-3.69435,-3.99483,-9.74359,-10.0441,-9.74359,-10.0441
latency_outage,volatile_deep,100000,hybrid|prints-only,40,0,True,"coinbase>=1,000,000",prints-only,9000009,10,0.169699,2.33182e+06,2.58807,7.38333,-12.1552,hybrid,BTC-USD,sell,1.15891,100000,86288.1,0.00231782,2.04385e+06,1.15891,1,1,86367.5,-9.20055,8,80.0736,100092,0,-9.20055,8.00736,0,-1.19319,0,0,-1.19319,12.1552,53,85,0,52,33.7105,0,0,85,0,0,2.3703,2.23519,2.3703,2.23519,2.36783,2.23278,2.36783,2.23278,-13.6203,-13.7556,-13.6203,-13.7556
latency_outage,volatile_deep,100000,passive|lat250ms,250,0,True,"coinbase>=1,000,000",prints+quotes,9000009,10,0.169699,2.33182e+06,2.58807,7.38333,-12.1552,passive,BTC-USD,buy,1.15891,100000,86288.1,0.00231782,2.27056e+06,1.15891,1,1,86317.6,3.41878,8,80.0273,100034,0,3.41878,8.00274,-0,11.4215,0,0,11.4215,-12.1552,2,3,0,1,1.3,0,0,1,2,0,-0.109493,-0.489079,-0.109493,-0.489079,-0.864785,-1.2444,-0.864785,-1.2444,-2.34152,-2.7212,-2.34152,-2.7212
latency_outage,volatile_deep,100000,passive|lat250ms,250,0,True,"coinbase>=1,000,000",prints+quotes,9000009,10,0.169699,2.33182e+06,2.58807,7.38333,-12.1552,passive,BTC-USD,sell,1.15891,100000,86288.1,0.00231782,2.04385e+06,1.15891,1,1,86302.6,-1.67462,8,80.0134,100017,0,-1.67462,8.00134,0,6.32672,0,0,6.32672,12.1552,2,4,1,1,0.9,0,0,1,3,0,3.08519,1.22959,3.08519,1.22959,1.74647,-0.108883,1.74647,-0.108883,3.13538,1.27978,3.13538,1.27978
latency_outage,volatile_deep,100000,passive|lat40ms,40,0,True,"coinbase>=1,000,000",prints+quotes,9000009,10,0.169699,2.33182e+06,2.58807,7.38333,-12.1552,passive,BTC-USD,buy,1.15891,100000,86288.1,0.00231782,2.27056e+06,1.15891,1,1,86323.5,4.095,8,80.0328,100041,0,4.095,8.00328,-0,12.0983,0,0,12.0983,-12.1552,4,2,0,3,2,0,0,0,2,0,0.887121,0.513428,0.887121,0.513428,-0.0393231,-0.413049,-0.0393231,-0.413049,-2.7421,-3.11594,-2.7421,-3.11594
latency_outage,volatile_deep,100000,passive|lat40ms,40,0,True,"coinbase>=1,000,000",prints+quotes,9000009,10,0.169699,2.33182e+06,2.58807,7.38333,-12.1552,passive,BTC-USD,sell,1.15891,100000,86288.1,0.00231782,2.04385e+06,1.15891,1,1,86288.1,-0.00115891,8,80,100000,0,-0.00115891,8,0,7.99884,0,0,7.99884,12.1552,1,2,0,0,0.2,0,0,0,2,0,3.90483,2.34149,3.90483,2.34149,3.87233,2.309,3.87233,2.309,4.13549,2.57212,4.13549,2.57212
latency_outage,volatile_deep,100000,passive|lat5ms,5,0,True,"coinbase>=1,000,000",prints+quotes,9000009,10,0.169699,2.33182e+06,2.58807,7.38333,-12.1552,passive,BTC-USD,buy,1.15891,100000,86288.1,0.00231782,2.27056e+06,1.15891,1,1,86323.4,4.09344,8,80.0327,100041,0,4.09344,8.00327,-0,12.0967,0,0,12.0967,-12.1552,4,3,0,3,2,0,0,1,2,0,0.885069,0.511887,0.885069,0.511887,-0.0411143,-0.414328,-0.0411143,-0.414328,-2.74201,-3.11534,-2.74201,-3.11534
latency_outage,volatile_deep,100000,passive|lat5ms,5,0,True,"coinbase>=1,000,000",prints+quotes,9000009,10,0.169699,2.33182e+06,2.58807,7.38333,-12.1552,passive,BTC-USD,sell,1.15891,100000,86288.1,0.00231782,2.04385e+06,1.15891,1,1,86288.1,-0.00115891,8,80,100000,0,-0.00115891,8,0,7.99884,0,0,7.99884,12.1552,1,2,0,0,0.2,0,0,0,2,0,3.90483,2.34149,3.90483,2.34149,3.87233,2.309,3.87233,2.309,4.13549,2.57212,4.13549,2.57212
latency_outage,volatile_deep,100000,passive|outage|cod,40,3,True,"coinbase>=1,000,000",prints+quotes,9000009,10,0.169699,2.33182e+06,2.58807,7.38333,-12.1552,passive,BTC-USD,buy,1.15891,100000,86288.1,0.00231782,2.27056e+06,1.15891,1,1,86323.5,4.095,8,80.0328,100041,0,4.095,8.00328,-0,12.0983,0,0,12.0983,-12.1552,4,2,0,3,2,3.08164,0,0,2,0,0.887121,0.513428,0.887121,0.513428,-0.0393231,-0.413049,-0.0393231,-0.413049,-2.7421,-3.11594,-2.7421,-3.11594
latency_outage,volatile_deep,100000,passive|outage|cod,40,3,True,"coinbase>=1,000,000",prints+quotes,9000009,10,0.169699,2.33182e+06,2.58807,7.38333,-12.1552,passive,BTC-USD,sell,1.15891,100000,86288.1,0.00231782,2.04385e+06,1.15891,1,1,86288.1,-0.00115891,8,80,100000,0,-0.00115891,8,0,7.99884,0,0,7.99884,12.1552,1,2,0,0,0.2,3.08164,0,0,2,0,3.90483,2.34149,3.90483,2.34149,3.87233,2.309,3.87233,2.309,4.13549,2.57212,4.13549,2.57212
latency_outage,volatile_deep,100000,passive|outage|no-cod,40,3,False,"coinbase>=1,000,000",prints+quotes,9000009,10,0.169699,2.33182e+06,2.58807,7.38333,-12.1552,passive,BTC-USD,buy,1.15891,100000,86288.1,0.00231782,2.27056e+06,1.15891,1,1,86323.5,4.095,8,80.0328,100041,0,4.095,8.00328,-0,12.0983,0,0,12.0983,-12.1552,4,2,0,3,2,3.08164,0,0,2,0,0.887121,0.513428,0.887121,0.513428,-0.0393231,-0.413049,-0.0393231,-0.413049,-2.7421,-3.11594,-2.7421,-3.11594
latency_outage,volatile_deep,100000,passive|outage|no-cod,40,3,False,"coinbase>=1,000,000",prints+quotes,9000009,10,0.169699,2.33182e+06,2.58807,7.38333,-12.1552,passive,BTC-USD,sell,1.15891,100000,86288.1,0.00231782,2.04385e+06,1.15891,1,1,86288.1,-0.00115891,8,80,100000,0,-0.00115891,8,0,7.99884,0,0,7.99884,12.1552,1,2,0,0,0.2,3.08164,0,0,2,0,3.90483,2.34149,3.90483,2.34149,3.87233,2.309,3.87233,2.309,4.13549,2.57212,4.13549,2.57212
latency_outage,volatile_deep,100000,passive|prints-only,40,0,True,"coinbase>=1,000,000",prints-only,9000009,10,0.169699,2.33182e+06,2.58807,7.38333,-12.1552,passive,BTC-USD,buy,1.15891,100000,86288.1,0.00231782,2.27056e+06,1.15891,1,1,86312.5,2.82285,8,80.0226,100028,0,2.82285,8.00226,-0,10.8251,0,0,10.8251,-12.1552,22,18,0,21,13.41,0,0,18,0,0,0.312821,0.01245,0.312821,0.01245,-3.69435,-3.99483,-3.69435,-3.99483,-9.74359,-10.0441,-9.74359,-10.0441
latency_outage,volatile_deep,100000,passive|prints-only,40,0,True,"coinbase>=1,000,000",prints-only,9000009,10,0.169699,2.33182e+06,2.58807,7.38333,-12.1552,passive,BTC-USD,sell,1.15891,100000,86288.1,0.00231782,2.04385e+06,1.15891,1,1,86367.5,-9.20055,8,80.0736,100092,0,-9.20055,8.00736,0,-1.19319,0,0,-1.19319,12.1552,53,85,0,52,33.7105,0,0,85,0,0,2.3703,2.23519,2.3703,2.23519,2.36783,2.23278,2.36783,2.23278,-13.6203,-13.7556,-13.6203,-13.7556
latency_outage,volatile_deep,100000,aggressive|lat250ms,250,0,True,"coinbase>=1,000,000",prints+quotes,9000010,10,0.170035,2.35885e+06,3.08275,7.93333,14.99,aggressive,BTC-USD,buy,1.15829,100000,86334.4,0.0196909,2.29032e+06,1.15829,1,0,86344.4,1.16144,18,180.021,0,100012,1.16144,18.0021,0,19.1635,0,0,19.1635,14.99,1,6,0,0,0.169238,0,0,0,0,0,0.704992,0.636988,,,1.214,1.146,,,-14.318,-14.3861,,
latency_outage,volatile_deep,100000,aggressive|lat250ms,250,0,True,"coinbase>=1,000,000",prints+quotes,9000010,10,0.170035,2.35885e+06,3.08275,7.93333,14.99,aggressive,BTC-USD,sell,1.15829,100000,86334.4,0.0196909,2.46733e+06,1.15829,1,0,86334.6,-0.023923,18,180,0,100000,-0.023923,18,2.87359e-15,17.9761,0,0,17.9761,-14.99,1,6,0,0,0.169238,0,0,0,0,0,0.43249,-0.636988,,,-0.0765761,-1.146,,,15.4572,14.3861,,
latency_outage,volatile_deep,100000,aggressive|lat40ms,40,0,True,"coinbase>=1,000,000",prints+quotes,9000010,10,0.170035,2.35885e+06,3.08275,7.93333,14.99,aggressive,BTC-USD,buy,1.15829,100000,86334.4,0.0196909,2.29032e+06,1.15829,1,0,86335.1,0.0797421,18,180.001,0,100001,0.0797421,18.0001,0,18.0799,0,0,18.0799,14.99,1,6,0,0,0.0270781,0,0,0,0,0,-0.93491,-1.01466,,,0.765441,0.685706,,,-14.7711,-14.851,,
latency_outage,volatile_deep,100000,aggressive|lat40ms,40,0,True,"coinbase>=1,000,000",prints+quotes,9000010,10,0.170035,2.35885e+06,3.08275,7.93333,14.99,aggressive,BTC-USD,sell,1.15829,100000,86334.4,0.0196909,2.46733e+06,1.15829,1,0,86323.8,1.22492,18,179.978,0,99987.8,1.22492,17.9978,-0,19.2227,0,0,19.2227,-14.99,1,6,0,0,0.0270781,0,0,0,0,0,2.23989,1.01466,,,0.539319,-0.685706,,,16.0779,14.851,,
latency_outage,volatile_deep,100000,aggressive|lat5ms,5,0,True,"coinbase>=1,000,000",prints+quotes,9000010,10,0.170035,2.35885e+06,3.08275,7.93333,14.99,aggressive,BTC-USD,buy,1.15829,100000,86334.4,0.0196909,2.29032e+06,1.15829,1,0,86335.1,0.0797421,18,180.001,0,100001,0.0797421,18.0001,0,18.0799,0,0,18.0799,14.99,1,6,0,0,0.00338477,0,0,0,0,0,-0.93491,-1.01466,,,0.765441,0.685706,,,-14.7711,-14.851,,
latency_outage,volatile_deep,100000,aggressive|lat5ms,5,0,True,"coinbase>=1,000,000",prints+quotes,9000010,10,0.170035,2.35885e+06,3.08275,7.93333,14.99,aggressive,BTC-USD,sell,1.15829,100000,86334.4,0.0196909,2.46733e+06,1.15829,1,0,86323.8,1.22492,18,179.978,0,99987.8,1.22492,17.9978,-0,19.2227,0,0,19.2227,-14.99,1,6,0,0,0.00338477,0,0,0,0,0,2.23989,1.01466,,,0.539319,-0.685706,,,16.0779,14.851,,
latency_outage,volatile_deep,100000,aggressive|outage|cod,40,3,True,"coinbase>=1,000,000",prints+quotes,9000010,10,0.170035,2.35885e+06,3.08275,7.93333,14.99,aggressive,BTC-USD,buy,1.15829,100000,86334.4,0.0196909,2.29032e+06,1.15829,1,0,86335.1,0.0797421,18,180.001,0,100001,0.0797421,18.0001,0,18.0799,0,0,18.0799,14.99,1,6,0,0,0.0270781,19.1453,0,0,0,0,-0.93491,-1.01466,,,0.765441,0.685706,,,-14.7711,-14.851,,
latency_outage,volatile_deep,100000,aggressive|outage|cod,40,3,True,"coinbase>=1,000,000",prints+quotes,9000010,10,0.170035,2.35885e+06,3.08275,7.93333,14.99,aggressive,BTC-USD,sell,1.15829,100000,86334.4,0.0196909,2.46733e+06,1.15829,1,0,86323.8,1.22492,18,179.978,0,99987.8,1.22492,17.9978,-0,19.2227,0,0,19.2227,-14.99,1,6,0,0,0.0270781,19.1453,0,0,0,0,2.23989,1.01466,,,0.539319,-0.685706,,,16.0779,14.851,,
latency_outage,volatile_deep,100000,aggressive|outage|no-cod,40,3,False,"coinbase>=1,000,000",prints+quotes,9000010,10,0.170035,2.35885e+06,3.08275,7.93333,14.99,aggressive,BTC-USD,buy,1.15829,100000,86334.4,0.0196909,2.29032e+06,1.15829,1,0,86335.1,0.0797421,18,180.001,0,100001,0.0797421,18.0001,0,18.0799,0,0,18.0799,14.99,1,6,0,0,0.0270781,19.1453,0,0,0,0,-0.93491,-1.01466,,,0.765441,0.685706,,,-14.7711,-14.851,,
latency_outage,volatile_deep,100000,aggressive|outage|no-cod,40,3,False,"coinbase>=1,000,000",prints+quotes,9000010,10,0.170035,2.35885e+06,3.08275,7.93333,14.99,aggressive,BTC-USD,sell,1.15829,100000,86334.4,0.0196909,2.46733e+06,1.15829,1,0,86323.8,1.22492,18,179.978,0,99987.8,1.22492,17.9978,-0,19.2227,0,0,19.2227,-14.99,1,6,0,0,0.0270781,19.1453,0,0,0,0,2.23989,1.01466,,,0.539319,-0.685706,,,16.0779,14.851,,
latency_outage,volatile_deep,100000,aggressive|prints-only,40,0,True,"coinbase>=1,000,000",prints-only,9000010,10,0.170035,2.35885e+06,3.08275,7.93333,14.99,aggressive,BTC-USD,buy,1.15829,100000,86334.4,0.0196909,2.29032e+06,1.15829,1,0,86335.1,0.0797421,18,180.001,0,100001,0.0797421,18.0001,0,18.0799,0,0,18.0799,14.99,1,6,0,0,0.0270781,0,0,0,0,0,-0.93491,-1.01466,,,0.765441,0.685706,,,-14.7711,-14.851,,
latency_outage,volatile_deep,100000,aggressive|prints-only,40,0,True,"coinbase>=1,000,000",prints-only,9000010,10,0.170035,2.35885e+06,3.08275,7.93333,14.99,aggressive,BTC-USD,sell,1.15829,100000,86334.4,0.0196909,2.46733e+06,1.15829,1,0,86323.8,1.22492,18,179.978,0,99987.8,1.22492,17.9978,-0,19.2227,0,0,19.2227,-14.99,1,6,0,0,0.0270781,0,0,0,0,0,2.23989,1.01466,,,0.539319,-0.685706,,,16.0779,14.851,,
latency_outage,volatile_deep,100000,hybrid|lat250ms,250,0,True,"coinbase>=1,000,000",prints+quotes,9000010,10,0.170035,2.35885e+06,3.08275,7.93333,14.99,hybrid,BTC-USD,buy,1.15829,100000,86334.4,0.0196909,2.29032e+06,1.15829,1,1,86334.3,-0.00976434,8,79.9999,99999.9,0,-0.00976434,7.99999,0,7.99023,0,0,7.99023,14.99,17,7,9,7,9.6,0,0,4,3,0,-0.652896,-1.00671,-0.652896,-1.00671,-4.96451,-5.3185,-4.96451,-5.3185,-17.3912,-17.7456,-17.3912,-17.7456
latency_outage,volatile_deep,100000,hybrid|lat250ms,250,0,True,"coinbase>=1,000,000",prints+quotes,9000010,10,0.170035,2.35885e+06,3.08275,7.93333,14.99,hybrid,BTC-USD,sell,1.15829,100000,86334.4,0.0196909,2.46733e+06,1.15829,1,1,86312.6,2.53028,8,79.9798,99974.7,0,2.53028,7.99798,-0,10.5283,0,0,10.5283,-14.99,7,3,5,1,2.6,0,0,1,2,0,1.68006,0.68208,1.68006,0.68208,1.76013,0.762136,1.76013,0.762136,16.7427,15.7432,16.7427,15.7432
latency_outage,volatile_deep,100000,hybrid|lat40ms,40,0,True,"coinbase>=1,000,000",prints+quotes,9000010,10,0.170035,2.35885e+06,3.08275,7.93333,14.99,hybrid,BTC-USD,buy,1.15829,100000,86334.4,0.0196909,2.29032e+06,1.15829,1,1,86366.9,3.76501,8,80.0301,100038,0,3.76501,8.00301,0,11.768,0,0,11.768,14.99,2,2,0,1,0.8,0,0,0,2,0,6.14634,5.22796,6.14634,5.22796,4.49343,3.57489,4.49343,3.57489,-10.5939,-11.5138,-10.5939,-11.5138
latency_outage,volatile_deep,100000,hybrid|lat40ms,40,0,True,"coinbase>=1,000,000",prints+quotes,9000010,10,0.170035,2.35885e+06,3.08275,7.93333,14.99,hybrid,BTC-USD,sell,1.15829,100000,86334.4,0.0196909,2.46733e+06,1.15829,1,1,86334.5,-0.00868715,8,80.0001,100000,0,-0.00868715,8.00001,-0,7.99132,0,0,7.99132,-14.99,1,2,0,0,0.2,0,0,0,2,0,-0.223062,-1.91987,-0.223062,-1.91987,-0.115571,-1.81242,-0.115571,-1.81242,15.6667,13.9672,15.6667,13.9672
latency_outage,volatile_deep,100000,hybrid|lat5ms,5,0,True,"coinbase>=1,000,000",prints+quotes,9000010,10,0.170035,2.35885e+06,3.08275,7.93333,14.99,hybrid,BTC-USD,buy,1.15829,100000,86334.4,0.0196909,2.29032e+06,1.15829,1,1,86364.5,3.48355,8,80.0279,100035,0,3.48355,8.00279,0,11.4863,0,0,11.4863,14.99,2,2,0,1,0.9,0,0,0,2,0,6.1493,5.05411,6.1493,5.05411,4.23173,3.13632,4.23173,3.13632,-10.7666,-11.8636,-10.7666,-11.8636
latency_outage,volatile_deep,100000,hybrid|lat5ms,5,0,True,"coinbase>=1,000,000",prints+quotes,9000010,10,0.170035,2.35885e+06,3.08275,7.93333,14.99,hybrid,BTC-USD,sell,1.15829,100000,86334.4,0.0196909,2.46733e+06,1.15829,1,1,86334.5,-0.00868715,8,80.0001,100000,0,-0.00868715,8.00001,-0,7.99132,0,0,7.99132,-14.99,1,2,0,0,0.2,0,0,0,2,0,-0.223062,-1.91987,-0.223062,-1.91987,-0.115571,-1.81242,-0.115571,-1.81242,15.6667,13.9672,15.6667,13.9672
latency_outage,volatile_deep,100000,hybrid|outage|cod,40,3,True,"coinbase>=1,000,000",prints+quotes,9000010,10,0.170035,2.35885e+06,3.08275,7.93333,14.99,hybrid,BTC-USD,buy,1.15829,100000,86334.4,0.0196909,2.29032e+06,1.15829,1,1,86366.9,3.76501,8,80.0301,100038,0,3.76501,8.00301,0,11.768,0,0,11.768,14.99,2,2,0,1,0.8,19.1453,0,0,2,0,6.14634,5.22796,6.14634,5.22796,4.49343,3.57489,4.49343,3.57489,-10.5939,-11.5138,-10.5939,-11.5138
latency_outage,volatile_deep,100000,hybrid|outage|cod,40,3,True,"coinbase>=1,000,000",prints+quotes,9000010,10,0.170035,2.35885e+06,3.08275,7.93333,14.99,hybrid,BTC-USD,sell,1.15829,100000,86334.4,0.0196909,2.46733e+06,1.15829,1,1,86334.5,-0.00868715,8,80.0001,100000,0,-0.00868715,8.00001,-0,7.99132,0,0,7.99132,-14.99,1,2,0,0,0.2,19.1453,0,0,2,0,-0.223062,-1.91987,-0.223062,-1.91987,-0.115571,-1.81242,-0.115571,-1.81242,15.6667,13.9672,15.6667,13.9672
latency_outage,volatile_deep,100000,hybrid|outage|no-cod,40,3,False,"coinbase>=1,000,000",prints+quotes,9000010,10,0.170035,2.35885e+06,3.08275,7.93333,14.99,hybrid,BTC-USD,buy,1.15829,100000,86334.4,0.0196909,2.29032e+06,1.15829,1,1,86366.9,3.76501,8,80.0301,100038,0,3.76501,8.00301,0,11.768,0,0,11.768,14.99,2,2,0,1,0.8,19.1453,0,0,2,0,6.14634,5.22796,6.14634,5.22796,4.49343,3.57489,4.49343,3.57489,-10.5939,-11.5138,-10.5939,-11.5138
latency_outage,volatile_deep,100000,hybrid|outage|no-cod,40,3,False,"coinbase>=1,000,000",prints+quotes,9000010,10,0.170035,2.35885e+06,3.08275,7.93333,14.99,hybrid,BTC-USD,sell,1.15829,100000,86334.4,0.0196909,2.46733e+06,1.15829,1,1,86334.5,-0.00868715,8,80.0001,100000,0,-0.00868715,8.00001,-0,7.99132,0,0,7.99132,-14.99,1,2,0,0,0.2,19.1453,0,0,2,0,-0.223062,-1.91987,-0.223062,-1.91987,-0.115571,-1.81242,-0.115571,-1.81242,15.6667,13.9672,15.6667,13.9672
latency_outage,volatile_deep,100000,hybrid|prints-only,40,0,True,"coinbase>=1,000,000",prints-only,9000010,10,0.170035,2.35885e+06,3.08275,7.93333,14.99,hybrid,BTC-USD,buy,1.15829,100000,86334.4,0.0196909,2.29032e+06,1.15829,1,0.931893,86419.3,9.83481,8.68171,86.9025,93274.5,6823.84,9.83481,8.69025,0,18.5251,0,0,18.5251,14.99,68,76,1,66,42.1521,0,0,74,0,0,0.795811,-0.418585,1.01331,-0.28776,2.00589,0.791315,2.01163,0.710373,-6.12199,-7.33757,-7.681,-8.98335
latency_outage,volatile_deep,100000,hybrid|prints-only,40,0,True,"coinbase>=1,000,000",prints-only,9000010,10,0.170035,2.35885e+06,3.08275,7.93333,14.99,hybrid,BTC-USD,sell,1.15829,100000,86334.4,0.0196909,2.46733e+06,1.15829,1,0.663007,86453.8,-13.8238,11.3718,113.875,66374.1,33764.1,-13.8238,11.3875,-0,-2.43632,0,0,-2.43632,-14.99,64,105,0,63,42.1318,0,0,102,0,0,1.71691,1.06707,1.43714,0.486834,0.714772,0.0648122,2.01339,1.06289,-4.80318,-5.45385,0.44206,-0.509555
latency_outage,volatile_deep,100000,passive|lat250ms,250,0,True,"coinbase>=1,000,000",prints+quotes,9000010,10,0.170035,2.35885e+06,3.08275,7.93333,14.99,passive,BTC-USD,buy,1.15829,100000,86334.4,0.0196909,2.29032e+06,1.15829,1,1,86334.3,-0.00976434,8,79.9999,99999.9,0,-0.00976434,7.99999,0,7.99023,0,0,7.99023,14.99,17,7,9,7,9.6,0,0,4,3,0,-0.652896,-1.00671,-0.652896,-1.00671,-4.96451,-5.3185,-4.96451,-5.3185,-17.3912,-17.7456,-17.3912,-17.7456
latency_outage,volatile_deep,100000,passive|lat250ms,250,0,True,"coinbase>=1,000,000",prints+quotes,9000010,10,0.170035,2.35885e+06,3.08275,7.93333,14.99,passive,BTC-USD,sell,1.15829,100000,86334.4,0.0196909,2.46733e+06,1.15829,1,1,86312.6,2.53028,8,79.9798,99974.7,0,2.53028,7.99798,-0,10.5283,0,0,10.5283,-14.99,7,3,5,1,2.6,0,0,1,2,0,1.68006,0.68208,1.68006,0.68208,1.76013,0.762136,1.76013,0.762136,16.7427,15.7432,16.7427,15.7432
latency_outage,volatile_deep,100000,passive|lat40ms,40,0,True,"coinbase>=1,000,000",prints+quotes,9000010,10,0.170035,2.35885e+06,3.08275,7.93333,14.99,passive,BTC-USD,buy,1.15829,100000,86334.4,0.0196909,2.29032e+06,1.15829,1,1,86366.9,3.76501,8,80.0301,100038,0,3.76501,8.00301,0,11.768,0,0,11.768,14.99,2,2,0,1,0.8,0,0,0,2,0,6.14634,5.22796,6.14634,5.22796,4.49343,3.57489,4.49343,3.57489,-10.5939,-11.5138,-10.5939,-11.5138
latency_outage,volatile_deep,100000,passive|lat40ms,40,0,True,"coinbase>=1,000,000",prints+quotes,9000010,10,0.170035,2.35885e+06,3.08275,7.93333,14.99,passive,BTC-USD,sell,1.15829,100000,86334.4,0.0196909,2.46733e+06,1.15829,1,1,86334.5,-0.00868715,8,80.0001,100000,0,-0.00868715,8.00001,-0,7.99132,0,0,7.99132,-14.99,1,2,0,0,0.2,0,0,0,2,0,-0.223062,-1.91987,-0.223062,-1.91987,-0.115571,-1.81242,-0.115571,-1.81242,15.6667,13.9672,15.6667,13.9672
latency_outage,volatile_deep,100000,passive|lat5ms,5,0,True,"coinbase>=1,000,000",prints+quotes,9000010,10,0.170035,2.35885e+06,3.08275,7.93333,14.99,passive,BTC-USD,buy,1.15829,100000,86334.4,0.0196909,2.29032e+06,1.15829,1,1,86364.5,3.48355,8,80.0279,100035,0,3.48355,8.00279,0,11.4863,0,0,11.4863,14.99,2,2,0,1,0.9,0,0,0,2,0,6.1493,5.05411,6.1493,5.05411,4.23173,3.13632,4.23173,3.13632,-10.7666,-11.8636,-10.7666,-11.8636
latency_outage,volatile_deep,100000,passive|lat5ms,5,0,True,"coinbase>=1,000,000",prints+quotes,9000010,10,0.170035,2.35885e+06,3.08275,7.93333,14.99,passive,BTC-USD,sell,1.15829,100000,86334.4,0.0196909,2.46733e+06,1.15829,1,1,86334.5,-0.00868715,8,80.0001,100000,0,-0.00868715,8.00001,-0,7.99132,0,0,7.99132,-14.99,1,2,0,0,0.2,0,0,0,2,0,-0.223062,-1.91987,-0.223062,-1.91987,-0.115571,-1.81242,-0.115571,-1.81242,15.6667,13.9672,15.6667,13.9672
latency_outage,volatile_deep,100000,passive|outage|cod,40,3,True,"coinbase>=1,000,000",prints+quotes,9000010,10,0.170035,2.35885e+06,3.08275,7.93333,14.99,passive,BTC-USD,buy,1.15829,100000,86334.4,0.0196909,2.29032e+06,1.15829,1,1,86366.9,3.76501,8,80.0301,100038,0,3.76501,8.00301,0,11.768,0,0,11.768,14.99,2,2,0,1,0.8,19.1453,0,0,2,0,6.14634,5.22796,6.14634,5.22796,4.49343,3.57489,4.49343,3.57489,-10.5939,-11.5138,-10.5939,-11.5138
latency_outage,volatile_deep,100000,passive|outage|cod,40,3,True,"coinbase>=1,000,000",prints+quotes,9000010,10,0.170035,2.35885e+06,3.08275,7.93333,14.99,passive,BTC-USD,sell,1.15829,100000,86334.4,0.0196909,2.46733e+06,1.15829,1,1,86334.5,-0.00868715,8,80.0001,100000,0,-0.00868715,8.00001,-0,7.99132,0,0,7.99132,-14.99,1,2,0,0,0.2,19.1453,0,0,2,0,-0.223062,-1.91987,-0.223062,-1.91987,-0.115571,-1.81242,-0.115571,-1.81242,15.6667,13.9672,15.6667,13.9672
latency_outage,volatile_deep,100000,passive|outage|no-cod,40,3,False,"coinbase>=1,000,000",prints+quotes,9000010,10,0.170035,2.35885e+06,3.08275,7.93333,14.99,passive,BTC-USD,buy,1.15829,100000,86334.4,0.0196909,2.29032e+06,1.15829,1,1,86366.9,3.76501,8,80.0301,100038,0,3.76501,8.00301,0,11.768,0,0,11.768,14.99,2,2,0,1,0.8,19.1453,0,0,2,0,6.14634,5.22796,6.14634,5.22796,4.49343,3.57489,4.49343,3.57489,-10.5939,-11.5138,-10.5939,-11.5138
latency_outage,volatile_deep,100000,passive|outage|no-cod,40,3,False,"coinbase>=1,000,000",prints+quotes,9000010,10,0.170035,2.35885e+06,3.08275,7.93333,14.99,passive,BTC-USD,sell,1.15829,100000,86334.4,0.0196909,2.46733e+06,1.15829,1,1,86334.5,-0.00868715,8,80.0001,100000,0,-0.00868715,8.00001,-0,7.99132,0,0,7.99132,-14.99,1,2,0,0,0.2,19.1453,0,0,2,0,-0.223062,-1.91987,-0.223062,-1.91987,-0.115571,-1.81242,-0.115571,-1.81242,15.6667,13.9672,15.6667,13.9672
latency_outage,volatile_deep,100000,passive|prints-only,40,0,True,"coinbase>=1,000,000",prints-only,9000010,10,0.170035,2.35885e+06,3.08275,7.93333,14.99,passive,BTC-USD,buy,1.15829,100000,86334.4,0.0196909,2.29032e+06,1.15829,1,1,86419.1,9.80704,8,80.0785,100098,0,9.80704,8.00785,0,17.8149,0,0,17.8149,14.99,92,105,1,91,57.807,0,0,105,0,0,0.976707,-0.289842,0.976707,-0.289842,2.10717,0.840447,2.10717,0.840447,-5.76307,-7.03072,-5.76307,-7.03072
latency_outage,volatile_deep,100000,passive|prints-only,40,0,True,"coinbase>=1,000,000",prints-only,9000010,10,0.170035,2.35885e+06,3.08275,7.93333,14.99,passive,BTC-USD,sell,1.15829,100000,86334.4,0.0196909,2.46733e+06,0.986911,0.852044,1,86444.2,-12.7173,8,68.2502,85312.7,0,-10.8357,6.82502,-2.21786,-6.22854,0.00874017,14817.7,-3.5526,-14.99,90,137,0,90,59.5052,0,0,137,0,0,1.22683,0.307001,1.22683,0.307001,1.15972,0.239781,1.15972,0.239781,-3.38065,-4.30121,-3.38065,-4.30121
latency_outage,volatile_deep,100000,aggressive|lat250ms,250,0,True,"coinbase>=1,000,000",prints+quotes,9000011,10,0.17041,2.30008e+06,2.86744,7.61667,12.9983,aggressive,BTC-USD,buy,1.15834,100000,86330.4,0.235143,2.42102e+06,1.15834,1,0,86327.3,-0.360158,18,179.994,0,99996.4,-0.360158,17.9994,1.12215e-07,17.6392,2.87e-09,0.000864455,17.6392,12.9983,1,5,0,0,0.218012,0,0,0,0,0,-2.48233,-2.84219,,,-13.9578,-14.3181,,,-12.3952,-12.7554,,
latency_outage,volatile_deep,100000,aggressive|lat250ms,250,0,True,"coinbase>=1,000,000",prints+quotes,9000011,10,0.17041,2.30008e+06,2.86744,7.61667,12.9983,aggressive,BTC-USD,sell,1.15834,100000,86330.4,0.235143,2.66982e+06,1.15834,1,0,86322.7,0.899493,18,179.984,0,99991,0.899493,17.9984,-1.12215e-07,18.8979,2.87e-09,0.000864398,18.8979,-12.9983,1,8,0,0,0.218012,0,0,0,0,0,3.02184,2.84219,,,14.498,14.3181,,,12.9352,12.7554,,
latency_outage,volatile_deep,100000,aggressive|lat40ms,40,0,True,"coinbase>=1,000,000",prints+quotes,9000011,10,0.17041,2.30008e+06,2.86744,7.61667,12.9983,aggressive,BTC-USD,buy,1.15834,100000,86330.4,0.235143,2.42102e+06,1.15834,1,0,86333.4,0.347446,18,180.006,0,100003,0.347446,18.0006,1.12215e-07,18.3481,2.87e-09,0.000864455,18.3481,12.9983,1,5,0,0,0.0348818,0,0,0,0,0,0.0149997,-0.332444,,,-13.2157,-13.5636,,,-9.37997,-9.72774,,
latency_outage,volatile_deep,100000,aggressive|lat40ms,40,0,True,"coinbase>=1,000,000",prints+quotes,9000011,10,0.17041,2.30008e+06,2.86744,7.61667,12.9983,aggressive,BTC-USD,sell,1.15834,100000,86330.4,0.235143,2.66982e+06,1.15834,1,0,86329.4,0.121656,18,179.998,0,99998.8,0.121656,17.9998,-1.12215e-07,18.1214,2.87e-09,0.000864398,18.1214,-12.9983,1,2,0,0,0.0348818,0,0,0,0,0,0.454105,0.332444,,,13.6854,13.5636,,,9.84952,9.72774,,
latency_outage,volatile_deep,100000,aggressive|lat5ms,5,0,True,"coinbase>=1,000,000",prints+quotes,9000011,10,0.17041,2.30008e+06,2.86744,7.61667,12.9983,aggressive,BTC-USD,buy,1.15834,100000,86330.4,0.235143,2.42102e+06,1.15834,1,0,86333.4,0.347446,18,180.006,0,100003,0.347446,18.0006,1.12215e-07,18.3481,2.87e-09,0.000864455,18.3481,12.9983,1,5,0,0,0.00436023,0,0,0,0,0,0.0149997,-0.332444,,,-13.2157,-13.5636,,,-9.37997,-9.72774,,
latency_outage,volatile_deep,100000,aggressive|lat5ms,5,0,True,"coinbase>=1,000,000",prints+quotes,9000011,10,0.17041,2.30008e+06,2.86744,7.61667,12.9983,aggressive,BTC-USD,sell,1.15834,100000,86330.4,0.235143,2.66982e+06,1.15834,1,0,86329.4,0.121656,18,179.998,0,99998.8,0.121656,17.9998,-1.12215e-07,18.1214,2.87e-09,0.000864398,18.1214,-12.9983,1,2,0,0,0.00436023,0,0,0,0,0,0.454105,0.332444,,,13.6854,13.5636,,,9.84952,9.72774,,
latency_outage,volatile_deep,100000,aggressive|outage|cod,40,3,True,"coinbase>=1,000,000",prints+quotes,9000011,10,0.17041,2.30008e+06,2.86744,7.61667,12.9983,aggressive,BTC-USD,buy,1.15834,100000,86330.4,0.235143,2.42102e+06,1.15834,1,0,86333.4,0.347446,18,180.006,0,100003,0.347446,18.0006,1.12215e-07,18.3481,2.87e-09,0.000864455,18.3481,12.9983,1,5,0,0,0.0348818,11.6539,0,0,0,0,0.0149997,-0.332444,,,-13.2157,-13.5636,,,-9.37997,-9.72774,,
latency_outage,volatile_deep,100000,aggressive|outage|cod,40,3,True,"coinbase>=1,000,000",prints+quotes,9000011,10,0.17041,2.30008e+06,2.86744,7.61667,12.9983,aggressive,BTC-USD,sell,1.15834,100000,86330.4,0.235143,2.66982e+06,1.15834,1,0,86329.4,0.121656,18,179.998,0,99998.8,0.121656,17.9998,-1.12215e-07,18.1214,2.87e-09,0.000864398,18.1214,-12.9983,1,2,0,0,0.0348818,11.6539,0,0,0,0,0.454105,0.332444,,,13.6854,13.5636,,,9.84952,9.72774,,
latency_outage,volatile_deep,100000,aggressive|outage|no-cod,40,3,False,"coinbase>=1,000,000",prints+quotes,9000011,10,0.17041,2.30008e+06,2.86744,7.61667,12.9983,aggressive,BTC-USD,buy,1.15834,100000,86330.4,0.235143,2.42102e+06,1.15834,1,0,86333.4,0.347446,18,180.006,0,100003,0.347446,18.0006,1.12215e-07,18.3481,2.87e-09,0.000864455,18.3481,12.9983,1,5,0,0,0.0348818,11.6539,0,0,0,0,0.0149997,-0.332444,,,-13.2157,-13.5636,,,-9.37997,-9.72774,,
latency_outage,volatile_deep,100000,aggressive|outage|no-cod,40,3,False,"coinbase>=1,000,000",prints+quotes,9000011,10,0.17041,2.30008e+06,2.86744,7.61667,12.9983,aggressive,BTC-USD,sell,1.15834,100000,86330.4,0.235143,2.66982e+06,1.15834,1,0,86329.4,0.121656,18,179.998,0,99998.8,0.121656,17.9998,-1.12215e-07,18.1214,2.87e-09,0.000864398,18.1214,-12.9983,1,2,0,0,0.0348818,11.6539,0,0,0,0,0.454105,0.332444,,,13.6854,13.5636,,,9.84952,9.72774,,
latency_outage,volatile_deep,100000,aggressive|prints-only,40,0,True,"coinbase>=1,000,000",prints-only,9000011,10,0.17041,2.30008e+06,2.86744,7.61667,12.9983,aggressive,BTC-USD,buy,1.15834,100000,86330.4,0.235143,2.42102e+06,1.15834,1,0,86333.4,0.347446,18,180.006,0,100003,0.347446,18.0006,1.12215e-07,18.3481,2.87e-09,0.000864455,18.3481,12.9983,1,5,0,0,0.0348818,0,0,0,0,0,0.0149997,-0.332444,,,-13.2157,-13.5636,,,-9.37997,-9.72774,,
latency_outage,volatile_deep,100000,aggressive|prints-only,40,0,True,"coinbase>=1,000,000",prints-only,9000011,10,0.17041,2.30008e+06,2.86744,7.61667,12.9983,aggressive,BTC-USD,sell,1.15834,100000,86330.4,0.235143,2.66982e+06,1.15834,1,0,86329.4,0.121656,18,179.998,0,99998.8,0.121656,17.9998,-1.12215e-07,18.1214,2.87e-09,0.000864398,18.1214,-12.9983,1,2,0,0,0.0348818,0,0,0,0,0,0.454105,0.332444,,,13.6854,13.5636,,,9.84952,9.72774,,
latency_outage,volatile_deep,100000,hybrid|lat250ms,250,0,True,"coinbase>=1,000,000",prints+quotes,9000011,10,0.17041,2.30008e+06,2.86744,7.61667,12.9983,hybrid,BTC-USD,buy,1.15834,100000,86330.4,0.235143,2.42102e+06,1.15834,1,1,86350.8,2.36282,8,80.0189,100024,0,2.36282,8.00189,1.12215e-07,10.3647,2.87e-09,0.000864455,10.3647,12.9983,5,3,1,3,3,0,0,1,2,0,-11.1779,-11.5654,-11.1779,-11.5654,-12.6861,-13.0736,-12.6861,-13.0736,-9.22134,-9.60883,-9.22134,-9.60883
latency_outage,volatile_deep,100000,hybrid|lat250ms,250,0,True,"coinbase>=1,000,000",prints+quotes,9000011,10,0.17041,2.30008e+06,2.86744,7.61667,12.9983,hybrid,BTC-USD,sell,1.15834,100000,86330.4,0.235143,2.66982e+06,1.15834,1,1,86349.8,-2.24027,8,80.0179,100022,0,-2.24027,8.00179,2.49167e-15,5.76152,0,0,5.76152,-12.9983,3,6,1,1,1.7,0,0,2,4,0,12.4233,11.6401,12.4233,11.6401,13.7223,12.939,13.7223,12.939,9.26669,8.48377,9.26669,8.48377
latency_outage,volatile_deep,100000,hybrid|lat40ms,40,0,True,"coinbase>=1,000,000",prints+quotes,9000011,10,0.17041,2.30008e+06,2.86744,7.61667,12.9983,hybrid,BTC-USD,buy,1.15834,100000,86330.4,0.235143,2.42102e+06,1.15834,1,1,86329.4,-0.116413,8,79.9991,99998.8,0,-0.116413,7.99991,1.12215e-07,7.88349,2.87e-09,0.000864455,7.88349,12.9983,1,3,0,0,0.2,0,0,1,2,0,-1.78666,-2.3388,-1.78666,-2.3388,-13.4725,-14.0253,-13.4725,-14.0253,-11.6959,-12.2486,-11.6959,-12.2486
latency_outage,volatile_deep,100000,hybrid|lat40ms,40,0,True,"coinbase>=1,000,000",prints+quotes,9000011,10,0.17041,2.30008e+06,2.86744,7.61667,12.9983,hybrid,BTC-USD,sell,1.15834,100000,86330.4,0.235143,2.66982e+06,1.15834,1,1,86329.9,0.0642879,8,79.9995,99999.4,0,0.0642879,7.99995,-1.12215e-07,8.06424,2.87e-09,0.000864398,8.06424,-12.9983,2,5,0,1,1.1,0,0,2,3,0,13.8357,13.3359,13.8357,13.3359,15.6378,15.1379,15.6378,15.1379,11.2328,10.7331,11.2328,10.7331
latency_outage,volatile_deep,100000,hybrid|lat5ms,5,0,True,"coinbase>=1,000,000",prints+quotes,9000011,10,0.17041,2.30008e+06,2.86744,7.61667,12.9983,hybrid,BTC-USD,buy,1.15834,100000,86330.4,0.235143,2.42102e+06,1.15834,1,1,86329.4,-0.116413,8,79.9991,99998.8,0,-0.116413,7.99991,1.12215e-07,7.88349,2.87e-09,0.000864455,7.88349,12.9983,1,3,0,0,0.2,0,0,1,2,0,-1.78666,-2.3388,-1.78666,-2.3388,-13.4725,-14.0253,-13.4725,-14.0253,-11.6959,-12.2486,-11.6959,-12.2486
latency_outage,volatile_deep,100000,hybrid|lat5ms,5,0,True,"coinbase>=1,000,000",prints+quotes,9000011,10,0.17041,2.30008e+06,2.86744,7.61667,12.9983,hybrid,BTC-USD,sell,1.15834,100000,86330.4,0.235143,2.66982e+06,1.15834,1,1,86329.9,0.0642879,8,79.9995,99999.4,0,0.0642879,7.99995,-1.12215e-07,8.06424,2.87e-09,0.000864398,8.06424,-12.9983,2,5,0,1,1.1,0,0,2,3,0,13.8357,13.3359,13.8357,13.3359,15.6378,15.1379,15.6378,15.1379,11.2328,10.7331,11.2328,10.7331
latency_outage,volatile_deep,100000,hybrid|outage|cod,40,3,True,"coinbase>=1,000,000",prints+quotes,9000011,10,0.17041,2.30008e+06,2.86744,7.61667,12.9983,hybrid,BTC-USD,buy,1.15834,100000,86330.4,0.235143,2.42102e+06,1.15834,1,1,86329.4,-0.116413,8,79.9991,99998.8,0,-0.116413,7.99991,1.12215e-07,7.88349,2.87e-09,0.000864455,7.88349,12.9983,1,3,0,0,0.2,11.6539,0,1,2,0,-1.78666,-2.3388,-1.78666,-2.3388,-13.4725,-14.0253,-13.4725,-14.0253,-11.6959,-12.2486,-11.6959,-12.2486
latency_outage,volatile_deep,100000,hybrid|outage|cod,40,3,True,"coinbase>=1,000,000",prints+quotes,9000011,10,0.17041,2.30008e+06,2.86744,7.61667,12.9983,hybrid,BTC-USD,sell,1.15834,100000,86330.4,0.235143,2.66982e+06,1.15834,1,1,86329.9,0.0642879,8,79.9995,99999.4,0,0.0642879,7.99995,-1.12215e-07,8.06424,2.87e-09,0.000864398,8.06424,-12.9983,2,5,0,1,1.1,11.6539,0,2,3,0,13.8357,13.3359,13.8357,13.3359,15.6378,15.1379,15.6378,15.1379,11.2328,10.7331,11.2328,10.7331
latency_outage,volatile_deep,100000,hybrid|outage|no-cod,40,3,False,"coinbase>=1,000,000",prints+quotes,9000011,10,0.17041,2.30008e+06,2.86744,7.61667,12.9983,hybrid,BTC-USD,buy,1.15834,100000,86330.4,0.235143,2.42102e+06,1.15834,1,1,86329.4,-0.116413,8,79.9991,99998.8,0,-0.116413,7.99991,1.12215e-07,7.88349,2.87e-09,0.000864455,7.88349,12.9983,1,3,0,0,0.2,11.6539,0,1,2,0,-1.78666,-2.3388,-1.78666,-2.3388,-13.4725,-14.0253,-13.4725,-14.0253,-11.6959,-12.2486,-11.6959,-12.2486
latency_outage,volatile_deep,100000,hybrid|outage|no-cod,40,3,False,"coinbase>=1,000,000",prints+quotes,9000011,10,0.17041,2.30008e+06,2.86744,7.61667,12.9983,hybrid,BTC-USD,sell,1.15834,100000,86330.4,0.235143,2.66982e+06,1.15834,1,1,86329.9,0.0642879,8,79.9995,99999.4,0,0.0642879,7.99995,-1.12215e-07,8.06424,2.87e-09,0.000864398,8.06424,-12.9983,2,5,0,1,1.1,11.6539,0,2,3,0,13.8357,13.3359,13.8357,13.3359,15.6378,15.1379,15.6378,15.1379,11.2328,10.7331,11.2328,10.7331
latency_outage,volatile_deep,100000,hybrid|prints-only,40,0,True,"coinbase>=1,000,000",prints-only,9000011,10,0.17041,2.30008e+06,2.86744,7.61667,12.9983,hybrid,BTC-USD,buy,1.15834,100000,86330.4,0.235143,2.42102e+06,1.15834,1,1,86399.2,7.96428,8,80.0637,100080,0,7.96428,8.00637,1.12215e-07,15.9706,2.87e-09,0.000864455,15.9706,12.9983,22,35,0,22,14.0028,0,0,35,0,0,1.17817,0.223124,1.17817,0.223124,1.92273,0.967996,1.92273,0.967996,-1.78304,-2.73828,-1.78304,-2.73828
latency_outage,volatile_deep,100000,hybrid|prints-only,40,0,True,"coinbase>=1,000,000",prints-only,9000011,10,0.17041,2.30008e+06,2.86744,7.61667,12.9983,hybrid,BTC-USD,sell,1.15834,100000,86330.4,0.235143,2.66982e+06,1.15834,1,0.633744,86377.1,-5.40235,11.6644,116.707,63390.7,36663.3,-5.40235,11.6707,-1.12215e-07,6.26831,2.87e-09,0.000864398,6.26831,-12.9983,66,70,1,64,42.0266,0,0,68,0,0,2.77638,2.2719,6.07156,5.32093,3.99781,3.49334,6.10736,5.35673,2.71797,2.21344,7.14602,6.39529
latency_outage,volatile_deep,100000,passive|lat250ms,250,0,True,"coinbase>=1,000,000",prints+quotes,9000011,10,0.17041,2.30008e+06,2.86744,7.61667,12.9983,passive,BTC-USD,buy,1.15834,100000,86330.4,0.235143,2.42102e+06,1.15834,1,1,86350.8,2.36282,8,80.0189,100024,0,2.36282,8.00189,1.12215e-07,10.3647,2.87e-09,0.000864455,10.3647,12.9983,5,3,1,3,3,0,0,1,2,0,-11.1779,-11.5654,-11.1779,-11.5654,-12.6861,-13.0736,-12.6861,-13.0736,-9.22134,-9.60883,-9.22134,-9.60883
latency_outage,volatile_deep,100000,passive|lat250ms,250,0,True,"coinbase>=1,000,000",prints+quotes,9000011,10,0.17041,2.30008e+06,2.86744,7.61667,12.9983,passive,BTC-USD,sell,1.15834,100000,86330.4,0.235143,2.66982e+06,1.15834,1,1,86349.8,-2.24027,8,80.0179,100022,0,-2.24027,8.00179,2.49167e-15,5.76152,0,0,5.76152,-12.9983,3,6,1,1,1.7,0,0,2,4,0,12.4233,11.6401,12.4233,11.6401,13.7223,12.939,13.7223,12.939,9.26669,8.48377,9.26669,8.48377
latency_outage,volatile_deep,100000,passive|lat40ms,40,0,True,"coinbase>=1,000,000",prints+quotes,9000011,10,0.17041,2.30008e+06,2.86744,7.61667,12.9983,passive,BTC-USD,buy,1.15834,100000,86330.4,0.235143,2.42102e+06,1.15834,1,1,86329.4,-0.116413,8,79.9991,99998.8,0,-0.116413,7.99991,1.12215e-07,7.88349,2.87e-09,0.000864455,7.88349,12.9983,1,3,0,0,0.2,0,0,1,2,0,-1.78666,-2.3388,-1.78666,-2.3388,-13.4725,-14.0253,-13.4725,-14.0253,-11.6959,-12.2486,-11.6959,-12.2486
latency_outage,volatile_deep,100000,passive|lat40ms,40,0,True,"coinbase>=1,000,000",prints+quotes,9000011,10,0.17041,2.30008e+06,2.86744,7.61667,12.9983,passive,BTC-USD,sell,1.15834,100000,86330.4,0.235143,2.66982e+06,1.15834,1,1,86329.9,0.0642879,8,79.9995,99999.4,0,0.0642879,7.99995,-1.12215e-07,8.06424,2.87e-09,0.000864398,8.06424,-12.9983,2,5,0,1,1.1,0,0,2,3,0,13.8357,13.3359,13.8357,13.3359,15.6378,15.1379,15.6378,15.1379,11.2328,10.7331,11.2328,10.7331
latency_outage,volatile_deep,100000,passive|lat5ms,5,0,True,"coinbase>=1,000,000",prints+quotes,9000011,10,0.17041,2.30008e+06,2.86744,7.61667,12.9983,passive,BTC-USD,buy,1.15834,100000,86330.4,0.235143,2.42102e+06,1.15834,1,1,86329.4,-0.116413,8,79.9991,99998.8,0,-0.116413,7.99991,1.12215e-07,7.88349,2.87e-09,0.000864455,7.88349,12.9983,1,3,0,0,0.2,0,0,1,2,0,-1.78666,-2.3388,-1.78666,-2.3388,-13.4725,-14.0253,-13.4725,-14.0253,-11.6959,-12.2486,-11.6959,-12.2486
latency_outage,volatile_deep,100000,passive|lat5ms,5,0,True,"coinbase>=1,000,000",prints+quotes,9000011,10,0.17041,2.30008e+06,2.86744,7.61667,12.9983,passive,BTC-USD,sell,1.15834,100000,86330.4,0.235143,2.66982e+06,1.15834,1,1,86329.9,0.0642879,8,79.9995,99999.4,0,0.0642879,7.99995,-1.12215e-07,8.06424,2.87e-09,0.000864398,8.06424,-12.9983,2,5,0,1,1.1,0,0,2,3,0,13.8357,13.3359,13.8357,13.3359,15.6378,15.1379,15.6378,15.1379,11.2328,10.7331,11.2328,10.7331
latency_outage,volatile_deep,100000,passive|outage|cod,40,3,True,"coinbase>=1,000,000",prints+quotes,9000011,10,0.17041,2.30008e+06,2.86744,7.61667,12.9983,passive,BTC-USD,buy,1.15834,100000,86330.4,0.235143,2.42102e+06,1.15834,1,1,86329.4,-0.116413,8,79.9991,99998.8,0,-0.116413,7.99991,1.12215e-07,7.88349,2.87e-09,0.000864455,7.88349,12.9983,1,3,0,0,0.2,11.6539,0,1,2,0,-1.78666,-2.3388,-1.78666,-2.3388,-13.4725,-14.0253,-13.4725,-14.0253,-11.6959,-12.2486,-11.6959,-12.2486
latency_outage,volatile_deep,100000,passive|outage|cod,40,3,True,"coinbase>=1,000,000",prints+quotes,9000011,10,0.17041,2.30008e+06,2.86744,7.61667,12.9983,passive,BTC-USD,sell,1.15834,100000,86330.4,0.235143,2.66982e+06,1.15834,1,1,86329.9,0.0642879,8,79.9995,99999.4,0,0.0642879,7.99995,-1.12215e-07,8.06424,2.87e-09,0.000864398,8.06424,-12.9983,2,5,0,1,1.1,11.6539,0,2,3,0,13.8357,13.3359,13.8357,13.3359,15.6378,15.1379,15.6378,15.1379,11.2328,10.7331,11.2328,10.7331
latency_outage,volatile_deep,100000,passive|outage|no-cod,40,3,False,"coinbase>=1,000,000",prints+quotes,9000011,10,0.17041,2.30008e+06,2.86744,7.61667,12.9983,passive,BTC-USD,buy,1.15834,100000,86330.4,0.235143,2.42102e+06,1.15834,1,1,86329.4,-0.116413,8,79.9991,99998.8,0,-0.116413,7.99991,1.12215e-07,7.88349,2.87e-09,0.000864455,7.88349,12.9983,1,3,0,0,0.2,11.6539,0,1,2,0,-1.78666,-2.3388,-1.78666,-2.3388,-13.4725,-14.0253,-13.4725,-14.0253,-11.6959,-12.2486,-11.6959,-12.2486
latency_outage,volatile_deep,100000,passive|outage|no-cod,40,3,False,"coinbase>=1,000,000",prints+quotes,9000011,10,0.17041,2.30008e+06,2.86744,7.61667,12.9983,passive,BTC-USD,sell,1.15834,100000,86330.4,0.235143,2.66982e+06,1.15834,1,1,86329.9,0.0642879,8,79.9995,99999.4,0,0.0642879,7.99995,-1.12215e-07,8.06424,2.87e-09,0.000864398,8.06424,-12.9983,2,5,0,1,1.1,11.6539,0,2,3,0,13.8357,13.3359,13.8357,13.3359,15.6378,15.1379,15.6378,15.1379,11.2328,10.7331,11.2328,10.7331
latency_outage,volatile_deep,100000,passive|prints-only,40,0,True,"coinbase>=1,000,000",prints-only,9000011,10,0.17041,2.30008e+06,2.86744,7.61667,12.9983,passive,BTC-USD,buy,1.15834,100000,86330.4,0.235143,2.42102e+06,1.15834,1,1,86399.2,7.96428,8,80.0637,100080,0,7.96428,8.00637,1.12215e-07,15.9706,2.87e-09,0.000864455,15.9706,12.9983,22,35,0,22,14.0028,0,0,35,0,0,1.17817,0.223124,1.17817,0.223124,1.92273,0.967996,1.92273,0.967996,-1.78304,-2.73828,-1.78304,-2.73828
latency_outage,volatile_deep,100000,passive|prints-only,40,0,True,"coinbase>=1,000,000",prints-only,9000011,10,0.17041,2.30008e+06,2.86744,7.61667,12.9983,passive,BTC-USD,sell,1.15834,100000,86330.4,0.235143,2.66982e+06,0.958501,0.827478,1,86367.5,-4.29678,8,66.2267,82783.4,0,-3.55549,6.62267,-2.24249,0.824688,0.0573537,17274,3.99137,-12.9983,93,99,1,92,56.5007,0,0,99,0,0,4.98596,4.30895,4.98596,4.30895,4.72784,4.05084,4.72784,4.05084,2.67993,2.00297,2.67993,2.00297
latency_outage,volatile_deep,100000,aggressive|lat250ms,250,0,True,"coinbase>=1,000,000",prints+quotes,9000012,10,0.158821,2.31995e+06,1.98156,7.85,-11.6265,aggressive,BTC-USD,buy,1.15802,100000,86354.6,0.15749,2.03454e+06,1.15802,1,0,86364.6,1.15917,18,180.021,0,100012,1.15917,18.0021,-0,19.1613,0,0,19.1613,-11.6265,1,7,0,0,0.355801,0,0,0,0,0,-2.90687,-3.08755,,,4.79305,4.61251,,,0.557515,0.376897,,
latency_outage,volatile_deep,100000,aggressive|lat250ms,250,0,True,"coinbase>=1,000,000",prints+quotes,9000012,10,0.158821,2.31995e+06,1.98156,7.85,-11.6265,aggressive,BTC-USD,sell,1.15802,100000,86354.6,0.15749,2.68995e+06,1.15802,1,0,86360.8,-0.714815,18,180.013,0,100007,-0.714815,18.0013,0,17.2865,0,0,17.2865,11.6265,1,7,0,0,0.355801,0,0,0,0,0,3.35132,3.08755,,,-4.34893,-4.61251,,,-0.113214,-0.376897,,
latency_outage,volatile_deep,100000,aggressive|lat40ms,40,0,True,"coinbase>=1,000,000",prints+quotes,9000012,10,0.158821,2.31995e+06,1.98156,7.85,-11.6265,aggressive,BTC-USD,buy,1.15802,100000,86354.6,0.15749,2.03454e+06,1.15802,1,0,86357.4,0.325586,18,180.006,0,100003,0.325586,18.0006,-0,18.3262,0,0,18.3262,-11.6265,1,7,0,0,0.0569282,0,0,0,0,0,-1.16648,-1.4921,,,0.966514,0.640962,,,-0.71545,-1.04106,,
latency_outage,volatile_deep,100000,aggressive|lat40ms,40,0,True,"coinbase>=1,000,000",prints+quotes,9000012,10,0.158821,2.31995e+06,1.98156,7.85,-11.6265,aggressive,BTC-USD,sell,1.15802,100000,86354.6,0.15749,2.68995e+06,1.15802,1,0,86352.5,0.246115,18,179.996,0,99997.5,0.246115,17.9996,0,18.2457,0,0,18.2457,11.6265,1,4,0,0,0.0569282,0,0,0,0,0,1.73826,1.4921,,,-0.394856,-0.640962,,,1.2872,1.04106,,
latency_outage,volatile_deep,100000,aggressive|lat5ms,5,0,True,"coinbase>=1,000,000",prints+quotes,9000012,10,0.158821,2.31995e+06,1.98156,7.85,-11.6265,aggressive,BTC-USD,buy,1.15802,100000,86354.6,0.15749,2.03454e+06,1.15802,1,0,86357.4,0.325586,18,180.006,0,100003,0.325586,18.0006,-0,18.3262,0,0,18.3262,-11.6265,1,7,0,0,0.00711603,0,0,0,0,0,-1.16648,-1.4921,,,0.966514,0.640962,,,-0.71545,-1.04106,,
latency_outage,volatile_deep,100000,aggressive|lat5ms,5,0,True,"coinbase>=1,000,000",prints+quotes,9000012,10,0.158821,2.31995e+06,1.98156,7.85,-11.6265,aggressive,BTC-USD,sell,1.15802,100000,86354.6,0.15749,2.68995e+06,1.15802,1,0,86352.5,0.246115,18,179.996,0,99997.5,0.246115,17.9996,0,18.2457,0,0,18.2457,11.6265,1,4,0,0,0.00711603,0,0,0,0,0,1.73826,1.4921,,,-0.394856,-0.640962,,,1.2872,1.04106,,
latency_outage,volatile_deep,100000,aggressive|outage|cod,40,3,True,"coinbase>=1,000,000",prints+quotes,9000012,10,0.158821,2.31995e+06,1.98156,7.85,-11.6265,aggressive,BTC-USD,buy,1.15802,100000,86354.6,0.15749,2.03454e+06,1.15802,1,0,86357.4,0.325586,18,180.006,0,100003,0.325586,18.0006,-0,18.3262,0,0,18.3262,-11.6265,1,7,0,0,0.0569282,5.55048,0,0,0,0,-1.16648,-1.4921,,,0.966514,0.640962,,,-0.71545,-1.04106,,
latency_outage,volatile_deep,100000,aggressive|outage|cod,40,3,True,"coinbase>=1,000,000",prints+quotes,9000012,10,0.158821,2.31995e+06,1.98156,7.85,-11.6265,aggressive,BTC-USD,sell,1.15802,100000,86354.6,0.15749,2.68995e+06,1.15802,1,0,86352.5,0.246115,18,179.996,0,99997.5,0.246115,17.9996,0,18.2457,0,0,18.2457,11.6265,1,4,0,0,0.0569282,5.55048,0,0,0,0,1.73826,1.4921,,,-0.394856,-0.640962,,,1.2872,1.04106,,
latency_outage,volatile_deep,100000,aggressive|outage|no-cod,40,3,False,"coinbase>=1,000,000",prints+quotes,9000012,10,0.158821,2.31995e+06,1.98156,7.85,-11.6265,aggressive,BTC-USD,buy,1.15802,100000,86354.6,0.15749,2.03454e+06,1.15802,1,0,86357.4,0.325586,18,180.006,0,100003,0.325586,18.0006,-0,18.3262,0,0,18.3262,-11.6265,1,7,0,0,0.0569282,5.55048,0,0,0,0,-1.16648,-1.4921,,,0.966514,0.640962,,,-0.71545,-1.04106,,
latency_outage,volatile_deep,100000,aggressive|outage|no-cod,40,3,False,"coinbase>=1,000,000",prints+quotes,9000012,10,0.158821,2.31995e+06,1.98156,7.85,-11.6265,aggressive,BTC-USD,sell,1.15802,100000,86354.6,0.15749,2.68995e+06,1.15802,1,0,86352.5,0.246115,18,179.996,0,99997.5,0.246115,17.9996,0,18.2457,0,0,18.2457,11.6265,1,4,0,0,0.0569282,5.55048,0,0,0,0,1.73826,1.4921,,,-0.394856,-0.640962,,,1.2872,1.04106,,
latency_outage,volatile_deep,100000,aggressive|prints-only,40,0,True,"coinbase>=1,000,000",prints-only,9000012,10,0.158821,2.31995e+06,1.98156,7.85,-11.6265,aggressive,BTC-USD,buy,1.15802,100000,86354.6,0.15749,2.03454e+06,1.15802,1,0,86357.4,0.325586,18,180.006,0,100003,0.325586,18.0006,-0,18.3262,0,0,18.3262,-11.6265,1,7,0,0,0.0569282,0,0,0,0,0,-1.16648,-1.4921,,,0.966514,0.640962,,,-0.71545,-1.04106,,
latency_outage,volatile_deep,100000,aggressive|prints-only,40,0,True,"coinbase>=1,000,000",prints-only,9000012,10,0.158821,2.31995e+06,1.98156,7.85,-11.6265,aggressive,BTC-USD,sell,1.15802,100000,86354.6,0.15749,2.68995e+06,1.15802,1,0,86352.5,0.246115,18,179.996,0,99997.5,0.246115,17.9996,0,18.2457,0,0,18.2457,11.6265,1,4,0,0,0.0569282,0,0,0,0,0,1.73826,1.4921,,,-0.394856,-0.640962,,,1.2872,1.04106,,
latency_outage,volatile_deep,100000,hybrid|lat250ms,250,0,True,"coinbase>=1,000,000",prints+quotes,9000012,10,0.158821,2.31995e+06,1.98156,7.85,-11.6265,hybrid,BTC-USD,buy,1.15802,100000,86354.6,0.15749,2.03454e+06,1.15802,1,1,86377.5,2.65576,8,80.0212,100027,0,2.65576,8.00212,-2.008e-07,10.6579,1.28e-09,0.0017251,10.6579,-11.6265,2,7,0,1,1.9,0,0,4,3,0,1.14985,0.725227,1.14985,0.725227,6.43336,6.00894,6.43336,6.00894,4.84652,4.42206,4.84652,4.42206
latency_outage,volatile_deep,100000,hybrid|lat250ms,250,0,True,"coinbase>=1,000,000",prints+quotes,9000012,10,0.158821,2.31995e+06,1.98156,7.85,-11.6265,hybrid,BTC-USD,sell,1.15802,100000,86354.6,0.15749,2.68995e+06,1.15802,1,1,86359.7,-0.596378,8,80.0048,100006,0,-0.596378,8.00048,0,7.4041,0,0,7.4041,11.6265,2,2,1,1,1,0,0,0,2,0,1.58623,0.780765,1.58623,0.780765,-5.20591,-6.01083,-5.20591,-6.01083,-1.80673,-2.61192,-1.80673,-2.61192
latency_outage,volatile_deep,100000,hybrid|lat40ms,40,0,True,"coinbase>=1,000,000",prints+quotes,9000012,10,0.158821,2.31995e+06,1.98156,7.85,-11.6265,hybrid,BTC-USD,buy,1.15802,100000,86354.6,0.15749,2.03454e+06,1.15802,1,1,86377.9,2.69383,8,80.0215,100027,0,2.69383,8.00215,-2.008e-07,10.696,1.28e-09,0.0017251,10.696,-11.6265,3,6,0,2,1.9,0,0,3,3,0,1.18791,0.725223,1.18791,0.725223,6.47138,6.00893,6.47138,6.00893,4.88456,4.42206,4.88456,4.42206
latency_outage,volatile_deep,100000,hybrid|lat40ms,40,0,True,"coinbase>=1,000,000",prints+quotes,9000012,10,0.158821,2.31995e+06,1.98156,7.85,-11.6265,hybrid,BTC-USD,sell,1.15802,100000,86354.6,0.15749,2.68995e+06,1.15802,1,1,86355.3,-0.0775871,8,80.0006,100001,0,-0.0775871,8.00006,0,7.92247,0,0,7.92247,11.6265,1,2,0,0,0.2,0,0,0,2,0,2.99557,2.30514,2.99557,2.30514,-1.94309,-2.63317,-1.94309,-2.63317,0.760946,0.0706744,0.760946,0.0706744
latency_outage,volatile_deep,100000,hybrid|lat5ms,5,0,True,"coinbase>=1,000,000",prints+quotes,9000012,10,0.158821,2.31995e+06,1.98156,7.85,-11.6265,hybrid,BTC-USD,buy,1.15802,100000,86354.6,0.15749,2.03454e+06,1.15802,1,1,86381.2,3.07887,8,80.0246,100031,0,3.07887,8.00246,-2.008e-07,11.0813,1.28e-09,0.0017251,11.0813,-11.6265,3,6,0,2,1.7,0,0,3,3,0,1.84993,1.36447,1.84993,1.36447,8.5338,8.04866,8.5338,8.04866,5.21235,4.72706,5.21235,4.72706
latency_outage,volatile_deep,100000,hybrid|lat5ms,5,0,True,"coinbase>=1,000,000",prints+quotes,9000012,10,0.158821,2.31995e+06,1.98156,7.85,-11.6265,hybrid,BTC-USD,sell,1.15802,100000,86354.6,0.15749,2.68995e+06,1.15802,1,1,86355.3,-0.0775871,8,80.0006,100001,0,-0.0775871,8.00006,0,7.92247,0,0,7.92247,11.6265,1,2,0,0,0.2,0,0,0,2,0,2.99557,2.30514,2.99557,2.30514,-1.94309,-2.63317,-1.94309,-2.63317,0.760946,0.0706744,0.760946,0.0706744
latency_outage,volatile_deep,100000,hybrid|outage|cod,40,3,True,"coinbase>=1,000,000",prints+quotes,9000012,10,0.158821,2.31995e+06,1.98156,7.85,-11.6265,hybrid,BTC-USD,buy,1.15802,100000,86354.6,0.15749,2.03454e+06,1.15802,1,1,86377.9,2.69383,8,80.0215,100027,0,2.69383,8.00215,-2.008e-07,10.696,1.28e-09,0.0017251,10.696,-11.6265,3,6,0,2,1.9,5.55048,0,3,3,0,1.18791,0.725223,1.18791,0.725223,6.47138,6.00893,6.47138,6.00893,4.88456,4.42206,4.88456,4.42206
latency_outage,volatile_deep,100000,hybrid|outage|cod,40,3,True,"coinbase>=1,000,000",prints+quotes,9000012,10,0.158821,2.31995e+06,1.98156,7.85,-11.6265,hybrid,BTC-USD,sell,1.15802,100000,86354.6,0.15749,2.68995e+06,1.15802,1,1,86355.3,-0.0775871,8,80.0006,100001,0,-0.0775871,8.00006,0,7.92247,0,0,7.92247,11.6265,1,2,0,0,0.2,5.55048,0,0,2,0,2.99557,2.30514,2.99557,2.30514,-1.94309,-2.63317,-1.94309,-2.63317,0.760946,0.0706744,0.760946,0.0706744
latency_outage,volatile_deep,100000,hybrid|outage|no-cod,40,3,False,"coinbase>=1,000,000",prints+quotes,9000012,10,0.158821,2.31995e+06,1.98156,7.85,-11.6265,hybrid,BTC-USD,buy,1.15802,100000,86354.6,0.15749,2.03454e+06,1.15802,1,1,86377.9,2.69383,8,80.0215,100027,0,2.69383,8.00215,-2.008e-07,10.696,1.28e-09,0.0017251,10.696,-11.6265,3,6,0,2,1.9,5.55048,0,3,3,0,1.18791,0.725223,1.18791,0.725223,6.47138,6.00893,6.47138,6.00893,4.88456,4.42206,4.88456,4.42206
latency_outage,volatile_deep,100000,hybrid|outage|no-cod,40,3,False,"coinbase>=1,000,000",prints+quotes,9000012,10,0.158821,2.31995e+06,1.98156,7.85,-11.6265,hybrid,BTC-USD,sell,1.15802,100000,86354.6,0.15749,2.68995e+06,1.15802,1,1,86355.3,-0.0775871,8,80.0006,100001,0,-0.0775871,8.00006,0,7.92247,0,0,7.92247,11.6265,1,2,0,0,0.2,5.55048,0,0,2,0,2.99557,2.30514,2.99557,2.30514,-1.94309,-2.63317,-1.94309,-2.63317,0.760946,0.0706744,0.760946,0.0706744
latency_outage,volatile_deep,100000,hybrid|prints-only,40,0,True,"coinbase>=1,000,000",prints-only,9000012,10,0.158821,2.31995e+06,1.98156,7.85,-11.6265,hybrid,BTC-USD,buy,1.15802,100000,86354.6,0.15749,2.03454e+06,1.15802,1,0.418255,86270.5,-9.74288,13.8186,138.051,41773.4,58129.2,-9.74288,13.8051,-0,4.06224,0,0,4.06224,-11.6265,64,91,1,62,42.1699,0,0,87,0,0,-0.540175,-0.754068,-0.308455,-0.685009,-1.88162,-2.09557,-3.1651,-3.54179,2.7727,2.55877,-5.24447,-5.62123
latency_outage,volatile_deep,100000,hybrid|prints-only,40,0,True,"coinbase>=1,000,000",prints-only,9000012,10,0.158821,2.31995e+06,1.98156,7.85,-11.6265,hybrid,BTC-USD,sell,1.15802,100000,86354.6,0.15749,2.68995e+06,1.15802,1,1,86307.4,5.46393,8,79.9563,99945.4,0,5.46393,7.99563,0,13.4596,0,0,13.4596,11.6265,47,66,1,45,30.5321,0,0,66,0,0,1.41482,1.10973,1.41482,1.10973,0.182503,-0.12239,0.182503,-0.12239,-2.0356,-2.34082,-2.0356,-2.34082
latency_outage,volatile_deep,100000,passive|lat250ms,250,0,True,"coinbase>=1,000,000",prints+quotes,9000012,10,0.158821,2.31995e+06,1.98156,7.85,-11.6265,passive,BTC-USD,buy,1.15802,100000,86354.6,0.15749,2.03454e+06,1.15802,1,1,86377.5,2.65576,8,80.0212,100027,0,2.65576,8.00212,-2.008e-07,10.6579,1.28e-09,0.0017251,10.6579,-11.6265,2,7,0,1,1.9,0,0,4,3,0,1.14985,0.725227,1.14985,0.725227,6.43336,6.00894,6.43336,6.00894,4.84652,4.42206,4.84652,4.42206
latency_outage,volatile_deep,100000,passive|lat250ms,250,0,True,"coinbase>=1,000,000",prints+quotes,9000012,10,0.158821,2.31995e+06,1.98156,7.85,-11.6265,passive,BTC-USD,sell,1.15802,100000,86354.6,0.15749,2.68995e+06,1.15802,1,1,86359.7,-0.596378,8,80.0048,100006,0,-0.596378,8.00048,0,7.4041,0,0,7.4041,11.6265,2,2,1,1,1,0,0,0,2,0,1.58623,0.780765,1.58623,0.780765,-5.20591,-6.01083,-5.20591,-6.01083,-1.80673,-2.61192,-1.80673,-2.61192
latency_outage,volatile_deep,100000,passive|lat40ms,40,0,True,"coinbase>=1,000,000",prints+quotes,9000012,10,0.158821,2.31995e+06,1.98156,7.85,-11.6265,passive,BTC-USD,buy,1.15802,100000,86354.6,0.15749,2.03454e+06,1.15802,1,1,86377.9,2.69383,8,80.0215,100027,0,2.69383,8.00215,-2.008e-07,10.696,1.28e-09,0.0017251,10.696,-11.6265,3,6,0,2,1.9,0,0,3,3,0,1.18791,0.725223,1.18791,0.725223,6.47138,6.00893,6.47138,6.00893,4.88456,4.42206,4.88456,4.42206
latency_outage,volatile_deep,100000,passive|lat40ms,40,0,True,"coinbase>=1,000,000",prints+quotes,9000012,10,0.158821,2.31995e+06,1.98156,7.85,-11.6265,passive,BTC-USD,sell,1.15802,100000,86354.6,0.15749,2.68995e+06,1.15802,1,1,86355.3,-0.0775871,8,80.0006,100001,0,-0.0775871,8.00006,0,7.92247,0,0,7.92247,11.6265,1,2,0,0,0.2,0,0,0,2,0,2.99557,2.30514,2.99557,2.30514,-1.94309,-2.63317,-1.94309,-2.63317,0.760946,0.0706744,0.760946,0.0706744
latency_outage,volatile_deep,100000,passive|lat5ms,5,0,True,"coinbase>=1,000,000",prints+quotes,9000012,10,0.158821,2.31995e+06,1.98156,7.85,-11.6265,passive,BTC-USD,buy,1.15802,100000,86354.6,0.15749,2.03454e+06,1.15802,1,1,86381.2,3.07887,8,80.0246,100031,0,3.07887,8.00246,-2.008e-07,11.0813,1.28e-09,0.0017251,11.0813,-11.6265,3,6,0,2,1.7,0,0,3,3,0,1.84993,1.36447,1.84993,1.36447,8.5338,8.04866,8.5338,8.04866,5.21235,4.72706,5.21235,4.72706
latency_outage,volatile_deep,100000,passive|lat5ms,5,0,True,"coinbase>=1,000,000",prints+quotes,9000012,10,0.158821,2.31995e+06,1.98156,7.85,-11.6265,passive,BTC-USD,sell,1.15802,100000,86354.6,0.15749,2.68995e+06,1.15802,1,1,86355.3,-0.0775871,8,80.0006,100001,0,-0.0775871,8.00006,0,7.92247,0,0,7.92247,11.6265,1,2,0,0,0.2,0,0,0,2,0,2.99557,2.30514,2.99557,2.30514,-1.94309,-2.63317,-1.94309,-2.63317,0.760946,0.0706744,0.760946,0.0706744
latency_outage,volatile_deep,100000,passive|outage|cod,40,3,True,"coinbase>=1,000,000",prints+quotes,9000012,10,0.158821,2.31995e+06,1.98156,7.85,-11.6265,passive,BTC-USD,buy,1.15802,100000,86354.6,0.15749,2.03454e+06,1.15802,1,1,86377.9,2.69383,8,80.0215,100027,0,2.69383,8.00215,-2.008e-07,10.696,1.28e-09,0.0017251,10.696,-11.6265,3,6,0,2,1.9,5.55048,0,3,3,0,1.18791,0.725223,1.18791,0.725223,6.47138,6.00893,6.47138,6.00893,4.88456,4.42206,4.88456,4.42206
latency_outage,volatile_deep,100000,passive|outage|cod,40,3,True,"coinbase>=1,000,000",prints+quotes,9000012,10,0.158821,2.31995e+06,1.98156,7.85,-11.6265,passive,BTC-USD,sell,1.15802,100000,86354.6,0.15749,2.68995e+06,1.15802,1,1,86355.3,-0.0775871,8,80.0006,100001,0,-0.0775871,8.00006,0,7.92247,0,0,7.92247,11.6265,1,2,0,0,0.2,5.55048,0,0,2,0,2.99557,2.30514,2.99557,2.30514,-1.94309,-2.63317,-1.94309,-2.63317,0.760946,0.0706744,0.760946,0.0706744
latency_outage,volatile_deep,100000,passive|outage|no-cod,40,3,False,"coinbase>=1,000,000",prints+quotes,9000012,10,0.158821,2.31995e+06,1.98156,7.85,-11.6265,passive,BTC-USD,buy,1.15802,100000,86354.6,0.15749,2.03454e+06,1.15802,1,1,86377.9,2.69383,8,80.0215,100027,0,2.69383,8.00215,-2.008e-07,10.696,1.28e-09,0.0017251,10.696,-11.6265,3,6,0,2,1.9,5.55048,0,3,3,0,1.18791,0.725223,1.18791,0.725223,6.47138,6.00893,6.47138,6.00893,4.88456,4.42206,4.88456,4.42206
latency_outage,volatile_deep,100000,passive|outage|no-cod,40,3,False,"coinbase>=1,000,000",prints+quotes,9000012,10,0.158821,2.31995e+06,1.98156,7.85,-11.6265,passive,BTC-USD,sell,1.15802,100000,86354.6,0.15749,2.68995e+06,1.15802,1,1,86355.3,-0.0775871,8,80.0006,100001,0,-0.0775871,8.00006,0,7.92247,0,0,7.92247,11.6265,1,2,0,0,0.2,5.55048,0,0,2,0,2.99557,2.30514,2.99557,2.30514,-1.94309,-2.63317,-1.94309,-2.63317,0.760946,0.0706744,0.760946,0.0706744
latency_outage,volatile_deep,100000,passive|prints-only,40,0,True,"coinbase>=1,000,000",prints-only,9000012,10,0.158821,2.31995e+06,1.98156,7.85,-11.6265,passive,BTC-USD,buy,1.15802,100000,86354.6,0.15749,2.03454e+06,0.734282,0.634086,1,86265.1,-10.3652,8,50.6743,63342.9,0,-6.57246,5.06743,-4.25429,-5.75932,0.0779172,36549.6,0.89753,-11.6265,91,135,2,89,59.5138,0,0,135,0,0,0.431567,-0.161075,0.431567,-0.161075,0.345005,-0.247488,0.345005,-0.247488,-0.814036,-1.40665,-0.814036,-1.40665
latency_outage,volatile_deep,100000,passive|prints-only,40,0,True,"coinbase>=1,000,000",prints-only,9000012,10,0.158821,2.31995e+06,1.98156,7.85,-11.6265,passive,BTC-USD,sell,1.15802,100000,86354.6,0.15749,2.68995e+06,1.15802,1,1,86307.4,5.46393,8,79.9563,99945.4,0,5.46393,7.99563,0,13.4596,0,0,13.4596,11.6265,47,66,1,45,30.5321,0,0,66,0,0,1.41482,1.10973,1.41482,1.10973,0.182503,-0.12239,0.182503,-0.12239,-2.0356,-2.34082,-2.0356,-2.34082
latency_outage,volatile_deep,100000,aggressive|lat250ms,250,0,True,"coinbase>=1,000,000",prints+quotes,9000013,10,0.175394,2.33393e+06,2.31122,7.63333,29.6825,aggressive,BTC-USD,buy,1.15868,100000,86305,0.234054,2.26721e+06,1.15868,1,0,86304.9,-0.00973298,18,180,0,99999.9,-0.00973298,18,5.68823e-15,17.9902,0,0,17.9902,29.6825,1,8,0,0,0.223766,0,0,0,0,0,2.75836,2.4866,,,3.24906,2.97732,,,-11.3984,-11.6706,,
latency_outage,volatile_deep,100000,aggressive|lat250ms,250,0,True,"coinbase>=1,000,000",prints+quotes,9000013,10,0.175394,2.33393e+06,2.31122,7.63333,29.6825,aggressive,BTC-USD,sell,1.15868,100000,86305,0.234054,2.42979e+06,1.15868,1,0,86301.4,0.411744,18,179.993,0,99995.9,0.411744,17.9993,-0,18.411,0,0,18.411,-29.6825,1,3,0,0,0.223766,0,0,0,0,0,-2.35644,-2.4866,,,-2.84717,-2.97732,,,11.8009,11.6706,,
latency_outage,volatile_deep,100000,aggressive|lat40ms,40,0,True,"coinbase>=1,000,000",prints+quotes,9000013,10,0.175394,2.33393e+06,2.31122,7.63333,29.6825,aggressive,BTC-USD,buy,1.15868,100000,86305,0.234054,2.26721e+06,1.15868,1,0,86307.1,0.252968,18,180.005,0,100003,0.252968,18.0005,0,18.2534,0,0,18.2534,29.6825,1,6,0,0,0.0358025,0,0,0,0,0,2.16068,1.90777,,,1.24245,0.989514,,,-11.388,-11.6413,,
latency_outage,volatile_deep,100000,aggressive|lat40ms,40,0,True,"coinbase>=1,000,000",prints+quotes,9000013,10,0.175394,2.33393e+06,2.31122,7.63333,29.6825,aggressive,BTC-USD,sell,1.15868,100000,86305,0.234054,2.42979e+06,1.15868,1,0,86302.3,0.3073,18,179.994,0,99996.9,0.3073,17.9994,-5.68823e-15,18.3067,0,0,18.3067,-29.6825,1,6,0,0,0.0358025,0,0,0,0,0,-1.60052,-1.90777,,,-0.682234,-0.989514,,,11.9489,11.6413,,
latency_outage,volatile_deep,100000,aggressive|lat5ms,5,0,True,"coinbase>=1,000,000",prints+quotes,9000013,10,0.175394,2.33393e+06,2.31122,7.63333,29.6825,aggressive,BTC-USD,buy,1.15868,100000,86305,0.234054,2.26721e+06,1.15868,1,0,86307.1,0.252968,18,180.005,0,100003,0.252968,18.0005,0,18.2534,0,0,18.2534,29.6825,1,6,0,0,0.00447532,0,0,0,0,0,2.16068,1.90777,,,1.24245,0.989514,,,-11.388,-11.6413,,
latency_outage,volatile_deep,100000,aggressive|lat5ms,5,0,True,"coinbase>=1,000,000",prints+quotes,9000013,10,0.175394,2.33393e+06,2.31122,7.63333,29.6825,aggressive,BTC-USD,sell,1.15868,100000,86305,0.234054,2.42979e+06,1.15868,1,0,86302.3,0.3073,18,179.994,0,99996.9,0.3073,17.9994,-5.68823e-15,18.3067,0,0,18.3067,-29.6825,1,6,0,0,0.00447532,0,0,0,0,0,-1.60052,-1.90777,,,-0.682234,-0.989514,,,11.9489,11.6413,,
latency_outage,volatile_deep,100000,aggressive|outage|cod,40,3,True,"coinbase>=1,000,000",prints+quotes,9000013,10,0.175394,2.33393e+06,2.31122,7.63333,29.6825,aggressive,BTC-USD,buy,1.15868,100000,86305,0.234054,2.26721e+06,1.15868,1,0,86307.1,0.252968,18,180.005,0,100003,0.252968,18.0005,0,18.2534,0,0,18.2534,29.6825,1,6,0,0,0.0358025,3.44419,0,0,0,0,2.16068,1.90777,,,1.24245,0.989514,,,-11.388,-11.6413,,
latency_outage,volatile_deep,100000,aggressive|outage|cod,40,3,True,"coinbase>=1,000,000",prints+quotes,9000013,10,0.175394,2.33393e+06,2.31122,7.63333,29.6825,aggressive,BTC-USD,sell,1.15868,100000,86305,0.234054,2.42979e+06,1.15868,1,0,86302.3,0.3073,18,179.994,0,99996.9,0.3073,17.9994,-5.68823e-15,18.3067,0,0,18.3067,-29.6825,1,6,0,0,0.0358025,3.44419,0,0,0,0,-1.60052,-1.90777,,,-0.682234,-0.989514,,,11.9489,11.6413,,
latency_outage,volatile_deep,100000,aggressive|outage|no-cod,40,3,False,"coinbase>=1,000,000",prints+quotes,9000013,10,0.175394,2.33393e+06,2.31122,7.63333,29.6825,aggressive,BTC-USD,buy,1.15868,100000,86305,0.234054,2.26721e+06,1.15868,1,0,86307.1,0.252968,18,180.005,0,100003,0.252968,18.0005,0,18.2534,0,0,18.2534,29.6825,1,6,0,0,0.0358025,3.44419,0,0,0,0,2.16068,1.90777,,,1.24245,0.989514,,,-11.388,-11.6413,,
latency_outage,volatile_deep,100000,aggressive|outage|no-cod,40,3,False,"coinbase>=1,000,000",prints+quotes,9000013,10,0.175394,2.33393e+06,2.31122,7.63333,29.6825,aggressive,BTC-USD,sell,1.15868,100000,86305,0.234054,2.42979e+06,1.15868,1,0,86302.3,0.3073,18,179.994,0,99996.9,0.3073,17.9994,-5.68823e-15,18.3067,0,0,18.3067,-29.6825,1,6,0,0,0.0358025,3.44419,0,0,0,0,-1.60052,-1.90777,,,-0.682234,-0.989514,,,11.9489,11.6413,,
latency_outage,volatile_deep,100000,aggressive|prints-only,40,0,True,"coinbase>=1,000,000",prints-only,9000013,10,0.175394,2.33393e+06,2.31122,7.63333,29.6825,aggressive,BTC-USD,buy,1.15868,100000,86305,0.234054,2.26721e+06,1.15868,1,0,86307.1,0.252968,18,180.005,0,100003,0.252968,18.0005,0,18.2534,0,0,18.2534,29.6825,1,6,0,0,0.0358025,0,0,0,0,0,2.16068,1.90777,,,1.24245,0.989514,,,-11.388,-11.6413,,
latency_outage,volatile_deep,100000,aggressive|prints-only,40,0,True,"coinbase>=1,000,000",prints-only,9000013,10,0.175394,2.33393e+06,2.31122,7.63333,29.6825,aggressive,BTC-USD,sell,1.15868,100000,86305,0.234054,2.42979e+06,1.15868,1,0,86302.3,0.3073,18,179.994,0,99996.9,0.3073,17.9994,-5.68823e-15,18.3067,0,0,18.3067,-29.6825,1,6,0,0,0.0358025,0,0,0,0,0,-1.60052,-1.90777,,,-0.682234,-0.989514,,,11.9489,11.6413,,
latency_outage,volatile_deep,100000,hybrid|lat250ms,250,0,True,"coinbase>=1,000,000",prints+quotes,9000013,10,0.175394,2.33393e+06,2.31122,7.63333,29.6825,hybrid,BTC-USD,buy,1.15868,100000,86305,0.234054,2.26721e+06,1.15868,1,1,86294.4,-1.22589,8,79.9902,99987.7,0,-1.22589,7.99902,0,6.77313,0,0,6.77313,29.6825,7,3,5,1,3.7,0,0,1,2,0,-1.44773,-2.17904,-1.44773,-2.17904,3.98704,3.25615,3.98704,3.25615,-11.3313,-12.0633,-11.3313,-12.0633
latency_outage,volatile_deep,100000,hybrid|lat250ms,250,0,True,"coinbase>=1,000,000",prints+quotes,9000013,10,0.175394,2.33393e+06,2.31122,7.63333,29.6825,hybrid,BTC-USD,sell,1.15868,100000,86305,0.234054,2.42979e+06,1.15868,1,1,86285.1,2.3023,8,79.9816,99977,0,2.3023,7.99816,-0,10.3005,0,0,10.3005,-29.6825,4,2,1,3,2.9,0,0,0,2,0,0.720208,-0.229947,0.720208,-0.229947,-2.79332,-3.74315,-2.79332,-3.74315,7.89602,6.94517,7.89602,6.94517
latency_outage,volatile_deep,100000,hybrid|lat40ms,40,0,True,"coinbase>=1,000,000",prints+quotes,9000013,10,0.175394,2.33393e+06,2.31122,7.63333,29.6825,hybrid,BTC-USD,buy,1.15868,100000,86305,0.234054,2.26721e+06,1.15868,1,1,86304,-0.115868,8,79.9991,99998.8,0,-0.115868,7.99991,0,7.88404,0,0,7.88404,29.6825,1,5,0,0,0.3,0,0,3,2,0,3.28566,2.61644,3.28566,2.61644,3.02222,2.35297,3.02222,2.35297,-11.0421,-11.7123,-11.0421,-11.7123
latency_outage,volatile_deep,100000,hybrid|lat40ms,40,0,True,"coinbase>=1,000,000",prints+quotes,9000013,10,0.175394,2.33393e+06,2.31122,7.63333,29.6825,hybrid,BTC-USD,sell,1.15868,100000,86305,0.234054,2.42979e+06,1.15868,1,1,86275.2,3.45,8,79.9724,99965.5,0,3.45,7.99724,-5.68823e-15,11.4472,0,0,11.4472,-29.6825,4,3,0,3,2,0,0,1,2,0,2.71728,1.72874,2.71728,1.72874,-2.65856,-3.64644,-2.65856,-3.64644,11.8865,10.8972,11.8865,10.8972
latency_outage,volatile_deep,100000,hybrid|lat5ms,5,0,True,"coinbase>=1,000,000",prints+quotes,9000013,10,0.175394,2.33393e+06,2.31122,7.63333,29.6825,hybrid,BTC-USD,buy,1.15868,100000,86305,0.234054,2.26721e+06,1.15868,1,1,86304,-0.115868,8,79.9991,99998.8,0,-0.115868,7.99991,0,7.88404,0,0,7.88404,29.6825,1,5,0,0,0.3,0,0,3,2,0,3.28566,2.61644,3.28566,2.61644,3.02222,2.35297,3.02222,2.35297,-11.0421,-11.7123,-11.0421,-11.7123
latency_outage,volatile_deep,100000,hybrid|lat5ms,5,0,True,"coinbase>=1,000,000",prints+quotes,9000013,10,0.175394,2.33393e+06,2.31122,7.63333,29.6825,hybrid,BTC-USD,sell,1.15868,100000,86305,0.234054,2.42979e+06,1.15868,1,1,86287.9,1.97787,8,79.9842,99980.2,0,1.97787,7.99842,-0,9.97629,0,0,9.97629,-29.6825,2,2,0,1,0.7,0,0,0,2,0,-2.49083,-3.28771,-2.49083,-3.28771,-3.9552,-4.75197,-3.9552,-4.75197,11.6129,10.8149,11.6129,10.8149
latency_outage,volatile_deep,100000,hybrid|outage|cod,40,3,True,"coinbase>=1,000,000",prints+quotes,9000013,10,0.175394,2.33393e+06,2.31122,7.63333,29.6825,hybrid,BTC-USD,buy,1.15868,100000,86305,0.234054,2.26721e+06,1.15868,1,1,86304,-0.115868,8,79.9991,99998.8,0,-0.115868,7.99991,0,7.88404,0,0,7.88404,29.6825,1,5,0,0,0.3,3.44419,0,3,2,0,3.28566,2.61644,3.28566,2.61644,3.02222,2.35297,3.02222,2.35297,-11.0421,-11.7123,-11.0421,-11.7123
latency_outage,volatile_deep,100000,hybrid|outage|cod,40,3,True,"coinbase>=1,000,000",prints+quotes,9000013,10,0.175394,2.33393e+06,2.31122,7.63333,29.6825,hybrid,BTC-USD,sell,1.15868,100000,86305,0.234054,2.42979e+06,1.15868,1,1,86275.2,3.45,8,79.9724,99965.5,0,3.45,7.99724,-5.68823e-15,11.4472,0,0,11.4472,-29.6825,4,3,0,3,2,3.44419,0,1,2,0,2.71728,1.72874,2.71728,1.72874,-2.65856,-3.64644,-2.65856,-3.64644,11.8865,10.8972,11.8865,10.8972
latency_outage,volatile_deep,100000,hybrid|outage|no-cod,40,3,False,"coinbase>=1,000,000",prints+quotes,9000013,10,0.175394,2.33393e+06,2.31122,7.63333,29.6825,hybrid,BTC-USD,buy,1.15868,100000,86305,0.234054,2.26721e+06,1.15868,1,1,86304,-0.115868,8,79.9991,99998.8,0,-0.115868,7.99991,0,7.88404,0,0,7.88404,29.6825,1,5,0,0,0.3,3.44419,0,3,2,0,3.28566,2.61644,3.28566,2.61644,3.02222,2.35297,3.02222,2.35297,-11.0421,-11.7123,-11.0421,-11.7123
latency_outage,volatile_deep,100000,hybrid|outage|no-cod,40,3,False,"coinbase>=1,000,000",prints+quotes,9000013,10,0.175394,2.33393e+06,2.31122,7.63333,29.6825,hybrid,BTC-USD,sell,1.15868,100000,86305,0.234054,2.42979e+06,1.15868,1,1,86275.2,3.45,8,79.9724,99965.5,0,3.45,7.99724,-5.68823e-15,11.4472,0,0,11.4472,-29.6825,4,3,0,3,2,3.44419,0,1,2,0,2.71728,1.72874,2.71728,1.72874,-2.65856,-3.64644,-2.65856,-3.64644,11.8865,10.8972,11.8865,10.8972
latency_outage,volatile_deep,100000,hybrid|prints-only,40,0,True,"coinbase>=1,000,000",prints-only,9000013,10,0.175394,2.33393e+06,2.31122,7.63333,29.6825,hybrid,BTC-USD,buy,1.15868,100000,86305,0.234054,2.26721e+06,1.15868,1,1,86379.4,8.62824,8,80.069,100086,0,8.62824,8.0069,0,16.6351,0,0,16.6351,29.6825,64,79,0,63,40.2285,0,0,79,0,0,0.681123,0.0522382,0.681123,0.0522382,0.211039,-0.417893,0.211039,-0.417893,-15.2473,-15.8771,-15.2473,-15.8771
latency_outage,volatile_deep,100000,hybrid|prints-only,40,0,True,"coinbase>=1,000,000",prints-only,9000013,10,0.175394,2.33393e+06,2.31122,7.63333,29.6825,hybrid,BTC-USD,sell,1.15868,100000,86305,0.234054,2.42979e+06,1.15868,1,0.508543,86334.2,-3.38926,12.917,129.213,50847.6,49186.3,-3.38926,12.9213,-2.56175e-07,9.53208,3.45e-10,0.000865608,9.53208,-29.6825,66,84,0,65,42.1451,0,0,80,0,0,0.716142,0.254995,1.9918,1.43785,6.23655,5.77514,7.14783,6.59356,13.5807,13.119,15.0134,14.4589
latency_outage,volatile_deep,100000,passive|lat250ms,250,0,True,"coinbase>=1,000,000",prints+quotes,9000013,10,0.175394,2.33393e+06,2.31122,7.63333,29.6825,passive,BTC-USD,buy,1.15868,100000,86305,0.234054,2.26721e+06,1.15868,1,1,86294.4,-1.22589,8,79.9902,99987.7,0,-1.22589,7.99902,0,6.77313,0,0,6.77313,29.6825,7,3,5,1,3.7,0,0,1,2,0,-1.44773,-2.17904,-1.44773,-2.17904,3.98704,3.25615,3.98704,3.25615,-11.3313,-12.0633,-11.3313,-12.0633
latency_outage,volatile_deep,100000,passive|lat250ms,250,0,True,"coinbase>=1,000,000",prints+quotes,9000013,10,0.175394,2.33393e+06,2.31122,7.63333,29.6825,passive,BTC-USD,sell,1.15868,100000,86305,0.234054,2.42979e+06,1.15868,1,1,86285.1,2.3023,8,79.9816,99977,0,2.3023,7.99816,-0,10.3005,0,0,10.3005,-29.6825,4,2,1,3,2.9,0,0,0,2,0,0.720208,-0.229947,0.720208,-0.229947,-2.79332,-3.74315,-2.79332,-3.74315,7.89602,6.94517,7.89602,6.94517
latency_outage,volatile_deep,100000,passive|lat40ms,40,0,True,"coinbase>=1,000,000",prints+quotes,9000013,10,0.175394,2.33393e+06,2.31122,7.63333,29.6825,passive,BTC-USD,buy,1.15868,100000,86305,0.234054,2.26721e+06,1.15868,1,1,86304,-0.115868,8,79.9991,99998.8,0,-0.115868,7.99991,0,7.88404,0,0,7.88404,29.6825,1,5,0,0,0.3,0,0,3,2,0,3.28566,2.61644,3.28566,2.61644,3.02222,2.35297,3.02222,2.35297,-11.0421,-11.7123,-11.0421,-11.7123
latency_outage,volatile_deep,100000,passive|lat40ms,40,0,True,"coinbase>=1,000,000",prints+quotes,9000013,10,0.175394,2.33393e+06,2.31122,7.63333,29.6825,passive,BTC-USD,sell,1.15868,100000,86305,0.234054,2.42979e+06,1.15868,1,1,86275.2,3.45,8,79.9724,99965.5,0,3.45,7.99724,-5.68823e-15,11.4472,0,0,11.4472,-29.6825,4,3,0,3,2,0,0,1,2,0,2.71728,1.72874,2.71728,1.72874,-2.65856,-3.64644,-2.65856,-3.64644,11.8865,10.8972,11.8865,10.8972
latency_outage,volatile_deep,100000,passive|lat5ms,5,0,True,"coinbase>=1,000,000",prints+quotes,9000013,10,0.175394,2.33393e+06,2.31122,7.63333,29.6825,passive,BTC-USD,buy,1.15868,100000,86305,0.234054,2.26721e+06,1.15868,1,1,86304,-0.115868,8,79.9991,99998.8,0,-0.115868,7.99991,0,7.88404,0,0,7.88404,29.6825,1,5,0,0,0.3,0,0,3,2,0,3.28566,2.61644,3.28566,2.61644,3.02222,2.35297,3.02222,2.35297,-11.0421,-11.7123,-11.0421,-11.7123
latency_outage,volatile_deep,100000,passive|lat5ms,5,0,True,"coinbase>=1,000,000",prints+quotes,9000013,10,0.175394,2.33393e+06,2.31122,7.63333,29.6825,passive,BTC-USD,sell,1.15868,100000,86305,0.234054,2.42979e+06,1.15868,1,1,86287.9,1.97787,8,79.9842,99980.2,0,1.97787,7.99842,-0,9.97629,0,0,9.97629,-29.6825,2,2,0,1,0.7,0,0,0,2,0,-2.49083,-3.28771,-2.49083,-3.28771,-3.9552,-4.75197,-3.9552,-4.75197,11.6129,10.8149,11.6129,10.8149
latency_outage,volatile_deep,100000,passive|outage|cod,40,3,True,"coinbase>=1,000,000",prints+quotes,9000013,10,0.175394,2.33393e+06,2.31122,7.63333,29.6825,passive,BTC-USD,buy,1.15868,100000,86305,0.234054,2.26721e+06,1.15868,1,1,86304,-0.115868,8,79.9991,99998.8,0,-0.115868,7.99991,0,7.88404,0,0,7.88404,29.6825,1,5,0,0,0.3,3.44419,0,3,2,0,3.28566,2.61644,3.28566,2.61644,3.02222,2.35297,3.02222,2.35297,-11.0421,-11.7123,-11.0421,-11.7123
latency_outage,volatile_deep,100000,passive|outage|cod,40,3,True,"coinbase>=1,000,000",prints+quotes,9000013,10,0.175394,2.33393e+06,2.31122,7.63333,29.6825,passive,BTC-USD,sell,1.15868,100000,86305,0.234054,2.42979e+06,1.15868,1,1,86275.2,3.45,8,79.9724,99965.5,0,3.45,7.99724,-5.68823e-15,11.4472,0,0,11.4472,-29.6825,4,3,0,3,2,3.44419,0,1,2,0,2.71728,1.72874,2.71728,1.72874,-2.65856,-3.64644,-2.65856,-3.64644,11.8865,10.8972,11.8865,10.8972
latency_outage,volatile_deep,100000,passive|outage|no-cod,40,3,False,"coinbase>=1,000,000",prints+quotes,9000013,10,0.175394,2.33393e+06,2.31122,7.63333,29.6825,passive,BTC-USD,buy,1.15868,100000,86305,0.234054,2.26721e+06,1.15868,1,1,86304,-0.115868,8,79.9991,99998.8,0,-0.115868,7.99991,0,7.88404,0,0,7.88404,29.6825,1,5,0,0,0.3,3.44419,0,3,2,0,3.28566,2.61644,3.28566,2.61644,3.02222,2.35297,3.02222,2.35297,-11.0421,-11.7123,-11.0421,-11.7123
latency_outage,volatile_deep,100000,passive|outage|no-cod,40,3,False,"coinbase>=1,000,000",prints+quotes,9000013,10,0.175394,2.33393e+06,2.31122,7.63333,29.6825,passive,BTC-USD,sell,1.15868,100000,86305,0.234054,2.42979e+06,1.15868,1,1,86275.2,3.45,8,79.9724,99965.5,0,3.45,7.99724,-5.68823e-15,11.4472,0,0,11.4472,-29.6825,4,3,0,3,2,3.44419,0,1,2,0,2.71728,1.72874,2.71728,1.72874,-2.65856,-3.64644,-2.65856,-3.64644,11.8865,10.8972,11.8865,10.8972
latency_outage,volatile_deep,100000,passive|prints-only,40,0,True,"coinbase>=1,000,000",prints-only,9000013,10,0.175394,2.33393e+06,2.31122,7.63333,29.6825,passive,BTC-USD,buy,1.15868,100000,86305,0.234054,2.26721e+06,1.15868,1,1,86379.4,8.62824,8,80.069,100086,0,8.62824,8.0069,0,16.6351,0,0,16.6351,29.6825,64,79,0,63,40.2285,0,0,79,0,0,0.681123,0.0522382,0.681123,0.0522382,0.211039,-0.417893,0.211039,-0.417893,-15.2473,-15.8771,-15.2473,-15.8771
latency_outage,volatile_deep,100000,passive|prints-only,40,0,True,"coinbase>=1,000,000",prints-only,9000013,10,0.175394,2.33393e+06,2.31122,7.63333,29.6825,passive,BTC-USD,sell,1.15868,100000,86305,0.234054,2.42979e+06,1.15868,1,1,86383.8,-9.1375,8,80.0731,100091,0,-9.1375,8.00731,-0,-1.13019,0,0,-1.13019,-29.6825,83,103,0,82,53.2129,0,0,103,0,0,1.47945,0.584077,1.47945,0.584077,7.79971,6.90362,7.79971,6.90362,16.7157,15.8188,16.7157,15.8188
latency_outage,volatile_deep,100000,aggressive|lat250ms,250,0,True,"coinbase>=1,000,000",prints+quotes,9000014,10,0.167523,2.34202e+06,1.91965,7.73333,-2.8667,aggressive,BTC-USD,buy,1.15756,100000,86388.4,0.120386,2.59416e+06,1.15756,1,0,86409.3,2.4117,18,180.043,0,100024,2.4117,18.0043,-0,20.416,0,0,20.416,-2.8667,1,6,0,0,0.465944,0,0,0,0,0,-1.91249,-2.04784,,,2.49618,2.36089,,,11.5045,11.3693,,
latency_outage,volatile_deep,100000,aggressive|lat250ms,250,0,True,"coinbase>=1,000,000",prints+quotes,9000014,10,0.167523,2.34202e+06,1.91965,7.73333,-2.8667,aggressive,BTC-USD,sell,1.15756,100000,86388.4,0.120386,2.20605e+06,1.15756,1,0,86403.2,-1.70198,18,180.031,0,100017,-1.70198,18.0031,0,16.3011,0,0,16.3011,2.8667,1,5,0,0,0.465944,0,0,0,0,0,2.62223,2.04784,,,-1.78675,-2.36089,,,-10.7957,-11.3693,,
latency_outage,volatile_deep,100000,aggressive|lat40ms,40,0,True,"coinbase>=1,000,000",prints+quotes,9000014,10,0.167523,2.34202e+06,1.91965,7.73333,-2.8667,aggressive,BTC-USD,buy,1.15756,100000,86388.4,0.120386,2.59416e+06,1.15756,1,0,86390.1,0.186372,18,180.003,0,100002,0.186372,18.0003,-0,18.1867,0,0,18.1867,-2.8667,1,6,0,0,0.0745511,0,0,0,0,0,-2.53038,-2.7168,,,-0.643012,-0.829393,,,7.77636,7.59014,,
latency_outage,volatile_deep,100000,aggressive|lat40ms,40,0,True,"coinbase>=1,000,000",prints+quotes,9000014,10,0.167523,2.34202e+06,1.91965,7.73333,-2.8667,aggressive,BTC-USD,sell,1.15756,100000,86388.4,0.120386,2.20605e+06,1.15756,1,0,86386,0.28411,18,179.995,0,99997.2,0.28411,17.9995,0,18.2836,0,0,18.2836,2.8667,1,7,0,0,0.0745511,0,0,0,0,0,3.00099,2.7168,,,1.11354,0.829393,,,-7.30623,-7.59014,,
latency_outage,volatile_deep,100000,aggressive|lat5ms,5,0,True,"coinbase>=1,000,000",prints+quotes,9000014,10,0.167523,2.34202e+06,1.91965,7.73333,-2.8667,aggressive,BTC-USD,buy,1.15756,100000,86388.4,0.120386,2.59416e+06,1.15756,1,0,86390.1,0.186372,18,180.003,0,100002,0.186372,18.0003,-0,18.1867,0,0,18.1867,-2.8667,1,6,0,0,0.00931889,0,0,0,0,0,-2.53038,-2.7168,,,-0.643012,-0.829393,,,7.77636,7.59014,,
latency_outage,volatile_deep,100000,aggressive|lat5ms,5,0,True,"coinbase>=1,000,000",prints+quotes,9000014,10,0.167523,2.34202e+06,1.91965,7.73333,-2.8667,aggressive,BTC-USD,sell,1.15756,100000,86388.4,0.120386,2.20605e+06,1.15756,1,0,86386,0.28411,18,179.995,0,99997.2,0.28411,17.9995,0,18.2836,0,0,18.2836,2.8667,1,7,0,0,0.00931889,0,0,0,0,0,3.00099,2.7168,,,1.11354,0.829393,,,-7.30623,-7.59014,,
latency_outage,volatile_deep,100000,aggressive|outage|cod,40,3,True,"coinbase>=1,000,000",prints+quotes,9000014,10,0.167523,2.34202e+06,1.91965,7.73333,-2.8667,aggressive,BTC-USD,buy,1.15756,100000,86388.4,0.120386,2.59416e+06,1.15756,1,0,86390.1,0.186372,18,180.003,0,100002,0.186372,18.0003,-0,18.1867,0,0,18.1867,-2.8667,1,6,0,0,0.0745511,2.54859,0,0,0,0,-2.53038,-2.7168,,,-0.643012,-0.829393,,,7.77636,7.59014,,
latency_outage,volatile_deep,100000,aggressive|outage|cod,40,3,True,"coinbase>=1,000,000",prints+quotes,9000014,10,0.167523,2.34202e+06,1.91965,7.73333,-2.8667,aggressive,BTC-USD,sell,1.15756,100000,86388.4,0.120386,2.20605e+06,1.15756,1,0,86386,0.28411,18,179.995,0,99997.2,0.28411,17.9995,0,18.2836,0,0,18.2836,2.8667,1,7,0,0,0.0745511,2.54859,0,0,0,0,3.00099,2.7168,,,1.11354,0.829393,,,-7.30623,-7.59014,,
latency_outage,volatile_deep,100000,aggressive|outage|no-cod,40,3,False,"coinbase>=1,000,000",prints+quotes,9000014,10,0.167523,2.34202e+06,1.91965,7.73333,-2.8667,aggressive,BTC-USD,buy,1.15756,100000,86388.4,0.120386,2.59416e+06,1.15756,1,0,86390.1,0.186372,18,180.003,0,100002,0.186372,18.0003,-0,18.1867,0,0,18.1867,-2.8667,1,6,0,0,0.0745511,2.54859,0,0,0,0,-2.53038,-2.7168,,,-0.643012,-0.829393,,,7.77636,7.59014,,
latency_outage,volatile_deep,100000,aggressive|outage|no-cod,40,3,False,"coinbase>=1,000,000",prints+quotes,9000014,10,0.167523,2.34202e+06,1.91965,7.73333,-2.8667,aggressive,BTC-USD,sell,1.15756,100000,86388.4,0.120386,2.20605e+06,1.15756,1,0,86386,0.28411,18,179.995,0,99997.2,0.28411,17.9995,0,18.2836,0,0,18.2836,2.8667,1,7,0,0,0.0745511,2.54859,0,0,0,0,3.00099,2.7168,,,1.11354,0.829393,,,-7.30623,-7.59014,,
latency_outage,volatile_deep,100000,aggressive|prints-only,40,0,True,"coinbase>=1,000,000",prints-only,9000014,10,0.167523,2.34202e+06,1.91965,7.73333,-2.8667,aggressive,BTC-USD,buy,1.15756,100000,86388.4,0.120386,2.59416e+06,1.15756,1,0,86390.1,0.186372,18,180.003,0,100002,0.186372,18.0003,-0,18.1867,0,0,18.1867,-2.8667,1,6,0,0,0.0745511,0,0,0,0,0,-2.53038,-2.7168,,,-0.643012,-0.829393,,,7.77636,7.59014,,
latency_outage,volatile_deep,100000,aggressive|prints-only,40,0,True,"coinbase>=1,000,000",prints-only,9000014,10,0.167523,2.34202e+06,1.91965,7.73333,-2.8667,aggressive,BTC-USD,sell,1.15756,100000,86388.4,0.120386,2.20605e+06,1.15756,1,0,86386,0.28411,18,179.995,0,99997.2,0.28411,17.9995,0,18.2836,0,0,18.2836,2.8667,1,7,0,0,0.0745511,0,0,0,0,0,3.00099,2.7168,,,1.11354,0.829393,,,-7.30623,-7.59014,,
latency_outage,volatile_deep,100000,hybrid|lat250ms,250,0,True,"coinbase>=1,000,000",prints+quotes,9000014,10,0.167523,2.34202e+06,1.91965,7.73333,-2.8667,hybrid,BTC-USD,buy,1.15756,100000,86388.4,0.120386,2.59416e+06,1.15756,1,1,86407.9,2.25146,8,80.018,100023,0,2.25146,8.0018,-0,10.2533,0,0,10.2533,-2.8667,5,2,2,2,2.5,0,0,0,2,0,2.51429,1.63765,2.51429,1.63765,0.502015,-0.374806,0.502015,-0.374806,8.76353,7.88743,8.76353,7.88743
latency_outage,volatile_deep,100000,hybrid|lat250ms,250,0,True,"coinbase>=1,000,000",prints+quotes,9000014,10,0.167523,2.34202e+06,1.91965,7.73333,-2.8667,hybrid,BTC-USD,sell,1.15756,100000,86388.4,0.120386,2.20605e+06,1.15756,1,1,86406.1,-2.04194,8,80.0163,100020,0,-2.04194,8.00163,0,5.95969,0,0,5.95969,2.8667,2,2,1,0,1,0,0,0,2,0,-0.0349391,-0.685431,-0.0349391,-0.685431,0.940735,0.290178,0.940735,0.290178,-12.0298,-12.6795,-12.0298,-12.6795
latency_outage,volatile_deep,100000,hybrid|lat40ms,40,0,True,"coinbase>=1,000,000",prints+quotes,9000014,10,0.167523,2.34202e+06,1.91965,7.73333,-2.8667,hybrid,BTC-USD,buy,1.15756,100000,86388.4,0.120386,2.59416e+06,1.15756,1,1,86419.6,3.60465,8,80.0288,100036,0,3.60465,8.00288,-0,11.6075,0,0,11.6075,-2.8667,3,3,0,2,1.9,0,0,1,2,0,2.17358,1.04013,2.17358,1.04013,2.65681,1.52341,2.65681,1.52341,11.6825,10.5501,11.6825,10.5501
latency_outage,volatile_deep,100000,hybrid|lat40ms,40,0,True,"coinbase>=1,000,000",prints+quotes,9000014,10,0.167523,2.34202e+06,1.91965,7.73333,-2.8667,hybrid,BTC-USD,sell,1.15756,100000,86388.4,0.120386,2.20605e+06,1.15756,1,1,86389,-0.0590357,8,80.0005,100001,0,-0.0590357,8.00005,0,7.94101,0,0,7.94101,2.8667,1,3,0,0,0.2,0,0,1,2,0,2.65852,1.92762,2.65852,1.92762,1.22113,0.490354,1.22113,0.490354,-8.63152,-9.36155,-8.63152,-9.36155
latency_outage,volatile_deep,100000,hybrid|lat5ms,5,0,True,"coinbase>=1,000,000",prints+quotes,9000014,10,0.167523,2.34202e+06,1.91965,7.73333,-2.8667,hybrid,BTC-USD,buy,1.15756,100000,86388.4,0.120386,2.59416e+06,1.15756,1,1,86417,3.2997,8,80.0264,100033,0,3.2997,8.00264,-2.4765e-08,11.3023,4.5e-11,0.000863637,11.3023,-2.8667,3,4,0,2,1.9,0,0,1,3,0,1.46547,0.493832,1.46547,0.493832,2.38797,1.41639,2.38797,1.41639,11.541,10.5703,11.541,10.5703
latency_outage,volatile_deep,100000,hybrid|lat5ms,5,0,True,"coinbase>=1,000,000",prints+quotes,9000014,10,0.167523,2.34202e+06,1.91965,7.73333,-2.8667,hybrid,BTC-USD,sell,1.15756,100000,86388.4,0.120386,2.20605e+06,1.15756,1,1,86389,-0.0590357,8,80.0005,100001,0,-0.0590357,8.00005,0,7.94101,0,0,7.94101,2.8667,1,3,0,0,0.2,0,0,1,2,0,2.65852,1.92762,2.65852,1.92762,1.22113,0.490354,1.22113,0.490354,-8.63152,-9.36155,-8.63152,-9.36155
latency_outage,volatile_deep,100000,hybrid|outage|cod,40,3,True,"coinbase>=1,000,000",prints+quotes,9000014,10,0.167523,2.34202e+06,1.91965,7.73333,-2.8667,hybrid,BTC-USD,buy,1.15756,100000,86388.4,0.120386,2.59416e+06,1.15756,1,1,86419.6,3.60465,8,80.0288,100036,0,3.60465,8.00288,-0,11.6075,0,0,11.6075,-2.8667,3,3,0,2,1.9,2.54859,0,1,2,0,2.17358,1.04013,2.17358,1.04013,2.65681,1.52341,2.65681,1.52341,11.6825,10.5501,11.6825,10.5501
latency_outage,volatile_deep,100000,hybrid|outage|cod,40,3,True,"coinbase>=1,000,000",prints+quotes,9000014,10,0.167523,2.34202e+06,1.91965,7.73333,-2.8667,hybrid,BTC-USD,sell,1.15756,100000,86388.4,0.120386,2.20605e+06,1.15756,1,1,86389,-0.0590357,8,80.0005,100001,0,-0.0590357,8.00005,0,7.94101,0,0,7.94101,2.8667,1,3,0,0,0.2,2.54859,0,1,2,0,2.65852,1.92762,2.65852,1.92762,1.22113,0.490354,1.22113,0.490354,-8.63152,-9.36155,-8.63152,-9.36155
latency_outage,volatile_deep,100000,hybrid|outage|no-cod,40,3,False,"coinbase>=1,000,000",prints+quotes,9000014,10,0.167523,2.34202e+06,1.91965,7.73333,-2.8667,hybrid,BTC-USD,buy,1.15756,100000,86388.4,0.120386,2.59416e+06,1.15756,1,1,86419.6,3.60465,8,80.0288,100036,0,3.60465,8.00288,-0,11.6075,0,0,11.6075,-2.8667,3,3,0,2,1.9,2.54859,0,1,2,0,2.17358,1.04013,2.17358,1.04013,2.65681,1.52341,2.65681,1.52341,11.6825,10.5501,11.6825,10.5501
latency_outage,volatile_deep,100000,hybrid|outage|no-cod,40,3,False,"coinbase>=1,000,000",prints+quotes,9000014,10,0.167523,2.34202e+06,1.91965,7.73333,-2.8667,hybrid,BTC-USD,sell,1.15756,100000,86388.4,0.120386,2.20605e+06,1.15756,1,1,86389,-0.0590357,8,80.0005,100001,0,-0.0590357,8.00005,0,7.94101,0,0,7.94101,2.8667,1,3,0,0,0.2,2.54859,0,1,2,0,2.65852,1.92762,2.65852,1.92762,1.22113,0.490354,1.22113,0.490354,-8.63152,-9.36155,-8.63152,-9.36155
latency_outage,volatile_deep,100000,hybrid|prints-only,40,0,True,"coinbase>=1,000,000",prints-only,9000014,10,0.167523,2.34202e+06,1.91965,7.73333,-2.8667,hybrid,BTC-USD,buy,1.15756,100000,86388.4,0.120386,2.59416e+06,1.15756,1,1,86383.1,-0.618249,8,79.9951,99993.8,0,-0.618249,7.99951,-0,7.38126,0,0,7.38126,-2.8667,60,59,1,58,37.3114,0,0,59,0,0,0.0230152,-0.609983,0.0230152,-0.609983,3.53079,2.89802,3.53079,2.89802,8.40827,7.77592,8.40827,7.77592
latency_outage,volatile_deep,100000,hybrid|prints-only,40,0,True,"coinbase>=1,000,000",prints-only,9000014,10,0.167523,2.34202e+06,1.91965,7.73333,-2.8667,hybrid,BTC-USD,sell,1.15756,100000,86388.4,0.120386,2.20605e+06,1.15756,1,0.971991,86329,6.87894,8.28004,82.7434,97132.8,2798.43,6.87894,8.27434,2.4765e-08,15.1533,4.5e-11,0.000863636,15.1533,2.8667,68,97,1,66,42.1275,0,1,95,0,0,1.20302,0.33818,1.27334,0.384333,0.626261,-0.238559,0.603993,-0.284996,-0.110268,-0.974687,-0.556734,-1.44531
latency_outage,volatile_deep,100000,passive|lat250ms,250,0,True,"coinbase>=1,000,000",prints+quotes,9000014,10,0.167523,2.34202e+06,1.91965,7.73333,-2.8667,passive,BTC-USD,buy,1.15756,100000,86388.4,0.120386,2.59416e+06,1.15756,1,1,86407.9,2.25146,8,80.018,100023,0,2.25146,8.0018,-0,10.2533,0,0,10.2533,-2.8667,5,2,2,2,2.5,0,0,0,2,0,2.51429,1.63765,2.51429,1.63765,0.502015,-0.374806,0.502015,-0.374806,8.76353,7.88743,8.76353,7.88743
latency_outage,volatile_deep,100000,passive|lat250ms,250,0,True,"coinbase>=1,000,000",prints+quotes,9000014,10,0.167523,2.34202e+06,1.91965,7.73333,-2.8667,passive,BTC-USD,sell,1.15756,100000,86388.4,0.120386,2.20605e+06,1.15756,1,1,86406.1,-2.04194,8,80.0163,100020,0,-2.04194,8.00163,0,5.95969,0,0,5.95969,2.8667,2,2,1,0,1,0,0,0,2,0,-0.0349391,-0.685431,-0.0349391,-0.685431,0.940735,0.290178,0.940735,0.290178,-12.0298,-12.6795,-12.0298,-12.6795
latency_outage,volatile_deep,100000,passive|lat40ms,40,0,True,"coinbase>=1,000,000",prints+quotes,9000014,10,0.167523,2.34202e+06,1.91965,7.73333,-2.8667,passive,BTC-USD,buy,1.15756,100000,86388.4,0.120386,2.59416e+06,1.15756,1,1,86419.6,3.60465,8,80.0288,100036,0,3.60465,8.00288,-0,11.6075,0,0,11.6075,-2.8667,3,3,0,2,1.9,0,0,1,2,0,2.17358,1.04013,2.17358,1.04013,2.65681,1.52341,2.65681,1.52341,11.6825,10.5501,11.6825,10.5501
latency_outage,volatile_deep,100000,passive|lat40ms,40,0,True,"coinbase>=1,000,000",prints+quotes,9000014,10,0.167523,2.34202e+06,1.91965,7.73333,-2.8667,passive,BTC-USD,sell,1.15756,100000,86388.4,0.120386,2.20605e+06,1.15756,1,1,86389,-0.0590357,8,80.0005,100001,0,-0.0590357,8.00005,0,7.94101,0,0,7.94101,2.8667,1,3,0,0,0.2,0,0,1,2,0,2.65852,1.92762,2.65852,1.92762,1.22113,0.490354,1.22113,0.490354,-8.63152,-9.36155,-8.63152,-9.36155
latency_outage,volatile_deep,100000,passive|lat5ms,5,0,True,"coinbase>=1,000,000",prints+quotes,9000014,10,0.167523,2.34202e+06,1.91965,7.73333,-2.8667,passive,BTC-USD,buy,1.15756,100000,86388.4,0.120386,2.59416e+06,1.15756,1,1,86417,3.2997,8,80.0264,100033,0,3.2997,8.00264,-2.4765e-08,11.3023,4.5e-11,0.000863637,11.3023,-2.8667,3,4,0,2,1.9,0,0,1,3,0,1.46547,0.493832,1.46547,0.493832,2.38797,1.41639,2.38797,1.41639,11.541,10.5703,11.541,10.5703
latency_outage,volatile_deep,100000,passive|lat5ms,5,0,True,"coinbase>=1,000,000",prints+quotes,9000014,10,0.167523,2.34202e+06,1.91965,7.73333,-2.8667,passive,BTC-USD,sell,1.15756,100000,86388.4,0.120386,2.20605e+06,1.15756,1,1,86389,-0.0590357,8,80.0005,100001,0,-0.0590357,8.00005,0,7.94101,0,0,7.94101,2.8667,1,3,0,0,0.2,0,0,1,2,0,2.65852,1.92762,2.65852,1.92762,1.22113,0.490354,1.22113,0.490354,-8.63152,-9.36155,-8.63152,-9.36155
latency_outage,volatile_deep,100000,passive|outage|cod,40,3,True,"coinbase>=1,000,000",prints+quotes,9000014,10,0.167523,2.34202e+06,1.91965,7.73333,-2.8667,passive,BTC-USD,buy,1.15756,100000,86388.4,0.120386,2.59416e+06,1.15756,1,1,86419.6,3.60465,8,80.0288,100036,0,3.60465,8.00288,-0,11.6075,0,0,11.6075,-2.8667,3,3,0,2,1.9,2.54859,0,1,2,0,2.17358,1.04013,2.17358,1.04013,2.65681,1.52341,2.65681,1.52341,11.6825,10.5501,11.6825,10.5501
latency_outage,volatile_deep,100000,passive|outage|cod,40,3,True,"coinbase>=1,000,000",prints+quotes,9000014,10,0.167523,2.34202e+06,1.91965,7.73333,-2.8667,passive,BTC-USD,sell,1.15756,100000,86388.4,0.120386,2.20605e+06,1.15756,1,1,86389,-0.0590357,8,80.0005,100001,0,-0.0590357,8.00005,0,7.94101,0,0,7.94101,2.8667,1,3,0,0,0.2,2.54859,0,1,2,0,2.65852,1.92762,2.65852,1.92762,1.22113,0.490354,1.22113,0.490354,-8.63152,-9.36155,-8.63152,-9.36155
latency_outage,volatile_deep,100000,passive|outage|no-cod,40,3,False,"coinbase>=1,000,000",prints+quotes,9000014,10,0.167523,2.34202e+06,1.91965,7.73333,-2.8667,passive,BTC-USD,buy,1.15756,100000,86388.4,0.120386,2.59416e+06,1.15756,1,1,86419.6,3.60465,8,80.0288,100036,0,3.60465,8.00288,-0,11.6075,0,0,11.6075,-2.8667,3,3,0,2,1.9,2.54859,0,1,2,0,2.17358,1.04013,2.17358,1.04013,2.65681,1.52341,2.65681,1.52341,11.6825,10.5501,11.6825,10.5501
latency_outage,volatile_deep,100000,passive|outage|no-cod,40,3,False,"coinbase>=1,000,000",prints+quotes,9000014,10,0.167523,2.34202e+06,1.91965,7.73333,-2.8667,passive,BTC-USD,sell,1.15756,100000,86388.4,0.120386,2.20605e+06,1.15756,1,1,86389,-0.0590357,8,80.0005,100001,0,-0.0590357,8.00005,0,7.94101,0,0,7.94101,2.8667,1,3,0,0,0.2,2.54859,0,1,2,0,2.65852,1.92762,2.65852,1.92762,1.22113,0.490354,1.22113,0.490354,-8.63152,-9.36155,-8.63152,-9.36155
latency_outage,volatile_deep,100000,passive|prints-only,40,0,True,"coinbase>=1,000,000",prints-only,9000014,10,0.167523,2.34202e+06,1.91965,7.73333,-2.8667,passive,BTC-USD,buy,1.15756,100000,86388.4,0.120386,2.59416e+06,1.15756,1,1,86383.1,-0.618249,8,79.9951,99993.8,0,-0.618249,7.99951,-0,7.38126,0,0,7.38126,-2.8667,60,59,1,58,37.3114,0,0,59,0,0,0.0230152,-0.609983,0.0230152,-0.609983,3.53079,2.89802,3.53079,2.89802,8.40827,7.77592,8.40827,7.77592
latency_outage,volatile_deep,100000,passive|prints-only,40,0,True,"coinbase>=1,000,000",prints-only,9000014,10,0.167523,2.34202e+06,1.91965,7.73333,-2.8667,passive,BTC-USD,sell,1.15756,100000,86388.4,0.120386,2.20605e+06,1.15756,1,1,86329.4,6.83899,8,79.9453,99931.6,0,6.83899,7.99453,2.4765e-08,14.8335,4.5e-11,0.000863636,14.8335,2.8667,79,111,1,77,50.9,0,1,110,0,0,1.23889,0.364118,1.23889,0.364118,0.626263,-0.248483,0.626263,-0.248483,-0.00427724,-0.878641,-0.00427724,-0.878641
latency_outage,volatile_deep,100000,aggressive|lat250ms,250,0,True,"coinbase>=1,000,000",prints+quotes,9000015,10,0.176483,2.38631e+06,3.03116,8.1,6.01055,aggressive,BTC-USD,buy,1.16034,100000,86181.8,0.0800633,2.1477e+06,1.16034,1,0,86186.3,0.520992,18,180.009,0,100005,0.520992,18.0009,5.18e-08,18.5219,3.45e-10,0.00086234,18.5219,6.01055,1,4,0,0,0.23445,0,0,0,0,0,0.233783,-0.407283,,,-11.2083,-11.8501,,,-16.4191,-17.0612,,
latency_outage,volatile_deep,100000,aggressive|lat250ms,250,0,True,"coinbase>=1,000,000",prints+quotes,9000015,10,0.176483,2.38631e+06,3.03116,8.1,6.01055,aggressive,BTC-USD,sell,1.16034,100000,86181.8,0.0800633,3.0017e+06,1.16034,1,0,86179,0.326927,18,179.994,0,99996.7,0.326927,17.9994,-5.18e-08,18.3263,3.45e-10,0.000862333,18.3263,-6.01055,1,7,0,0,0.23445,0,0,0,0,0,0.614131,0.407283,,,12.0572,11.8501,,,17.2684,17.0612,,
latency_outage,volatile_deep,100000,aggressive|lat40ms,40,0,True,"coinbase>=1,000,000",prints+quotes,9000015,10,0.176483,2.38631e+06,3.03116,8.1,6.01055,aggressive,BTC-USD,buy,1.16034,100000,86181.8,0.0800633,2.1477e+06,1.16034,1,0,86183.6,0.209919,18,180.004,0,100002,0.209919,18.0004,5.18e-08,18.2103,3.45e-10,0.00086234,18.2103,6.01055,1,8,0,0,0.0375121,0,0,0,0,0,0.400784,0.190876,,,-12.3975,-12.6076,,,-16.9012,-17.1115,,
latency_outage,volatile_deep,100000,aggressive|lat40ms,40,0,True,"coinbase>=1,000,000",prints+quotes,9000015,10,0.176483,2.38631e+06,3.03116,8.1,6.01055,aggressive,BTC-USD,sell,1.16034,100000,86181.8,0.0800633,3.0017e+06,1.16034,1,0,86181,0.0905929,18,179.998,0,99999.1,0.0905929,17.9998,-5.18e-08,18.0904,3.45e-10,0.000862333,18.0904,-6.01055,1,4,0,0,0.0375121,0,0,0,0,0,-0.100284,-0.190876,,,12.6984,12.6076,,,17.2022,17.1115,,
latency_outage,volatile_deep,100000,aggressive|lat5ms,5,0,True,"coinbase>=1,000,000",prints+quotes,9000015,10,0.176483,2.38631e+06,3.03116,8.1,6.01055,aggressive,BTC-USD,buy,1.16034,100000,86181.8,0.0800633,2.1477e+06,1.16034,1,0,86183.6,0.209919,18,180.004,0,100002,0.209919,18.0004,5.18e-08,18.2103,3.45e-10,0.00086234,18.2103,6.01055,1,8,0,0,0.00468901,0,0,0,0,0,0.400784,0.190876,,,-12.3975,-12.6076,,,-16.9012,-17.1115,,
latency_outage,volatile_deep,100000,aggressive|lat5ms,5,0,True,"coinbase>=1,000,000",prints+quotes,9000015,10,0.176483,2.38631e+06,3.03116,8.1,6.01055,aggressive,BTC-USD,sell,1.16034,100000,86181.8,0.0800633,3.0017e+06,1.16034,1,0,86181,0.0905929,18,179.998,0,99999.1,0.0905929,17.9998,-5.18e-08,18.0904,3.45e-10,0.000862333,18.0904,-6.01055,1,4,0,0,0.00468901,0,0,0,0,0,-0.100284,-0.190876,,,12.6984,12.6076,,,17.2022,17.1115,,
latency_outage,volatile_deep,100000,aggressive|outage|cod,40,3,True,"coinbase>=1,000,000",prints+quotes,9000015,10,0.176483,2.38631e+06,3.03116,8.1,6.01055,aggressive,BTC-USD,buy,1.16034,100000,86181.8,0.0800633,2.1477e+06,1.16034,1,0,86183.6,0.209919,18,180.004,0,100002,0.209919,18.0004,5.18e-08,18.2103,3.45e-10,0.00086234,18.2103,6.01055,1,8,0,0,0.0375121,19.1368,0,0,0,0,0.400784,0.190876,,,-12.3975,-12.6076,,,-16.9012,-17.1115,,
latency_outage,volatile_deep,100000,aggressive|outage|cod,40,3,True,"coinbase>=1,000,000",prints+quotes,9000015,10,0.176483,2.38631e+06,3.03116,8.1,6.01055,aggressive,BTC-USD,sell,1.16034,100000,86181.8,0.0800633,3.0017e+06,1.16034,1,0,86181,0.0905929,18,179.998,0,99999.1,0.0905929,17.9998,-5.18e-08,18.0904,3.45e-10,0.000862333,18.0904,-6.01055,1,4,0,0,0.0375121,19.1368,0,0,0,0,-0.100284,-0.190876,,,12.6984,12.6076,,,17.2022,17.1115,,
latency_outage,volatile_deep,100000,aggressive|outage|no-cod,40,3,False,"coinbase>=1,000,000",prints+quotes,9000015,10,0.176483,2.38631e+06,3.03116,8.1,6.01055,aggressive,BTC-USD,buy,1.16034,100000,86181.8,0.0800633,2.1477e+06,1.16034,1,0,86183.6,0.209919,18,180.004,0,100002,0.209919,18.0004,5.18e-08,18.2103,3.45e-10,0.00086234,18.2103,6.01055,1,8,0,0,0.0375121,19.1368,0,0,0,0,0.400784,0.190876,,,-12.3975,-12.6076,,,-16.9012,-17.1115,,
latency_outage,volatile_deep,100000,aggressive|outage|no-cod,40,3,False,"coinbase>=1,000,000",prints+quotes,9000015,10,0.176483,2.38631e+06,3.03116,8.1,6.01055,aggressive,BTC-USD,sell,1.16034,100000,86181.8,0.0800633,3.0017e+06,1.16034,1,0,86181,0.0905929,18,179.998,0,99999.1,0.0905929,17.9998,-5.18e-08,18.0904,3.45e-10,0.000862333,18.0904,-6.01055,1,4,0,0,0.0375121,19.1368,0,0,0,0,-0.100284,-0.190876,,,12.6984,12.6076,,,17.2022,17.1115,,
latency_outage,volatile_deep,100000,aggressive|prints-only,40,0,True,"coinbase>=1,000,000",prints-only,9000015,10,0.176483,2.38631e+06,3.03116,8.1,6.01055,aggressive,BTC-USD,buy,1.16034,100000,86181.8,0.0800633,2.1477e+06,1.16034,1,0,86183.6,0.209919,18,180.004,0,100002,0.209919,18.0004,5.18e-08,18.2103,3.45e-10,0.00086234,18.2103,6.01055,1,8,0,0,0.0375121,0,0,0,0,0,0.400784,0.190876,,,-12.3975,-12.6076,,,-16.9012,-17.1115,,
latency_outage,volatile_deep,100000,aggressive|prints-only,40,0,True,"coinbase>=1,000,000",prints-only,9000015,10,0.176483,2.38631e+06,3.03116,8.1,6.01055,aggressive,BTC-USD,sell,1.16034,100000,86181.8,0.0800633,3.0017e+06,1.16034,1,0,86181,0.0905929,18,179.998,0,99999.1,0.0905929,17.9998,-5.18e-08,18.0904,3.45e-10,0.000862333,18.0904,-6.01055,1,4,0,0,0.0375121,0,0,0,0,0,-0.100284,-0.190876,,,12.6984,12.6076,,,17.2022,17.1115,,
latency_outage,volatile_deep,100000,hybrid|lat250ms,250,0,True,"coinbase>=1,000,000",prints+quotes,9000015,10,0.176483,2.38631e+06,3.03116,8.1,6.01055,hybrid,BTC-USD,buy,1.16034,100000,86181.8,0.0800633,2.1477e+06,1.16034,1,1,86181.5,-0.0388713,8,79.9997,99999.6,0,-0.0388713,7.99997,5.18e-08,7.9611,3.45e-10,0.00086234,7.9611,6.01055,1,4,0,0,0.8,0,0,1,3,0,0.819777,0.136885,0.819777,0.136885,-14.8739,-15.5579,-14.8739,-15.5579,-17.059,-17.7431,-17.059,-17.7431
latency_outage,volatile_deep,100000,hybrid|lat250ms,250,0,True,"coinbase>=1,000,000",prints+quotes,9000015,10,0.176483,2.38631e+06,3.03116,8.1,6.01055,hybrid,BTC-USD,sell,1.16034,100000,86181.8,0.0800633,3.0017e+06,1.16034,1,1,86181.5,0.0398206,8,79.9997,99999.6,0,0.0398206,7.99997,-5.18e-08,8.03979,3.45e-10,0.000862333,8.03979,-6.01055,2,10,0,1,1.4,0,0,5,5,0,-0.191958,-0.51525,-0.191958,-0.51525,15.6094,15.2856,15.6094,15.2856,16.3346,16.0107,16.3346,16.0107
latency_outage,volatile_deep,100000,hybrid|lat40ms,40,0,True,"coinbase>=1,000,000",prints+quotes,9000015,10,0.176483,2.38631e+06,3.03116,8.1,6.01055,hybrid,BTC-USD,buy,1.16034,100000,86181.8,0.0800633,2.1477e+06,1.16034,1,1,86181.5,-0.0388713,8,79.9997,99999.6,0,-0.0388713,7.99997,5.18e-08,7.9611,3.45e-10,0.00086234,7.9611,6.01055,1,4,0,0,0.8,0,0,1,3,0,0.819777,0.136885,0.819777,0.136885,-14.8739,-15.5579,-14.8739,-15.5579,-17.059,-17.7431,-17.059,-17.7431
latency_outage,volatile_deep,100000,hybrid|lat40ms,40,0,True,"coinbase>=1,000,000",prints+quotes,9000015,10,0.176483,2.38631e+06,3.03116,8.1,6.01055,hybrid,BTC-USD,sell,1.16034,100000,86181.8,0.0800633,3.0017e+06,1.16034,1,1,86182.1,-0.0388713,8,80.0003,100000,0,-0.0388713,8.00003,-5.18e-08,7.96116,3.45e-10,0.000862333,7.96116,-6.01055,1,6,0,0,0.5,0,0,3,3,0,-0.0259851,-0.893283,-0.0259851,-0.893283,12.5787,11.7103,12.5787,11.7103,16.8069,15.9382,16.8069,15.9382
latency_outage,volatile_deep,100000,hybrid|lat5ms,5,0,True,"coinbase>=1,000,000",prints+quotes,9000015,10,0.176483,2.38631e+06,3.03116,8.1,6.01055,hybrid,BTC-USD,buy,1.16034,100000,86181.8,0.0800633,2.1477e+06,1.16034,1,1,86181.5,-0.0388713,8,79.9997,99999.6,0,-0.0388713,7.99997,5.18e-08,7.9611,3.45e-10,0.00086234,7.9611,6.01055,1,4,0,0,0.8,0,0,1,3,0,0.819777,0.136885,0.819777,0.136885,-14.8739,-15.5579,-14.8739,-15.5579,-17.059,-17.7431,-17.059,-17.7431
latency_outage,volatile_deep,100000,hybrid|lat5ms,5,0,True,"coinbase>=1,000,000",prints+quotes,9000015,10,0.176483,2.38631e+06,3.03116,8.1,6.01055,hybrid,BTC-USD,sell,1.16034,100000,86181.8,0.0800633,3.0017e+06,1.16034,1,1,86182.1,-0.0388713,8,80.0003,100000,0,-0.0388713,8.00003,-5.18e-08,7.96116,3.45e-10,0.000862333,7.96116,-6.01055,1,6,0,0,0.5,0,0,3,3,0,-0.0259851,-0.893283,-0.0259851,-0.893283,12.5787,11.7103,12.5787,11.7103,16.8069,15.9382,16.8069,15.9382
latency_outage,volatile_deep,100000,hybrid|outage|cod,40,3,True,"coinbase>=1,000,000",prints+quotes,9000015,10,0.176483,2.38631e+06,3.03116,8.1,6.01055,hybrid,BTC-USD,buy,1.16034,100000,86181.8,0.0800633,2.1477e+06,1.16034,1,1,86181.5,-0.0388713,8,79.9997,99999.6,0,-0.0388713,7.99997,5.18e-08,7.9611,3.45e-10,0.00086234,7.9611,6.01055,1,4,0,0,0.8,19.1368,0,1,3,0,0.819777,0.136885,0.819777,0.136885,-14.8739,-15.5579,-14.8739,-15.5579,-17.059,-17.7431,-17.059,-17.7431
latency_outage,volatile_deep,100000,hybrid|outage|cod,40,3,True,"coinbase>=1,000,000",prints+quotes,9000015,10,0.176483,2.38631e+06,3.03116,8.1,6.01055,hybrid,BTC-USD,sell,1.16034,100000,86181.8,0.0800633,3.0017e+06,1.16034,1,1,86182.1,-0.0388713,8,80.0003,100000,0,-0.0388713,8.00003,-5.18e-08,7.96116,3.45e-10,0.000862333,7.96116,-6.01055,1,6,0,0,0.5,19.1368,0,3,3,0,-0.0259851,-0.893283,-0.0259851,-0.893283,12.5787,11.7103,12.5787,11.7103,16.8069,15.9382,16.8069,15.9382
latency_outage,volatile_deep,100000,hybrid|outage|no-cod,40,3,False,"coinbase>=1,000,000",prints+quotes,9000015,10,0.176483,2.38631e+06,3.03116,8.1,6.01055,hybrid,BTC-USD,buy,1.16034,100000,86181.8,0.0800633,2.1477e+06,1.16034,1,1,86181.5,-0.0388713,8,79.9997,99999.6,0,-0.0388713,7.99997,5.18e-08,7.9611,3.45e-10,0.00086234,7.9611,6.01055,1,4,0,0,0.8,19.1368,0,1,3,0,0.819777,0.136885,0.819777,0.136885,-14.8739,-15.5579,-14.8739,-15.5579,-17.059,-17.7431,-17.059,-17.7431
latency_outage,volatile_deep,100000,hybrid|outage|no-cod,40,3,False,"coinbase>=1,000,000",prints+quotes,9000015,10,0.176483,2.38631e+06,3.03116,8.1,6.01055,hybrid,BTC-USD,sell,1.16034,100000,86181.8,0.0800633,3.0017e+06,1.16034,1,1,86182.1,-0.0388713,8,80.0003,100000,0,-0.0388713,8.00003,-5.18e-08,7.96116,3.45e-10,0.000862333,7.96116,-6.01055,1,6,0,0,0.5,19.1368,0,3,3,0,-0.0259851,-0.893283,-0.0259851,-0.893283,12.5787,11.7103,12.5787,11.7103,16.8069,15.9382,16.8069,15.9382
latency_outage,volatile_deep,100000,hybrid|prints-only,40,0,True,"coinbase>=1,000,000",prints-only,9000015,10,0.176483,2.38631e+06,3.03116,8.1,6.01055,hybrid,BTC-USD,buy,1.16034,100000,86181.8,0.0800633,2.1477e+06,1.16034,1,0.452058,86281.9,11.6105,13.4757,134.913,45295.7,54820.4,11.6105,13.4913,5.18e-08,25.1019,3.45e-10,0.00086234,25.1019,6.01055,66,103,0,65,42.2102,0,0,100,0,0,2.48106,1.79356,2.77472,1.50035,7.36799,6.68081,5.39928,4.12542,13.9411,13.2549,19.478,18.2061
latency_outage,volatile_deep,100000,hybrid|prints-only,40,0,True,"coinbase>=1,000,000",prints-only,9000015,10,0.176483,2.38631e+06,3.03116,8.1,6.01055,hybrid,BTC-USD,sell,1.16034,100000,86181.8,0.0800633,3.0017e+06,1.16034,1,1,86322.1,-16.2818,8,80.1303,100163,0,-16.2818,8.01303,-5.18e-08,-8.26873,3.45e-10,0.000862333,-8.26873,-6.01055,54,60,0,53,35.0118,0,0,60,0,0,0.455112,-0.0271405,0.455112,-0.0271405,-3.16082,-3.64313,-3.16082,-3.64313,-11.3968,-11.8785,-11.3968,-11.8785
latency_outage,volatile_deep,100000,passive|lat250ms,250,0,True,"coinbase>=1,000,000",prints+quotes,9000015,10,0.176483,2.38631e+06,3.03116,8.1,6.01055,passive,BTC-USD,buy,1.16034,100000,86181.8,0.0800633,2.1477e+06,1.16034,1,1,86181.5,-0.0388713,8,79.9997,99999.6,0,-0.0388713,7.99997,5.18e-08,7.9611,3.45e-10,0.00086234,7.9611,6.01055,1,4,0,0,0.8,0,0,1,3,0,0.819777,0.136885,0.819777,0.136885,-14.8739,-15.5579,-14.8739,-15.5579,-17.059,-17.7431,-17.059,-17.7431
latency_outage,volatile_deep,100000,passive|lat250ms,250,0,True,"coinbase>=1,000,000",prints+quotes,9000015,10,0.176483,2.38631e+06,3.03116,8.1,6.01055,passive,BTC-USD,sell,1.16034,100000,86181.8,0.0800633,3.0017e+06,1.16034,1,1,86181.5,0.0398206,8,79.9997,99999.6,0,0.0398206,7.99997,-5.18e-08,8.03979,3.45e-10,0.000862333,8.03979,-6.01055,2,10,0,1,1.4,0,0,5,5,0,-0.191958,-0.51525,-0.191958,-0.51525,15.6094,15.2856,15.6094,15.2856,16.3346,16.0107,16.3346,16.0107
latency_outage,volatile_deep,100000,passive|lat40ms,40,0,True,"coinbase>=1,000,000",prints+quotes,9000015,10,0.176483,2.38631e+06,3.03116,8.1,6.01055,passive,BTC-USD,buy,1.16034,100000,86181.8,0.0800633,2.1477e+06,1.16034,1,1,86181.5,-0.0388713,8,79.9997,99999.6,0,-0.0388713,7.99997,5.18e-08,7.9611,3.45e-10,0.00086234,7.9611,6.01055,1,4,0,0,0.8,0,0,1,3,0,0.819777,0.136885,0.819777,0.136885,-14.8739,-15.5579,-14.8739,-15.5579,-17.059,-17.7431,-17.059,-17.7431
latency_outage,volatile_deep,100000,passive|lat40ms,40,0,True,"coinbase>=1,000,000",prints+quotes,9000015,10,0.176483,2.38631e+06,3.03116,8.1,6.01055,passive,BTC-USD,sell,1.16034,100000,86181.8,0.0800633,3.0017e+06,1.16034,1,1,86182.1,-0.0388713,8,80.0003,100000,0,-0.0388713,8.00003,-5.18e-08,7.96116,3.45e-10,0.000862333,7.96116,-6.01055,1,6,0,0,0.5,0,0,3,3,0,-0.0259851,-0.893283,-0.0259851,-0.893283,12.5787,11.7103,12.5787,11.7103,16.8069,15.9382,16.8069,15.9382
latency_outage,volatile_deep,100000,passive|lat5ms,5,0,True,"coinbase>=1,000,000",prints+quotes,9000015,10,0.176483,2.38631e+06,3.03116,8.1,6.01055,passive,BTC-USD,buy,1.16034,100000,86181.8,0.0800633,2.1477e+06,1.16034,1,1,86181.5,-0.0388713,8,79.9997,99999.6,0,-0.0388713,7.99997,5.18e-08,7.9611,3.45e-10,0.00086234,7.9611,6.01055,1,4,0,0,0.8,0,0,1,3,0,0.819777,0.136885,0.819777,0.136885,-14.8739,-15.5579,-14.8739,-15.5579,-17.059,-17.7431,-17.059,-17.7431
latency_outage,volatile_deep,100000,passive|lat5ms,5,0,True,"coinbase>=1,000,000",prints+quotes,9000015,10,0.176483,2.38631e+06,3.03116,8.1,6.01055,passive,BTC-USD,sell,1.16034,100000,86181.8,0.0800633,3.0017e+06,1.16034,1,1,86182.1,-0.0388713,8,80.0003,100000,0,-0.0388713,8.00003,-5.18e-08,7.96116,3.45e-10,0.000862333,7.96116,-6.01055,1,6,0,0,0.5,0,0,3,3,0,-0.0259851,-0.893283,-0.0259851,-0.893283,12.5787,11.7103,12.5787,11.7103,16.8069,15.9382,16.8069,15.9382
latency_outage,volatile_deep,100000,passive|outage|cod,40,3,True,"coinbase>=1,000,000",prints+quotes,9000015,10,0.176483,2.38631e+06,3.03116,8.1,6.01055,passive,BTC-USD,buy,1.16034,100000,86181.8,0.0800633,2.1477e+06,1.16034,1,1,86181.5,-0.0388713,8,79.9997,99999.6,0,-0.0388713,7.99997,5.18e-08,7.9611,3.45e-10,0.00086234,7.9611,6.01055,1,4,0,0,0.8,19.1368,0,1,3,0,0.819777,0.136885,0.819777,0.136885,-14.8739,-15.5579,-14.8739,-15.5579,-17.059,-17.7431,-17.059,-17.7431
latency_outage,volatile_deep,100000,passive|outage|cod,40,3,True,"coinbase>=1,000,000",prints+quotes,9000015,10,0.176483,2.38631e+06,3.03116,8.1,6.01055,passive,BTC-USD,sell,1.16034,100000,86181.8,0.0800633,3.0017e+06,1.16034,1,1,86182.1,-0.0388713,8,80.0003,100000,0,-0.0388713,8.00003,-5.18e-08,7.96116,3.45e-10,0.000862333,7.96116,-6.01055,1,6,0,0,0.5,19.1368,0,3,3,0,-0.0259851,-0.893283,-0.0259851,-0.893283,12.5787,11.7103,12.5787,11.7103,16.8069,15.9382,16.8069,15.9382
latency_outage,volatile_deep,100000,passive|outage|no-cod,40,3,False,"coinbase>=1,000,000",prints+quotes,9000015,10,0.176483,2.38631e+06,3.03116,8.1,6.01055,passive,BTC-USD,buy,1.16034,100000,86181.8,0.0800633,2.1477e+06,1.16034,1,1,86181.5,-0.0388713,8,79.9997,99999.6,0,-0.0388713,7.99997,5.18e-08,7.9611,3.45e-10,0.00086234,7.9611,6.01055,1,4,0,0,0.8,19.1368,0,1,3,0,0.819777,0.136885,0.819777,0.136885,-14.8739,-15.5579,-14.8739,-15.5579,-17.059,-17.7431,-17.059,-17.7431
latency_outage,volatile_deep,100000,passive|outage|no-cod,40,3,False,"coinbase>=1,000,000",prints+quotes,9000015,10,0.176483,2.38631e+06,3.03116,8.1,6.01055,passive,BTC-USD,sell,1.16034,100000,86181.8,0.0800633,3.0017e+06,1.16034,1,1,86182.1,-0.0388713,8,80.0003,100000,0,-0.0388713,8.00003,-5.18e-08,7.96116,3.45e-10,0.000862333,7.96116,-6.01055,1,6,0,0,0.5,19.1368,0,3,3,0,-0.0259851,-0.893283,-0.0259851,-0.893283,12.5787,11.7103,12.5787,11.7103,16.8069,15.9382,16.8069,15.9382
latency_outage,volatile_deep,100000,passive|prints-only,40,0,True,"coinbase>=1,000,000",prints-only,9000015,10,0.176483,2.38631e+06,3.03116,8.1,6.01055,passive,BTC-USD,buy,1.16034,100000,86181.8,0.0800633,2.1477e+06,0.792866,0.683307,1,86301.6,13.8947,8,54.7405,68425.6,0,9.49435,5.47405,1.9035,16.8719,0.0215806,31688.6,22.5974,6.01055,92,141,0,92,59.9074,0,0,141,0,0,2.72581,1.55358,2.72581,1.55358,6.06001,4.8883,6.06001,4.8883,12.7203,11.5497,12.7203,11.5497
latency_outage,volatile_deep,100000,passive|prints-only,40,0,True,"coinbase>=1,000,000",prints-only,9000015,10,0.176483,2.38631e+06,3.03116,8.1,6.01055,passive,BTC-USD,sell,1.16034,100000,86181.8,0.0800633,3.0017e+06,1.16034,1,1,86322.1,-16.2818,8,80.1303,100163,0,-16.2818,8.01303,-5.18e-08,-8.26873,3.45e-10,0.000862333,-8.26873,-6.01055,54,60,0,53,35.0118,0,0,60,0,0,0.455112,-0.0271405,0.455112,-0.0271405,-3.16082,-3.64313,-3.16082,-3.64313,-11.3968,-11.8785,-11.3968,-11.8785
latency_outage,volatile_deep,100000,aggressive|lat250ms,250,0,True,"coinbase>=1,000,000",prints+quotes,9000016,10,0.167639,2.33256e+06,2.0831,7.96667,-19.6751,aggressive,BTC-USD,buy,1.15978,100000,86223.3,0.15773,2.62848e+06,1.15978,1,0,86229.3,0.68914,18,180.012,0,100007,0.68914,18.0012,-0,18.6904,0,0,18.6904,-19.6751,1,3,0,0,0.198923,0,0,0,0,0,1.8198,1.67463,,,8.37036,8.22528,,,6.38205,6.23695,,
latency_outage,volatile_deep,100000,aggressive|lat250ms,250,0,True,"coinbase>=1,000,000",prints+quotes,9000016,10,0.167639,2.33256e+06,2.0831,7.96667,-19.6751,aggressive,BTC-USD,sell,1.15978,100000,86223.3,0.15773,2.37843e+06,1.15978,1,0,86224.5,-0.133717,18,180.002,0,100001,-0.133717,18.0002,0,17.8665,0,0,17.8665,19.6751,1,8,0,0,0.198923,0,0,0,0,0,-1.26448,-1.67463,,,-7.8154,-8.22528,,,-5.82699,-6.23695,,
latency_outage,volatile_deep,100000,aggressive|lat40ms,40,0,True,"coinbase>=1,000,000",prints+quotes,9000016,10,0.167639,2.33256e+06,2.0831,7.96667,-19.6751,aggressive,BTC-USD,buy,1.15978,100000,86223.3,0.15773,2.62848e+06,1.15978,1,0,86229.3,0.694663,18,180.013,0,100007,0.694663,18.0013,-0,18.6959,0,0,18.6959,-19.6751,1,5,0,0,0.0318277,0,0,0,0,0,0.603574,-0.0910426,,,7.63134,6.93722,,,7.34374,6.64959,,
latency_outage,volatile_deep,100000,aggressive|lat40ms,40,0,True,"coinbase>=1,000,000",prints+quotes,9000016,10,0.167639,2.33256e+06,2.0831,7.96667,-19.6751,aggressive,BTC-USD,sell,1.15978,100000,86223.3,0.15773,2.37843e+06,1.15978,1,0,86222.2,0.134356,18,179.998,0,99998.7,0.134356,17.9998,0,18.1341,0,0,18.1341,19.6751,1,8,0,0,0.0318277,0,0,0,0,0,0.225402,0.0910426,,,-6.80295,-6.93722,,,-6.51532,-6.64959,,
latency_outage,volatile_deep,100000,aggressive|lat5ms,5,0,True,"coinbase>=1,000,000",prints+quotes,9000016,10,0.167639,2.33256e+06,2.0831,7.96667,-19.6751,aggressive,BTC-USD,buy,1.15978,100000,86223.3,0.15773,2.62848e+06,1.15978,1,0,86229.3,0.694663,18,180.013,0,100007,0.694663,18.0013,-0,18.6959,0,0,18.6959,-19.6751,1,5,0,0,0.00397847,0,0,0,0,0,0.603574,-0.0910426,,,7.63134,6.93722,,,7.34374,6.64959,,
latency_outage,volatile_deep,100000,aggressive|lat5ms,5,0,True,"coinbase>=1,000,000",prints+quotes,9000016,10,0.167639,2.33256e+06,2.0831,7.96667,-19.6751,aggressive,BTC-USD,sell,1.15978,100000,86223.3,0.15773,2.37843e+06,1.15978,1,0,86222.2,0.134356,18,179.998,0,99998.7,0.134356,17.9998,0,18.1341,0,0,18.1341,19.6751,1,8,0,0,0.00397847,0,0,0,0,0,0.225402,0.0910426,,,-6.80295,-6.93722,,,-6.51532,-6.64959,,
latency_outage,volatile_deep,100000,aggressive|outage|cod,40,3,True,"coinbase>=1,000,000",prints+quotes,9000016,10,0.167639,2.33256e+06,2.0831,7.96667,-19.6751,aggressive,BTC-USD,buy,1.15978,100000,86223.3,0.15773,2.62848e+06,1.15978,1,0,86229.3,0.694663,18,180.013,0,100007,0.694663,18.0013,-0,18.6959,0,0,18.6959,-19.6751,1,5,0,0,0.0318277,2.46555,0,0,0,0,0.603574,-0.0910426,,,7.63134,6.93722,,,7.34374,6.64959,,
latency_outage,volatile_deep,100000,aggressive|outage|cod,40,3,True,"coinbase>=1,000,000",prints+quotes,9000016,10,0.167639,2.33256e+06,2.0831,7.96667,-19.6751,aggressive,BTC-USD,sell,1.15978,100000,86223.3,0.15773,2.37843e+06,1.15978,1,0,86222.2,0.134356,18,179.998,0,99998.7,0.134356,17.9998,0,18.1341,0,0,18.1341,19.6751,1,8,0,0,0.0318277,2.46555,0,0,0,0,0.225402,0.0910426,,,-6.80295,-6.93722,,,-6.51532,-6.64959,,
latency_outage,volatile_deep,100000,aggressive|outage|no-cod,40,3,False,"coinbase>=1,000,000",prints+quotes,9000016,10,0.167639,2.33256e+06,2.0831,7.96667,-19.6751,aggressive,BTC-USD,buy,1.15978,100000,86223.3,0.15773,2.62848e+06,1.15978,1,0,86229.3,0.694663,18,180.013,0,100007,0.694663,18.0013,-0,18.6959,0,0,18.6959,-19.6751,1,5,0,0,0.0318277,2.46555,0,0,0,0,0.603574,-0.0910426,,,7.63134,6.93722,,,7.34374,6.64959,,
latency_outage,volatile_deep,100000,aggressive|outage|no-cod,40,3,False,"coinbase>=1,000,000",prints+quotes,9000016,10,0.167639,2.33256e+06,2.0831,7.96667,-19.6751,aggressive,BTC-USD,sell,1.15978,100000,86223.3,0.15773,2.37843e+06,1.15978,1,0,86222.2,0.134356,18,179.998,0,99998.7,0.134356,17.9998,0,18.1341,0,0,18.1341,19.6751,1,8,0,0,0.0318277,2.46555,0,0,0,0,0.225402,0.0910426,,,-6.80295,-6.93722,,,-6.51532,-6.64959,,
latency_outage,volatile_deep,100000,aggressive|prints-only,40,0,True,"coinbase>=1,000,000",prints-only,9000016,10,0.167639,2.33256e+06,2.0831,7.96667,-19.6751,aggressive,BTC-USD,buy,1.15978,100000,86223.3,0.15773,2.62848e+06,1.15978,1,0,86229.3,0.694663,18,180.013,0,100007,0.694663,18.0013,-0,18.6959,0,0,18.6959,-19.6751,1,5,0,0,0.0318277,0,0,0,0,0,0.603574,-0.0910426,,,7.63134,6.93722,,,7.34374,6.64959,,
latency_outage,volatile_deep,100000,aggressive|prints-only,40,0,True,"coinbase>=1,000,000",prints-only,9000016,10,0.167639,2.33256e+06,2.0831,7.96667,-19.6751,aggressive,BTC-USD,sell,1.15978,100000,86223.3,0.15773,2.37843e+06,1.15978,1,0,86222.2,0.134356,18,179.998,0,99998.7,0.134356,17.9998,0,18.1341,0,0,18.1341,19.6751,1,8,0,0,0.0318277,0,0,0,0,0,0.225402,0.0910426,,,-6.80295,-6.93722,,,-6.51532,-6.64959,,
latency_outage,volatile_deep,100000,hybrid|lat250ms,250,0,True,"coinbase>=1,000,000",prints+quotes,9000016,10,0.167639,2.33256e+06,2.0831,7.96667,-19.6751,hybrid,BTC-USD,buy,1.15978,100000,86223.3,0.15773,2.62848e+06,1.15978,1,1,86217.7,-0.656426,8,79.9947,99993.4,0,-0.656426,7.99947,-0,7.34305,0,0,7.34305,-19.6751,3,4,1,1,1.7,0,0,2,2,0,0.67037,-0.263552,0.67037,-0.263552,9.68654,8.75346,9.68654,8.75346,2.71051,1.77675,2.71051,1.77675
latency_outage,volatile_deep,100000,hybrid|lat250ms,250,0,True,"coinbase>=1,000,000",prints+quotes,9000016,10,0.167639,2.33256e+06,2.0831,7.96667,-19.6751,hybrid,BTC-USD,sell,1.15978,100000,86223.3,0.15773,2.37843e+06,1.15978,1,1,86227,-0.426799,8,80.0034,100004,0,-0.426799,8.00034,0,7.57354,0,0,7.57354,19.6751,2,4,1,1,0.8,0,0,2,2,0,-2.31544,-3.12025,-2.31544,-3.12025,-10.0088,-10.813,-10.0088,-10.813,-7.92911,-8.73348,-7.92911,-8.73348
latency_outage,volatile_deep,100000,hybrid|lat40ms,40,0,True,"coinbase>=1,000,000",prints+quotes,9000016,10,0.167639,2.33256e+06,2.0831,7.96667,-19.6751,hybrid,BTC-USD,buy,1.15978,100000,86223.3,0.15773,2.62848e+06,1.15978,1,1,86236.7,1.55524,8,80.0124,100016,0,1.55524,8.00124,-0,9.55648,0,0,9.55648,-19.6751,2,3,0,1,1,0,0,1,2,0,3.51556,2.22773,3.51556,2.22773,11.4971,10.2103,11.4971,10.2103,8.25572,6.9685,8.25572,6.9685
latency_outage,volatile_deep,100000,hybrid|lat40ms,40,0,True,"coinbase>=1,000,000",prints+quotes,9000016,10,0.167639,2.33256e+06,2.0831,7.96667,-19.6751,hybrid,BTC-USD,sell,1.15978,100000,86223.3,0.15773,2.37843e+06,1.15978,1,1,86224,-0.0777052,8,80.0006,100001,0,-0.0777052,8.00006,0,7.92236,0,0,7.92236,19.6751,1,3,0,0,0.3,0,0,0,3,0,-1.10165,-1.51843,-1.10165,-1.51843,-8.23449,-8.65098,-8.23449,-8.65098,-5.92932,-6.3459,-5.92932,-6.3459
latency_outage,volatile_deep,100000,hybrid|lat5ms,5,0,True,"coinbase>=1,000,000",prints+quotes,9000016,10,0.167639,2.33256e+06,2.0831,7.96667,-19.6751,hybrid,BTC-USD,buy,1.15978,100000,86223.3,0.15773,2.62848e+06,1.15978,1,1,86232.9,1.10871,8,80.0089,100011,0,1.10871,8.00089,-1.69645e-07,9.1096,8.5e-11,0.000860538,9.1096,-19.6751,2,4,0,1,1,0,0,2,2,0,3.06921,2.2277,3.06921,2.2277,11.0511,10.2102,11.0511,10.2102,7.80961,6.9685,7.80961,6.9685
latency_outage,volatile_deep,100000,hybrid|lat5ms,5,0,True,"coinbase>=1,000,000",prints+quotes,9000016,10,0.167639,2.33256e+06,2.0831,7.96667,-19.6751,hybrid,BTC-USD,sell,1.15978,100000,86223.3,0.15773,2.37843e+06,1.15978,1,1,86224,-0.0777052,8,80.0006,100001,0,-0.0777052,8.00006,0,7.92236,0,0,7.92236,19.6751,1,3,0,0,0.3,0,0,0,3,0,-1.10165,-1.51843,-1.10165,-1.51843,-8.23449,-8.65098,-8.23449,-8.65098,-5.92932,-6.3459,-5.92932,-6.3459
latency_outage,volatile_deep,100000,hybrid|outage|cod,40,3,True,"coinbase>=1,000,000",prints+quotes,9000016,10,0.167639,2.33256e+06,2.0831,7.96667,-19.6751,hybrid,BTC-USD,buy,1.15978,100000,86223.3,0.15773,2.62848e+06,1.15978,1,1,86236.7,1.55524,8,80.0124,100016,0,1.55524,8.00124,-0,9.55648,0,0,9.55648,-19.6751,2,3,0,1,1,2.46555,0,1,2,0,3.51556,2.22773,3.51556,2.22773,11.4971,10.2103,11.4971,10.2103,8.25572,6.9685,8.25572,6.9685
latency_outage,volatile_deep,100000,hybrid|outage|cod,40,3,True,"coinbase>=1,000,000",prints+quotes,9000016,10,0.167639,2.33256e+06,2.0831,7.96667,-19.6751,hybrid,BTC-USD,sell,1.15978,100000,86223.3,0.15773,2.37843e+06,1.15978,1,1,86224,-0.0777052,8,80.0006,100001,0,-0.0777052,8.00006,0,7.92236,0,0,7.92236,19.6751,1,3,0,0,0.3,2.46555,0,0,3,0,-1.10165,-1.51843,-1.10165,-1.51843,-8.23449,-8.65098,-8.23449,-8.65098,-5.92932,-6.3459,-5.92932,-6.3459
latency_outage,volatile_deep,100000,hybrid|outage|no-cod,40,3,False,"coinbase>=1,000,000",prints+quotes,9000016,10,0.167639,2.33256e+06,2.0831,7.96667,-19.6751,hybrid,BTC-USD,buy,1.15978,100000,86223.3,0.15773,2.62848e+06,1.15978,1,1,86236.7,1.55524,8,80.0124,100016,0,1.55524,8.00124,-0,9.55648,0,0,9.55648,-19.6751,2,3,0,1,1,2.46555,0,1,2,0,3.51556,2.22773,3.51556,2.22773,11.4971,10.2103,11.4971,10.2103,8.25572,6.9685,8.25572,6.9685
latency_outage,volatile_deep,100000,hybrid|outage|no-cod,40,3,False,"coinbase>=1,000,000",prints+quotes,9000016,10,0.167639,2.33256e+06,2.0831,7.96667,-19.6751,hybrid,BTC-USD,sell,1.15978,100000,86223.3,0.15773,2.37843e+06,1.15978,1,1,86224,-0.0777052,8,80.0006,100001,0,-0.0777052,8.00006,0,7.92236,0,0,7.92236,19.6751,1,3,0,0,0.3,2.46555,0,0,3,0,-1.10165,-1.51843,-1.10165,-1.51843,-8.23449,-8.65098,-8.23449,-8.65098,-5.92932,-6.3459,-5.92932,-6.3459
latency_outage,volatile_deep,100000,hybrid|prints-only,40,0,True,"coinbase>=1,000,000",prints-only,9000016,10,0.167639,2.33256e+06,2.0831,7.96667,-19.6751,hybrid,BTC-USD,buy,1.15978,100000,86223.3,0.15773,2.62848e+06,1.15978,1,1,86157.8,-7.60168,8,79.9392,99924,0,-7.60168,7.99392,-1.69645e-07,0.392237,8.5e-11,0.000860538,0.392237,-19.6751,64,71,1,62,40.406,0,0,71,0,0,-0.26614,-0.555575,-0.26614,-0.555575,0.456734,0.16734,0.456734,0.16734,12.962,12.6729,12.962,12.6729
latency_outage,volatile_deep,100000,hybrid|prints-only,40,0,True,"coinbase>=1,000,000",prints-only,9000016,10,0.167639,2.33256e+06,2.0831,7.96667,-19.6751,hybrid,BTC-USD,sell,1.15978,100000,86223.3,0.15773,2.37843e+06,1.15978,1,0.833109,86139.3,9.74961,9.66764,96.5821,83242.4,16660.1,9.74961,9.65821,1.69645e-07,19.4078,8.5e-11,0.000860536,19.4078,19.6751,67,98,0,66,42.0595,0,0,96,0,0,-0.379835,-0.791581,-0.0679711,-0.510526,-1.27708,-1.68911,-1.2903,-1.7332,-12.158,-12.5696,-12.4396,-12.882
latency_outage,volatile_deep,100000,passive|lat250ms,250,0,True,"coinbase>=1,000,000",prints+quotes,9000016,10,0.167639,2.33256e+06,2.0831,7.96667,-19.6751,passive,BTC-USD,buy,1.15978,100000,86223.3,0.15773,2.62848e+06,1.15978,1,1,86217.7,-0.656426,8,79.9947,99993.4,0,-0.656426,7.99947,-0,7.34305,0,0,7.34305,-19.6751,3,4,1,1,1.7,0,0,2,2,0,0.67037,-0.263552,0.67037,-0.263552,9.68654,8.75346,9.68654,8.75346,2.71051,1.77675,2.71051,1.77675
latency_outage,volatile_deep,100000,passive|lat250ms,250,0,True,"coinbase>=1,000,000",prints+quotes,9000016,10,0.167639,2.33256e+06,2.0831,7.96667,-19.6751,passive,BTC-USD,sell,1.15978,100000,86223.3,0.15773,2.37843e+06,1.15978,1,1,86227,-0.426799,8,80.0034,100004,0,-0.426799,8.00034,0,7.57354,0,0,7.57354,19.6751,2,4,1,1,0.8,0,0,2,2,0,-2.31544,-3.12025,-2.31544,-3.12025,-10.0088,-10.813,-10.0088,-10.813,-7.92911,-8.73348,-7.92911,-8.73348
latency_outage,volatile_deep,100000,passive|lat40ms,40,0,True,"coinbase>=1,000,000",prints+quotes,9000016,10,0.167639,2.33256e+06,2.0831,7.96667,-19.6751,passive,BTC-USD,buy,1.15978,100000,86223.3,0.15773,2.62848e+06,1.15978,1,1,86236.7,1.55524,8,80.0124,100016,0,1.55524,8.00124,-0,9.55648,0,0,9.55648,-19.6751,2,3,0,1,1,0,0,1,2,0,3.51556,2.22773,3.51556,2.22773,11.4971,10.2103,11.4971,10.2103,8.25572,6.9685,8.25572,6.9685
latency_outage,volatile_deep,100000,passive|lat40ms,40,0,True,"coinbase>=1,000,000",prints+quotes,9000016,10,0.167639,2.33256e+06,2.0831,7.96667,-19.6751,passive,BTC-USD,sell,1.15978,100000,86223.3,0.15773,2.37843e+06,1.15978,1,1,86224,-0.0777052,8,80.0006,100001,0,-0.0777052,8.00006,0,7.92236,0,0,7.92236,19.6751,1,3,0,0,0.3,0,0,0,3,0,-1.10165,-1.51843,-1.10165,-1.51843,-8.23449,-8.65098,-8.23449,-8.65098,-5.92932,-6.3459,-5.92932,-6.3459
latency_outage,volatile_deep,100000,passive|lat5ms,5,0,True,"coinbase>=1,000,000",prints+quotes,9000016,10,0.167639,2.33256e+06,2.0831,7.96667,-19.6751,passive,BTC-USD,buy,1.15978,100000,86223.3,0.15773,2.62848e+06,1.15978,1,1,86232.9,1.10871,8,80.0089,100011,0,1.10871,8.00089,-1.69645e-07,9.1096,8.5e-11,0.000860538,9.1096,-19.6751,2,4,0,1,1,0,0,2,2,0,3.06921,2.2277,3.06921,2.2277,11.0511,10.2102,11.0511,10.2102,7.80961,6.9685,7.80961,6.9685
latency_outage,volatile_deep,100000,passive|lat5ms,5,0,True,"coinbase>=1,000,000",prints+quotes,9000016,10,0.167639,2.33256e+06,2.0831,7.96667,-19.6751,passive,BTC-USD,sell,1.15978,100000,86223.3,0.15773,2.37843e+06,1.15978,1,1,86224,-0.0777052,8,80.0006,100001,0,-0.0777052,8.00006,0,7.92236,0,0,7.92236,19.6751,1,3,0,0,0.3,0,0,0,3,0,-1.10165,-1.51843,-1.10165,-1.51843,-8.23449,-8.65098,-8.23449,-8.65098,-5.92932,-6.3459,-5.92932,-6.3459
latency_outage,volatile_deep,100000,passive|outage|cod,40,3,True,"coinbase>=1,000,000",prints+quotes,9000016,10,0.167639,2.33256e+06,2.0831,7.96667,-19.6751,passive,BTC-USD,buy,1.15978,100000,86223.3,0.15773,2.62848e+06,1.15978,1,1,86236.7,1.55524,8,80.0124,100016,0,1.55524,8.00124,-0,9.55648,0,0,9.55648,-19.6751,2,3,0,1,1,2.46555,0,1,2,0,3.51556,2.22773,3.51556,2.22773,11.4971,10.2103,11.4971,10.2103,8.25572,6.9685,8.25572,6.9685
latency_outage,volatile_deep,100000,passive|outage|cod,40,3,True,"coinbase>=1,000,000",prints+quotes,9000016,10,0.167639,2.33256e+06,2.0831,7.96667,-19.6751,passive,BTC-USD,sell,1.15978,100000,86223.3,0.15773,2.37843e+06,1.15978,1,1,86224,-0.0777052,8,80.0006,100001,0,-0.0777052,8.00006,0,7.92236,0,0,7.92236,19.6751,1,3,0,0,0.3,2.46555,0,0,3,0,-1.10165,-1.51843,-1.10165,-1.51843,-8.23449,-8.65098,-8.23449,-8.65098,-5.92932,-6.3459,-5.92932,-6.3459
latency_outage,volatile_deep,100000,passive|outage|no-cod,40,3,False,"coinbase>=1,000,000",prints+quotes,9000016,10,0.167639,2.33256e+06,2.0831,7.96667,-19.6751,passive,BTC-USD,buy,1.15978,100000,86223.3,0.15773,2.62848e+06,1.15978,1,1,86236.7,1.55524,8,80.0124,100016,0,1.55524,8.00124,-0,9.55648,0,0,9.55648,-19.6751,2,3,0,1,1,2.46555,0,1,2,0,3.51556,2.22773,3.51556,2.22773,11.4971,10.2103,11.4971,10.2103,8.25572,6.9685,8.25572,6.9685
latency_outage,volatile_deep,100000,passive|outage|no-cod,40,3,False,"coinbase>=1,000,000",prints+quotes,9000016,10,0.167639,2.33256e+06,2.0831,7.96667,-19.6751,passive,BTC-USD,sell,1.15978,100000,86223.3,0.15773,2.37843e+06,1.15978,1,1,86224,-0.0777052,8,80.0006,100001,0,-0.0777052,8.00006,0,7.92236,0,0,7.92236,19.6751,1,3,0,0,0.3,2.46555,0,0,3,0,-1.10165,-1.51843,-1.10165,-1.51843,-8.23449,-8.65098,-8.23449,-8.65098,-5.92932,-6.3459,-5.92932,-6.3459
latency_outage,volatile_deep,100000,passive|prints-only,40,0,True,"coinbase>=1,000,000",prints-only,9000016,10,0.167639,2.33256e+06,2.0831,7.96667,-19.6751,passive,BTC-USD,buy,1.15978,100000,86223.3,0.15773,2.62848e+06,1.15978,1,1,86157.8,-7.60168,8,79.9392,99924,0,-7.60168,7.99392,-1.69645e-07,0.392237,8.5e-11,0.000860538,0.392237,-19.6751,64,71,1,62,40.406,0,0,71,0,0,-0.26614,-0.555575,-0.26614,-0.555575,0.456734,0.16734,0.456734,0.16734,12.962,12.6729,12.962,12.6729
latency_outage,volatile_deep,100000,passive|prints-only,40,0,True,"coinbase>=1,000,000",prints-only,9000016,10,0.167639,2.33256e+06,2.0831,7.96667,-19.6751,passive,BTC-USD,sell,1.15978,100000,86223.3,0.15773,2.37843e+06,1.10573,0.953396,1,86138.1,9.88421,8,76.1963,95245.4,0,9.42357,7.61963,0.916929,17.9601,0.000459424,4651.18,18.7978,19.6751,91,131,0,91,59.016,0,0,131,0,0,0.049327,-0.31377,0.049327,-0.31377,-1.08104,-1.44444,-1.08104,-1.44444,-10.9081,-11.2711,-10.9081,-11.2711
latency_outage,volatile_deep,100000,aggressive|lat250ms,250,0,True,"coinbase>=1,000,000",prints+quotes,9000017,10,0.17084,2.29119e+06,2.26046,8.93333,17.1807,aggressive,BTC-USD,buy,1.15797,100000,86358.3,0.235067,2.21216e+06,1.15797,1,0,86370.1,1.36531,18,180.025,0,100014,1.36531,18.0025,0,19.3678,0,0,19.3678,17.1807,1,5,0,0,0.233105,0,0,0,0,0,3.75426,3.49551,,,0.996364,0.737543,,,-7.44232,-7.70136,,
latency_outage,volatile_deep,100000,aggressive|lat250ms,250,0,True,"coinbase>=1,000,000",prints+quotes,9000017,10,0.17084,2.29119e+06,2.26046,8.93333,17.1807,aggressive,BTC-USD,sell,1.15797,100000,86358.3,0.235067,2.32708e+06,1.15797,1,0,86365.4,-0.822683,18,180.015,0,100008,-0.822683,18.0015,-3.29448e-15,17.1788,0,0,17.1788,-17.1807,1,6,0,0,0.233105,0,0,0,0,0,-3.21188,-3.49551,,,-0.453831,-0.737543,,,7.98531,7.70136,,
latency_outage,volatile_deep,100000,aggressive|lat40ms,40,0,True,"coinbase>=1,000,000",prints+quotes,9000017,10,0.17084,2.29119e+06,2.26046,8.93333,17.1807,aggressive,BTC-USD,buy,1.15797,100000,86358.3,0.235067,2.21216e+06,1.15797,1,0,86360.1,0.207305,18,180.004,0,100002,0.207305,18.0004,0,18.2077,0,0,18.2077,17.1807,1,7,0,0,0.0372968,0,0,0,0,0,1.39535,1.18807,,,1.17997,0.972691,,,-8.49116,-8.69864,,
latency_outage,volatile_deep,100000,aggressive|lat40ms,40,0,True,"coinbase>=1,000,000",prints+quotes,9000017,10,0.17084,2.29119e+06,2.26046,8.93333,17.1807,aggressive,BTC-USD,sell,1.15797,100000,86358.3,0.235067,2.32708e+06,1.15797,1,0,86356.7,0.189647,18,179.997,0,99998.1,0.189647,17.9997,-3.29448e-15,18.1893,0,0,18.1893,-17.1807,1,6,0,0,0.0372968,0,0,0,0,0,-0.998445,-1.18807,,,-0.783059,-0.972691,,,8.88846,8.69864,,
latency_outage,volatile_deep,100000,aggressive|lat5ms,5,0,True,"coinbase>=1,000,000",prints+quotes,9000017,10,0.17084,2.29119e+06,2.26046,8.93333,17.1807,aggressive,BTC-USD,buy,1.15797,100000,86358.3,0.235067,2.21216e+06,1.15797,1,0,86360.1,0.207305,18,180.004,0,100002,0.207305,18.0004,0,18.2077,0,0,18.2077,17.1807,1,7,0,0,0.0046621,0,0,0,0,0,1.39535,1.18807,,,1.17997,0.972691,,,-8.49116,-8.69864,,
latency_outage,volatile_deep,100000,aggressive|lat5ms,5,0,True,"coinbase>=1,000,000",prints+quotes,9000017,10,0.17084,2.29119e+06,2.26046,8.93333,17.1807,aggressive,BTC-USD,sell,1.15797,100000,86358.3,0.235067,2.32708e+06,1.15797,1,0,86356.7,0.189647,18,179.997,0,99998.1,0.189647,17.9997,-3.29448e-15,18.1893,0,0,18.1893,-17.1807,1,6,0,0,0.0046621,0,0,0,0,0,-0.998445,-1.18807,,,-0.783059,-0.972691,,,8.88846,8.69864,,
latency_outage,volatile_deep,100000,aggressive|outage|cod,40,3,True,"coinbase>=1,000,000",prints+quotes,9000017,10,0.17084,2.29119e+06,2.26046,8.93333,17.1807,aggressive,BTC-USD,buy,1.15797,100000,86358.3,0.235067,2.21216e+06,1.15797,1,0,86360.1,0.207305,18,180.004,0,100002,0.207305,18.0004,0,18.2077,0,0,18.2077,17.1807,1,7,0,0,0.0372968,9.12349,0,0,0,0,1.39535,1.18807,,,1.17997,0.972691,,,-8.49116,-8.69864,,
latency_outage,volatile_deep,100000,aggressive|outage|cod,40,3,True,"coinbase>=1,000,000",prints+quotes,9000017,10,0.17084,2.29119e+06,2.26046,8.93333,17.1807,aggressive,BTC-USD,sell,1.15797,100000,86358.3,0.235067,2.32708e+06,1.15797,1,0,86356.7,0.189647,18,179.997,0,99998.1,0.189647,17.9997,-3.29448e-15,18.1893,0,0,18.1893,-17.1807,1,6,0,0,0.0372968,9.12349,0,0,0,0,-0.998445,-1.18807,,,-0.783059,-0.972691,,,8.88846,8.69864,,
latency_outage,volatile_deep,100000,aggressive|outage|no-cod,40,3,False,"coinbase>=1,000,000",prints+quotes,9000017,10,0.17084,2.29119e+06,2.26046,8.93333,17.1807,aggressive,BTC-USD,buy,1.15797,100000,86358.3,0.235067,2.21216e+06,1.15797,1,0,86360.1,0.207305,18,180.004,0,100002,0.207305,18.0004,0,18.2077,0,0,18.2077,17.1807,1,7,0,0,0.0372968,9.12349,0,0,0,0,1.39535,1.18807,,,1.17997,0.972691,,,-8.49116,-8.69864,,
latency_outage,volatile_deep,100000,aggressive|outage|no-cod,40,3,False,"coinbase>=1,000,000",prints+quotes,9000017,10,0.17084,2.29119e+06,2.26046,8.93333,17.1807,aggressive,BTC-USD,sell,1.15797,100000,86358.3,0.235067,2.32708e+06,1.15797,1,0,86356.7,0.189647,18,179.997,0,99998.1,0.189647,17.9997,-3.29448e-15,18.1893,0,0,18.1893,-17.1807,1,6,0,0,0.0372968,9.12349,0,0,0,0,-0.998445,-1.18807,,,-0.783059,-0.972691,,,8.88846,8.69864,,
latency_outage,volatile_deep,100000,aggressive|prints-only,40,0,True,"coinbase>=1,000,000",prints-only,9000017,10,0.17084,2.29119e+06,2.26046,8.93333,17.1807,aggressive,BTC-USD,buy,1.15797,100000,86358.3,0.235067,2.21216e+06,1.15797,1,0,86360.1,0.207305,18,180.004,0,100002,0.207305,18.0004,0,18.2077,0,0,18.2077,17.1807,1,7,0,0,0.0372968,0,0,0,0,0,1.39535,1.18807,,,1.17997,0.972691,,,-8.49116,-8.69864,,
latency_outage,volatile_deep,100000,aggressive|prints-only,40,0,True,"coinbase>=1,000,000",prints-only,9000017,10,0.17084,2.29119e+06,2.26046,8.93333,17.1807,aggressive,BTC-USD,sell,1.15797,100000,86358.3,0.235067,2.32708e+06,1.15797,1,0,86356.7,0.189647,18,179.997,0,99998.1,0.189647,17.9997,-3.29448e-15,18.1893,0,0,18.1893,-17.1807,1,6,0,0,0.0372968,0,0,0,0,0,-0.998445,-1.18807,,,-0.783059,-0.972691,,,8.88846,8.69864,,
latency_outage,volatile_deep,100000,hybrid|lat250ms,250,0,True,"coinbase>=1,000,000",prints+quotes,9000017,10,0.17084,2.29119e+06,2.26046,8.93333,17.1807,hybrid,BTC-USD,buy,1.15797,100000,86358.3,0.235067,2.21216e+06,1.15797,1,1,86357.3,-0.116376,8,79.9991,99998.8,0,-0.116376,7.99991,0,7.88353,0,0,7.88353,17.1807,1,3,0,0,0.5,0,0,1,2,0,2.80489,2.35968,2.80489,2.35968,-1.29382,-1.73921,-1.29382,-1.73921,-9.20847,-9.65421,-9.20847,-9.65421
latency_outage,volatile_deep,100000,hybrid|lat250ms,250,0,True,"coinbase>=1,000,000",prints+quotes,9000017,10,0.17084,2.29119e+06,2.26046,8.93333,17.1807,hybrid,BTC-USD,sell,1.15797,100000,86358.3,0.235067,2.32708e+06,1.15797,1,1,86333.9,2.8348,8,79.9773,99971.7,0,2.8348,7.99773,-1.4837e-07,10.8325,3.45e-10,0.000865064,10.8325,-17.1807,15,8,4,10,9.7,0,0,4,4,0,-1.05273,-1.47512,-1.05273,-1.47512,0.116558,-0.305859,0.116558,-0.305859,4.63434,4.21169,4.63434,4.21169
latency_outage,volatile_deep,100000,hybrid|lat40ms,40,0,True,"coinbase>=1,000,000",prints+quotes,9000017,10,0.17084,2.29119e+06,2.26046,8.93333,17.1807,hybrid,BTC-USD,buy,1.15797,100000,86358.3,0.235067,2.21216e+06,1.15797,1,1,86357.3,-0.116376,8,79.9991,99998.8,0,-0.116376,7.99991,0,7.88353,0,0,7.88353,17.1807,1,3,0,0,0.5,0,0,1,2,0,2.80489,2.35968,2.80489,2.35968,-1.29382,-1.73921,-1.29382,-1.73921,-9.20847,-9.65421,-9.20847,-9.65421
latency_outage,volatile_deep,100000,hybrid|lat40ms,40,0,True,"coinbase>=1,000,000",prints+quotes,9000017,10,0.17084,2.29119e+06,2.26046,8.93333,17.1807,hybrid,BTC-USD,sell,1.15797,100000,86358.3,0.235067,2.32708e+06,1.15797,1,1,86359.3,-0.116376,8,80.0009,100001,0,-0.116376,8.00009,-0,7.88372,0,0,7.88372,-17.1807,1,4,0,0,0.2,0,0,2,2,0,-3.21952,-4.40755,-3.21952,-4.40755,0.14533,-1.0431,0.14533,-1.0431,8.4498,7.26038,8.4498,7.26038
latency_outage,volatile_deep,100000,hybrid|lat5ms,5,0,True,"coinbase>=1,000,000",prints+quotes,9000017,10,0.17084,2.29119e+06,2.26046,8.93333,17.1807,hybrid,BTC-USD,buy,1.15797,100000,86358.3,0.235067,2.21216e+06,1.15797,1,1,86357.3,-0.116376,8,79.9991,99998.8,0,-0.116376,7.99991,0,7.88353,0,0,7.88353,17.1807,1,3,0,0,0.5,0,0,1,2,0,2.80489,2.35968,2.80489,2.35968,-1.29382,-1.73921,-1.29382,-1.73921,-9.20847,-9.65421,-9.20847,-9.65421
latency_outage,volatile_deep,100000,hybrid|lat5ms,5,0,True,"coinbase>=1,000,000",prints+quotes,9000017,10,0.17084,2.29119e+06,2.26046,8.93333,17.1807,hybrid,BTC-USD,sell,1.15797,100000,86358.3,0.235067,2.32708e+06,1.15797,1,1,86359.3,-0.116376,8,80.0009,100001,0,-0.116376,8.00009,-0,7.88372,0,0,7.88372,-17.1807,1,4,0,0,0.2,0,0,2,2,0,-3.21952,-4.40755,-3.21952,-4.40755,0.14533,-1.0431,0.14533,-1.0431,8.4498,7.26038,8.4498,7.26038
latency_outage,volatile_deep,100000,hybrid|outage|cod,40,3,True,"coinbase>=1,000,000",prints+quotes,9000017,10,0.17084,2.29119e+06,2.26046,8.93333,17.1807,hybrid,BTC-USD,buy,1.15797,100000,86358.3,0.235067,2.21216e+06,1.15797,1,1,86357.3,-0.116376,8,79.9991,99998.8,0,-0.116376,7.99991,0,7.88353,0,0,7.88353,17.1807,1,3,0,0,0.5,9.12349,0,1,2,0,2.80489,2.35968,2.80489,2.35968,-1.29382,-1.73921,-1.29382,-1.73921,-9.20847,-9.65421,-9.20847,-9.65421
latency_outage,volatile_deep,100000,hybrid|outage|cod,40,3,True,"coinbase>=1,000,000",prints+quotes,9000017,10,0.17084,2.29119e+06,2.26046,8.93333,17.1807,hybrid,BTC-USD,sell,1.15797,100000,86358.3,0.235067,2.32708e+06,1.15797,1,1,86359.3,-0.116376,8,80.0009,100001,0,-0.116376,8.00009,-0,7.88372,0,0,7.88372,-17.1807,1,4,0,0,0.2,9.12349,0,2,2,0,-3.21952,-4.40755,-3.21952,-4.40755,0.14533,-1.0431,0.14533,-1.0431,8.4498,7.26038,8.4498,7.26038
latency_outage,volatile_deep,100000,hybrid|outage|no-cod,40,3,False,"coinbase>=1,000,000",prints+quotes,9000017,10,0.17084,2.29119e+06,2.26046,8.93333,17.1807,hybrid,BTC-USD,buy,1.15797,100000,86358.3,0.235067,2.21216e+06,1.15797,1,1,86357.3,-0.116376,8,79.9991,99998.8,0,-0.116376,7.99991,0,7.88353,0,0,7.88353,17.1807,1,3,0,0,0.5,9.12349,0,1,2,0,2.80489,2.35968,2.80489,2.35968,-1.29382,-1.73921,-1.29382,-1.73921,-9.20847,-9.65421,-9.20847,-9.65421
latency_outage,volatile_deep,100000,hybrid|outage|no-cod,40,3,False,"coinbase>=1,000,000",prints+quotes,9000017,10,0.17084,2.29119e+06,2.26046,8.93333,17.1807,hybrid,BTC-USD,sell,1.15797,100000,86358.3,0.235067,2.32708e+06,1.15797,1,1,86359.3,-0.116376,8,80.0009,100001,0,-0.116376,8.00009,-0,7.88372,0,0,7.88372,-17.1807,1,4,0,0,0.2,9.12349,0,2,2,0,-3.21952,-4.40755,-3.21952,-4.40755,0.14533,-1.0431,0.14533,-1.0431,8.4498,7.26038,8.4498,7.26038
latency_outage,volatile_deep,100000,hybrid|prints-only,40,0,True,"coinbase>=1,000,000",prints-only,9000017,10,0.17084,2.29119e+06,2.26046,8.93333,17.1807,hybrid,BTC-USD,buy,1.15797,100000,86358.3,0.235067,2.21216e+06,1.15797,1,0.953586,86359.8,0.169762,8.46435,84.6449,95358.2,4643.54,0.169762,8.46449,0,8.63425,0,0,8.63425,17.1807,65,96,1,63,42.1446,0,0,95,0,0,1.04535,0.611073,0.961649,0.508539,-1.42241,-1.85694,-1.47438,-1.92774,-9.43555,-9.87026,-9.19537,-9.64893
latency_outage,volatile_deep,100000,hybrid|prints-only,40,0,True,"coinbase>=1,000,000",prints-only,9000017,10,0.17084,2.29119e+06,2.26046,8.93333,17.1807,hybrid,BTC-USD,sell,1.15797,100000,86358.3,0.235067,2.32708e+06,1.15797,1,1,86351.9,0.743311,8,79.9941,99992.6,0,0.743311,7.99941,-0,8.74272,0,0,8.74272,-17.1807,33,65,0,32,21.6148,0,0,65,0,0,0.793167,0.487443,0.793167,0.487443,-1.69994,-2.00558,-1.69994,-2.00558,3.84928,3.54349,3.84928,3.54349
latency_outage,volatile_deep,100000,passive|lat250ms,250,0,True,"coinbase>=1,000,000",prints+quotes,9000017,10,0.17084,2.29119e+06,2.26046,8.93333,17.1807,passive,BTC-USD,buy,1.15797,100000,86358.3,0.235067,2.21216e+06,1.15797,1,1,86357.3,-0.116376,8,79.9991,99998.8,0,-0.116376,7.99991,0,7.88353,0,0,7.88353,17.1807,1,3,0,0,0.5,0,0,1,2,0,2.80489,2.35968,2.80489,2.35968,-1.29382,-1.73921,-1.29382,-1.73921,-9.20847,-9.65421,-9.20847,-9.65421
latency_outage,volatile_deep,100000,passive|lat250ms,250,0,True,"coinbase>=1,000,000",prints+quotes,9000017,10,0.17084,2.29119e+06,2.26046,8.93333,17.1807,passive,BTC-USD,sell,1.15797,100000,86358.3,0.235067,2.32708e+06,1.15797,1,1,86333.9,2.8348,8,79.9773,99971.7,0,2.8348,7.99773,-1.4837e-07,10.8325,3.45e-10,0.000865064,10.8325,-17.1807,15,8,4,10,9.7,0,0,4,4,0,-1.05273,-1.47512,-1.05273,-1.47512,0.116558,-0.305859,0.116558,-0.305859,4.63434,4.21169,4.63434,4.21169
latency_outage,volatile_deep,100000,passive|lat40ms,40,0,True,"coinbase>=1,000,000",prints+quotes,9000017,10,0.17084,2.29119e+06,2.26046,8.93333,17.1807,passive,BTC-USD,buy,1.15797,100000,86358.3,0.235067,2.21216e+06,1.15797,1,1,86357.3,-0.116376,8,79.9991,99998.8,0,-0.116376,7.99991,0,7.88353,0,0,7.88353,17.1807,1,3,0,0,0.5,0,0,1,2,0,2.80489,2.35968,2.80489,2.35968,-1.29382,-1.73921,-1.29382,-1.73921,-9.20847,-9.65421,-9.20847,-9.65421
latency_outage,volatile_deep,100000,passive|lat40ms,40,0,True,"coinbase>=1,000,000",prints+quotes,9000017,10,0.17084,2.29119e+06,2.26046,8.93333,17.1807,passive,BTC-USD,sell,1.15797,100000,86358.3,0.235067,2.32708e+06,1.15797,1,1,86359.3,-0.116376,8,80.0009,100001,0,-0.116376,8.00009,-0,7.88372,0,0,7.88372,-17.1807,1,4,0,0,0.2,0,0,2,2,0,-3.21952,-4.40755,-3.21952,-4.40755,0.14533,-1.0431,0.14533,-1.0431,8.4498,7.26038,8.4498,7.26038
latency_outage,volatile_deep,100000,passive|lat5ms,5,0,True,"coinbase>=1,000,000",prints+quotes,9000017,10,0.17084,2.29119e+06,2.26046,8.93333,17.1807,passive,BTC-USD,buy,1.15797,100000,86358.3,0.235067,2.21216e+06,1.15797,1,1,86357.3,-0.116376,8,79.9991,99998.8,0,-0.116376,7.99991,0,7.88353,0,0,7.88353,17.1807,1,3,0,0,0.5,0,0,1,2,0,2.80489,2.35968,2.80489,2.35968,-1.29382,-1.73921,-1.29382,-1.73921,-9.20847,-9.65421,-9.20847,-9.65421
latency_outage,volatile_deep,100000,passive|lat5ms,5,0,True,"coinbase>=1,000,000",prints+quotes,9000017,10,0.17084,2.29119e+06,2.26046,8.93333,17.1807,passive,BTC-USD,sell,1.15797,100000,86358.3,0.235067,2.32708e+06,1.15797,1,1,86359.3,-0.116376,8,80.0009,100001,0,-0.116376,8.00009,-0,7.88372,0,0,7.88372,-17.1807,1,4,0,0,0.2,0,0,2,2,0,-3.21952,-4.40755,-3.21952,-4.40755,0.14533,-1.0431,0.14533,-1.0431,8.4498,7.26038,8.4498,7.26038
latency_outage,volatile_deep,100000,passive|outage|cod,40,3,True,"coinbase>=1,000,000",prints+quotes,9000017,10,0.17084,2.29119e+06,2.26046,8.93333,17.1807,passive,BTC-USD,buy,1.15797,100000,86358.3,0.235067,2.21216e+06,1.15797,1,1,86357.3,-0.116376,8,79.9991,99998.8,0,-0.116376,7.99991,0,7.88353,0,0,7.88353,17.1807,1,3,0,0,0.5,9.12349,0,1,2,0,2.80489,2.35968,2.80489,2.35968,-1.29382,-1.73921,-1.29382,-1.73921,-9.20847,-9.65421,-9.20847,-9.65421
latency_outage,volatile_deep,100000,passive|outage|cod,40,3,True,"coinbase>=1,000,000",prints+quotes,9000017,10,0.17084,2.29119e+06,2.26046,8.93333,17.1807,passive,BTC-USD,sell,1.15797,100000,86358.3,0.235067,2.32708e+06,1.15797,1,1,86359.3,-0.116376,8,80.0009,100001,0,-0.116376,8.00009,-0,7.88372,0,0,7.88372,-17.1807,1,4,0,0,0.2,9.12349,0,2,2,0,-3.21952,-4.40755,-3.21952,-4.40755,0.14533,-1.0431,0.14533,-1.0431,8.4498,7.26038,8.4498,7.26038
latency_outage,volatile_deep,100000,passive|outage|no-cod,40,3,False,"coinbase>=1,000,000",prints+quotes,9000017,10,0.17084,2.29119e+06,2.26046,8.93333,17.1807,passive,BTC-USD,buy,1.15797,100000,86358.3,0.235067,2.21216e+06,1.15797,1,1,86357.3,-0.116376,8,79.9991,99998.8,0,-0.116376,7.99991,0,7.88353,0,0,7.88353,17.1807,1,3,0,0,0.5,9.12349,0,1,2,0,2.80489,2.35968,2.80489,2.35968,-1.29382,-1.73921,-1.29382,-1.73921,-9.20847,-9.65421,-9.20847,-9.65421
latency_outage,volatile_deep,100000,passive|outage|no-cod,40,3,False,"coinbase>=1,000,000",prints+quotes,9000017,10,0.17084,2.29119e+06,2.26046,8.93333,17.1807,passive,BTC-USD,sell,1.15797,100000,86358.3,0.235067,2.32708e+06,1.15797,1,1,86359.3,-0.116376,8,80.0009,100001,0,-0.116376,8.00009,-0,7.88372,0,0,7.88372,-17.1807,1,4,0,0,0.2,9.12349,0,2,2,0,-3.21952,-4.40755,-3.21952,-4.40755,0.14533,-1.0431,0.14533,-1.0431,8.4498,7.26038,8.4498,7.26038
latency_outage,volatile_deep,100000,passive|prints-only,40,0,True,"coinbase>=1,000,000",prints-only,9000017,10,0.17084,2.29119e+06,2.26046,8.93333,17.1807,passive,BTC-USD,buy,1.15797,100000,86358.3,0.235067,2.21216e+06,1.15797,1,1,86360.1,0.210092,8,80.0017,100002,0,0.210092,8.00017,3.29448e-15,8.21026,0,0,8.21026,17.1807,77,114,1,75,50.2138,0,0,114,0,0,0.965078,0.517716,0.965078,0.517716,-1.52207,-1.96967,-1.52207,-1.96967,-8.92945,-9.37728,-8.92945,-9.37728
latency_outage,volatile_deep,100000,passive|prints-only,40,0,True,"coinbase>=1,000,000",prints-only,9000017,10,0.17084,2.29119e+06,2.26046,8.93333,17.1807,passive,BTC-USD,sell,1.15797,100000,86358.3,0.235067,2.32708e+06,1.15797,1,1,86351.9,0.743311,8,79.9941,99992.6,0,0.743311,7.99941,-0,8.74272,0,0,8.74272,-17.1807,33,65,0,32,21.6148,0,0,65,0,0,0.793167,0.487443,0.793167,0.487443,-1.69994,-2.00558,-1.69994,-2.00558,3.84928,3.54349,3.84928,3.54349
latency_outage,volatile_deep,100000,aggressive|lat250ms,250,0,True,"coinbase>=1,000,000",prints+quotes,9000018,10,0.185516,2.34184e+06,2.43462,8.36667,-16.8281,aggressive,BTC-USD,buy,1.15852,100000,86316.7,0.318594,2.12181e+06,1.15852,1,0,86321.7,0.576845,18,180.01,0,100006,0.576845,18.001,-0,18.5779,0,0,18.5779,-16.8281,1,7,0,0,0.228249,0,0,0,0,0,-3.06192,-4.1286,,,-8.04676,-9.11398,,,-1.74765,-2.81419,,
latency_outage,volatile_deep,100000,aggressive|lat250ms,250,0,True,"coinbase>=1,000,000",prints+quotes,9000018,10,0.185516,2.34184e+06,2.43462,8.36667,-16.8281,aggressive,BTC-USD,sell,1.15852,100000,86316.7,0.318594,2.21806e+06,1.15852,1,0,86312.3,0.508026,18,179.991,0,99994.9,0.508026,17.9991,0,18.5071,0,0,18.5071,16.8281,1,5,0,0,0.228249,0,0,0,0,0,4.14716,4.1286,,,9.13255,9.11398,,,2.83275,2.81419,,
latency_outage,volatile_deep,100000,aggressive|lat40ms,40,0,True,"coinbase>=1,000,000",prints+quotes,9000018,10,0.185516,2.34184e+06,2.43462,8.36667,-16.8281,aggressive,BTC-USD,buy,1.15852,100000,86316.7,0.318594,2.12181e+06,1.15852,1,0,86320.9,0.489334,18,180.009,0,100005,0.489334,18.0009,-0,18.4902,0,0,18.4902,-16.8281,1,8,0,0,0.0365198,0,0,0,0,0,-2.20008,-2.68951,,,-6.96486,-7.45453,,,-1.65386,-2.14327,,
latency_outage,volatile_deep,100000,aggressive|lat40ms,40,0,True,"coinbase>=1,000,000",prints+quotes,9000018,10,0.185516,2.34184e+06,2.43462,8.36667,-16.8281,aggressive,BTC-USD,sell,1.15852,100000,86316.7,0.318594,2.21806e+06,1.15852,1,0,86315.1,0.18893,18,179.997,0,99998.1,0.18893,17.9997,0,18.1886,0,0,18.1886,16.8281,1,5,0,0,0.0365198,0,0,0,0,0,2.8785,2.68951,,,7.6436,7.45453,,,2.33224,2.14327,,
latency_outage,volatile_deep,100000,aggressive|lat5ms,5,0,True,"coinbase>=1,000,000",prints+quotes,9000018,10,0.185516,2.34184e+06,2.43462,8.36667,-16.8281,aggressive,BTC-USD,buy,1.15852,100000,86316.7,0.318594,2.12181e+06,1.15852,1,0,86320.9,0.489334,18,180.009,0,100005,0.489334,18.0009,-0,18.4902,0,0,18.4902,-16.8281,1,8,0,0,0.00456497,0,0,0,0,0,-2.20008,-2.68951,,,-6.96486,-7.45453,,,-1.65386,-2.14327,,
latency_outage,volatile_deep,100000,aggressive|lat5ms,5,0,True,"coinbase>=1,000,000",prints+quotes,9000018,10,0.185516,2.34184e+06,2.43462,8.36667,-16.8281,aggressive,BTC-USD,sell,1.15852,100000,86316.7,0.318594,2.21806e+06,1.15852,1,0,86315.1,0.18893,18,179.997,0,99998.1,0.18893,17.9997,0,18.1886,0,0,18.1886,16.8281,1,5,0,0,0.00456497,0,0,0,0,0,2.8785,2.68951,,,7.6436,7.45453,,,2.33224,2.14327,,
latency_outage,volatile_deep,100000,aggressive|outage|cod,40,3,True,"coinbase>=1,000,000",prints+quotes,9000018,10,0.185516,2.34184e+06,2.43462,8.36667,-16.8281,aggressive,BTC-USD,buy,1.15852,100000,86316.7,0.318594,2.12181e+06,1.15852,1,0,86320.9,0.489334,18,180.009,0,100005,0.489334,18.0009,-0,18.4902,0,0,18.4902,-16.8281,1,8,0,0,0.0365198,3.98878,0,0,0,0,-2.20008,-2.68951,,,-6.96486,-7.45453,,,-1.65386,-2.14327,,
latency_outage,volatile_deep,100000,aggressive|outage|cod,40,3,True,"coinbase>=1,000,000",prints+quotes,9000018,10,0.185516,2.34184e+06,2.43462,8.36667,-16.8281,aggressive,BTC-USD,sell,1.15852,100000,86316.7,0.318594,2.21806e+06,1.15852,1,0,86315.1,0.18893,18,179.997,0,99998.1,0.18893,17.9997,0,18.1886,0,0,18.1886,16.8281,1,5,0,0,0.0365198,3.98878,0,0,0,0,2.8785,2.68951,,,7.6436,7.45453,,,2.33224,2.14327,,
latency_outage,volatile_deep,100000,aggressive|outage|no-cod,40,3,False,"coinbase>=1,000,000",prints+quotes,9000018,10,0.185516,2.34184e+06,2.43462,8.36667,-16.8281,aggressive,BTC-USD,buy,1.15852,100000,86316.7,0.318594,2.12181e+06,1.15852,1,0,86320.9,0.489334,18,180.009,0,100005,0.489334,18.0009,-0,18.4902,0,0,18.4902,-16.8281,1,8,0,0,0.0365198,3.98878,0,0,0,0,-2.20008,-2.68951,,,-6.96486,-7.45453,,,-1.65386,-2.14327,,
latency_outage,volatile_deep,100000,aggressive|outage|no-cod,40,3,False,"coinbase>=1,000,000",prints+quotes,9000018,10,0.185516,2.34184e+06,2.43462,8.36667,-16.8281,aggressive,BTC-USD,sell,1.15852,100000,86316.7,0.318594,2.21806e+06,1.15852,1,0,86315.1,0.18893,18,179.997,0,99998.1,0.18893,17.9997,0,18.1886,0,0,18.1886,16.8281,1,5,0,0,0.0365198,3.98878,0,0,0,0,2.8785,2.68951,,,7.6436,7.45453,,,2.33224,2.14327,,
latency_outage,volatile_deep,100000,aggressive|prints-only,40,0,True,"coinbase>=1,000,000",prints-only,9000018,10,0.185516,2.34184e+06,2.43462,8.36667,-16.8281,aggressive,BTC-USD,buy,1.15852,100000,86316.7,0.318594,2.12181e+06,1.15852,1,0,86320.9,0.489334,18,180.009,0,100005,0.489334,18.0009,-0,18.4902,0,0,18.4902,-16.8281,1,8,0,0,0.0365198,0,0,0,0,0,-2.20008,-2.68951,,,-6.96486,-7.45453,,,-1.65386,-2.14327,,
latency_outage,volatile_deep,100000,aggressive|prints-only,40,0,True,"coinbase>=1,000,000",prints-only,9000018,10,0.185516,2.34184e+06,2.43462,8.36667,-16.8281,aggressive,BTC-USD,sell,1.15852,100000,86316.7,0.318594,2.21806e+06,1.15852,1,0,86315.1,0.18893,18,179.997,0,99998.1,0.18893,17.9997,0,18.1886,0,0,18.1886,16.8281,1,5,0,0,0.0365198,0,0,0,0,0,2.8785,2.68951,,,7.6436,7.45453,,,2.33224,2.14327,,
latency_outage,volatile_deep,100000,hybrid|lat250ms,250,0,True,"coinbase>=1,000,000",prints+quotes,9000018,10,0.185516,2.34184e+06,2.43462,8.36667,-16.8281,hybrid,BTC-USD,buy,1.15852,100000,86316.7,0.318594,2.12181e+06,1.15852,1,1,86380.9,7.44352,8,80.0595,100074,0,7.44352,8.00595,-1.45255e-07,15.4495,1.44e-09,0.000861729,15.4495,-16.8281,23,11,10,12,13.1,0,0,7,4,0,-1.8279,-1.94055,-1.8279,-1.94055,-0.842236,-0.955019,-0.842236,-0.955019,7.79619,7.68366,7.79619,7.68366
latency_outage,volatile_deep,100000,hybrid|lat250ms,250,0,True,"coinbase>=1,000,000",prints+quotes,9000018,10,0.185516,2.34184e+06,2.43462,8.36667,-16.8281,hybrid,BTC-USD,sell,1.15852,100000,86316.7,0.318594,2.21806e+06,1.15852,1,1,86318.1,-0.158139,8,80.0013,100002,0,-0.158139,8.00013,0,7.84199,0,0,7.84199,16.8281,1,3,0,0,0.5,0,0,0,3,0,3.79015,3.19594,3.79015,3.19594,8.53212,7.93762,8.53212,7.93762,2.33361,1.73949,2.33361,1.73949
latency_outage,volatile_deep,100000,hybrid|lat40ms,40,0,True,"coinbase>=1,000,000",prints+quotes,9000018,10,0.185516,2.34184e+06,2.43462,8.36667,-16.8281,hybrid,BTC-USD,buy,1.15852,100000,86316.7,0.318594,2.12181e+06,1.15852,1,1,86359.7,4.9843,8,80.0399,100050,0,4.9843,8.00399,-0,12.9883,0,0,12.9883,-16.8281,5,7,0,4,2.8,0,0,3,4,0,-2.17152,-2.77424,-2.17152,-2.77424,-7.12491,-7.72792,-7.12491,-7.72792,4.54901,3.94673,4.54901,3.94673
latency_outage,volatile_deep,100000,hybrid|lat40ms,40,0,True,"coinbase>=1,000,000",prints+quotes,9000018,10,0.185516,2.34184e+06,2.43462,8.36667,-16.8281,hybrid,BTC-USD,sell,1.15852,100000,86316.7,0.318594,2.21806e+06,1.15852,1,1,86318.1,-0.158139,8,80.0013,100002,0,-0.158139,8.00013,0,7.84199,0,0,7.84199,16.8281,1,4,0,0,0.4,0,0,1,3,0,3.47482,2.89285,3.47482,2.89285,7.71989,7.13766,7.71989,7.13766,1.86268,1.2808,1.86268,1.2808
latency_outage,volatile_deep,100000,hybrid|lat5ms,5,0,True,"coinbase>=1,000,000",prints+quotes,9000018,10,0.185516,2.34184e+06,2.43462,8.36667,-16.8281,hybrid,BTC-USD,buy,1.15852,100000,86316.7,0.318594,2.12181e+06,1.15852,1,1,86371.2,6.31581,8,80.0505,100063,0,6.31581,8.00505,-0,14.3209,0,0,14.3209,-16.8281,8,9,0,7,4.3,0,0,3,6,0,-0.807394,-1.26848,-0.807394,-1.26848,-4.33053,-4.79175,-4.33053,-4.79175,6.507,6.04629,6.507,6.04629
latency_outage,volatile_deep,100000,hybrid|lat5ms,5,0,True,"coinbase>=1,000,000",prints+quotes,9000018,10,0.185516,2.34184e+06,2.43462,8.36667,-16.8281,hybrid,BTC-USD,sell,1.15852,100000,86316.7,0.318594,2.21806e+06,1.15852,1,1,86318.1,-0.158139,8,80.0013,100002,0,-0.158139,8.00013,0,7.84199,0,0,7.84199,16.8281,1,4,0,0,0.4,0,0,1,3,0,3.47482,2.89285,3.47482,2.89285,7.71989,7.13766,7.71989,7.13766,1.86268,1.2808,1.86268,1.2808
latency_outage,volatile_deep,100000,hybrid|outage|cod,40,3,True,"coinbase>=1,000,000",prints+quotes,9000018,10,0.185516,2.34184e+06,2.43462,8.36667,-16.8281,hybrid,BTC-USD,buy,1.15852,100000,86316.7,0.318594,2.12181e+06,1.15852,1,1,86359.7,4.9843,8,80.0399,100050,0,4.9843,8.00399,-0,12.9883,0,0,12.9883,-16.8281,5,7,0,4,2.8,3.98878,0,3,4,0,-2.17152,-2.77424,-2.17152,-2.77424,-7.12491,-7.72792,-7.12491,-7.72792,4.54901,3.94673,4.54901,3.94673
latency_outage,volatile_deep,100000,hybrid|outage|cod,40,3,True,"coinbase>=1,000,000",prints+quotes,9000018,10,0.185516,2.34184e+06,2.43462,8.36667,-16.8281,hybrid,BTC-USD,sell,1.15852,100000,86316.7,0.318594,2.21806e+06,1.15852,1,1,86318.1,-0.158139,8,80.0013,100002,0,-0.158139,8.00013,0,7.84199,0,0,7.84199,16.8281,1,4,0,0,0.4,3.98878,0,1,3,0,3.47482,2.89285,3.47482,2.89285,7.71989,7.13766,7.71989,7.13766,1.86268,1.2808,1.86268,1.2808
latency_outage,volatile_deep,100000,hybrid|outage|no-cod,40,3,False,"coinbase>=1,000,000",prints+quotes,9000018,10,0.185516,2.34184e+06,2.43462,8.36667,-16.8281,hybrid,BTC-USD,buy,1.15852,100000,86316.7,0.318594,2.12181e+06,1.15852,1,1,86359.7,4.9843,8,80.0399,100050,0,4.9843,8.00399,-0,12.9883,0,0,12.9883,-16.8281,5,7,0,4,2.8,3.98878,0,3,4,0,-2.17152,-2.77424,-2.17152,-2.77424,-7.12491,-7.72792,-7.12491,-7.72792,4.54901,3.94673,4.54901,3.94673
latency_outage,volatile_deep,100000,hybrid|outage|no-cod,40,3,False,"coinbase>=1,000,000",prints+quotes,9000018,10,0.185516,2.34184e+06,2.43462,8.36667,-16.8281,hybrid,BTC-USD,sell,1.15852,100000,86316.7,0.318594,2.21806e+06,1.15852,1,1,86318.1,-0.158139,8,80.0013,100002,0,-0.158139,8.00013,0,7.84199,0,0,7.84199,16.8281,1,4,0,0,0.4,3.98878,0,1,3,0,3.47482,2.89285,3.47482,2.89285,7.71989,7.13766,7.71989,7.13766,1.86268,1.2808,1.86268,1.2808
latency_outage,volatile_deep,100000,hybrid|prints-only,40,0,True,"coinbase>=1,000,000",prints-only,9000018,10,0.185516,2.34184e+06,2.43462,8.36667,-16.8281,hybrid,BTC-USD,buy,1.15852,100000,86316.7,0.318594,2.12181e+06,1.15852,1,0.710997,86357.6,4.74279,10.8882,108.934,71151.7,28895.8,4.74279,10.8934,-1.45255e-07,15.6362,1.44e-09,0.000861729,15.6362,-16.8281,64,112,0,63,42.0867,0,0,110,0,0,2.39565,1.9986,1.51402,0.988244,7.26334,6.86651,5.5657,5.04022,22.3764,21.9802,18.688,18.1632
latency_outage,volatile_deep,100000,hybrid|prints-only,40,0,True,"coinbase>=1,000,000",prints-only,9000018,10,0.185516,2.34184e+06,2.43462,8.36667,-16.8281,hybrid,BTC-USD,sell,1.15852,100000,86316.7,0.318594,2.21806e+06,1.15852,1,0.879418,86364.7,-5.56772,9.20495,92.1007,87999.5,12056.2,-5.56772,9.21007,0,3.64235,0,0,3.64235,16.8281,67,99,1,65,42.048,0,0,98,0,0,-0.491963,0.0556327,0.0509146,0.678121,-5.92757,-5.38036,-5.18729,-4.56053,-17.5684,-17.0213,-15.6804,-15.0538
latency_outage,volatile_deep,100000,passive|lat250ms,250,0,True,"coinbase>=1,000,000",prints+quotes,9000018,10,0.185516,2.34184e+06,2.43462,8.36667,-16.8281,passive,BTC-USD,buy,1.15852,100000,86316.7,0.318594,2.12181e+06,1.15852,1,1,86380.9,7.44352,8,80.0595,100074,0,7.44352,8.00595,-1.45255e-07,15.4495,1.44e-09,0.000861729,15.4495,-16.8281,23,11,10,12,13.1,0,0,7,4,0,-1.8279,-1.94055,-1.8279,-1.94055,-0.842236,-0.955019,-0.842236,-0.955019,7.79619,7.68366,7.79619,7.68366
latency_outage,volatile_deep,100000,passive|lat250ms,250,0,True,"coinbase>=1,000,000",prints+quotes,9000018,10,0.185516,2.34184e+06,2.43462,8.36667,-16.8281,passive,BTC-USD,sell,1.15852,100000,86316.7,0.318594,2.21806e+06,1.15852,1,1,86318.1,-0.158139,8,80.0013,100002,0,-0.158139,8.00013,0,7.84199,0,0,7.84199,16.8281,1,3,0,0,0.5,0,0,0,3,0,3.79015,3.19594,3.79015,3.19594,8.53212,7.93762,8.53212,7.93762,2.33361,1.73949,2.33361,1.73949
latency_outage,volatile_deep,100000,passive|lat40ms,40,0,True,"coinbase>=1,000,000",prints+quotes,9000018,10,0.185516,2.34184e+06,2.43462,8.36667,-16.8281,passive,BTC-USD,buy,1.15852,100000,86316.7,0.318594,2.12181e+06,1.15852,1,1,86359.7,4.9843,8,80.0399,100050,0,4.9843,8.00399,-0,12.9883,0,0,12.9883,-16.8281,5,7,0,4,2.8,0,0,3,4,0,-2.17152,-2.77424,-2.17152,-2.77424,-7.12491,-7.72792,-7.12491,-7.72792,4.54901,3.94673,4.54901,3.94673
latency_outage,volatile_deep,100000,passive|lat40ms,40,0,True,"coinbase>=1,000,000",prints+quotes,9000018,10,0.185516,2.34184e+06,2.43462,8.36667,-16.8281,passive,BTC-USD,sell,1.15852,100000,86316.7,0.318594,2.21806e+06,1.15852,1,1,86318.1,-0.158139,8,80.0013,100002,0,-0.158139,8.00013,0,7.84199,0,0,7.84199,16.8281,1,4,0,0,0.4,0,0,1,3,0,3.47482,2.89285,3.47482,2.89285,7.71989,7.13766,7.71989,7.13766,1.86268,1.2808,1.86268,1.2808
latency_outage,volatile_deep,100000,passive|lat5ms,5,0,True,"coinbase>=1,000,000",prints+quotes,9000018,10,0.185516,2.34184e+06,2.43462,8.36667,-16.8281,passive,BTC-USD,buy,1.15852,100000,86316.7,0.318594,2.12181e+06,1.15852,1,1,86371.2,6.31581,8,80.0505,100063,0,6.31581,8.00505,-0,14.3209,0,0,14.3209,-16.8281,8,9,0,7,4.3,0,0,3,6,0,-0.807394,-1.26848,-0.807394,-1.26848,-4.33053,-4.79175,-4.33053,-4.79175,6.507,6.04629,6.507,6.04629
latency_outage,volatile_deep,100000,passive|lat5ms,5,0,True,"coinbase>=1,000,000",prints+quotes,9000018,10,0.185516,2.34184e+06,2.43462,8.36667,-16.8281,passive,BTC-USD,sell,1.15852,100000,86316.7,0.318594,2.21806e+06,1.15852,1,1,86318.1,-0.158139,8,80.0013,100002,0,-0.158139,8.00013,0,7.84199,0,0,7.84199,16.8281,1,4,0,0,0.4,0,0,1,3,0,3.47482,2.89285,3.47482,2.89285,7.71989,7.13766,7.71989,7.13766,1.86268,1.2808,1.86268,1.2808
latency_outage,volatile_deep,100000,passive|outage|cod,40,3,True,"coinbase>=1,000,000",prints+quotes,9000018,10,0.185516,2.34184e+06,2.43462,8.36667,-16.8281,passive,BTC-USD,buy,1.15852,100000,86316.7,0.318594,2.12181e+06,1.15852,1,1,86359.7,4.9843,8,80.0399,100050,0,4.9843,8.00399,-0,12.9883,0,0,12.9883,-16.8281,5,7,0,4,2.8,3.98878,0,3,4,0,-2.17152,-2.77424,-2.17152,-2.77424,-7.12491,-7.72792,-7.12491,-7.72792,4.54901,3.94673,4.54901,3.94673
latency_outage,volatile_deep,100000,passive|outage|cod,40,3,True,"coinbase>=1,000,000",prints+quotes,9000018,10,0.185516,2.34184e+06,2.43462,8.36667,-16.8281,passive,BTC-USD,sell,1.15852,100000,86316.7,0.318594,2.21806e+06,1.15852,1,1,86318.1,-0.158139,8,80.0013,100002,0,-0.158139,8.00013,0,7.84199,0,0,7.84199,16.8281,1,4,0,0,0.4,3.98878,0,1,3,0,3.47482,2.89285,3.47482,2.89285,7.71989,7.13766,7.71989,7.13766,1.86268,1.2808,1.86268,1.2808
latency_outage,volatile_deep,100000,passive|outage|no-cod,40,3,False,"coinbase>=1,000,000",prints+quotes,9000018,10,0.185516,2.34184e+06,2.43462,8.36667,-16.8281,passive,BTC-USD,buy,1.15852,100000,86316.7,0.318594,2.12181e+06,1.15852,1,1,86359.7,4.9843,8,80.0399,100050,0,4.9843,8.00399,-0,12.9883,0,0,12.9883,-16.8281,5,7,0,4,2.8,3.98878,0,3,4,0,-2.17152,-2.77424,-2.17152,-2.77424,-7.12491,-7.72792,-7.12491,-7.72792,4.54901,3.94673,4.54901,3.94673
latency_outage,volatile_deep,100000,passive|outage|no-cod,40,3,False,"coinbase>=1,000,000",prints+quotes,9000018,10,0.185516,2.34184e+06,2.43462,8.36667,-16.8281,passive,BTC-USD,sell,1.15852,100000,86316.7,0.318594,2.21806e+06,1.15852,1,1,86318.1,-0.158139,8,80.0013,100002,0,-0.158139,8.00013,0,7.84199,0,0,7.84199,16.8281,1,4,0,0,0.4,3.98878,0,1,3,0,3.47482,2.89285,3.47482,2.89285,7.71989,7.13766,7.71989,7.13766,1.86268,1.2808,1.86268,1.2808
latency_outage,volatile_deep,100000,passive|prints-only,40,0,True,"coinbase>=1,000,000",prints-only,9000018,10,0.185516,2.34184e+06,2.43462,8.36667,-16.8281,passive,BTC-USD,buy,1.15852,100000,86316.7,0.318594,2.12181e+06,1.15852,1,1,86331.5,1.71398,8,80.0137,100017,0,1.71398,8.00137,-1.45255e-07,9.71535,1.44e-09,0.000861729,9.71535,-16.8281,75,129,0,75,50.2057,0,0,129,0,0,1.76324,1.07561,1.76324,1.07561,4.76226,4.07491,4.76226,4.07491,19.7952,19.1089,19.7952,19.1089
latency_outage,volatile_deep,100000,passive|prints-only,40,0,True,"coinbase>=1,000,000",prints-only,9000018,10,0.185516,2.34184e+06,2.43462,8.36667,-16.8281,passive,BTC-USD,sell,1.15852,100000,86316.7,0.318594,2.21806e+06,1.15852,1,1,86353.6,-4.27593,8,80.0342,100043,0,-4.27593,8.00342,0,3.72749,0,0,3.72749,16.8281,82,111,1,81,52.9075,0,0,111,0,0,0.220702,0.604514,0.220702,0.604514,-4.82313,-4.43963,-4.82313,-4.43963,-16.0141,-15.6305,-16.0141,-15.6305
latency_outage,volatile_deep,100000,aggressive|lat250ms,250,0,True,"coinbase>=1,000,000",prints+quotes,9000019,10,0.180991,2.33571e+06,2.26144,7.73333,-32.1105,aggressive,BTC-USD,buy,1.16008,100000,86200.8,0.701849,2.50587e+06,1.16008,1,0,86183.7,-1.98703,18,179.964,0,99980.1,-1.98703,17.9964,-0,16.0094,0,0,16.0094,-32.1105,1,7,0,0,0.467187,0,0,0,0,0,2.79943,1.99648,,,2.97348,2.17054,,,6.75668,5.95404,,
latency_outage,volatile_deep,100000,aggressive|lat250ms,250,0,True,"coinbase>=1,000,000",prints+quotes,9000019,10,0.180991,2.33571e+06,2.26144,7.73333,-32.1105,aggressive,BTC-USD,sell,1.16008,100000,86200.8,0.701849,2.61918e+06,1.16008,1,0,86176.1,2.86883,18,179.948,0,99971.3,2.86883,17.9948,0,20.8637,0,0,20.8637,32.1105,1,7,0,0,0.467187,0,0,0,0,0,-1.91763,-1.99648,,,-2.0917,-2.17054,,,-5.87523,-5.95404,,
latency_outage,volatile_deep,100000,aggressive|lat40ms,40,0,True,"coinbase>=1,000,000",prints+quotes,9000019,10,0.180991,2.33571e+06,2.26144,7.73333,-32.1105,aggressive,BTC-USD,buy,1.16008,100000,86200.8,0.701849,2.50587e+06,1.16008,1,0,86205.8,0.579286,18,180.01,0,100006,0.579286,18.001,-0,18.5803,0,0,18.5803,-32.1105,1,5,0,0,0.07475,0,0,0,0,0,4.73384,4.15483,,,6.24882,5.6699,,,11.0095,10.4309,,
latency_outage,volatile_deep,100000,aggressive|lat40ms,40,0,True,"coinbase>=1,000,000",prints+quotes,9000019,10,0.180991,2.33571e+06,2.26144,7.73333,-32.1105,aggressive,BTC-USD,sell,1.16008,100000,86200.8,0.701849,2.61918e+06,1.16008,1,0,86194.9,0.690059,18,179.988,0,99993.1,0.690059,17.9988,0,18.6888,0,0,18.6888,32.1105,1,6,0,0,0.07475,0,0,0,0,0,-3.46501,-4.15483,,,-4.98018,-5.6699,,,-9.74148,-10.4309,,
latency_outage,volatile_deep,100000,aggressive|lat5ms,5,0,True,"coinbase>=1,000,000",prints+quotes,9000019,10,0.180991,2.33571e+06,2.26144,7.73333,-32.1105,aggressive,BTC-USD,buy,1.16008,100000,86200.8,0.701849,2.50587e+06,1.16008,1,0,86205.8,0.579286,18,180.01,0,100006,0.579286,18.001,-0,18.5803,0,0,18.5803,-32.1105,1,5,0,0,0.00934375,0,0,0,0,0,4.73384,4.15483,,,6.24882,5.6699,,,11.0095,10.4309,,
latency_outage,volatile_deep,100000,aggressive|lat5ms,5,0,True,"coinbase>=1,000,000",prints+quotes,9000019,10,0.180991,2.33571e+06,2.26144,7.73333,-32.1105,aggressive,BTC-USD,sell,1.16008,100000,86200.8,0.701849,2.61918e+06,1.16008,1,0,86194.9,0.690059,18,179.988,0,99993.1,0.690059,17.9988,0,18.6888,0,0,18.6888,32.1105,1,6,0,0,0.00934375,0,0,0,0,0,-3.46501,-4.15483,,,-4.98018,-5.6699,,,-9.74148,-10.4309,,
latency_outage,volatile_deep,100000,aggressive|outage|cod,40,3,True,"coinbase>=1,000,000",prints+quotes,9000019,10,0.180991,2.33571e+06,2.26144,7.73333,-32.1105,aggressive,BTC-USD,buy,1.16008,100000,86200.8,0.701849,2.50587e+06,1.16008,1,0,86205.8,0.579286,18,180.01,0,100006,0.579286,18.001,-0,18.5803,0,0,18.5803,-32.1105,1,5,0,0,0.07475,8.22432,0,0,0,0,4.73384,4.15483,,,6.24882,5.6699,,,11.0095,10.4309,,
latency_outage,volatile_deep,100000,aggressive|outage|cod,40,3,True,"coinbase>=1,000,000",prints+quotes,9000019,10,0.180991,2.33571e+06,2.26144,7.73333,-32.1105,aggressive,BTC-USD,sell,1.16008,100000,86200.8,0.701849,2.61918e+06,1.16008,1,0,86194.9,0.690059,18,179.988,0,99993.1,0.690059,17.9988,0,18.6888,0,0,18.6888,32.1105,1,6,0,0,0.07475,8.22432,0,0,0,0,-3.46501,-4.15483,,,-4.98018,-5.6699,,,-9.74148,-10.4309,,
latency_outage,volatile_deep,100000,aggressive|outage|no-cod,40,3,False,"coinbase>=1,000,000",prints+quotes,9000019,10,0.180991,2.33571e+06,2.26144,7.73333,-32.1105,aggressive,BTC-USD,buy,1.16008,100000,86200.8,0.701849,2.50587e+06,1.16008,1,0,86205.8,0.579286,18,180.01,0,100006,0.579286,18.001,-0,18.5803,0,0,18.5803,-32.1105,1,5,0,0,0.07475,8.22432,0,0,0,0,4.73384,4.15483,,,6.24882,5.6699,,,11.0095,10.4309,,
latency_outage,volatile_deep,100000,aggressive|outage|no-cod,40,3,False,"coinbase>=1,000,000",prints+quotes,9000019,10,0.180991,2.33571e+06,2.26144,7.73333,-32.1105,aggressive,BTC-USD,sell,1.16008,100000,86200.8,0.701849,2.61918e+06,1.16008,1,0,86194.9,0.690059,18,179.988,0,99993.1,0.690059,17.9988,0,18.6888,0,0,18.6888,32.1105,1,6,0,0,0.07475,8.22432,0,0,0,0,-3.46501,-4.15483,,,-4.98018,-5.6699,,,-9.74148,-10.4309,,
latency_outage,volatile_deep,100000,aggressive|prints-only,40,0,True,"coinbase>=1,000,000",prints-only,9000019,10,0.180991,2.33571e+06,2.26144,7.73333,-32.1105,aggressive,BTC-USD,buy,1.16008,100000,86200.8,0.701849,2.50587e+06,1.16008,1,0,86205.8,0.579286,18,180.01,0,100006,0.579286,18.001,-0,18.5803,0,0,18.5803,-32.1105,1,5,0,0,0.07475,0,0,0,0,0,4.73384,4.15483,,,6.24882,5.6699,,,11.0095,10.4309,,
latency_outage,volatile_deep,100000,aggressive|prints-only,40,0,True,"coinbase>=1,000,000",prints-only,9000019,10,0.180991,2.33571e+06,2.26144,7.73333,-32.1105,aggressive,BTC-USD,sell,1.16008,100000,86200.8,0.701849,2.61918e+06,1.16008,1,0,86194.9,0.690059,18,179.988,0,99993.1,0.690059,17.9988,0,18.6888,0,0,18.6888,32.1105,1,6,0,0,0.07475,0,0,0,0,0,-3.46501,-4.15483,,,-4.98018,-5.6699,,,-9.74148,-10.4309,,
latency_outage,volatile_deep,100000,hybrid|lat250ms,250,0,True,"coinbase>=1,000,000",prints+quotes,9000019,10,0.180991,2.33571e+06,2.26144,7.73333,-32.1105,hybrid,BTC-USD,buy,1.16008,100000,86200.8,0.701849,2.50587e+06,1.16008,1,1,86162.3,-4.46573,8,79.9643,99955.3,0,-4.46573,7.99643,-0,3.53069,0,0,3.53069,-32.1105,4,2,3,1,2,0,0,0,2,0,1.50301,0.524911,1.50301,0.524911,2.07481,1.09677,2.07481,1.09677,5.66785,4.69015,5.66785,4.69015
latency_outage,volatile_deep,100000,hybrid|lat250ms,250,0,True,"coinbase>=1,000,000",prints+quotes,9000019,10,0.180991,2.33571e+06,2.26144,7.73333,-32.1105,hybrid,BTC-USD,sell,1.16008,100000,86200.8,0.701849,2.61918e+06,1.16008,1,1,86145,6.47394,8,79.9482,99935.3,0,6.47394,7.99482,0,14.4688,0,0,14.4688,32.1105,12,5,3,8,8.4,0,0,2,3,0,-0.310838,-1.01088,-0.310838,-1.01088,7.09536,6.39463,7.09536,6.39463,2.71044,2.01016,2.71044,2.01016
latency_outage,volatile_deep,100000,hybrid|lat40ms,40,0,True,"coinbase>=1,000,000",prints+quotes,9000019,10,0.180991,2.33571e+06,2.26144,7.73333,-32.1105,hybrid,BTC-USD,buy,1.16008,100000,86200.8,0.701849,2.50587e+06,1.16008,1,1,86197.8,-0.349765,8,79.9972,99996.5,0,-0.349765,7.99972,-0,7.64996,0,0,7.64996,-32.1105,1,2,0,0,0.3,0,0,0,2,0,4.06943,3.00002,4.06943,3.00002,3.71131,2.64187,3.71131,2.64187,9.2431,8.17425,9.2431,8.17425
latency_outage,volatile_deep,100000,hybrid|lat40ms,40,0,True,"coinbase>=1,000,000",prints+quotes,9000019,10,0.180991,2.33571e+06,2.26144,7.73333,-32.1105,hybrid,BTC-USD,sell,1.16008,100000,86200.8,0.701849,2.61918e+06,1.16008,1,1,86141.2,6.91289,8,79.9447,99930.9,0,6.91289,7.99447,0,14.9074,0,0,14.9074,32.1105,7,8,0,6,4,0,0,5,3,0,-0.0258246,-0.68563,-0.0258246,-0.68563,0.980805,0.320934,0.980805,0.320934,-3.86298,-4.52254,-3.86298,-4.52254
latency_outage,volatile_deep,100000,hybrid|lat5ms,5,0,True,"coinbase>=1,000,000",prints+quotes,9000019,10,0.180991,2.33571e+06,2.26144,7.73333,-32.1105,hybrid,BTC-USD,buy,1.16008,100000,86200.8,0.701849,2.50587e+06,1.16008,1,1,86197.8,-0.349765,8,79.9972,99996.5,0,-0.349765,7.99972,-0,7.64996,0,0,7.64996,-32.1105,1,2,0,0,0.3,0,0,0,2,0,4.06943,3.00002,4.06943,3.00002,3.71131,2.64187,3.71131,2.64187,9.2431,8.17425,9.2431,8.17425
latency_outage,volatile_deep,100000,hybrid|lat5ms,5,0,True,"coinbase>=1,000,000",prints+quotes,9000019,10,0.180991,2.33571e+06,2.26144,7.73333,-32.1105,hybrid,BTC-USD,sell,1.16008,100000,86200.8,0.701849,2.61918e+06,1.16008,1,1,86154.1,5.41813,8,79.9567,99945.8,0,5.41813,7.99567,2.76795e-07,13.4138,8e-11,0.00085924,13.4138,32.1105,4,8,0,3,2.5,0,0,5,3,0,-2.28708,-3.17166,-2.28708,-3.17166,-1.4175,-2.30217,-1.4175,-2.30217,-6.4956,-7.37982,-6.4956,-7.37982
latency_outage,volatile_deep,100000,hybrid|outage|cod,40,3,True,"coinbase>=1,000,000",prints+quotes,9000019,10,0.180991,2.33571e+06,2.26144,7.73333,-32.1105,hybrid,BTC-USD,buy,1.16008,100000,86200.8,0.701849,2.50587e+06,1.16008,1,1,86197.8,-0.349765,8,79.9972,99996.5,0,-0.349765,7.99972,-0,7.64996,0,0,7.64996,-32.1105,1,2,0,0,0.3,8.22432,0,0,2,0,4.06943,3.00002,4.06943,3.00002,3.71131,2.64187,3.71131,2.64187,9.2431,8.17425,9.2431,8.17425
latency_outage,volatile_deep,100000,hybrid|outage|cod,40,3,True,"coinbase>=1,000,000",prints+quotes,9000019,10,0.180991,2.33571e+06,2.26144,7.73333,-32.1105,hybrid,BTC-USD,sell,1.16008,100000,86200.8,0.701849,2.61918e+06,1.16008,1,1,86141.2,6.91289,8,79.9447,99930.9,0,6.91289,7.99447,0,14.9074,0,0,14.9074,32.1105,7,8,0,6,4,8.22432,0,5,3,0,-0.0258246,-0.68563,-0.0258246,-0.68563,0.980805,0.320934,0.980805,0.320934,-3.86298,-4.52254,-3.86298,-4.52254
latency_outage,volatile_deep,100000,hybrid|outage|no-cod,40,3,False,"coinbase>=1,000,000",prints+quotes,9000019,10,0.180991,2.33571e+06,2.26144,7.73333,-32.1105,hybrid,BTC-USD,buy,1.16008,100000,86200.8,0.701849,2.50587e+06,1.16008,1,1,86197.8,-0.349765,8,79.9972,99996.5,0,-0.349765,7.99972,-0,7.64996,0,0,7.64996,-32.1105,1,2,0,0,0.3,8.22432,0,0,2,0,4.06943,3.00002,4.06943,3.00002,3.71131,2.64187,3.71131,2.64187,9.2431,8.17425,9.2431,8.17425
latency_outage,volatile_deep,100000,hybrid|outage|no-cod,40,3,False,"coinbase>=1,000,000",prints+quotes,9000019,10,0.180991,2.33571e+06,2.26144,7.73333,-32.1105,hybrid,BTC-USD,sell,1.16008,100000,86200.8,0.701849,2.61918e+06,1.16008,1,1,86141.2,6.91289,8,79.9447,99930.9,0,6.91289,7.99447,0,14.9074,0,0,14.9074,32.1105,7,8,0,6,4,8.22432,0,5,3,0,-0.0258246,-0.68563,-0.0258246,-0.68563,0.980805,0.320934,0.980805,0.320934,-3.86298,-4.52254,-3.86298,-4.52254
latency_outage,volatile_deep,100000,hybrid|prints-only,40,0,True,"coinbase>=1,000,000",prints-only,9000019,10,0.180991,2.33571e+06,2.26144,7.73333,-32.1105,hybrid,BTC-USD,buy,1.16008,100000,86200.8,0.701849,2.50587e+06,1.16008,1,0.421935,86142.7,-6.73986,13.7786,137.693,42185.5,57747.1,-6.73986,13.7693,-0,7.02946,0,0,7.02946,-32.1105,62,81,2,59,42.128,0,0,77,0,0,-0.369219,-0.543844,1.17215,0.965527,5.44606,5.27153,0.870369,0.663756,13.5719,13.3975,13.5549,13.3486
latency_outage,volatile_deep,100000,hybrid|prints-only,40,0,True,"coinbase>=1,000,000",prints-only,9000019,10,0.180991,2.33571e+06,2.26144,7.73333,-32.1105,hybrid,BTC-USD,sell,1.16008,100000,86200.8,0.701849,2.61918e+06,1.16008,1,1,86179.4,2.4858,8,79.9801,99975.1,0,2.4858,7.99801,0,10.4838,0,0,10.4838,32.1105,36,43,0,35,24.2152,0,0,43,0,0,1.29023,-0.100603,1.29023,-0.100603,-0.451605,-1.84214,-0.451605,-1.84214,-11.3055,-12.6945,-11.3055,-12.6945
latency_outage,volatile_deep,100000,passive|lat250ms,250,0,True,"coinbase>=1,000,000",prints+quotes,9000019,10,0.180991,2.33571e+06,2.26144,7.73333,-32.1105,passive,BTC-USD,buy,1.16008,100000,86200.8,0.701849,2.50587e+06,1.16008,1,1,86162.3,-4.46573,8,79.9643,99955.3,0,-4.46573,7.99643,-0,3.53069,0,0,3.53069,-32.1105,4,2,3,1,2,0,0,0,2,0,1.50301,0.524911,1.50301,0.524911,2.07481,1.09677,2.07481,1.09677,5.66785,4.69015,5.66785,4.69015
latency_outage,volatile_deep,100000,passive|lat250ms,250,0,True,"coinbase>=1,000,000",prints+quotes,9000019,10,0.180991,2.33571e+06,2.26144,7.73333,-32.1105,passive,BTC-USD,sell,1.16008,100000,86200.8,0.701849,2.61918e+06,1.16008,1,1,86145,6.47394,8,79.9482,99935.3,0,6.47394,7.99482,0,14.4688,0,0,14.4688,32.1105,12,5,3,8,8.4,0,0,2,3,0,-0.310838,-1.01088,-0.310838,-1.01088,7.09536,6.39463,7.09536,6.39463,2.71044,2.01016,2.71044,2.01016
latency_outage,volatile_deep,100000,passive|lat40ms,40,0,True,"coinbase>=1,000,000",prints+quotes,9000019,10,0.180991,2.33571e+06,2.26144,7.73333,-32.1105,passive,BTC-USD,buy,1.16008,100000,86200.8,0.701849,2.50587e+06,1.16008,1,1,86197.8,-0.349765,8,79.9972,99996.5,0,-0.349765,7.99972,-0,7.64996,0,0,7.64996,-32.1105,1,2,0,0,0.3,0,0,0,2,0,4.06943,3.00002,4.06943,3.00002,3.71131,2.64187,3.71131,2.64187,9.2431,8.17425,9.2431,8.17425
latency_outage,volatile_deep,100000,passive|lat40ms,40,0,True,"coinbase>=1,000,000",prints+quotes,9000019,10,0.180991,2.33571e+06,2.26144,7.73333,-32.1105,passive,BTC-USD,sell,1.16008,100000,86200.8,0.701849,2.61918e+06,1.16008,1,1,86141.2,6.91289,8,79.9447,99930.9,0,6.91289,7.99447,0,14.9074,0,0,14.9074,32.1105,7,8,0,6,4,0,0,5,3,0,-0.0258246,-0.68563,-0.0258246,-0.68563,0.980805,0.320934,0.980805,0.320934,-3.86298,-4.52254,-3.86298,-4.52254
latency_outage,volatile_deep,100000,passive|lat5ms,5,0,True,"coinbase>=1,000,000",prints+quotes,9000019,10,0.180991,2.33571e+06,2.26144,7.73333,-32.1105,passive,BTC-USD,buy,1.16008,100000,86200.8,0.701849,2.50587e+06,1.16008,1,1,86197.8,-0.349765,8,79.9972,99996.5,0,-0.349765,7.99972,-0,7.64996,0,0,7.64996,-32.1105,1,2,0,0,0.3,0,0,0,2,0,4.06943,3.00002,4.06943,3.00002,3.71131,2.64187,3.71131,2.64187,9.2431,8.17425,9.2431,8.17425
latency_outage,volatile_deep,100000,passive|lat5ms,5,0,True,"coinbase>=1,000,000",prints+quotes,9000019,10,0.180991,2.33571e+06,2.26144,7.73333,-32.1105,passive,BTC-USD,sell,1.16008,100000,86200.8,0.701849,2.61918e+06,1.16008,1,1,86154.1,5.41813,8,79.9567,99945.8,0,5.41813,7.99567,2.76795e-07,13.4138,8e-11,0.00085924,13.4138,32.1105,4,8,0,3,2.5,0,0,5,3,0,-2.28708,-3.17166,-2.28708,-3.17166,-1.4175,-2.30217,-1.4175,-2.30217,-6.4956,-7.37982,-6.4956,-7.37982
latency_outage,volatile_deep,100000,passive|outage|cod,40,3,True,"coinbase>=1,000,000",prints+quotes,9000019,10,0.180991,2.33571e+06,2.26144,7.73333,-32.1105,passive,BTC-USD,buy,1.16008,100000,86200.8,0.701849,2.50587e+06,1.16008,1,1,86197.8,-0.349765,8,79.9972,99996.5,0,-0.349765,7.99972,-0,7.64996,0,0,7.64996,-32.1105,1,2,0,0,0.3,8.22432,0,0,2,0,4.06943,3.00002,4.06943,3.00002,3.71131,2.64187,3.71131,2.64187,9.2431,8.17425,9.2431,8.17425
latency_outage,volatile_deep,100000,passive|outage|cod,40,3,True,"coinbase>=1,000,000",prints+quotes,9000019,10,0.180991,2.33571e+06,2.26144,7.73333,-32.1105,passive,BTC-USD,sell,1.16008,100000,86200.8,0.701849,2.61918e+06,1.16008,1,1,86141.2,6.91289,8,79.9447,99930.9,0,6.91289,7.99447,0,14.9074,0,0,14.9074,32.1105,7,8,0,6,4,8.22432,0,5,3,0,-0.0258246,-0.68563,-0.0258246,-0.68563,0.980805,0.320934,0.980805,0.320934,-3.86298,-4.52254,-3.86298,-4.52254
latency_outage,volatile_deep,100000,passive|outage|no-cod,40,3,False,"coinbase>=1,000,000",prints+quotes,9000019,10,0.180991,2.33571e+06,2.26144,7.73333,-32.1105,passive,BTC-USD,buy,1.16008,100000,86200.8,0.701849,2.50587e+06,1.16008,1,1,86197.8,-0.349765,8,79.9972,99996.5,0,-0.349765,7.99972,-0,7.64996,0,0,7.64996,-32.1105,1,2,0,0,0.3,8.22432,0,0,2,0,4.06943,3.00002,4.06943,3.00002,3.71131,2.64187,3.71131,2.64187,9.2431,8.17425,9.2431,8.17425
latency_outage,volatile_deep,100000,passive|outage|no-cod,40,3,False,"coinbase>=1,000,000",prints+quotes,9000019,10,0.180991,2.33571e+06,2.26144,7.73333,-32.1105,passive,BTC-USD,sell,1.16008,100000,86200.8,0.701849,2.61918e+06,1.16008,1,1,86141.2,6.91289,8,79.9447,99930.9,0,6.91289,7.99447,0,14.9074,0,0,14.9074,32.1105,7,8,0,6,4,8.22432,0,5,3,0,-0.0258246,-0.68563,-0.0258246,-0.68563,0.980805,0.320934,0.980805,0.320934,-3.86298,-4.52254,-3.86298,-4.52254
latency_outage,volatile_deep,100000,passive|prints-only,40,0,True,"coinbase>=1,000,000",prints-only,9000019,10,0.180991,2.33571e+06,2.26144,7.73333,-32.1105,passive,BTC-USD,buy,1.16008,100000,86200.8,0.701849,2.50587e+06,0.892655,0.769476,1,86113.6,-10.1187,8,61.4958,76869.7,0,-7.78613,6.14958,-7.40224,-9.03879,0.00213941,22978.4,-4.90054,-32.1105,87,126,2,85,60.0111,0,0,126,0,0.00048863,1.39717,0.866082,1.39717,0.866082,0.673221,0.142058,0.673221,0.142058,9.0463,8.51551,9.0463,8.51551
latency_outage,volatile_deep,100000,passive|prints-only,40,0,True,"coinbase>=1,000,000",prints-only,9000019,10,0.180991,2.33571e+06,2.26144,7.73333,-32.1105,passive,BTC-USD,sell,1.16008,100000,86200.8,0.701849,2.61918e+06,1.16008,1,1,86179.4,2.4858,8,79.9801,99975.1,0,2.4858,7.99801,0,10.4838,0,0,10.4838,32.1105,36,43,0,35,24.2152,0,0,43,0,0,1.29023,-0.100603,1.29023,-0.100603,-0.451605,-1.84214,-0.451605,-1.84214,-11.3055,-12.6945,-11.3055,-12.6945
latency_outage,volatile_deep,100000,aggressive|lat250ms,250,0,True,"coinbase>=1,000,000",prints+quotes,9000020,10,0.167761,2.3555e+06,3.39465,7.06667,16.5094,aggressive,BTC-USD,buy,1.15896,100000,86284.1,0.120532,2.33827e+06,1.15896,1,0,86294.7,1.23095,18,180.022,0,100012,1.23095,18.0022,1.4245e-07,19.2332,1.03e-09,0.000864275,19.2332,16.5094,1,6,0,0,0.451767,0,0,0,0,0,-0.474405,-0.726599,,,-3.75908,-4.01136,,,-4.19016,-4.44245,,
latency_outage,volatile_deep,100000,aggressive|lat250ms,250,0,True,"coinbase>=1,000,000",prints+quotes,9000020,10,0.167761,2.3555e+06,3.39465,7.06667,16.5094,aggressive,BTC-USD,sell,1.15896,100000,86284.1,0.120532,2.42007e+06,1.15896,1,0,86288.1,-0.474491,18,180.009,0,100005,-0.474491,18.0009,-1.4245e-07,17.5264,1.03e-09,0.000864255,17.5264,-16.5094,1,7,0,0,0.451767,0,0,0,0,0,1.23087,0.726599,,,4.51579,4.01136,,,4.94691,4.44245,,
latency_outage,volatile_deep,100000,aggressive|lat40ms,40,0,True,"coinbase>=1,000,000",prints+quotes,9000020,10,0.167761,2.3555e+06,3.39465,7.06667,16.5094,aggressive,BTC-USD,buy,1.15896,100000,86284.1,0.120532,2.33827e+06,1.15896,1,0,86285.8,0.207523,18,180.004,0,100002,0.207523,18.0004,1.4245e-07,18.2079,1.03e-09,0.000864275,18.2079,16.5094,1,6,0,0,0.0722828,0,0,0,0,0,-1.90465,-2.11221,,,-3.59902,-3.80661,,,-6.97732,-7.18499,,
latency_outage,volatile_deep,100000,aggressive|lat40ms,40,0,True,"coinbase>=1,000,000",prints+quotes,9000020,10,0.167761,2.3555e+06,3.39465,7.06667,16.5094,aggressive,BTC-USD,sell,1.15896,100000,86284.1,0.120532,2.42007e+06,1.15896,1,0,86282,0.236579,18,179.996,0,99997.6,0.236579,17.9996,-1.4245e-07,18.2362,1.03e-09,0.000864255,18.2362,-16.5094,1,7,0,0,0.0722828,0,0,0,0,0,2.34885,2.11221,,,4.04329,3.80661,,,7.42175,7.18499,,
latency_outage,volatile_deep,100000,aggressive|lat5ms,5,0,True,"coinbase>=1,000,000",prints+quotes,9000020,10,0.167761,2.3555e+06,3.39465,7.06667,16.5094,aggressive,BTC-USD,buy,1.15896,100000,86284.1,0.120532,2.33827e+06,1.15896,1,0,86285.8,0.207523,18,180.004,0,100002,0.207523,18.0004,1.4245e-07,18.2079,1.03e-09,0.000864275,18.2079,16.5094,1,6,0,0,0.00903535,0,0,0,0,0,-1.90465,-2.11221,,,-3.59902,-3.80661,,,-6.97732,-7.18499,,
latency_outage,volatile_deep,100000,aggressive|lat5ms,5,0,True,"coinbase>=1,000,000",prints+quotes,9000020,10,0.167761,2.3555e+06,3.39465,7.06667,16.5094,aggressive,BTC-USD,sell,1.15896,100000,86284.1,0.120532,2.42007e+06,1.15896,1,0,86282,0.236579,18,179.996,0,99997.6,0.236579,17.9996,-1.4245e-07,18.2362,1.03e-09,0.000864255,18.2362,-16.5094,1,7,0,0,0.00903535,0,0,0,0,0,2.34885,2.11221,,,4.04329,3.80661,,,7.42175,7.18499,,
latency_outage,volatile_deep,100000,aggressive|outage|cod,40,3,True,"coinbase>=1,000,000",prints+quotes,9000020,10,0.167761,2.3555e+06,3.39465,7.06667,16.5094,aggressive,BTC-USD,buy,1.15896,100000,86284.1,0.120532,2.33827e+06,1.15896,1,0,86285.8,0.207523,18,180.004,0,100002,0.207523,18.0004,1.4245e-07,18.2079,1.03e-09,0.000864275,18.2079,16.5094,1,6,0,0,0.0722828,10.666,0,0,0,0,-1.90465,-2.11221,,,-3.59902,-3.80661,,,-6.97732,-7.18499,,
latency_outage,volatile_deep,100000,aggressive|outage|cod,40,3,True,"coinbase>=1,000,000",prints+quotes,9000020,10,0.167761,2.3555e+06,3.39465,7.06667,16.5094,aggressive,BTC-USD,sell,1.15896,100000,86284.1,0.120532,2.42007e+06,1.15896,1,0,86282,0.236579,18,179.996,0,99997.6,0.236579,17.9996,-1.4245e-07,18.2362,1.03e-09,0.000864255,18.2362,-16.5094,1,7,0,0,0.0722828,10.666,0,0,0,0,2.34885,2.11221,,,4.04329,3.80661,,,7.42175,7.18499,,
latency_outage,volatile_deep,100000,aggressive|outage|no-cod,40,3,False,"coinbase>=1,000,000",prints+quotes,9000020,10,0.167761,2.3555e+06,3.39465,7.06667,16.5094,aggressive,BTC-USD,buy,1.15896,100000,86284.1,0.120532,2.33827e+06,1.15896,1,0,86285.8,0.207523,18,180.004,0,100002,0.207523,18.0004,1.4245e-07,18.2079,1.03e-09,0.000864275,18.2079,16.5094,1,6,0,0,0.0722828,10.666,0,0,0,0,-1.90465,-2.11221,,,-3.59902,-3.80661,,,-6.97732,-7.18499,,
latency_outage,volatile_deep,100000,aggressive|outage|no-cod,40,3,False,"coinbase>=1,000,000",prints+quotes,9000020,10,0.167761,2.3555e+06,3.39465,7.06667,16.5094,aggressive,BTC-USD,sell,1.15896,100000,86284.1,0.120532,2.42007e+06,1.15896,1,0,86282,0.236579,18,179.996,0,99997.6,0.236579,17.9996,-1.4245e-07,18.2362,1.03e-09,0.000864255,18.2362,-16.5094,1,7,0,0,0.0722828,10.666,0,0,0,0,2.34885,2.11221,,,4.04329,3.80661,,,7.42175,7.18499,,
latency_outage,volatile_deep,100000,aggressive|prints-only,40,0,True,"coinbase>=1,000,000",prints-only,9000020,10,0.167761,2.3555e+06,3.39465,7.06667,16.5094,aggressive,BTC-USD,buy,1.15896,100000,86284.1,0.120532,2.33827e+06,1.15896,1,0,86285.8,0.207523,18,180.004,0,100002,0.207523,18.0004,1.4245e-07,18.2079,1.03e-09,0.000864275,18.2079,16.5094,1,6,0,0,0.0722828,0,0,0,0,0,-1.90465,-2.11221,,,-3.59902,-3.80661,,,-6.97732,-7.18499,,
latency_outage,volatile_deep,100000,aggressive|prints-only,40,0,True,"coinbase>=1,000,000",prints-only,9000020,10,0.167761,2.3555e+06,3.39465,7.06667,16.5094,aggressive,BTC-USD,sell,1.15896,100000,86284.1,0.120532,2.42007e+06,1.15896,1,0,86282,0.236579,18,179.996,0,99997.6,0.236579,17.9996,-1.4245e-07,18.2362,1.03e-09,0.000864255,18.2362,-16.5094,1,7,0,0,0.0722828,0,0,0,0,0,2.34885,2.11221,,,4.04329,3.80661,,,7.42175,7.18499,,
latency_outage,volatile_deep,100000,hybrid|lat250ms,250,0,True,"coinbase>=1,000,000",prints+quotes,9000020,10,0.167761,2.3555e+06,3.39465,7.06667,16.5094,hybrid,BTC-USD,buy,1.15896,100000,86284.1,0.120532,2.33827e+06,1.15896,1,1,86316.2,3.72051,8,80.0298,100037,0,3.72051,8.00298,1.4245e-07,11.7235,1.03e-09,0.000864275,11.7235,16.5094,6,3,2,3,3.5,0,0,0,3,0,-0.0194137,-0.852133,-0.0194137,-0.852133,12.9446,12.113,12.9446,12.113,-3.11894,-3.95193,-3.11894,-3.95193
latency_outage,volatile_deep,100000,hybrid|lat250ms,250,0,True,"coinbase>=1,000,000",prints+quotes,9000020,10,0.167761,2.3555e+06,3.39465,7.06667,16.5094,hybrid,BTC-USD,sell,1.15896,100000,86284.1,0.120532,2.42007e+06,1.15896,1,1,86302.3,-2.11586,8,80.0169,100021,0,-2.11586,8.00169,-1.4245e-07,5.88583,1.03e-09,0.000864255,5.88583,-16.5094,4,5,2,1,1.9,0,0,1,4,0,2.59882,1.96791,2.59882,1.96791,-3.88648,-4.51693,-3.88648,-4.51693,3.16523,2.5343,3.16523,2.5343
latency_outage,volatile_deep,100000,hybrid|lat40ms,40,0,True,"coinbase>=1,000,000",prints+quotes,9000020,10,0.167761,2.3555e+06,3.39465,7.06667,16.5094,hybrid,BTC-USD,buy,1.15896,100000,86284.1,0.120532,2.33827e+06,1.15896,1,1,86303.4,2.24491,8,80.018,100022,0,2.24491,8.0018,1.4245e-07,10.2467,1.03e-09,0.000864275,10.2467,16.5094,3,3,0,2,1.6,0,0,0,3,0,-3.7177,-4.1627,-3.7177,-4.1627,4.53584,4.09122,4.53584,4.09122,-3.18281,-3.62779,-3.18281,-3.62779
latency_outage,volatile_deep,100000,hybrid|lat40ms,40,0,True,"coinbase>=1,000,000",prints+quotes,9000020,10,0.167761,2.3555e+06,3.39465,7.06667,16.5094,hybrid,BTC-USD,sell,1.15896,100000,86284.1,0.120532,2.42007e+06,1.15896,1,1,86284.6,-0.0591071,8,80.0005,100001,0,-0.0591071,8.00005,-1.4245e-07,7.94094,1.03e-09,0.000864255,7.94094,-16.5094,1,4,0,0,0.3,0,0,1,3,0,2.68139,2.17565,2.68139,2.17565,5.0262,4.52035,5.0262,4.52035,6.00394,5.49805,6.00394,5.49805
latency_outage,volatile_deep,100000,hybrid|lat5ms,5,0,True,"coinbase>=1,000,000",prints+quotes,9000020,10,0.167761,2.3555e+06,3.39465,7.06667,16.5094,hybrid,BTC-USD,buy,1.15896,100000,86284.1,0.120532,2.33827e+06,1.15896,1,1,86303.4,2.24491,8,80.018,100022,0,2.24491,8.0018,1.4245e-07,10.2467,1.03e-09,0.000864275,10.2467,16.5094,3,5,0,2,1.6,0,0,2,3,0,-3.71146,-4.15348,-3.71146,-4.15348,4.52066,4.07901,4.52066,4.07901,-3.16503,-3.60703,-3.16503,-3.60703
latency_outage,volatile_deep,100000,hybrid|lat5ms,5,0,True,"coinbase>=1,000,000",prints+quotes,9000020,10,0.167761,2.3555e+06,3.39465,7.06667,16.5094,hybrid,BTC-USD,sell,1.15896,100000,86284.1,0.120532,2.42007e+06,1.15896,1,1,86284.6,-0.0591071,8,80.0005,100001,0,-0.0591071,8.00005,-1.4245e-07,7.94094,1.03e-09,0.000864255,7.94094,-16.5094,1,4,0,0,0.3,0,0,1,3,0,2.68139,2.17565,2.68139,2.17565,5.0262,4.52035,5.0262,4.52035,6.00394,5.49805,6.00394,5.49805
latency_outage,volatile_deep,100000,hybrid|outage|cod,40,3,True,"coinbase>=1,000,000",prints+quotes,9000020,10,0.167761,2.3555e+06,3.39465,7.06667,16.5094,hybrid,BTC-USD,buy,1.15896,100000,86284.1,0.120532,2.33827e+06,1.15896,1,1,86303.4,2.24491,8,80.018,100022,0,2.24491,8.0018,1.4245e-07,10.2467,1.03e-09,0.000864275,10.2467,16.5094,3,3,0,2,1.6,10.666,0,0,3,0,-3.7177,-4.1627,-3.7177,-4.1627,4.53584,4.09122,4.53584,4.09122,-3.18281,-3.62779,-3.18281,-3.62779
latency_outage,volatile_deep,100000,hybrid|outage|cod,40,3,True,"coinbase>=1,000,000",prints+quotes,9000020,10,0.167761,2.3555e+06,3.39465,7.06667,16.5094,hybrid,BTC-USD,sell,1.15896,100000,86284.1,0.120532,2.42007e+06,1.15896,1,1,86284.6,-0.0591071,8,80.0005,100001,0,-0.0591071,8.00005,-1.4245e-07,7.94094,1.03e-09,0.000864255,7.94094,-16.5094,1,4,0,0,0.3,10.666,0,1,3,0,2.68139,2.17565,2.68139,2.17565,5.0262,4.52035,5.0262,4.52035,6.00394,5.49805,6.00394,5.49805
latency_outage,volatile_deep,100000,hybrid|outage|no-cod,40,3,False,"coinbase>=1,000,000",prints+quotes,9000020,10,0.167761,2.3555e+06,3.39465,7.06667,16.5094,hybrid,BTC-USD,buy,1.15896,100000,86284.1,0.120532,2.33827e+06,1.15896,1,1,86303.4,2.24491,8,80.018,100022,0,2.24491,8.0018,1.4245e-07,10.2467,1.03e-09,0.000864275,10.2467,16.5094,3,3,0,2,1.6,10.666,0,0,3,0,-3.7177,-4.1627,-3.7177,-4.1627,4.53584,4.09122,4.53584,4.09122,-3.18281,-3.62779,-3.18281,-3.62779
latency_outage,volatile_deep,100000,hybrid|outage|no-cod,40,3,False,"coinbase>=1,000,000",prints+quotes,9000020,10,0.167761,2.3555e+06,3.39465,7.06667,16.5094,hybrid,BTC-USD,sell,1.15896,100000,86284.1,0.120532,2.42007e+06,1.15896,1,1,86284.6,-0.0591071,8,80.0005,100001,0,-0.0591071,8.00005,-1.4245e-07,7.94094,1.03e-09,0.000864255,7.94094,-16.5094,1,4,0,0,0.3,10.666,0,1,3,0,2.68139,2.17565,2.68139,2.17565,5.0262,4.52035,5.0262,4.52035,6.00394,5.49805,6.00394,5.49805
latency_outage,volatile_deep,100000,hybrid|prints-only,40,0,True,"coinbase>=1,000,000",prints-only,9000020,10,0.167761,2.3555e+06,3.39465,7.06667,16.5094,hybrid,BTC-USD,buy,1.15896,100000,86284.1,0.120532,2.33827e+06,1.15896,1,0.197189,86298.6,1.68064,16.0285,160.312,19717.8,80299,1.68064,16.0312,1.4245e-07,17.7119,1.03e-09,0.000864275,17.7119,16.5094,68,55,1,66,42.1292,0,0,52,0,0,4.83233,4.30403,5.08564,3.25882,2.91769,2.3892,0.916562,-0.911096,-4.46544,-4.99447,-10.3862,-12.216
latency_outage,volatile_deep,100000,hybrid|prints-only,40,0,True,"coinbase>=1,000,000",prints-only,9000020,10,0.167761,2.3555e+06,3.39465,7.06667,16.5094,hybrid,BTC-USD,sell,1.15896,100000,86284.1,0.120532,2.42007e+06,1.15896,1,1,86226.3,6.69814,8,79.9464,99933,0,6.69814,7.99464,-1.4245e-07,14.6928,1.03e-09,0.000864255,14.6928,-16.5094,30,49,0,29,19.2043,0,0,49,0,0,1.39506,1.38757,1.39506,1.38757,5.54153,5.53408,5.54153,5.53408,15.1215,15.1143,15.1215,15.1143
latency_outage,volatile_deep,100000,passive|lat250ms,250,0,True,"coinbase>=1,000,000",prints+quotes,9000020,10,0.167761,2.3555e+06,3.39465,7.06667,16.5094,passive,BTC-USD,buy,1.15896,100000,86284.1,0.120532,2.33827e+06,1.15896,1,1,86316.2,3.72051,8,80.0298,100037,0,3.72051,8.00298,1.4245e-07,11.7235,1.03e-09,0.000864275,11.7235,16.5094,6,3,2,3,3.5,0,0,0,3,0,-0.0194137,-0.852133,-0.0194137,-0.852133,12.9446,12.113,12.9446,12.113,-3.11894,-3.95193,-3.11894,-3.95193
latency_outage,volatile_deep,100000,passive|lat250ms,250,0,True,"coinbase>=1,000,000",prints+quotes,9000020,10,0.167761,2.3555e+06,3.39465,7.06667,16.5094,passive,BTC-USD,sell,1.15896,100000,86284.1,0.120532,2.42007e+06,1.15896,1,1,86302.3,-2.11586,8,80.0169,100021,0,-2.11586,8.00169,-1.4245e-07,5.88583,1.03e-09,0.000864255,5.88583,-16.5094,4,5,2,1,1.9,0,0,1,4,0,2.59882,1.96791,2.59882,1.96791,-3.88648,-4.51693,-3.88648,-4.51693,3.16523,2.5343,3.16523,2.5343
latency_outage,volatile_deep,100000,passive|lat40ms,40,0,True,"coinbase>=1,000,000",prints+quotes,9000020,10,0.167761,2.3555e+06,3.39465,7.06667,16.5094,passive,BTC-USD,buy,1.15896,100000,86284.1,0.120532,2.33827e+06,1.15896,1,1,86303.4,2.24491,8,80.018,100022,0,2.24491,8.0018,1.4245e-07,10.2467,1.03e-09,0.000864275,10.2467,16.5094,3,3,0,2,1.6,0,0,0,3,0,-3.7177,-4.1627,-3.7177,-4.1627,4.53584,4.09122,4.53584,4.09122,-3.18281,-3.62779,-3.18281,-3.62779
latency_outage,volatile_deep,100000,passive|lat40ms,40,0,True,"coinbase>=1,000,000",prints+quotes,9000020,10,0.167761,2.3555e+06,3.39465,7.06667,16.5094,passive,BTC-USD,sell,1.15896,100000,86284.1,0.120532,2.42007e+06,1.15896,1,1,86284.6,-0.0591071,8,80.0005,100001,0,-0.0591071,8.00005,-1.4245e-07,7.94094,1.03e-09,0.000864255,7.94094,-16.5094,1,4,0,0,0.3,0,0,1,3,0,2.68139,2.17565,2.68139,2.17565,5.0262,4.52035,5.0262,4.52035,6.00394,5.49805,6.00394,5.49805
latency_outage,volatile_deep,100000,passive|lat5ms,5,0,True,"coinbase>=1,000,000",prints+quotes,9000020,10,0.167761,2.3555e+06,3.39465,7.06667,16.5094,passive,BTC-USD,buy,1.15896,100000,86284.1,0.120532,2.33827e+06,1.15896,1,1,86303.4,2.24491,8,80.018,100022,0,2.24491,8.0018,1.4245e-07,10.2467,1.03e-09,0.000864275,10.2467,16.5094,3,5,0,2,1.6,0,0,2,3,0,-3.71146,-4.15348,-3.71146,-4.15348,4.52066,4.07901,4.52066,4.07901,-3.16503,-3.60703,-3.16503,-3.60703
latency_outage,volatile_deep,100000,passive|lat5ms,5,0,True,"coinbase>=1,000,000",prints+quotes,9000020,10,0.167761,2.3555e+06,3.39465,7.06667,16.5094,passive,BTC-USD,sell,1.15896,100000,86284.1,0.120532,2.42007e+06,1.15896,1,1,86284.6,-0.0591071,8,80.0005,100001,0,-0.0591071,8.00005,-1.4245e-07,7.94094,1.03e-09,0.000864255,7.94094,-16.5094,1,4,0,0,0.3,0,0,1,3,0,2.68139,2.17565,2.68139,2.17565,5.0262,4.52035,5.0262,4.52035,6.00394,5.49805,6.00394,5.49805
latency_outage,volatile_deep,100000,passive|outage|cod,40,3,True,"coinbase>=1,000,000",prints+quotes,9000020,10,0.167761,2.3555e+06,3.39465,7.06667,16.5094,passive,BTC-USD,buy,1.15896,100000,86284.1,0.120532,2.33827e+06,1.15896,1,1,86303.4,2.24491,8,80.018,100022,0,2.24491,8.0018,1.4245e-07,10.2467,1.03e-09,0.000864275,10.2467,16.5094,3,3,0,2,1.6,10.666,0,0,3,0,-3.7177,-4.1627,-3.7177,-4.1627,4.53584,4.09122,4.53584,4.09122,-3.18281,-3.62779,-3.18281,-3.62779
latency_outage,volatile_deep,100000,passive|outage|cod,40,3,True,"coinbase>=1,000,000",prints+quotes,9000020,10,0.167761,2.3555e+06,3.39465,7.06667,16.5094,passive,BTC-USD,sell,1.15896,100000,86284.1,0.120532,2.42007e+06,1.15896,1,1,86284.6,-0.0591071,8,80.0005,100001,0,-0.0591071,8.00005,-1.4245e-07,7.94094,1.03e-09,0.000864255,7.94094,-16.5094,1,4,0,0,0.3,10.666,0,1,3,0,2.68139,2.17565,2.68139,2.17565,5.0262,4.52035,5.0262,4.52035,6.00394,5.49805,6.00394,5.49805
latency_outage,volatile_deep,100000,passive|outage|no-cod,40,3,False,"coinbase>=1,000,000",prints+quotes,9000020,10,0.167761,2.3555e+06,3.39465,7.06667,16.5094,passive,BTC-USD,buy,1.15896,100000,86284.1,0.120532,2.33827e+06,1.15896,1,1,86303.4,2.24491,8,80.018,100022,0,2.24491,8.0018,1.4245e-07,10.2467,1.03e-09,0.000864275,10.2467,16.5094,3,3,0,2,1.6,10.666,0,0,3,0,-3.7177,-4.1627,-3.7177,-4.1627,4.53584,4.09122,4.53584,4.09122,-3.18281,-3.62779,-3.18281,-3.62779
latency_outage,volatile_deep,100000,passive|outage|no-cod,40,3,False,"coinbase>=1,000,000",prints+quotes,9000020,10,0.167761,2.3555e+06,3.39465,7.06667,16.5094,passive,BTC-USD,sell,1.15896,100000,86284.1,0.120532,2.42007e+06,1.15896,1,1,86284.6,-0.0591071,8,80.0005,100001,0,-0.0591071,8.00005,-1.4245e-07,7.94094,1.03e-09,0.000864255,7.94094,-16.5094,1,4,0,0,0.3,10.666,0,1,3,0,2.68139,2.17565,2.68139,2.17565,5.0262,4.52035,5.0262,4.52035,6.00394,5.49805,6.00394,5.49805
latency_outage,volatile_deep,100000,passive|prints-only,40,0,True,"coinbase>=1,000,000",prints-only,9000020,10,0.167761,2.3555e+06,3.39465,7.06667,16.5094,passive,BTC-USD,buy,1.15896,100000,86284.1,0.120532,2.33827e+06,1.14089,0.98441,1,86280.3,-0.435472,8,78.7494,98436.7,0,-0.428683,7.87494,0.257384,7.70364,0.00186104,1561.6,7.98659,16.5094,93,83,2,91,59.3052,0,0,83,0,0,-5.30421,-6.06277,-5.30421,-6.06277,-8.7331,-9.4919,-8.7331,-9.4919,-10.4003,-11.1596,-10.4003,-11.1596
latency_outage,volatile_deep,100000,passive|prints-only,40,0,True,"coinbase>=1,000,000",prints-only,9000020,10,0.167761,2.3555e+06,3.39465,7.06667,16.5094,passive,BTC-USD,sell,1.15896,100000,86284.1,0.120532,2.42007e+06,1.15896,1,1,86226.3,6.69814,8,79.9464,99933,0,6.69814,7.99464,-1.4245e-07,14.6928,1.03e-09,0.000864255,14.6928,-16.5094,30,49,0,29,19.2043,0,0,49,0,0,1.39506,1.38757,1.39506,1.38757,5.54153,5.53408,5.54153,5.53408,15.1215,15.1143,15.1215,15.1143
latency_outage,volatile_deep,100000,aggressive|lat250ms,250,0,True,"coinbase>=1,000,000",prints+quotes,9000021,10,0.170324,2.32484e+06,2.57349,7.66667,6.43051,aggressive,BTC-USD,buy,1.15813,100000,86346.2,0.158664,2.31835e+06,1.15813,1,0,86349.9,0.433328,18,180.008,0,100004,0.433328,18.0008,5.5525e-08,18.4341,6.3e-10,0.000864023,18.4341,6.43051,1,4,0,0,0.242383,0,0,0,0,0,-1.45262,-1.58138,,,-3.53427,-3.66305,,,3.20575,3.07705,,
latency_outage,volatile_deep,100000,aggressive|lat250ms,250,0,True,"coinbase>=1,000,000",prints+quotes,9000021,10,0.170324,2.32484e+06,2.57349,7.66667,6.43051,aggressive,BTC-USD,sell,1.15813,100000,86346.2,0.158664,2.23371e+06,1.15813,1,0,86346.5,-0.037952,18,180.001,0,100000,-0.037952,18.0001,-5.5525e-08,17.9621,6.3e-10,0.000864011,17.9621,-6.43051,1,6,0,0,0.242383,0,0,0,0,0,1.84806,1.58138,,,3.92978,3.66305,,,-2.8105,-3.07705,,
latency_outage,volatile_deep,100000,aggressive|lat40ms,40,0,True,"coinbase>=1,000,000",prints+quotes,9000021,10,0.170324,2.32484e+06,2.57349,7.66667,6.43051,aggressive,BTC-USD,buy,1.15813,100000,86346.2,0.158664,2.31835e+06,1.15813,1,0,86348.9,0.310497,18,180.006,0,100003,0.310497,18.0006,5.5525e-08,18.3111,6.3e-10,0.000864023,18.3111,6.43051,1,5,0,0,0.0387813,0,0,0,0,0,-1.50714,-1.81768,,,-3.95187,-4.26249,,,2.1866,1.87617,,
latency_outage,volatile_deep,100000,aggressive|lat40ms,40,0,True,"coinbase>=1,000,000",prints+quotes,9000021,10,0.170324,2.32484e+06,2.57349,7.66667,6.43051,aggressive,BTC-USD,sell,1.15813,100000,86346.2,0.158664,2.23371e+06,1.15813,1,0,86345,0.137988,18,179.998,0,99998.6,0.137988,17.9998,-5.5525e-08,18.1377,6.3e-10,0.000864011,18.1377,-6.43051,1,4,0,0,0.0387813,0,0,0,0,0,1.9557,1.81768,,,4.40054,4.26249,,,-1.7382,-1.87617,,
latency_outage,volatile_deep,100000,aggressive|lat5ms,5,0,True,"coinbase>=1,000,000",prints+quotes,9000021,10,0.170324,2.32484e+06,2.57349,7.66667,6.43051,aggressive,BTC-USD,buy,1.15813,100000,86346.2,0.158664,2.31835e+06,1.15813,1,0,86348.9,0.310497,18,180.006,0,100003,0.310497,18.0006,5.5525e-08,18.3111,6.3e-10,0.000864023,18.3111,6.43051,1,5,0,0,0.00484766,0,0,0,0,0,-1.50714,-1.81768,,,-3.95187,-4.26249,,,2.1866,1.87617,,
latency_outage,volatile_deep,100000,aggressive|lat5ms,5,0,True,"coinbase>=1,000,000",prints+quotes,9000021,10,0.170324,2.32484e+06,2.57349,7.66667,6.43051,aggressive,BTC-USD,sell,1.15813,100000,86346.2,0.158664,2.23371e+06,1.15813,1,0,86345,0.137988,18,179.998,0,99998.6,0.137988,17.9998,-5.5525e-08,18.1377,6.3e-10,0.000864011,18.1377,-6.43051,1,4,0,0,0.00484766,0,0,0,0,0,1.9557,1.81768,,,4.40054,4.26249,,,-1.7382,-1.87617,,
latency_outage,volatile_deep,100000,aggressive|outage|cod,40,3,True,"coinbase>=1,000,000",prints+quotes,9000021,10,0.170324,2.32484e+06,2.57349,7.66667,6.43051,aggressive,BTC-USD,buy,1.15813,100000,86346.2,0.158664,2.31835e+06,1.15813,1,0,86348.9,0.310497,18,180.006,0,100003,0.310497,18.0006,5.5525e-08,18.3111,6.3e-10,0.000864023,18.3111,6.43051,1,5,0,0,0.0387813,8.49984,0,0,0,0,-1.50714,-1.81768,,,-3.95187,-4.26249,,,2.1866,1.87617,,
latency_outage,volatile_deep,100000,aggressive|outage|cod,40,3,True,"coinbase>=1,000,000",prints+quotes,9000021,10,0.170324,2.32484e+06,2.57349,7.66667,6.43051,aggressive,BTC-USD,sell,1.15813,100000,86346.2,0.158664,2.23371e+06,1.15813,1,0,86345,0.137988,18,179.998,0,99998.6,0.137988,17.9998,-5.5525e-08,18.1377,6.3e-10,0.000864011,18.1377,-6.43051,1,4,0,0,0.0387813,8.49984,0,0,0,0,1.9557,1.81768,,,4.40054,4.26249,,,-1.7382,-1.87617,,
latency_outage,volatile_deep,100000,aggressive|outage|no-cod,40,3,False,"coinbase>=1,000,000",prints+quotes,9000021,10,0.170324,2.32484e+06,2.57349,7.66667,6.43051,aggressive,BTC-USD,buy,1.15813,100000,86346.2,0.158664,2.31835e+06,1.15813,1,0,86348.9,0.310497,18,180.006,0,100003,0.310497,18.0006,5.5525e-08,18.3111,6.3e-10,0.000864023,18.3111,6.43051,1,5,0,0,0.0387813,8.49984,0,0,0,0,-1.50714,-1.81768,,,-3.95187,-4.26249,,,2.1866,1.87617,,
latency_outage,volatile_deep,100000,aggressive|outage|no-cod,40,3,False,"coinbase>=1,000,000",prints+quotes,9000021,10,0.170324,2.32484e+06,2.57349,7.66667,6.43051,aggressive,BTC-USD,sell,1.15813,100000,86346.2,0.158664,2.23371e+06,1.15813,1,0,86345,0.137988,18,179.998,0,99998.6,0.137988,17.9998,-5.5525e-08,18.1377,6.3e-10,0.000864011,18.1377,-6.43051,1,4,0,0,0.0387813,8.49984,0,0,0,0,1.9557,1.81768,,,4.40054,4.26249,,,-1.7382,-1.87617,,
latency_outage,volatile_deep,100000,aggressive|prints-only,40,0,True,"coinbase>=1,000,000",prints-only,9000021,10,0.170324,2.32484e+06,2.57349,7.66667,6.43051,aggressive,BTC-USD,buy,1.15813,100000,86346.2,0.158664,2.31835e+06,1.15813,1,0,86348.9,0.310497,18,180.006,0,100003,0.310497,18.0006,5.5525e-08,18.3111,6.3e-10,0.000864023,18.3111,6.43051,1,5,0,0,0.0387813,0,0,0,0,0,-1.50714,-1.81768,,,-3.95187,-4.26249,,,2.1866,1.87617,,
latency_outage,volatile_deep,100000,aggressive|prints-only,40,0,True,"coinbase>=1,000,000",prints-only,9000021,10,0.170324,2.32484e+06,2.57349,7.66667,6.43051,aggressive,BTC-USD,sell,1.15813,100000,86346.2,0.158664,2.23371e+06,1.15813,1,0,86345,0.137988,18,179.998,0,99998.6,0.137988,17.9998,-5.5525e-08,18.1377,6.3e-10,0.000864011,18.1377,-6.43051,1,4,0,0,0.0387813,0,0,0,0,0,1.9557,1.81768,,,4.40054,4.26249,,,-1.7382,-1.87617,,
latency_outage,volatile_deep,100000,hybrid|lat250ms,250,0,True,"coinbase>=1,000,000",prints+quotes,9000021,10,0.170324,2.32484e+06,2.57349,7.66667,6.43051,hybrid,BTC-USD,buy,1.15813,100000,86346.2,0.158664,2.31835e+06,1.15813,1,1,86382.1,4.15826,8,80.0333,100042,0,4.15826,8.00333,5.5525e-08,12.1616,6.3e-10,0.000864023,12.1616,6.43051,4,2,1,3,2.8,0,0,1,1,0,1.18006,0.00183563,1.18006,0.00183563,-1.23383,-2.41234,-1.23383,-2.41234,9.91647,8.73928,9.91647,8.73928
latency_outage,volatile_deep,100000,hybrid|lat250ms,250,0,True,"coinbase>=1,000,000",prints+quotes,9000021,10,0.170324,2.32484e+06,2.57349,7.66667,6.43051,hybrid,BTC-USD,sell,1.15813,100000,86346.2,0.158664,2.23371e+06,1.15813,1,1,86375.8,-3.42748,8,80.0274,100034,0,-3.42748,8.00274,-5.5525e-08,4.57526,6.3e-10,0.000864011,4.57526,-6.43051,4,3,3,0,1.6,0,0,1,2,0,1.50898,0.806776,1.50898,0.806776,1.00963,0.307444,1.00963,0.307444,-11.0214,-11.7227,-11.0214,-11.7227
latency_outage,volatile_deep,100000,hybrid|lat40ms,40,0,True,"coinbase>=1,000,000",prints+quotes,9000021,10,0.170324,2.32484e+06,2.57349,7.66667,6.43051,hybrid,BTC-USD,buy,1.15813,100000,86346.2,0.158664,2.31835e+06,1.15813,1,1,86372.9,3.09451,8,80.0248,100031,0,3.09451,8.00248,5.5525e-08,11.097,6.3e-10,0.000864023,11.097,6.43051,5,7,0,4,2.8,0,0,3,4,0,-0.977527,-1.72493,-0.977527,-1.72493,-0.540215,-1.28769,-0.540215,-1.28769,8.84785,8.10113,8.84785,8.10113
latency_outage,volatile_deep,100000,hybrid|lat40ms,40,0,True,"coinbase>=1,000,000",prints+quotes,9000021,10,0.170324,2.32484e+06,2.57349,7.66667,6.43051,hybrid,BTC-USD,sell,1.15813,100000,86346.2,0.158664,2.23371e+06,1.15813,1,1,86346.9,-0.0781737,8,80.0006,100001,0,-0.0781737,8.00006,-5.5525e-08,7.92189,6.3e-10,0.000864011,7.92189,-6.43051,1,5,0,0,0.4,0,0,1,4,0,2.14248,1.64628,2.14248,1.64628,3.9797,3.48342,3.9797,3.48342,-2.74112,-3.23706,-2.74112,-3.23706
latency_outage,volatile_deep,100000,hybrid|lat5ms,5,0,True,"coinbase>=1,000,000",prints+quotes,9000021,10,0.170324,2.32484e+06,2.57349,7.66667,6.43051,hybrid,BTC-USD,buy,1.15813,100000,86346.2,0.158664,2.31835e+06,1.15813,1,1,86372.9,3.09451,8,80.0248,100031,0,3.09451,8.00248,5.5525e-08,11.097,6.3e-10,0.000864023,11.097,6.43051,5,7,0,4,2.8,0,0,3,4,0,-0.977527,-1.72493,-0.977527,-1.72493,-0.540215,-1.28769,-0.540215,-1.28769,8.84785,8.10113,8.84785,8.10113
latency_outage,volatile_deep,100000,hybrid|lat5ms,5,0,True,"coinbase>=1,000,000",prints+quotes,9000021,10,0.170324,2.32484e+06,2.57349,7.66667,6.43051,hybrid,BTC-USD,sell,1.15813,100000,86346.2,0.158664,2.23371e+06,1.15813,1,1,86346.9,-0.0781737,8,80.0006,100001,0,-0.0781737,8.00006,-5.5525e-08,7.92189,6.3e-10,0.000864011,7.92189,-6.43051,1,5,0,0,0.4,0,0,1,4,0,2.14248,1.64628,2.14248,1.64628,3.9797,3.48342,3.9797,3.48342,-2.74112,-3.23706,-2.74112,-3.23706
latency_outage,volatile_deep,100000,hybrid|outage|cod,40,3,True,"coinbase>=1,000,000",prints+quotes,9000021,10,0.170324,2.32484e+06,2.57349,7.66667,6.43051,hybrid,BTC-USD,buy,1.15813,100000,86346.2,0.158664,2.31835e+06,1.15813,1,1,86372.9,3.09451,8,80.0248,100031,0,3.09451,8.00248,5.5525e-08,11.097,6.3e-10,0.000864023,11.097,6.43051,5,7,0,4,2.8,8.49984,0,3,4,0,-0.977527,-1.72493,-0.977527,-1.72493,-0.540215,-1.28769,-0.540215,-1.28769,8.84785,8.10113,8.84785,8.10113
latency_outage,volatile_deep,100000,hybrid|outage|cod,40,3,True,"coinbase>=1,000,000",prints+quotes,9000021,10,0.170324,2.32484e+06,2.57349,7.66667,6.43051,hybrid,BTC-USD,sell,1.15813,100000,86346.2,0.158664,2.23371e+06,1.15813,1,1,86346.9,-0.0781737,8,80.0006,100001,0,-0.0781737,8.00006,-5.5525e-08,7.92189,6.3e-10,0.000864011,7.92189,-6.43051,1,5,0,0,0.4,8.49984,0,1,4,0,2.14248,1.64628,2.14248,1.64628,3.9797,3.48342,3.9797,3.48342,-2.74112,-3.23706,-2.74112,-3.23706
latency_outage,volatile_deep,100000,hybrid|outage|no-cod,40,3,False,"coinbase>=1,000,000",prints+quotes,9000021,10,0.170324,2.32484e+06,2.57349,7.66667,6.43051,hybrid,BTC-USD,buy,1.15813,100000,86346.2,0.158664,2.31835e+06,1.15813,1,1,86372.9,3.09451,8,80.0248,100031,0,3.09451,8.00248,5.5525e-08,11.097,6.3e-10,0.000864023,11.097,6.43051,5,7,0,4,2.8,8.49984,0,3,4,0,-0.977527,-1.72493,-0.977527,-1.72493,-0.540215,-1.28769,-0.540215,-1.28769,8.84785,8.10113,8.84785,8.10113
latency_outage,volatile_deep,100000,hybrid|outage|no-cod,40,3,False,"coinbase>=1,000,000",prints+quotes,9000021,10,0.170324,2.32484e+06,2.57349,7.66667,6.43051,hybrid,BTC-USD,sell,1.15813,100000,86346.2,0.158664,2.23371e+06,1.15813,1,1,86346.9,-0.0781737,8,80.0006,100001,0,-0.0781737,8.00006,-5.5525e-08,7.92189,6.3e-10,0.000864011,7.92189,-6.43051,1,5,0,0,0.4,8.49984,0,1,4,0,2.14248,1.64628,2.14248,1.64628,3.9797,3.48342,3.9797,3.48342,-2.74112,-3.23706,-2.74112,-3.23706
latency_outage,volatile_deep,100000,hybrid|prints-only,40,0,True,"coinbase>=1,000,000",prints-only,9000021,10,0.170324,2.32484e+06,2.57349,7.66667,6.43051,hybrid,BTC-USD,buy,1.15813,100000,86346.2,0.158664,2.31835e+06,1.15813,1,0.873074,86343.5,-0.310001,9.26781,92.6752,87319.2,12677.7,-0.310001,9.26752,5.5525e-08,8.95752,6.3e-10,0.000864023,8.95752,6.43051,67,103,1,65,42.1644,0,0,102,0,0,0.556633,-0.0914225,0.679023,-0.0517833,3.59741,2.94947,4.17981,3.44914,2.0448,1.39734,4.48918,3.75907
latency_outage,volatile_deep,100000,hybrid|prints-only,40,0,True,"coinbase>=1,000,000",prints-only,9000021,10,0.170324,2.32484e+06,2.57349,7.66667,6.43051,hybrid,BTC-USD,sell,1.15813,100000,86346.2,0.158664,2.23371e+06,1.15813,1,0.851939,86365.4,-2.22131,9.47844,94.8055,85234.5,14787.7,-2.22131,9.48055,-5.5525e-08,7.25924,6.3e-10,0.000864011,7.25924,-6.43051,65,64,0,64,42.0964,0,0,63,0,0,-0.304412,-0.401041,-0.59814,-0.691106,-4.41654,-4.51316,-5.2759,-5.36886,-5.32497,-5.42153,-9.18594,-9.27879
latency_outage,volatile_deep,100000,passive|lat250ms,250,0,True,"coinbase>=1,000,000",prints+quotes,9000021,10,0.170324,2.32484e+06,2.57349,7.66667,6.43051,passive,BTC-USD,buy,1.15813,100000,86346.2,0.158664,2.31835e+06,1.15813,1,1,86382.1,4.15826,8,80.0333,100042,0,4.15826,8.00333,5.5525e-08,12.1616,6.3e-10,0.000864023,12.1616,6.43051,4,2,1,3,2.8,0,0,1,1,0,1.18006,0.00183563,1.18006,0.00183563,-1.23383,-2.41234,-1.23383,-2.41234,9.91647,8.73928,9.91647,8.73928
latency_outage,volatile_deep,100000,passive|lat250ms,250,0,True,"coinbase>=1,000,000",prints+quotes,9000021,10,0.170324,2.32484e+06,2.57349,7.66667,6.43051,passive,BTC-USD,sell,1.15813,100000,86346.2,0.158664,2.23371e+06,1.15813,1,1,86375.8,-3.42748,8,80.0274,100034,0,-3.42748,8.00274,-5.5525e-08,4.57526,6.3e-10,0.000864011,4.57526,-6.43051,4,3,3,0,1.6,0,0,1,2,0,1.50898,0.806776,1.50898,0.806776,1.00963,0.307444,1.00963,0.307444,-11.0214,-11.7227,-11.0214,-11.7227
latency_outage,volatile_deep,100000,passive|lat40ms,40,0,True,"coinbase>=1,000,000",prints+quotes,9000021,10,0.170324,2.32484e+06,2.57349,7.66667,6.43051,passive,BTC-USD,buy,1.15813,100000,86346.2,0.158664,2.31835e+06,1.15813,1,1,86372.9,3.09451,8,80.0248,100031,0,3.09451,8.00248,5.5525e-08,11.097,6.3e-10,0.000864023,11.097,6.43051,5,7,0,4,2.8,0,0,3,4,0,-0.977527,-1.72493,-0.977527,-1.72493,-0.540215,-1.28769,-0.540215,-1.28769,8.84785,8.10113,8.84785,8.10113
latency_outage,volatile_deep,100000,passive|lat40ms,40,0,True,"coinbase>=1,000,000",prints+quotes,9000021,10,0.170324,2.32484e+06,2.57349,7.66667,6.43051,passive,BTC-USD,sell,1.15813,100000,86346.2,0.158664,2.23371e+06,1.15813,1,1,86346.9,-0.0781737,8,80.0006,100001,0,-0.0781737,8.00006,-5.5525e-08,7.92189,6.3e-10,0.000864011,7.92189,-6.43051,1,5,0,0,0.4,0,0,1,4,0,2.14248,1.64628,2.14248,1.64628,3.9797,3.48342,3.9797,3.48342,-2.74112,-3.23706,-2.74112,-3.23706
latency_outage,volatile_deep,100000,passive|lat5ms,5,0,True,"coinbase>=1,000,000",prints+quotes,9000021,10,0.170324,2.32484e+06,2.57349,7.66667,6.43051,passive,BTC-USD,buy,1.15813,100000,86346.2,0.158664,2.31835e+06,1.15813,1,1,86372.9,3.09451,8,80.0248,100031,0,3.09451,8.00248,5.5525e-08,11.097,6.3e-10,0.000864023,11.097,6.43051,5,7,0,4,2.8,0,0,3,4,0,-0.977527,-1.72493,-0.977527,-1.72493,-0.540215,-1.28769,-0.540215,-1.28769,8.84785,8.10113,8.84785,8.10113
latency_outage,volatile_deep,100000,passive|lat5ms,5,0,True,"coinbase>=1,000,000",prints+quotes,9000021,10,0.170324,2.32484e+06,2.57349,7.66667,6.43051,passive,BTC-USD,sell,1.15813,100000,86346.2,0.158664,2.23371e+06,1.15813,1,1,86346.9,-0.0781737,8,80.0006,100001,0,-0.0781737,8.00006,-5.5525e-08,7.92189,6.3e-10,0.000864011,7.92189,-6.43051,1,5,0,0,0.4,0,0,1,4,0,2.14248,1.64628,2.14248,1.64628,3.9797,3.48342,3.9797,3.48342,-2.74112,-3.23706,-2.74112,-3.23706
latency_outage,volatile_deep,100000,passive|outage|cod,40,3,True,"coinbase>=1,000,000",prints+quotes,9000021,10,0.170324,2.32484e+06,2.57349,7.66667,6.43051,passive,BTC-USD,buy,1.15813,100000,86346.2,0.158664,2.31835e+06,1.15813,1,1,86372.9,3.09451,8,80.0248,100031,0,3.09451,8.00248,5.5525e-08,11.097,6.3e-10,0.000864023,11.097,6.43051,5,7,0,4,2.8,8.49984,0,3,4,0,-0.977527,-1.72493,-0.977527,-1.72493,-0.540215,-1.28769,-0.540215,-1.28769,8.84785,8.10113,8.84785,8.10113
latency_outage,volatile_deep,100000,passive|outage|cod,40,3,True,"coinbase>=1,000,000",prints+quotes,9000021,10,0.170324,2.32484e+06,2.57349,7.66667,6.43051,passive,BTC-USD,sell,1.15813,100000,86346.2,0.158664,2.23371e+06,1.15813,1,1,86346.9,-0.0781737,8,80.0006,100001,0,-0.0781737,8.00006,-5.5525e-08,7.92189,6.3e-10,0.000864011,7.92189,-6.43051,1,5,0,0,0.4,8.49984,0,1,4,0,2.14248,1.64628,2.14248,1.64628,3.9797,3.48342,3.9797,3.48342,-2.74112,-3.23706,-2.74112,-3.23706
latency_outage,volatile_deep,100000,passive|outage|no-cod,40,3,False,"coinbase>=1,000,000",prints+quotes,9000021,10,0.170324,2.32484e+06,2.57349,7.66667,6.43051,passive,BTC-USD,buy,1.15813,100000,86346.2,0.158664,2.31835e+06,1.15813,1,1,86372.9,3.09451,8,80.0248,100031,0,3.09451,8.00248,5.5525e-08,11.097,6.3e-10,0.000864023,11.097,6.43051,5,7,0,4,2.8,8.49984,0,3,4,0,-0.977527,-1.72493,-0.977527,-1.72493,-0.540215,-1.28769,-0.540215,-1.28769,8.84785,8.10113,8.84785,8.10113
latency_outage,volatile_deep,100000,passive|outage|no-cod,40,3,False,"coinbase>=1,000,000",prints+quotes,9000021,10,0.170324,2.32484e+06,2.57349,7.66667,6.43051,passive,BTC-USD,sell,1.15813,100000,86346.2,0.158664,2.23371e+06,1.15813,1,1,86346.9,-0.0781737,8,80.0006,100001,0,-0.0781737,8.00006,-5.5525e-08,7.92189,6.3e-10,0.000864011,7.92189,-6.43051,1,5,0,0,0.4,8.49984,0,1,4,0,2.14248,1.64628,2.14248,1.64628,3.9797,3.48342,3.9797,3.48342,-2.74112,-3.23706,-2.74112,-3.23706
latency_outage,volatile_deep,100000,passive|prints-only,40,0,True,"coinbase>=1,000,000",prints-only,9000021,10,0.170324,2.32484e+06,2.57349,7.66667,6.43051,passive,BTC-USD,buy,1.15813,100000,86346.2,0.158664,2.31835e+06,1.05158,0.908001,1,86358.3,1.39918,8,72.6502,90812.8,0,1.27045,7.26502,0.591602,9.12708,0.00671245,9205.9,10.7909,6.43051,94,126,1,93,59.7316,0,0,126,0,0,0.664639,-0.0986274,0.664639,-0.0986274,4.01803,3.25488,4.01803,3.25488,4.12558,3.36295,4.12558,3.36295
latency_outage,volatile_deep,100000,passive|prints-only,40,0,True,"coinbase>=1,000,000",prints-only,9000021,10,0.170324,2.32484e+06,2.57349,7.66667,6.43051,passive,BTC-USD,sell,1.15813,100000,86346.2,0.158664,2.23371e+06,1.15813,1,1,86366,-2.29083,8,80.0183,100023,0,-2.29083,8.00183,-5.5525e-08,5.711,6.3e-10,0.000864011,5.711,-6.43051,70,81,0,69,46.0084,0,0,81,0,0,-0.504904,-0.649062,-0.504904,-0.649062,-3.85397,-3.99816,-3.85397,-3.99816,-5.46996,-5.61413,-5.46996,-5.61413
latency_outage,volatile_deep,100000,aggressive|lat250ms,250,0,True,"coinbase>=1,000,000",prints+quotes,9000022,10,0.1738,2.31909e+06,2.15024,8.65,-20.1599,aggressive,BTC-USD,buy,1.15901,100000,86280.3,0.426517,2.65943e+06,1.15901,1,0,86302.1,2.52204,18,180.045,0,100025,2.52204,18.0045,-0,20.5266,0,0,20.5266,-20.1599,1,6,0,0,0.382218,0,0,0,0,0,-0.203331,-0.475668,,,2.32616,2.05389,,,6.6366,6.36445,,
latency_outage,volatile_deep,100000,aggressive|lat250ms,250,0,True,"coinbase>=1,000,000",prints+quotes,9000022,10,0.1738,2.31909e+06,2.15024,8.65,-20.1599,aggressive,BTC-USD,sell,1.15901,100000,86280.3,0.426517,2.05739e+06,1.15901,1,0,86294.5,-1.64877,18,180.03,0,100016,-1.64877,18.003,0,16.3542,0,0,16.3542,20.1599,1,5,0,0,0.382218,0,0,0,0,0,1.07648,0.475668,,,-1.45323,-2.05389,,,-5.76405,-6.36445,,
latency_outage,volatile_deep,100000,aggressive|lat40ms,40,0,True,"coinbase>=1,000,000",prints+quotes,9000022,10,0.1738,2.31909e+06,2.15024,8.65,-20.1599,aggressive,BTC-USD,buy,1.15901,100000,86280.3,0.426517,2.65943e+06,1.15901,1,0,86282.3,0.23148,18,180.004,0,100002,0.23148,18.0004,-0,18.2319,0,0,18.2319,-20.1599,1,5,0,0,0.0611549,0,0,0,0,0,-2.75176,-2.9833,,,-1.24855,-1.48006,,,6.51144,6.28011,,
latency_outage,volatile_deep,100000,aggressive|lat40ms,40,0,True,"coinbase>=1,000,000",prints+quotes,9000022,10,0.1738,2.31909e+06,2.15024,8.65,-20.1599,aggressive,BTC-USD,sell,1.15901,100000,86280.3,0.426517,2.05739e+06,1.15901,1,0,86275.5,0.560419,18,179.99,0,99994.4,0.560419,17.999,0,18.5594,0,0,18.5594,20.1599,1,4,0,0,0.0611549,0,0,0,0,0,3.54392,2.9833,,,2.04059,1.48006,,,-5.72001,-6.28011,,
latency_outage,volatile_deep,100000,aggressive|lat5ms,5,0,True,"coinbase>=1,000,000",prints+quotes,9000022,10,0.1738,2.31909e+06,2.15024,8.65,-20.1599,aggressive,BTC-USD,buy,1.15901,100000,86280.3,0.426517,2.65943e+06,1.15901,1,0,86282.3,0.23148,18,180.004,0,100002,0.23148,18.0004,-0,18.2319,0,0,18.2319,-20.1599,1,5,0,0,0.00764436,0,0,0,0,0,-2.75176,-2.9833,,,-1.24855,-1.48006,,,6.51144,6.28011,,
latency_outage,volatile_deep,100000,aggressive|lat5ms,5,0,True,"coinbase>=1,000,000",prints+quotes,9000022,10,0.1738,2.31909e+06,2.15024,8.65,-20.1599,aggressive,BTC-USD,sell,1.15901,100000,86280.3,0.426517,2.05739e+06,1.15901,1,0,86275.5,0.560419,18,179.99,0,99994.4,0.560419,17.999,0,18.5594,0,0,18.5594,20.1599,1,4,0,0,0.00764436,0,0,0,0,0,3.54392,2.9833,,,2.04059,1.48006,,,-5.72001,-6.28011,,
latency_outage,volatile_deep,100000,aggressive|outage|cod,40,3,True,"coinbase>=1,000,000",prints+quotes,9000022,10,0.1738,2.31909e+06,2.15024,8.65,-20.1599,aggressive,BTC-USD,buy,1.15901,100000,86280.3,0.426517,2.65943e+06,1.15901,1,0,86282.3,0.23148,18,180.004,0,100002,0.23148,18.0004,-0,18.2319,0,0,18.2319,-20.1599,1,5,0,0,0.0611549,8.55525,0,0,0,0,-2.75176,-2.9833,,,-1.24855,-1.48006,,,6.51144,6.28011,,
latency_outage,volatile_deep,100000,aggressive|outage|cod,40,3,True,"coinbase>=1,000,000",prints+quotes,9000022,10,0.1738,2.31909e+06,2.15024,8.65,-20.1599,aggressive,BTC-USD,sell,1.15901,100000,86280.3,0.426517,2.05739e+06,1.15901,1,0,86275.5,0.560419,18,179.99,0,99994.4,0.560419,17.999,0,18.5594,0,0,18.5594,20.1599,1,4,0,0,0.0611549,8.55525,0,0,0,0,3.54392,2.9833,,,2.04059,1.48006,,,-5.72001,-6.28011,,
latency_outage,volatile_deep,100000,aggressive|outage|no-cod,40,3,False,"coinbase>=1,000,000",prints+quotes,9000022,10,0.1738,2.31909e+06,2.15024,8.65,-20.1599,aggressive,BTC-USD,buy,1.15901,100000,86280.3,0.426517,2.65943e+06,1.15901,1,0,86282.3,0.23148,18,180.004,0,100002,0.23148,18.0004,-0,18.2319,0,0,18.2319,-20.1599,1,5,0,0,0.0611549,8.55525,0,0,0,0,-2.75176,-2.9833,,,-1.24855,-1.48006,,,6.51144,6.28011,,
latency_outage,volatile_deep,100000,aggressive|outage|no-cod,40,3,False,"coinbase>=1,000,000",prints+quotes,9000022,10,0.1738,2.31909e+06,2.15024,8.65,-20.1599,aggressive,BTC-USD,sell,1.15901,100000,86280.3,0.426517,2.05739e+06,1.15901,1,0,86275.5,0.560419,18,179.99,0,99994.4,0.560419,17.999,0,18.5594,0,0,18.5594,20.1599,1,4,0,0,0.0611549,8.55525,0,0,0,0,3.54392,2.9833,,,2.04059,1.48006,,,-5.72001,-6.28011,,
latency_outage,volatile_deep,100000,aggressive|prints-only,40,0,True,"coinbase>=1,000,000",prints-only,9000022,10,0.1738,2.31909e+06,2.15024,8.65,-20.1599,aggressive,BTC-USD,buy,1.15901,100000,86280.3,0.426517,2.65943e+06,1.15901,1,0,86282.3,0.23148,18,180.004,0,100002,0.23148,18.0004,-0,18.2319,0,0,18.2319,-20.1599,1,5,0,0,0.0611549,0,0,0,0,0,-2.75176,-2.9833,,,-1.24855,-1.48006,,,6.51144,6.28011,,
latency_outage,volatile_deep,100000,aggressive|prints-only,40,0,True,"coinbase>=1,000,000",prints-only,9000022,10,0.1738,2.31909e+06,2.15024,8.65,-20.1599,aggressive,BTC-USD,sell,1.15901,100000,86280.3,0.426517,2.05739e+06,1.15901,1,0,86275.5,0.560419,18,179.99,0,99994.4,0.560419,17.999,0,18.5594,0,0,18.5594,20.1599,1,4,0,0,0.0611549,0,0,0,0,0,3.54392,2.9833,,,2.04059,1.48006,,,-5.72001,-6.28011,,
latency_outage,volatile_deep,100000,hybrid|lat250ms,250,0,True,"coinbase>=1,000,000",prints+quotes,9000022,10,0.1738,2.31909e+06,2.15024,8.65,-20.1599,hybrid,BTC-USD,buy,1.15901,100000,86280.3,0.426517,2.65943e+06,1.15901,1,1,86279.8,-0.0572119,8,79.9995,99999.4,0,-0.0572119,7.99995,-1.7394e-07,7.94274,6.8e-10,0.00086107,7.94274,-20.1599,10,4,4,5,5.6,0,0,2,2,0,1.06702,-0.192838,1.06702,-0.192838,-2.65166,-3.91199,-2.65166,-3.91199,6.95593,5.69683,6.95593,5.69683
latency_outage,volatile_deep,100000,hybrid|lat250ms,250,0,True,"coinbase>=1,000,000",prints+quotes,9000022,10,0.1738,2.31909e+06,2.15024,8.65,-20.1599,hybrid,BTC-USD,sell,1.15901,100000,86280.3,0.426517,2.05739e+06,1.15901,1,1,86295.1,-1.71882,8,80.0137,100017,0,-1.71882,8.00138,0,6.28256,0,0,6.28256,20.1599,2,2,1,0,0.8,0,0,0,2,0,1.95551,1.03163,1.95551,1.03163,-3.46374,-4.38712,-3.46374,-4.38712,-5.6664,-6.58958,-5.6664,-6.58958
latency_outage,volatile_deep,100000,hybrid|lat40ms,40,0,True,"coinbase>=1,000,000",prints+quotes,9000022,10,0.1738,2.31909e+06,2.15024,8.65,-20.1599,hybrid,BTC-USD,buy,1.15901,100000,86280.3,0.426517,2.65943e+06,1.15901,1,1,86303,2.62516,8,80.021,100026,0,2.62516,8.0021,-0,10.6273,0,0,10.6273,-20.1599,3,3,0,2,1.6,0,0,0,3,0,-0.68433,-0.964651,-0.68433,-0.964651,3.17782,2.89761,3.17782,2.89761,6.05867,5.77854,6.05867,5.77854
latency_outage,volatile_deep,100000,hybrid|lat40ms,40,0,True,"coinbase>=1,000,000",prints+quotes,9000022,10,0.1738,2.31909e+06,2.15024,8.65,-20.1599,hybrid,BTC-USD,sell,1.15901,100000,86280.3,0.426517,2.05739e+06,1.15901,1,1,86282.1,-0.212099,8,80.0017,100002,0,-0.212099,8.00017,0,7.78807,0,0,7.78807,20.1599,1,3,0,0,0.2,0,0,1,2,0,2.47711,1.37834,2.47711,1.37834,1.26604,0.167422,1.26604,0.167422,-5.62291,-6.72078,-5.62291,-6.72078
latency_outage,volatile_deep,100000,hybrid|lat5ms,5,0,True,"coinbase>=1,000,000",prints+quotes,9000022,10,0.1738,2.31909e+06,2.15024,8.65,-20.1599,hybrid,BTC-USD,buy,1.15901,100000,86280.3,0.426517,2.65943e+06,1.15901,1,1,86303,2.62514,8,80.021,100026,0,2.62514,8.0021,-3.4788e-07,10.6272,1.36e-09,0.00172214,10.6272,-20.1599,3,4,0,2,1.6,0,0,1,3,0,-0.684352,-0.96467,-0.684352,-0.96467,3.17777,2.89756,3.17777,2.89756,6.05865,5.77852,6.05865,5.77852
latency_outage,volatile_deep,100000,hybrid|lat5ms,5,0,True,"coinbase>=1,000,000",prints+quotes,9000022,10,0.1738,2.31909e+06,2.15024,8.65,-20.1599,hybrid,BTC-USD,sell,1.15901,100000,86280.3,0.426517,2.05739e+06,1.15901,1,1,86282.1,-0.212099,8,80.0017,100002,0,-0.212099,8.00017,0,7.78807,0,0,7.78807,20.1599,1,3,0,0,0.2,0,0,1,2,0,2.47711,1.37834,2.47711,1.37834,1.26604,0.167422,1.26604,0.167422,-5.62291,-6.72078,-5.62291,-6.72078
latency_outage,volatile_deep,100000,hybrid|outage|cod,40,3,True,"coinbase>=1,000,000",prints+quotes,9000022,10,0.1738,2.31909e+06,2.15024,8.65,-20.1599,hybrid,BTC-USD,buy,1.15901,100000,86280.3,0.426517,2.65943e+06,1.15901,1,1,86303,2.62516,8,80.021,100026,0,2.62516,8.0021,-0,10.6273,0,0,10.6273,-20.1599,3,3,0,2,1.6,8.55525,0,0,3,0,-0.68433,-0.964651,-0.68433,-0.964651,3.17782,2.89761,3.17782,2.89761,6.05867,5.77854,6.05867,5.77854
latency_outage,volatile_deep,100000,hybrid|outage|cod,40,3,True,"coinbase>=1,000,000",prints+quotes,9000022,10,0.1738,2.31909e+06,2.15024,8.65,-20.1599,hybrid,BTC-USD,sell,1.15901,100000,86280.3,0.426517,2.05739e+06,1.15901,1,1,86282.1,-0.212099,8,80.0017,100002,0,-0.212099,8.00017,0,7.78807,0,0,7.78807,20.1599,1,3,0,0,0.2,8.55525,0,1,2,0,2.47711,1.37834,2.47711,1.37834,1.26604,0.167422,1.26604,0.167422,-5.62291,-6.72078,-5.62291,-6.72078
latency_outage,volatile_deep,100000,hybrid|outage|no-cod,40,3,False,"coinbase>=1,000,000",prints+quotes,9000022,10,0.1738,2.31909e+06,2.15024,8.65,-20.1599,hybrid,BTC-USD,buy,1.15901,100000,86280.3,0.426517,2.65943e+06,1.15901,1,1,86303,2.62516,8,80.021,100026,0,2.62516,8.0021,-0,10.6273,0,0,10.6273,-20.1599,3,3,0,2,1.6,8.55525,0,0,3,0,-0.68433,-0.964651,-0.68433,-0.964651,3.17782,2.89761,3.17782,2.89761,6.05867,5.77854,6.05867,5.77854
latency_outage,volatile_deep,100000,hybrid|outage|no-cod,40,3,False,"coinbase>=1,000,000",prints+quotes,9000022,10,0.1738,2.31909e+06,2.15024,8.65,-20.1599,hybrid,BTC-USD,sell,1.15901,100000,86280.3,0.426517,2.05739e+06,1.15901,1,1,86282.1,-0.212099,8,80.0017,100002,0,-0.212099,8.00017,0,7.78807,0,0,7.78807,20.1599,1,3,0,0,0.2,8.55525,0,1,2,0,2.47711,1.37834,2.47711,1.37834,1.26604,0.167422,1.26604,0.167422,-5.62291,-6.72078,-5.62291,-6.72078
latency_outage,volatile_deep,100000,hybrid|prints-only,40,0,True,"coinbase>=1,000,000",prints-only,9000022,10,0.1738,2.31909e+06,2.15024,8.65,-20.1599,hybrid,BTC-USD,buy,1.15901,100000,86280.3,0.426517,2.65943e+06,1.15901,1,1,86303.1,2.63822,8,80.0211,100026,0,2.63822,8.00211,-0,10.6403,0,0,10.6403,-20.1599,7,10,0,7,4.30734,0,0,10,0,0,2.43849,1.54722,2.43849,1.54722,1.51046,0.619115,1.51046,0.619115,6.78946,5.89858,6.78946,5.89858
latency_outage,volatile_deep,100000,hybrid|prints-only,40,0,True,"coinbase>=1,000,000",prints-only,9000022,10,0.1738,2.31909e+06,2.15024,8.65,-20.1599,hybrid,BTC-USD,sell,1.15901,100000,86280.3,0.426517,2.05739e+06,1.15901,1,0.547304,86197.3,9.61737,12.5222,125.102,54725.2,45178.7,9.61737,12.5102,3.4788e-07,22.1275,1.36e-09,0.00172211,22.1275,20.1599,64,96,1,62,42.149,0,0,94,0,0,0.0333522,-0.171743,0.473878,0.12231,0.39991,0.194828,-1.95092,-2.30245,-2.53687,-2.74184,-11.3969,-11.7483
latency_outage,volatile_deep,100000,passive|lat250ms,250,0,True,"coinbase>=1,000,000",prints+quotes,9000022,10,0.1738,2.31909e+06,2.15024,8.65,-20.1599,passive,BTC-USD,buy,1.15901,100000,86280.3,0.426517,2.65943e+06,1.15901,1,1,86279.8,-0.0572119,8,79.9995,99999.4,0,-0.0572119,7.99995,-1.7394e-07,7.94274,6.8e-10,0.00086107,7.94274,-20.1599,10,4,4,5,5.6,0,0,2,2,0,1.06702,-0.192838,1.06702,-0.192838,-2.65166,-3.91199,-2.65166,-3.91199,6.95593,5.69683,6.95593,5.69683
latency_outage,volatile_deep,100000,passive|lat250ms,250,0,True,"coinbase>=1,000,000",prints+quotes,9000022,10,0.1738,2.31909e+06,2.15024,8.65,-20.1599,passive,BTC-USD,sell,1.15901,100000,86280.3,0.426517,2.05739e+06,1.15901,1,1,86295.1,-1.71882,8,80.0137,100017,0,-1.71882,8.00138,0,6.28256,0,0,6.28256,20.1599,2,2,1,0,0.8,0,0,0,2,0,1.95551,1.03163,1.95551,1.03163,-3.46374,-4.38712,-3.46374,-4.38712,-5.6664,-6.58958,-5.6664,-6.58958
latency_outage,volatile_deep,100000,passive|lat40ms,40,0,True,"coinbase>=1,000,000",prints+quotes,9000022,10,0.1738,2.31909e+06,2.15024,8.65,-20.1599,passive,BTC-USD,buy,1.15901,100000,86280.3,0.426517,2.65943e+06,1.15901,1,1,86303,2.62516,8,80.021,100026,0,2.62516,8.0021,-0,10.6273,0,0,10.6273,-20.1599,3,3,0,2,1.6,0,0,0,3,0,-0.68433,-0.964651,-0.68433,-0.964651,3.17782,2.89761,3.17782,2.89761,6.05867,5.77854,6.05867,5.77854
latency_outage,volatile_deep,100000,passive|lat40ms,40,0,True,"coinbase>=1,000,000",prints+quotes,9000022,10,0.1738,2.31909e+06,2.15024,8.65,-20.1599,passive,BTC-USD,sell,1.15901,100000,86280.3,0.426517,2.05739e+06,1.15901,1,1,86282.1,-0.212099,8,80.0017,100002,0,-0.212099,8.00017,0,7.78807,0,0,7.78807,20.1599,1,3,0,0,0.2,0,0,1,2,0,2.47711,1.37834,2.47711,1.37834,1.26604,0.167422,1.26604,0.167422,-5.62291,-6.72078,-5.62291,-6.72078
latency_outage,volatile_deep,100000,passive|lat5ms,5,0,True,"coinbase>=1,000,000",prints+quotes,9000022,10,0.1738,2.31909e+06,2.15024,8.65,-20.1599,passive,BTC-USD,buy,1.15901,100000,86280.3,0.426517,2.65943e+06,1.15901,1,1,86303,2.62514,8,80.021,100026,0,2.62514,8.0021,-3.4788e-07,10.6272,1.36e-09,0.00172214,10.6272,-20.1599,3,4,0,2,1.6,0,0,1,3,0,-0.684352,-0.96467,-0.684352,-0.96467,3.17777,2.89756,3.17777,2.89756,6.05865,5.77852,6.05865,5.77852
latency_outage,volatile_deep,100000,passive|lat5ms,5,0,True,"coinbase>=1,000,000",prints+quotes,9000022,10,0.1738,2.31909e+06,2.15024,8.65,-20.1599,passive,BTC-USD,sell,1.15901,100000,86280.3,0.426517,2.05739e+06,1.15901,1,1,86282.1,-0.212099,8,80.0017,100002,0,-0.212099,8.00017,0,7.78807,0,0,7.78807,20.1599,1,3,0,0,0.2,0,0,1,2,0,2.47711,1.37834,2.47711,1.37834,1.26604,0.167422,1.26604,0.167422,-5.62291,-6.72078,-5.62291,-6.72078
latency_outage,volatile_deep,100000,passive|outage|cod,40,3,True,"coinbase>=1,000,000",prints+quotes,9000022,10,0.1738,2.31909e+06,2.15024,8.65,-20.1599,passive,BTC-USD,buy,1.15901,100000,86280.3,0.426517,2.65943e+06,1.15901,1,1,86303,2.62516,8,80.021,100026,0,2.62516,8.0021,-0,10.6273,0,0,10.6273,-20.1599,3,3,0,2,1.6,8.55525,0,0,3,0,-0.68433,-0.964651,-0.68433,-0.964651,3.17782,2.89761,3.17782,2.89761,6.05867,5.77854,6.05867,5.77854
latency_outage,volatile_deep,100000,passive|outage|cod,40,3,True,"coinbase>=1,000,000",prints+quotes,9000022,10,0.1738,2.31909e+06,2.15024,8.65,-20.1599,passive,BTC-USD,sell,1.15901,100000,86280.3,0.426517,2.05739e+06,1.15901,1,1,86282.1,-0.212099,8,80.0017,100002,0,-0.212099,8.00017,0,7.78807,0,0,7.78807,20.1599,1,3,0,0,0.2,8.55525,0,1,2,0,2.47711,1.37834,2.47711,1.37834,1.26604,0.167422,1.26604,0.167422,-5.62291,-6.72078,-5.62291,-6.72078
latency_outage,volatile_deep,100000,passive|outage|no-cod,40,3,False,"coinbase>=1,000,000",prints+quotes,9000022,10,0.1738,2.31909e+06,2.15024,8.65,-20.1599,passive,BTC-USD,buy,1.15901,100000,86280.3,0.426517,2.65943e+06,1.15901,1,1,86303,2.62516,8,80.021,100026,0,2.62516,8.0021,-0,10.6273,0,0,10.6273,-20.1599,3,3,0,2,1.6,8.55525,0,0,3,0,-0.68433,-0.964651,-0.68433,-0.964651,3.17782,2.89761,3.17782,2.89761,6.05867,5.77854,6.05867,5.77854
latency_outage,volatile_deep,100000,passive|outage|no-cod,40,3,False,"coinbase>=1,000,000",prints+quotes,9000022,10,0.1738,2.31909e+06,2.15024,8.65,-20.1599,passive,BTC-USD,sell,1.15901,100000,86280.3,0.426517,2.05739e+06,1.15901,1,1,86282.1,-0.212099,8,80.0017,100002,0,-0.212099,8.00017,0,7.78807,0,0,7.78807,20.1599,1,3,0,0,0.2,8.55525,0,1,2,0,2.47711,1.37834,2.47711,1.37834,1.26604,0.167422,1.26604,0.167422,-5.62291,-6.72078,-5.62291,-6.72078
latency_outage,volatile_deep,100000,passive|prints-only,40,0,True,"coinbase>=1,000,000",prints-only,9000022,10,0.1738,2.31909e+06,2.15024,8.65,-20.1599,passive,BTC-USD,buy,1.15901,100000,86280.3,0.426517,2.65943e+06,1.15901,1,1,86303.1,2.63822,8,80.0211,100026,0,2.63822,8.00211,-0,10.6403,0,0,10.6403,-20.1599,7,10,0,7,4.30734,0,0,10,0,0,2.43849,1.54722,2.43849,1.54722,1.51046,0.619115,1.51046,0.619115,6.78946,5.89858,6.78946,5.89858
latency_outage,volatile_deep,100000,passive|prints-only,40,0,True,"coinbase>=1,000,000",prints-only,9000022,10,0.1738,2.31909e+06,2.15024,8.65,-20.1599,passive,BTC-USD,sell,1.15901,100000,86280.3,0.426517,2.05739e+06,1.15901,1,1,86214.4,7.64415,8,79.9388,99923.6,0,7.64415,7.99388,1.7394e-07,15.638,6.8e-10,0.000861057,15.638,20.1599,79,126,1,78,53.5223,0,0,126,0,0,-0.307452,-0.177315,-0.307452,-0.177315,-1.08269,-0.952491,-1.08269,-0.952491,0.649782,0.780572,0.649782,0.780572
latency_outage,volatile_deep,100000,aggressive|lat250ms,250,0,True,"coinbase>=1,000,000",prints+quotes,9000023,10,0.171753,2.26965e+06,2.18453,7.83333,-2.05935,aggressive,BTC-USD,buy,1.15889,100000,86289.4,0.157609,1.86478e+06,1.15889,1,0,86295.4,0.701653,18,180.013,0,100007,0.701653,18.0013,-3.94573e-16,18.7029,0,0,18.7029,-2.05935,1,6,0,0,0.297718,0,0,0,0,0,1.61996,1.32977,,,7.53742,7.24741,,,10.9084,10.6185,,
latency_outage,volatile_deep,100000,aggressive|lat250ms,250,0,True,"coinbase>=1,000,000",prints+quotes,9000023,10,0.171753,2.26965e+06,2.18453,7.83333,-2.05935,aggressive,BTC-USD,sell,1.15889,100000,86289.4,0.157609,2.49216e+06,1.15889,1,0,86289.9,-0.064035,18,180.001,0,100001,-0.064035,18.0001,0,17.9361,0,0,17.9361,2.05935,1,7,0,0,0.297718,0,0,0,0,0,-0.982446,-1.32977,,,-6.90029,-7.24741,,,-10.2715,-10.6185,,
latency_outage,volatile_deep,100000,aggressive|lat40ms,40,0,True,"coinbase>=1,000,000",prints+quotes,9000023,10,0.171753,2.26965e+06,2.18453,7.83333,-2.05935,aggressive,BTC-USD,buy,1.15889,100000,86289.4,0.157609,1.86478e+06,1.15889,1,0,86290.7,0.158592,18,180.003,0,100002,0.158592,18.0003,-0,18.1589,0,0,18.1589,-2.05935,1,7,0,0,0.0476349,0,0,0,0,0,-0.741855,-0.900459,,,7.8425,7.68403,,,7.57596,7.41749,,
latency_outage,volatile_deep,100000,aggressive|lat40ms,40,0,True,"coinbase>=1,000,000",prints+quotes,9000023,10,0.171753,2.26965e+06,2.18453,7.83333,-2.05935,aggressive,BTC-USD,sell,1.15889,100000,86289.4,0.157609,2.49216e+06,1.15889,1,0,86285.2,0.482443,18,179.991,0,99995.2,0.482443,17.9991,0,18.4816,0,0,18.4816,2.05935,1,6,0,0,0.0476349,0,0,0,0,0,1.38298,0.900459,,,-7.20193,-7.68403,,,-6.93537,-7.41749,,
latency_outage,volatile_deep,100000,aggressive|lat5ms,5,0,True,"coinbase>=1,000,000",prints+quotes,9000023,10,0.171753,2.26965e+06,2.18453,7.83333,-2.05935,aggressive,BTC-USD,buy,1.15889,100000,86289.4,0.157609,1.86478e+06,1.15889,1,0,86290.7,0.158592,18,180.003,0,100002,0.158592,18.0003,-0,18.1589,0,0,18.1589,-2.05935,1,7,0,0,0.00595437,0,0,0,0,0,-0.741855,-0.900459,,,7.8425,7.68403,,,7.57596,7.41749,,
latency_outage,volatile_deep,100000,aggressive|lat5ms,5,0,True,"coinbase>=1,000,000",prints+quotes,9000023,10,0.171753,2.26965e+06,2.18453,7.83333,-2.05935,aggressive,BTC-USD,sell,1.15889,100000,86289.4,0.157609,2.49216e+06,1.15889,1,0,86285.2,0.482443,18,179.991,0,99995.2,0.482443,17.9991,0,18.4816,0,0,18.4816,2.05935,1,6,0,0,0.00595437,0,0,0,0,0,1.38298,0.900459,,,-7.20193,-7.68403,,,-6.93537,-7.41749,,
latency_outage,volatile_deep,100000,aggressive|outage|cod,40,3,True,"coinbase>=1,000,000",prints+quotes,9000023,10,0.171753,2.26965e+06,2.18453,7.83333,-2.05935,aggressive,BTC-USD,buy,1.15889,100000,86289.4,0.157609,1.86478e+06,1.15889,1,0,86290.7,0.158592,18,180.003,0,100002,0.158592,18.0003,-0,18.1589,0,0,18.1589,-2.05935,1,7,0,0,0.0476349,24.6535,0,0,0,0,-0.741855,-0.900459,,,7.8425,7.68403,,,7.57596,7.41749,,
latency_outage,volatile_deep,100000,aggressive|outage|cod,40,3,True,"coinbase>=1,000,000",prints+quotes,9000023,10,0.171753,2.26965e+06,2.18453,7.83333,-2.05935,aggressive,BTC-USD,sell,1.15889,100000,86289.4,0.157609,2.49216e+06,1.15889,1,0,86285.2,0.482443,18,179.991,0,99995.2,0.482443,17.9991,0,18.4816,0,0,18.4816,2.05935,1,6,0,0,0.0476349,24.6535,0,0,0,0,1.38298,0.900459,,,-7.20193,-7.68403,,,-6.93537,-7.41749,,
latency_outage,volatile_deep,100000,aggressive|outage|no-cod,40,3,False,"coinbase>=1,000,000",prints+quotes,9000023,10,0.171753,2.26965e+06,2.18453,7.83333,-2.05935,aggressive,BTC-USD,buy,1.15889,100000,86289.4,0.157609,1.86478e+06,1.15889,1,0,86290.7,0.158592,18,180.003,0,100002,0.158592,18.0003,-0,18.1589,0,0,18.1589,-2.05935,1,7,0,0,0.0476349,24.6535,0,0,0,0,-0.741855,-0.900459,,,7.8425,7.68403,,,7.57596,7.41749,,
latency_outage,volatile_deep,100000,aggressive|outage|no-cod,40,3,False,"coinbase>=1,000,000",prints+quotes,9000023,10,0.171753,2.26965e+06,2.18453,7.83333,-2.05935,aggressive,BTC-USD,sell,1.15889,100000,86289.4,0.157609,2.49216e+06,1.15889,1,0,86285.2,0.482443,18,179.991,0,99995.2,0.482443,17.9991,0,18.4816,0,0,18.4816,2.05935,1,6,0,0,0.0476349,24.6535,0,0,0,0,1.38298,0.900459,,,-7.20193,-7.68403,,,-6.93537,-7.41749,,
latency_outage,volatile_deep,100000,aggressive|prints-only,40,0,True,"coinbase>=1,000,000",prints-only,9000023,10,0.171753,2.26965e+06,2.18453,7.83333,-2.05935,aggressive,BTC-USD,buy,1.15889,100000,86289.4,0.157609,1.86478e+06,1.15889,1,0,86290.7,0.158592,18,180.003,0,100002,0.158592,18.0003,-0,18.1589,0,0,18.1589,-2.05935,1,7,0,0,0.0476349,0,0,0,0,0,-0.741855,-0.900459,,,7.8425,7.68403,,,7.57596,7.41749,,
latency_outage,volatile_deep,100000,aggressive|prints-only,40,0,True,"coinbase>=1,000,000",prints-only,9000023,10,0.171753,2.26965e+06,2.18453,7.83333,-2.05935,aggressive,BTC-USD,sell,1.15889,100000,86289.4,0.157609,2.49216e+06,1.15889,1,0,86285.2,0.482443,18,179.991,0,99995.2,0.482443,17.9991,0,18.4816,0,0,18.4816,2.05935,1,6,0,0,0.0476349,0,0,0,0,0,1.38298,0.900459,,,-7.20193,-7.68403,,,-6.93537,-7.41749,,
latency_outage,volatile_deep,100000,hybrid|lat250ms,250,0,True,"coinbase>=1,000,000",prints+quotes,9000023,10,0.171753,2.26965e+06,2.18453,7.83333,-2.05935,hybrid,BTC-USD,buy,1.15889,100000,86289.4,0.157609,1.86478e+06,1.15889,1,1,86238.9,-5.84236,8,79.9533,99941.6,0,-5.84236,7.99533,-0,2.15296,0,0,2.15296,-2.05935,7,5,5,1,3.2,0,0,2,3,0,1.47616,1.0419,1.47616,1.0419,1.54359,1.10948,1.54359,1.10948,4.39352,3.95953,4.39352,3.95953
latency_outage,volatile_deep,100000,hybrid|lat250ms,250,0,True,"coinbase>=1,000,000",prints+quotes,9000023,10,0.171753,2.26965e+06,2.18453,7.83333,-2.05935,hybrid,BTC-USD,sell,1.15889,100000,86289.4,0.157609,2.49216e+06,1.15889,1,1,86205.7,9.69529,8,79.9224,99903,0,9.69529,7.99224,0,17.6875,0,0,17.6875,2.05935,7,3,2,4,4.7,0,0,1,2,0,4.17046,3.31979,4.17046,3.31979,2.40405,1.55354,2.40405,1.55354,3.33762,2.48703,3.33762,2.48703
latency_outage,volatile_deep,100000,hybrid|lat40ms,40,0,True,"coinbase>=1,000,000",prints+quotes,9000023,10,0.171753,2.26965e+06,2.18453,7.83333,-2.05935,hybrid,BTC-USD,buy,1.15889,100000,86289.4,0.157609,1.86478e+06,1.15889,1,1,86293.2,0.446345,8,80.0036,100004,0,0.446345,8.00036,-0,8.4467,0,0,8.4467,-2.05935,2,7,0,1,1.2,0,0,4,3,0,3.37947,2.16266,3.37947,2.16266,6.21071,4.99421,6.21071,4.99421,9.60279,8.38671,9.60279,8.38671
latency_outage,volatile_deep,100000,hybrid|lat40ms,40,0,True,"coinbase>=1,000,000",prints+quotes,9000023,10,0.171753,2.26965e+06,2.18453,7.83333,-2.05935,hybrid,BTC-USD,sell,1.15889,100000,86289.4,0.157609,2.49216e+06,1.15889,1,1,86290,-0.0776457,8,80.0006,100001,0,-0.0776457,8.00006,0,7.92242,0,0,7.92242,2.05935,1,2,0,0,0.2,0,0,0,2,0,0.177389,-0.421696,0.177389,-0.421696,-6.91389,-7.51255,-6.91389,-7.51255,-8.70852,-9.30707,-8.70852,-9.30707
latency_outage,volatile_deep,100000,hybrid|lat5ms,5,0,True,"coinbase>=1,000,000",prints+quotes,9000023,10,0.171753,2.26965e+06,2.18453,7.83333,-2.05935,hybrid,BTC-USD,buy,1.15889,100000,86289.4,0.157609,1.86478e+06,1.15889,1,1,86292.6,0.380102,8,80.003,100004,0,0.380102,8.0003,-0,8.38041,0,0,8.38041,-2.05935,2,7,0,1,1.2,0,0,5,2,0,3.28341,1.93944,3.28341,1.93944,6.0819,4.73825,6.0819,4.73825,9.47277,8.12958,9.47277,8.12958
latency_outage,volatile_deep,100000,hybrid|lat5ms,5,0,True,"coinbase>=1,000,000",prints+quotes,9000023,10,0.171753,2.26965e+06,2.18453,7.83333,-2.05935,hybrid,BTC-USD,sell,1.15889,100000,86289.4,0.157609,2.49216e+06,1.15889,1,1,86290,-0.0776457,8,80.0006,100001,0,-0.0776457,8.00006,0,7.92242,0,0,7.92242,2.05935,1,3,0,0,0.2,0,0,1,2,0,0.17746,-0.42161,0.17746,-0.42161,-6.91393,-7.51256,-6.91393,-7.51256,-8.70841,-9.30695,-8.70841,-9.30695
latency_outage,volatile_deep,100000,hybrid|outage|cod,40,3,True,"coinbase>=1,000,000",prints+quotes,9000023,10,0.171753,2.26965e+06,2.18453,7.83333,-2.05935,hybrid,BTC-USD,buy,1.15889,100000,86289.4,0.157609,1.86478e+06,1.15889,1,1,86293.2,0.446345,8,80.0036,100004,0,0.446345,8.00036,-0,8.4467,0,0,8.4467,-2.05935,2,7,0,1,1.2,24.6535,0,4,3,0,3.37947,2.16266,3.37947,2.16266,6.21071,4.99421,6.21071,4.99421,9.60279,8.38671,9.60279,8.38671
latency_outage,volatile_deep,100000,hybrid|outage|cod,40,3,True,"coinbase>=1,000,000",prints+quotes,9000023,10,0.171753,2.26965e+06,2.18453,7.83333,-2.05935,hybrid,BTC-USD,sell,1.15889,100000,86289.4,0.157609,2.49216e+06,1.15889,1,1,86290,-0.0776457,8,80.0006,100001,0,-0.0776457,8.00006,0,7.92242,0,0,7.92242,2.05935,1,2,0,0,0.2,24.6535,0,0,2,0,0.177389,-0.421696,0.177389,-0.421696,-6.91389,-7.51255,-6.91389,-7.51255,-8.70852,-9.30707,-8.70852,-9.30707
latency_outage,volatile_deep,100000,hybrid|outage|no-cod,40,3,False,"coinbase>=1,000,000",prints+quotes,9000023,10,0.171753,2.26965e+06,2.18453,7.83333,-2.05935,hybrid,BTC-USD,buy,1.15889,100000,86289.4,0.157609,1.86478e+06,1.15889,1,1,86293.2,0.446345,8,80.0036,100004,0,0.446345,8.00036,-0,8.4467,0,0,8.4467,-2.05935,2,7,0,1,1.2,24.6535,0,4,3,0,3.37947,2.16266,3.37947,2.16266,6.21071,4.99421,6.21071,4.99421,9.60279,8.38671,9.60279,8.38671
latency_outage,volatile_deep,100000,hybrid|outage|no-cod,40,3,False,"coinbase>=1,000,000",prints+quotes,9000023,10,0.171753,2.26965e+06,2.18453,7.83333,-2.05935,hybrid,BTC-USD,sell,1.15889,100000,86289.4,0.157609,2.49216e+06,1.15889,1,1,86290,-0.0776457,8,80.0006,100001,0,-0.0776457,8.00006,0,7.92242,0,0,7.92242,2.05935,1,2,0,0,0.2,24.6535,0,0,2,0,0.177389,-0.421696,0.177389,-0.421696,-6.91389,-7.51255,-6.91389,-7.51255,-8.70852,-9.30707,-8.70852,-9.30707
latency_outage,volatile_deep,100000,hybrid|prints-only,40,0,True,"coinbase>=1,000,000",prints-only,9000023,10,0.171753,2.26965e+06,2.18453,7.83333,-2.05935,hybrid,BTC-USD,buy,1.15889,100000,86289.4,0.157609,1.86478e+06,1.15889,1,1,86230.4,-6.83149,8,79.9453,99931.7,0,-6.83149,7.99453,-0,1.16304,0,0,1.16304,-2.05935,17,28,0,16,11.2195,0,0,28,0,0,2.44596,1.81672,2.44596,1.81672,0.319769,-0.309727,0.319769,-0.309727,3.5309,2.90187,3.5309,2.90187
latency_outage,volatile_deep,100000,hybrid|prints-only,40,0,True,"coinbase>=1,000,000",prints-only,9000023,10,0.171753,2.26965e+06,2.18453,7.83333,-2.05935,hybrid,BTC-USD,sell,1.15889,100000,86289.4,0.157609,2.49216e+06,1.15889,1,1,86218.5,8.20581,8,79.9344,99917.9,0,8.20581,7.99344,0,16.1992,0,0,16.1992,2.05935,34,40,0,33,21.6096,0,0,40,0,0,4.34556,4.1515,4.34556,4.1515,1.47971,1.28583,1.47971,1.28583,5.66954,5.47545,5.66954,5.47545
latency_outage,volatile_deep,100000,passive|lat250ms,250,0,True,"coinbase>=1,000,000",prints+quotes,9000023,10,0.171753,2.26965e+06,2.18453,7.83333,-2.05935,passive,BTC-USD,buy,1.15889,100000,86289.4,0.157609,1.86478e+06,1.15889,1,1,86238.9,-5.84236,8,79.9533,99941.6,0,-5.84236,7.99533,-0,2.15296,0,0,2.15296,-2.05935,7,5,5,1,3.2,0,0,2,3,0,1.47616,1.0419,1.47616,1.0419,1.54359,1.10948,1.54359,1.10948,4.39352,3.95953,4.39352,3.95953
latency_outage,volatile_deep,100000,passive|lat250ms,250,0,True,"coinbase>=1,000,000",prints+quotes,9000023,10,0.171753,2.26965e+06,2.18453,7.83333,-2.05935,passive,BTC-USD,sell,1.15889,100000,86289.4,0.157609,2.49216e+06,1.15889,1,1,86205.7,9.69529,8,79.9224,99903,0,9.69529,7.99224,0,17.6875,0,0,17.6875,2.05935,7,3,2,4,4.7,0,0,1,2,0,4.17046,3.31979,4.17046,3.31979,2.40405,1.55354,2.40405,1.55354,3.33762,2.48703,3.33762,2.48703
latency_outage,volatile_deep,100000,passive|lat40ms,40,0,True,"coinbase>=1,000,000",prints+quotes,9000023,10,0.171753,2.26965e+06,2.18453,7.83333,-2.05935,passive,BTC-USD,buy,1.15889,100000,86289.4,0.157609,1.86478e+06,1.15889,1,1,86293.2,0.446345,8,80.0036,100004,0,0.446345,8.00036,-0,8.4467,0,0,8.4467,-2.05935,2,7,0,1,1.2,0,0,4,3,0,3.37947,2.16266,3.37947,2.16266,6.21071,4.99421,6.21071,4.99421,9.60279,8.38671,9.60279,8.38671
latency_outage,volatile_deep,100000,passive|lat40ms,40,0,True,"coinbase>=1,000,000",prints+quotes,9000023,10,0.171753,2.26965e+06,2.18453,7.83333,-2.05935,passive,BTC-USD,sell,1.15889,100000,86289.4,0.157609,2.49216e+06,1.15889,1,1,86290,-0.0776457,8,80.0006,100001,0,-0.0776457,8.00006,0,7.92242,0,0,7.92242,2.05935,1,2,0,0,0.2,0,0,0,2,0,0.177389,-0.421696,0.177389,-0.421696,-6.91389,-7.51255,-6.91389,-7.51255,-8.70852,-9.30707,-8.70852,-9.30707
latency_outage,volatile_deep,100000,passive|lat5ms,5,0,True,"coinbase>=1,000,000",prints+quotes,9000023,10,0.171753,2.26965e+06,2.18453,7.83333,-2.05935,passive,BTC-USD,buy,1.15889,100000,86289.4,0.157609,1.86478e+06,1.15889,1,1,86292.6,0.380102,8,80.003,100004,0,0.380102,8.0003,-0,8.38041,0,0,8.38041,-2.05935,2,7,0,1,1.2,0,0,5,2,0,3.28341,1.93944,3.28341,1.93944,6.0819,4.73825,6.0819,4.73825,9.47277,8.12958,9.47277,8.12958
latency_outage,volatile_deep,100000,passive|lat5ms,5,0,True,"coinbase>=1,000,000",prints+quotes,9000023,10,0.171753,2.26965e+06,2.18453,7.83333,-2.05935,passive,BTC-USD,sell,1.15889,100000,86289.4,0.157609,2.49216e+06,1.15889,1,1,86290,-0.0776457,8,80.0006,100001,0,-0.0776457,8.00006,0,7.92242,0,0,7.92242,2.05935,1,3,0,0,0.2,0,0,1,2,0,0.17746,-0.42161,0.17746,-0.42161,-6.91393,-7.51256,-6.91393,-7.51256,-8.70841,-9.30695,-8.70841,-9.30695
latency_outage,volatile_deep,100000,passive|outage|cod,40,3,True,"coinbase>=1,000,000",prints+quotes,9000023,10,0.171753,2.26965e+06,2.18453,7.83333,-2.05935,passive,BTC-USD,buy,1.15889,100000,86289.4,0.157609,1.86478e+06,1.15889,1,1,86293.2,0.446345,8,80.0036,100004,0,0.446345,8.00036,-0,8.4467,0,0,8.4467,-2.05935,2,7,0,1,1.2,24.6535,0,4,3,0,3.37947,2.16266,3.37947,2.16266,6.21071,4.99421,6.21071,4.99421,9.60279,8.38671,9.60279,8.38671
latency_outage,volatile_deep,100000,passive|outage|cod,40,3,True,"coinbase>=1,000,000",prints+quotes,9000023,10,0.171753,2.26965e+06,2.18453,7.83333,-2.05935,passive,BTC-USD,sell,1.15889,100000,86289.4,0.157609,2.49216e+06,1.15889,1,1,86290,-0.0776457,8,80.0006,100001,0,-0.0776457,8.00006,0,7.92242,0,0,7.92242,2.05935,1,2,0,0,0.2,24.6535,0,0,2,0,0.177389,-0.421696,0.177389,-0.421696,-6.91389,-7.51255,-6.91389,-7.51255,-8.70852,-9.30707,-8.70852,-9.30707
latency_outage,volatile_deep,100000,passive|outage|no-cod,40,3,False,"coinbase>=1,000,000",prints+quotes,9000023,10,0.171753,2.26965e+06,2.18453,7.83333,-2.05935,passive,BTC-USD,buy,1.15889,100000,86289.4,0.157609,1.86478e+06,1.15889,1,1,86293.2,0.446345,8,80.0036,100004,0,0.446345,8.00036,-0,8.4467,0,0,8.4467,-2.05935,2,7,0,1,1.2,24.6535,0,4,3,0,3.37947,2.16266,3.37947,2.16266,6.21071,4.99421,6.21071,4.99421,9.60279,8.38671,9.60279,8.38671
latency_outage,volatile_deep,100000,passive|outage|no-cod,40,3,False,"coinbase>=1,000,000",prints+quotes,9000023,10,0.171753,2.26965e+06,2.18453,7.83333,-2.05935,passive,BTC-USD,sell,1.15889,100000,86289.4,0.157609,2.49216e+06,1.15889,1,1,86290,-0.0776457,8,80.0006,100001,0,-0.0776457,8.00006,0,7.92242,0,0,7.92242,2.05935,1,2,0,0,0.2,24.6535,0,0,2,0,0.177389,-0.421696,0.177389,-0.421696,-6.91389,-7.51255,-6.91389,-7.51255,-8.70852,-9.30707,-8.70852,-9.30707
latency_outage,volatile_deep,100000,passive|prints-only,40,0,True,"coinbase>=1,000,000",prints-only,9000023,10,0.171753,2.26965e+06,2.18453,7.83333,-2.05935,passive,BTC-USD,buy,1.15889,100000,86289.4,0.157609,1.86478e+06,1.15889,1,1,86230.4,-6.83149,8,79.9453,99931.7,0,-6.83149,7.99453,-0,1.16304,0,0,1.16304,-2.05935,17,28,0,16,11.2195,0,0,28,0,0,2.44596,1.81672,2.44596,1.81672,0.319769,-0.309727,0.319769,-0.309727,3.5309,2.90187,3.5309,2.90187
latency_outage,volatile_deep,100000,passive|prints-only,40,0,True,"coinbase>=1,000,000",prints-only,9000023,10,0.171753,2.26965e+06,2.18453,7.83333,-2.05935,passive,BTC-USD,sell,1.15889,100000,86289.4,0.157609,2.49216e+06,1.15889,1,1,86218.5,8.20581,8,79.9344,99917.9,0,8.20581,7.99344,0,16.1992,0,0,16.1992,2.05935,34,40,0,33,21.6096,0,0,40,0,0,4.34556,4.1515,4.34556,4.1515,1.47971,1.28583,1.47971,1.28583,5.66954,5.47545,5.66954,5.47545
latency_outage,volatile_deep,100000,aggressive|lat250ms,250,0,True,"coinbase>=1,000,000",prints+quotes,9000024,10,0.175423,2.32201e+06,2.10351,7.46667,-17.5314,aggressive,BTC-USD,buy,1.15902,100000,86279.5,0.0788137,2.05633e+06,1.15902,1,0,86288.9,1.09754,18,180.02,0,100011,1.09754,18.002,-3.35865e-15,19.0995,0,0,19.0995,-17.5314,1,7,0,0,0.271026,0,0,0,0,0,1.07424,0.828052,,,3.44419,3.19806,,,19.0534,18.8076,,
latency_outage,volatile_deep,100000,aggressive|lat250ms,250,0,True,"coinbase>=1,000,000",prints+quotes,9000024,10,0.175423,2.32201e+06,2.10351,7.46667,-17.5314,aggressive,BTC-USD,sell,1.15902,100000,86279.5,0.0788137,2.40388e+06,1.15902,1,0,86283.3,-0.444149,18,180.008,0,100004,-0.444149,18.0008,0,17.5567,0,0,17.5567,17.5314,1,5,0,0,0.271026,0,0,0,0,0,-0.420939,-0.828052,,,-2.79104,-3.19806,,,-18.4012,-18.8076,,
latency_outage,volatile_deep,100000,aggressive|lat40ms,40,0,True,"coinbase>=1,000,000",prints+quotes,9000024,10,0.175423,2.32201e+06,2.10351,7.46667,-17.5314,aggressive,BTC-USD,buy,1.15902,100000,86279.5,0.0788137,2.05633e+06,1.15902,1,0,86283,0.415206,18,180.007,0,100004,0.415206,18.0007,-0,18.416,0,0,18.416,-17.5314,1,7,0,0,0.0433641,0,0,0,0,0,-0.0287047,-0.443906,,,2.76211,2.34702,,,18.5375,18.1231,,
latency_outage,volatile_deep,100000,aggressive|lat40ms,40,0,True,"coinbase>=1,000,000",prints+quotes,9000024,10,0.175423,2.32201e+06,2.10351,7.46667,-17.5314,aggressive,BTC-USD,sell,1.15902,100000,86279.5,0.0788137,2.40388e+06,1.15902,1,0,86279,0.0486213,18,179.999,0,99999.5,0.0486213,17.9999,0,18.0485,0,0,18.0485,17.5314,1,4,0,0,0.0433641,0,0,0,0,0,0.49253,0.443906,,,-2.29841,-2.34702,,,-18.0746,-18.1231,,
latency_outage,volatile_deep,100000,aggressive|lat5ms,5,0,True,"coinbase>=1,000,000",prints+quotes,9000024,10,0.175423,2.32201e+06,2.10351,7.46667,-17.5314,aggressive,BTC-USD,buy,1.15902,100000,86279.5,0.0788137,2.05633e+06,1.15902,1,0,86283,0.415206,18,180.007,0,100004,0.415206,18.0007,-0,18.416,0,0,18.416,-17.5314,1,7,0,0,0.00542051,0,0,0,0,0,-0.0287047,-0.443906,,,2.76211,2.34702,,,18.5375,18.1231,,
latency_outage,volatile_deep,100000,aggressive|lat5ms,5,0,True,"coinbase>=1,000,000",prints+quotes,9000024,10,0.175423,2.32201e+06,2.10351,7.46667,-17.5314,aggressive,BTC-USD,sell,1.15902,100000,86279.5,0.0788137,2.40388e+06,1.15902,1,0,86279,0.0486213,18,179.999,0,99999.5,0.0486213,17.9999,0,18.0485,0,0,18.0485,17.5314,1,4,0,0,0.00542051,0,0,0,0,0,0.49253,0.443906,,,-2.29841,-2.34702,,,-18.0746,-18.1231,,
latency_outage,volatile_deep,100000,aggressive|outage|cod,40,3,True,"coinbase>=1,000,000",prints+quotes,9000024,10,0.175423,2.32201e+06,2.10351,7.46667,-17.5314,aggressive,BTC-USD,buy,1.15902,100000,86279.5,0.0788137,2.05633e+06,1.15902,1,0,86283,0.415206,18,180.007,0,100004,0.415206,18.0007,-0,18.416,0,0,18.416,-17.5314,1,7,0,0,0.0433641,2.29604,0,0,0,0,-0.0287047,-0.443906,,,2.76211,2.34702,,,18.5375,18.1231,,
latency_outage,volatile_deep,100000,aggressive|outage|cod,40,3,True,"coinbase>=1,000,000",prints+quotes,9000024,10,0.175423,2.32201e+06,2.10351,7.46667,-17.5314,aggressive,BTC-USD,sell,1.15902,100000,86279.5,0.0788137,2.40388e+06,1.15902,1,0,86279,0.0486213,18,179.999,0,99999.5,0.0486213,17.9999,0,18.0485,0,0,18.0485,17.5314,1,4,0,0,0.0433641,2.29604,0,0,0,0,0.49253,0.443906,,,-2.29841,-2.34702,,,-18.0746,-18.1231,,
latency_outage,volatile_deep,100000,aggressive|outage|no-cod,40,3,False,"coinbase>=1,000,000",prints+quotes,9000024,10,0.175423,2.32201e+06,2.10351,7.46667,-17.5314,aggressive,BTC-USD,buy,1.15902,100000,86279.5,0.0788137,2.05633e+06,1.15902,1,0,86283,0.415206,18,180.007,0,100004,0.415206,18.0007,-0,18.416,0,0,18.416,-17.5314,1,7,0,0,0.0433641,2.29604,0,0,0,0,-0.0287047,-0.443906,,,2.76211,2.34702,,,18.5375,18.1231,,
latency_outage,volatile_deep,100000,aggressive|outage|no-cod,40,3,False,"coinbase>=1,000,000",prints+quotes,9000024,10,0.175423,2.32201e+06,2.10351,7.46667,-17.5314,aggressive,BTC-USD,sell,1.15902,100000,86279.5,0.0788137,2.40388e+06,1.15902,1,0,86279,0.0486213,18,179.999,0,99999.5,0.0486213,17.9999,0,18.0485,0,0,18.0485,17.5314,1,4,0,0,0.0433641,2.29604,0,0,0,0,0.49253,0.443906,,,-2.29841,-2.34702,,,-18.0746,-18.1231,,
latency_outage,volatile_deep,100000,aggressive|prints-only,40,0,True,"coinbase>=1,000,000",prints-only,9000024,10,0.175423,2.32201e+06,2.10351,7.46667,-17.5314,aggressive,BTC-USD,buy,1.15902,100000,86279.5,0.0788137,2.05633e+06,1.15902,1,0,86283,0.415206,18,180.007,0,100004,0.415206,18.0007,-0,18.416,0,0,18.416,-17.5314,1,7,0,0,0.0433641,0,0,0,0,0,-0.0287047,-0.443906,,,2.76211,2.34702,,,18.5375,18.1231,,
latency_outage,volatile_deep,100000,aggressive|prints-only,40,0,True,"coinbase>=1,000,000",prints-only,9000024,10,0.175423,2.32201e+06,2.10351,7.46667,-17.5314,aggressive,BTC-USD,sell,1.15902,100000,86279.5,0.0788137,2.40388e+06,1.15902,1,0,86279,0.0486213,18,179.999,0,99999.5,0.0486213,17.9999,0,18.0485,0,0,18.0485,17.5314,1,4,0,0,0.0433641,0,0,0,0,0,0.49253,0.443906,,,-2.29841,-2.34702,,,-18.0746,-18.1231,,
latency_outage,volatile_deep,100000,hybrid|lat250ms,250,0,True,"coinbase>=1,000,000",prints+quotes,9000024,10,0.175423,2.32201e+06,2.10351,7.46667,-17.5314,hybrid,BTC-USD,buy,1.15902,100000,86279.5,0.0788137,2.05633e+06,1.15902,1,1,86280.1,0.0799727,8,80.0006,100001,0,0.0799727,8.00006,-0,8.08004,0,0,8.08004,-17.5314,6,1,3,2,2.8,0,0,0,1,0,1.69854,0.24111,1.69854,0.24111,0.0695409,-1.38812,0.0695409,-1.38812,19.2188,17.7639,19.2188,17.7639
latency_outage,volatile_deep,100000,hybrid|lat250ms,250,0,True,"coinbase>=1,000,000",prints+quotes,9000024,10,0.175423,2.32201e+06,2.10351,7.46667,-17.5314,hybrid,BTC-USD,sell,1.15902,100000,86279.5,0.0788137,2.40388e+06,1.15902,1,1,86279.7,-0.0324527,8,80.0003,100000,0,-0.0324527,8.00003,0,7.96757,0,0,7.96757,17.5314,4,4,2,1,1.8,0,0,1,3,0,-0.634125,-1.22315,-0.634125,-1.22315,-0.536741,-1.12578,-0.536741,-1.12578,-19.3763,-19.9642,-19.3763,-19.9642
latency_outage,volatile_deep,100000,hybrid|lat40ms,40,0,True,"coinbase>=1,000,000",prints+quotes,9000024,10,0.175423,2.32201e+06,2.10351,7.46667,-17.5314,hybrid,BTC-USD,buy,1.15902,100000,86279.5,0.0788137,2.05633e+06,1.15902,1,1,86289.1,1.11614,8,80.0089,100011,0,1.11614,8.00089,-0,9.11703,0,0,9.11703,-17.5314,2,5,0,1,0.9,0,0,2,3,0,0.238233,-0.129638,0.238233,-0.129638,2.17015,1.80235,2.17015,1.80235,16.5613,16.194,16.5613,16.194
latency_outage,volatile_deep,100000,hybrid|lat40ms,40,0,True,"coinbase>=1,000,000",prints+quotes,9000024,10,0.175423,2.32201e+06,2.10351,7.46667,-17.5314,hybrid,BTC-USD,sell,1.15902,100000,86279.5,0.0788137,2.40388e+06,1.15902,1,1,86279.8,-0.0382478,8,80.0003,100000,0,-0.0382478,8.00003,0,7.96178,0,0,7.96178,17.5314,1,2,0,0,0.2,0,0,0,2,0,0.0645988,-0.609308,0.0645988,-0.609308,-2.38526,-3.05901,-2.38526,-3.05901,-18.0121,-18.6848,-18.0121,-18.6848
latency_outage,volatile_deep,100000,hybrid|lat5ms,5,0,True,"coinbase>=1,000,000",prints+quotes,9000024,10,0.175423,2.32201e+06,2.10351,7.46667,-17.5314,hybrid,BTC-USD,buy,1.15902,100000,86279.5,0.0788137,2.05633e+06,1.15902,1,1,86291.8,1.4256,8,80.0114,100014,0,1.4256,8.00114,-0,9.42674,0,0,9.42674,-17.5314,2,5,0,1,0.9,0,0,2,3,0,0.596275,-0.0567233,0.596275,-0.0567233,2.52103,1.86815,2.52103,1.86815,16.7894,16.1375,16.7894,16.1375
latency_outage,volatile_deep,100000,hybrid|lat5ms,5,0,True,"coinbase>=1,000,000",prints+quotes,9000024,10,0.175423,2.32201e+06,2.10351,7.46667,-17.5314,hybrid,BTC-USD,sell,1.15902,100000,86279.5,0.0788137,2.40388e+06,1.15902,1,1,86279.8,-0.0382478,8,80.0003,100000,0,-0.0382478,8.00003,0,7.96178,0,0,7.96178,17.5314,1,2,0,0,0.2,0,0,0,2,0,0.0645988,-0.609308,0.0645988,-0.609308,-2.38526,-3.05901,-2.38526,-3.05901,-18.0121,-18.6848,-18.0121,-18.6848
latency_outage,volatile_deep,100000,hybrid|outage|cod,40,3,True,"coinbase>=1,000,000",prints+quotes,9000024,10,0.175423,2.32201e+06,2.10351,7.46667,-17.5314,hybrid,BTC-USD,buy,1.15902,100000,86279.5,0.0788137,2.05633e+06,1.15902,1,1,86289.1,1.11614,8,80.0089,100011,0,1.11614,8.00089,-0,9.11703,0,0,9.11703,-17.5314,2,5,0,1,0.9,2.29604,0,2,3,0,0.238233,-0.129638,0.238233,-0.129638,2.17015,1.80235,2.17015,1.80235,16.5613,16.194,16.5613,16.194
latency_outage,volatile_deep,100000,hybrid|outage|cod,40,3,True,"coinbase>=1,000,000",prints+quotes,9000024,10,0.175423,2.32201e+06,2.10351,7.46667,-17.5314,hybrid,BTC-USD,sell,1.15902,100000,86279.5,0.0788137,2.40388e+06,1.15902,1,1,86279.8,-0.0382478,8,80.0003,100000,0,-0.0382478,8.00003,0,7.96178,0,0,7.96178,17.5314,1,2,0,0,0.2,2.29604,0,0,2,0,0.0645988,-0.609308,0.0645988,-0.609308,-2.38526,-3.05901,-2.38526,-3.05901,-18.0121,-18.6848,-18.0121,-18.6848
latency_outage,volatile_deep,100000,hybrid|outage|no-cod,40,3,False,"coinbase>=1,000,000",prints+quotes,9000024,10,0.175423,2.32201e+06,2.10351,7.46667,-17.5314,hybrid,BTC-USD,buy,1.15902,100000,86279.5,0.0788137,2.05633e+06,1.15902,1,1,86289.1,1.11614,8,80.0089,100011,0,1.11614,8.00089,-0,9.11703,0,0,9.11703,-17.5314,2,5,0,1,0.9,2.29604,0,2,3,0,0.238233,-0.129638,0.238233,-0.129638,2.17015,1.80235,2.17015,1.80235,16.5613,16.194,16.5613,16.194
latency_outage,volatile_deep,100000,hybrid|outage|no-cod,40,3,False,"coinbase>=1,000,000",prints+quotes,9000024,10,0.175423,2.32201e+06,2.10351,7.46667,-17.5314,hybrid,BTC-USD,sell,1.15902,100000,86279.5,0.0788137,2.40388e+06,1.15902,1,1,86279.8,-0.0382478,8,80.0003,100000,0,-0.0382478,8.00003,0,7.96178,0,0,7.96178,17.5314,1,2,0,0,0.2,2.29604,0,0,2,0,0.0645988,-0.609308,0.0645988,-0.609308,-2.38526,-3.05901,-2.38526,-3.05901,-18.0121,-18.6848,-18.0121,-18.6848
latency_outage,volatile_deep,100000,hybrid|prints-only,40,0,True,"coinbase>=1,000,000",prints-only,9000024,10,0.175423,2.32201e+06,2.10351,7.46667,-17.5314,hybrid,BTC-USD,buy,1.15902,100000,86279.5,0.0788137,2.05633e+06,1.15902,1,0.960323,86186.4,-10.7909,8.39646,83.874,95931.8,3960.34,-10.7909,8.3874,-0,-2.40348,0,0,-2.40348,-17.5314,66,84,0,65,42.0356,0,0,83,0,0,2.81302,2.16207,2.90526,2.23067,5.41474,4.76391,5.60113,4.92668,7.97739,7.32689,8.43868,7.76457
latency_outage,volatile_deep,100000,hybrid|prints-only,40,0,True,"coinbase>=1,000,000",prints-only,9000024,10,0.175423,2.32201e+06,2.10351,7.46667,-17.5314,hybrid,BTC-USD,sell,1.15902,100000,86279.5,0.0788137,2.40388e+06,1.15902,1,1,86200.5,9.15672,8,79.9267,99908.4,0,9.15672,7.99267,1.5126e-07,17.1494,1e-11,0.000861282,17.1494,17.5314,44,69,0,43,27.3102,0,0,69,0,0,-0.666768,-1.48284,-0.666768,-1.48284,-4.76196,-5.57768,-4.76196,-5.57768,-10.8486,-11.6639,-10.8486,-11.6639
latency_outage,volatile_deep,100000,passive|lat250ms,250,0,True,"coinbase>=1,000,000",prints+quotes,9000024,10,0.175423,2.32201e+06,2.10351,7.46667,-17.5314,passive,BTC-USD,buy,1.15902,100000,86279.5,0.0788137,2.05633e+06,1.15902,1,1,86280.1,0.0799727,8,80.0006,100001,0,0.0799727,8.00006,-0,8.08004,0,0,8.08004,-17.5314,6,1,3,2,2.8,0,0,0,1,0,1.69854,0.24111,1.69854,0.24111,0.0695409,-1.38812,0.0695409,-1.38812,19.2188,17.7639,19.2188,17.7639
latency_outage,volatile_deep,100000,passive|lat250ms,250,0,True,"coinbase>=1,000,000",prints+quotes,9000024,10,0.175423,2.32201e+06,2.10351,7.46667,-17.5314,passive,BTC-USD,sell,1.15902,100000,86279.5,0.0788137,2.40388e+06,1.15902,1,1,86279.7,-0.0324527,8,80.0003,100000,0,-0.0324527,8.00003,0,7.96757,0,0,7.96757,17.5314,4,4,2,1,1.8,0,0,1,3,0,-0.634125,-1.22315,-0.634125,-1.22315,-0.536741,-1.12578,-0.536741,-1.12578,-19.3763,-19.9642,-19.3763,-19.9642
latency_outage,volatile_deep,100000,passive|lat40ms,40,0,True,"coinbase>=1,000,000",prints+quotes,9000024,10,0.175423,2.32201e+06,2.10351,7.46667,-17.5314,passive,BTC-USD,buy,1.15902,100000,86279.5,0.0788137,2.05633e+06,1.15902,1,1,86289.1,1.11614,8,80.0089,100011,0,1.11614,8.00089,-0,9.11703,0,0,9.11703,-17.5314,2,5,0,1,0.9,0,0,2,3,0,0.238233,-0.129638,0.238233,-0.129638,2.17015,1.80235,2.17015,1.80235,16.5613,16.194,16.5613,16.194
latency_outage,volatile_deep,100000,passive|lat40ms,40,0,True,"coinbase>=1,000,000",prints+quotes,9000024,10,0.175423,2.32201e+06,2.10351,7.46667,-17.5314,passive,BTC-USD,sell,1.15902,100000,86279.5,0.0788137,2.40388e+06,1.15902,1,1,86279.8,-0.0382478,8,80.0003,100000,0,-0.0382478,8.00003,0,7.96178,0,0,7.96178,17.5314,1,2,0,0,0.2,0,0,0,2,0,0.0645988,-0.609308,0.0645988,-0.609308,-2.38526,-3.05901,-2.38526,-3.05901,-18.0121,-18.6848,-18.0121,-18.6848
latency_outage,volatile_deep,100000,passive|lat5ms,5,0,True,"coinbase>=1,000,000",prints+quotes,9000024,10,0.175423,2.32201e+06,2.10351,7.46667,-17.5314,passive,BTC-USD,buy,1.15902,100000,86279.5,0.0788137,2.05633e+06,1.15902,1,1,86291.8,1.4256,8,80.0114,100014,0,1.4256,8.00114,-0,9.42674,0,0,9.42674,-17.5314,2,5,0,1,0.9,0,0,2,3,0,0.596275,-0.0567233,0.596275,-0.0567233,2.52103,1.86815,2.52103,1.86815,16.7894,16.1375,16.7894,16.1375
latency_outage,volatile_deep,100000,passive|lat5ms,5,0,True,"coinbase>=1,000,000",prints+quotes,9000024,10,0.175423,2.32201e+06,2.10351,7.46667,-17.5314,passive,BTC-USD,sell,1.15902,100000,86279.5,0.0788137,2.40388e+06,1.15902,1,1,86279.8,-0.0382478,8,80.0003,100000,0,-0.0382478,8.00003,0,7.96178,0,0,7.96178,17.5314,1,2,0,0,0.2,0,0,0,2,0,0.0645988,-0.609308,0.0645988,-0.609308,-2.38526,-3.05901,-2.38526,-3.05901,-18.0121,-18.6848,-18.0121,-18.6848
latency_outage,volatile_deep,100000,passive|outage|cod,40,3,True,"coinbase>=1,000,000",prints+quotes,9000024,10,0.175423,2.32201e+06,2.10351,7.46667,-17.5314,passive,BTC-USD,buy,1.15902,100000,86279.5,0.0788137,2.05633e+06,1.15902,1,1,86289.1,1.11614,8,80.0089,100011,0,1.11614,8.00089,-0,9.11703,0,0,9.11703,-17.5314,2,5,0,1,0.9,2.29604,0,2,3,0,0.238233,-0.129638,0.238233,-0.129638,2.17015,1.80235,2.17015,1.80235,16.5613,16.194,16.5613,16.194
latency_outage,volatile_deep,100000,passive|outage|cod,40,3,True,"coinbase>=1,000,000",prints+quotes,9000024,10,0.175423,2.32201e+06,2.10351,7.46667,-17.5314,passive,BTC-USD,sell,1.15902,100000,86279.5,0.0788137,2.40388e+06,1.15902,1,1,86279.8,-0.0382478,8,80.0003,100000,0,-0.0382478,8.00003,0,7.96178,0,0,7.96178,17.5314,1,2,0,0,0.2,2.29604,0,0,2,0,0.0645988,-0.609308,0.0645988,-0.609308,-2.38526,-3.05901,-2.38526,-3.05901,-18.0121,-18.6848,-18.0121,-18.6848
latency_outage,volatile_deep,100000,passive|outage|no-cod,40,3,False,"coinbase>=1,000,000",prints+quotes,9000024,10,0.175423,2.32201e+06,2.10351,7.46667,-17.5314,passive,BTC-USD,buy,1.15902,100000,86279.5,0.0788137,2.05633e+06,1.15902,1,1,86289.1,1.11614,8,80.0089,100011,0,1.11614,8.00089,-0,9.11703,0,0,9.11703,-17.5314,2,5,0,1,0.9,2.29604,0,2,3,0,0.238233,-0.129638,0.238233,-0.129638,2.17015,1.80235,2.17015,1.80235,16.5613,16.194,16.5613,16.194
latency_outage,volatile_deep,100000,passive|outage|no-cod,40,3,False,"coinbase>=1,000,000",prints+quotes,9000024,10,0.175423,2.32201e+06,2.10351,7.46667,-17.5314,passive,BTC-USD,sell,1.15902,100000,86279.5,0.0788137,2.40388e+06,1.15902,1,1,86279.8,-0.0382478,8,80.0003,100000,0,-0.0382478,8.00003,0,7.96178,0,0,7.96178,17.5314,1,2,0,0,0.2,2.29604,0,0,2,0,0.0645988,-0.609308,0.0645988,-0.609308,-2.38526,-3.05901,-2.38526,-3.05901,-18.0121,-18.6848,-18.0121,-18.6848
latency_outage,volatile_deep,100000,passive|prints-only,40,0,True,"coinbase>=1,000,000",prints-only,9000024,10,0.175423,2.32201e+06,2.10351,7.46667,-17.5314,passive,BTC-USD,buy,1.15902,100000,86279.5,0.0788137,2.05633e+06,1.15902,1,1,86186.2,-10.8123,8,79.9135,99891.9,0,-10.8123,7.99135,-0,-2.82099,0,0,-2.82099,-17.5314,71,98,0,70,45.6025,0,0,98,0,0,2.81001,2.17606,2.81001,2.17606,5.30149,4.66767,5.30149,4.66767,7.90441,7.27093,7.90441,7.27093
latency_outage,volatile_deep,100000,passive|prints-only,40,0,True,"coinbase>=1,000,000",prints-only,9000024,10,0.175423,2.32201e+06,2.10351,7.46667,-17.5314,passive,BTC-USD,sell,1.15902,100000,86279.5,0.0788137,2.40388e+06,1.15902,1,1,86200.5,9.15672,8,79.9267,99908.4,0,9.15672,7.99267,1.5126e-07,17.1494,1e-11,0.000861282,17.1494,17.5314,44,69,0,43,27.3102,0,0,69,0,0,-0.666768,-1.48284,-0.666768,-1.48284,-4.76196,-5.57768,-4.76196,-5.57768,-10.8486,-11.6639,-10.8486,-11.6639
latency_outage,volatile_deep,100000,aggressive|lat250ms,250,0,True,"coinbase>=1,000,000",prints+quotes,9000025,10,0.169346,2.27722e+06,2.21713,8.01667,-6.65343,aggressive,BTC-USD,buy,1.15803,100000,86353.9,0.00231605,2.63893e+06,1.15803,1,0,86368.5,1.69119,18,180.03,0,100017,1.69119,18.003,-0,19.6942,0,0,19.6942,-6.65343,1,2,0,0,0.335244,0,0,0,0,0,-0.268723,-0.310878,,,-1.7519,-1.79406,,,-5.99535,-6.03753,,
latency_outage,volatile_deep,100000,aggressive|lat250ms,250,0,True,"coinbase>=1,000,000",prints+quotes,9000025,10,0.169346,2.27722e+06,2.21713,8.01667,-6.65343,aggressive,BTC-USD,sell,1.15803,100000,86353.9,0.00231605,2.21117e+06,1.15803,1,0,86366.1,-1.41606,18,180.025,0,100014,-1.41606,18.0025,0,16.5865,0,0,16.5865,6.65343,1,6,0,0,0.335244,0,0,0,0,0,0.543829,0.310878,,,2.02705,1.79406,,,6.27061,6.03753,,
latency_outage,volatile_deep,100000,aggressive|lat40ms,40,0,True,"coinbase>=1,000,000",prints+quotes,9000025,10,0.169346,2.27722e+06,2.21713,8.01667,-6.65343,aggressive,BTC-USD,buy,1.15803,100000,86353.9,0.00231605,2.63893e+06,1.15803,1,0,86355.5,0.183942,18,180.003,0,100002,0.183942,18.0003,-0,18.1843,0,0,18.1843,-6.65343,1,4,0,0,0.053639,0,0,0,0,0,-1.49112,-1.67508,,,-1.2213,-1.40526,,,-5.96333,-6.14738,,
latency_outage,volatile_deep,100000,aggressive|lat40ms,40,0,True,"coinbase>=1,000,000",prints+quotes,9000025,10,0.169346,2.27722e+06,2.21713,8.01667,-6.65343,aggressive,BTC-USD,sell,1.15803,100000,86353.9,0.00231605,2.21117e+06,1.15803,1,0,86352.7,0.137922,18,179.998,0,99998.6,0.137922,17.9998,-1.27576e-15,18.1377,0,0,18.1377,6.65343,1,6,0,0,0.053639,0,0,0,0,0,1.81303,1.67508,,,1.54321,1.40526,,,6.28539,6.14738,,
latency_outage,volatile_deep,100000,aggressive|lat5ms,5,0,True,"coinbase>=1,000,000",prints+quotes,9000025,10,0.169346,2.27722e+06,2.21713,8.01667,-6.65343,aggressive,BTC-USD,buy,1.15803,100000,86353.9,0.00231605,2.63893e+06,1.15803,1,0,86355.5,0.183942,18,180.003,0,100002,0.183942,18.0003,-0,18.1843,0,0,18.1843,-6.65343,1,4,0,0,0.00670488,0,0,0,0,0,-1.49112,-1.67508,,,-1.2213,-1.40526,,,-5.96333,-6.14738,,
latency_outage,volatile_deep,100000,aggressive|lat5ms,5,0,True,"coinbase>=1,000,000",prints+quotes,9000025,10,0.169346,2.27722e+06,2.21713,8.01667,-6.65343,aggressive,BTC-USD,sell,1.15803,100000,86353.9,0.00231605,2.21117e+06,1.15803,1,0,86352.7,0.137922,18,179.998,0,99998.6,0.137922,17.9998,-1.27576e-15,18.1377,0,0,18.1377,6.65343,1,6,0,0,0.00670488,0,0,0,0,0,1.81303,1.67508,,,1.54321,1.40526,,,6.28539,6.14738,,
latency_outage,volatile_deep,100000,aggressive|outage|cod,40,3,True,"coinbase>=1,000,000",prints+quotes,9000025,10,0.169346,2.27722e+06,2.21713,8.01667,-6.65343,aggressive,BTC-USD,buy,1.15803,100000,86353.9,0.00231605,2.63893e+06,1.15803,1,0,86355.5,0.183942,18,180.003,0,100002,0.183942,18.0003,-0,18.1843,0,0,18.1843,-6.65343,1,4,0,0,0.053639,21.8497,0,0,0,0,-1.49112,-1.67508,,,-1.2213,-1.40526,,,-5.96333,-6.14738,,
latency_outage,volatile_deep,100000,aggressive|outage|cod,40,3,True,"coinbase>=1,000,000",prints+quotes,9000025,10,0.169346,2.27722e+06,2.21713,8.01667,-6.65343,aggressive,BTC-USD,sell,1.15803,100000,86353.9,0.00231605,2.21117e+06,1.15803,1,0,86352.7,0.137922,18,179.998,0,99998.6,0.137922,17.9998,-1.27576e-15,18.1377,0,0,18.1377,6.65343,1,6,0,0,0.053639,21.8497,0,0,0,0,1.81303,1.67508,,,1.54321,1.40526,,,6.28539,6.14738,,
latency_outage,volatile_deep,100000,aggressive|outage|no-cod,40,3,False,"coinbase>=1,000,000",prints+quotes,9000025,10,0.169346,2.27722e+06,2.21713,8.01667,-6.65343,aggressive,BTC-USD,buy,1.15803,100000,86353.9,0.00231605,2.63893e+06,1.15803,1,0,86355.5,0.183942,18,180.003,0,100002,0.183942,18.0003,-0,18.1843,0,0,18.1843,-6.65343,1,4,0,0,0.053639,21.8497,0,0,0,0,-1.49112,-1.67508,,,-1.2213,-1.40526,,,-5.96333,-6.14738,,
latency_outage,volatile_deep,100000,aggressive|outage|no-cod,40,3,False,"coinbase>=1,000,000",prints+quotes,9000025,10,0.169346,2.27722e+06,2.21713,8.01667,-6.65343,aggressive,BTC-USD,sell,1.15803,100000,86353.9,0.00231605,2.21117e+06,1.15803,1,0,86352.7,0.137922,18,179.998,0,99998.6,0.137922,17.9998,-1.27576e-15,18.1377,0,0,18.1377,6.65343,1,6,0,0,0.053639,21.8497,0,0,0,0,1.81303,1.67508,,,1.54321,1.40526,,,6.28539,6.14738,,
latency_outage,volatile_deep,100000,aggressive|prints-only,40,0,True,"coinbase>=1,000,000",prints-only,9000025,10,0.169346,2.27722e+06,2.21713,8.01667,-6.65343,aggressive,BTC-USD,buy,1.15803,100000,86353.9,0.00231605,2.63893e+06,1.15803,1,0,86355.5,0.183942,18,180.003,0,100002,0.183942,18.0003,-0,18.1843,0,0,18.1843,-6.65343,1,4,0,0,0.053639,0,0,0,0,0,-1.49112,-1.67508,,,-1.2213,-1.40526,,,-5.96333,-6.14738,,
latency_outage,volatile_deep,100000,aggressive|prints-only,40,0,True,"coinbase>=1,000,000",prints-only,9000025,10,0.169346,2.27722e+06,2.21713,8.01667,-6.65343,aggressive,BTC-USD,sell,1.15803,100000,86353.9,0.00231605,2.21117e+06,1.15803,1,0,86352.7,0.137922,18,179.998,0,99998.6,0.137922,17.9998,-1.27576e-15,18.1377,0,0,18.1377,6.65343,1,6,0,0,0.053639,0,0,0,0,0,1.81303,1.67508,,,1.54321,1.40526,,,6.28539,6.14738,,
latency_outage,volatile_deep,100000,hybrid|lat250ms,250,0,True,"coinbase>=1,000,000",prints+quotes,9000025,10,0.169346,2.27722e+06,2.21713,8.01667,-6.65343,hybrid,BTC-USD,buy,1.15803,100000,86353.9,0.00231605,2.63893e+06,1.15803,1,1,86379.9,3.01233,8,80.0241,100030,0,3.01233,8.00241,-0,11.0147,0,0,11.0147,-6.65343,10,3,4,5,6.4,0,0,0,3,0,1.52078,0.708521,1.52078,0.708521,-5.44598,-6.25886,-5.44598,-6.25886,-7.34798,-8.16109,-7.34798,-8.16109
latency_outage,volatile_deep,100000,hybrid|lat250ms,250,0,True,"coinbase>=1,000,000",prints+quotes,9000025,10,0.169346,2.27722e+06,2.21713,8.01667,-6.65343,hybrid,BTC-USD,sell,1.15803,100000,86353.9,0.00231605,2.21117e+06,1.15803,1,1,86361.4,-0.861912,8,80.0069,100009,0,-0.861912,8.00069,5.7455e-08,7.13878,3.45e-10,0.000862961,7.13878,6.65343,8,2,3,4,4.5,0,0,0,2,0,1.71818,-0.0140219,1.71818,-0.0140219,8.43405,6.7006,8.43405,6.7006,8.31832,6.58496,8.31832,6.58496
latency_outage,volatile_deep,100000,hybrid|lat40ms,40,0,True,"coinbase>=1,000,000",prints+quotes,9000025,10,0.169346,2.27722e+06,2.21713,8.01667,-6.65343,hybrid,BTC-USD,buy,1.15803,100000,86353.9,0.00231605,2.63893e+06,1.15803,1,1,86375.6,2.51523,8,80.0201,100025,0,2.51523,8.00201,-0,10.5172,0,0,10.5172,-6.65343,2,4,0,1,1.1,0,0,1,3,0,2.42122,1.64776,2.42122,1.64776,-2.08677,-2.86058,-2.08677,-2.86058,-4.77294,-5.54697,-4.77294,-5.54697
latency_outage,volatile_deep,100000,hybrid|lat40ms,40,0,True,"coinbase>=1,000,000",prints+quotes,9000025,10,0.169346,2.27722e+06,2.21713,8.01667,-6.65343,hybrid,BTC-USD,sell,1.15803,100000,86353.9,0.00231605,2.21117e+06,1.15803,1,1,86353.9,-0.00115803,8,80,100000,0,-0.00115803,8,0,7.99884,0,0,7.99884,6.65343,1,2,0,0,0.2,0,0,0,2,0,1.55999,0.107074,1.55999,0.107074,2.47326,1.02019,2.47326,1.02019,7.97978,6.52593,7.97978,6.52593
latency_outage,volatile_deep,100000,hybrid|lat5ms,5,0,True,"coinbase>=1,000,000",prints+quotes,9000025,10,0.169346,2.27722e+06,2.21713,8.01667,-6.65343,hybrid,BTC-USD,buy,1.15803,100000,86353.9,0.00231605,2.63893e+06,1.15803,1,1,86375.6,2.51523,8,80.0201,100025,0,2.51523,8.00201,-0,10.5172,0,0,10.5172,-6.65343,2,4,0,1,1.1,0,0,1,3,0,2.42122,1.64776,2.42122,1.64776,-2.08677,-2.86058,-2.08677,-2.86058,-4.77294,-5.54697,-4.77294,-5.54697
latency_outage,volatile_deep,100000,hybrid|lat5ms,5,0,True,"coinbase>=1,000,000",prints+quotes,9000025,10,0.169346,2.27722e+06,2.21713,8.01667,-6.65343,hybrid,BTC-USD,sell,1.15803,100000,86353.9,0.00231605,2.21117e+06,1.15803,1,1,86353.9,-0.00115803,8,80,100000,0,-0.00115803,8,0,7.99884,0,0,7.99884,6.65343,1,2,0,0,0.2,0,0,0,2,0,1.55999,0.107074,1.55999,0.107074,2.47326,1.02019,2.47326,1.02019,7.97978,6.52593,7.97978,6.52593
latency_outage,volatile_deep,100000,hybrid|outage|cod,40,3,True,"coinbase>=1,000,000",prints+quotes,9000025,10,0.169346,2.27722e+06,2.21713,8.01667,-6.65343,hybrid,BTC-USD,buy,1.15803,100000,86353.9,0.00231605,2.63893e+06,1.15803,1,1,86376.1,2.5639,8,80.0205,100026,0,2.5639,8.00205,-5.7455e-08,10.566,3.45e-10,0.000862968,10.566,-6.65343,3,3,0,1,5.4,21.8497,0,1,2,0,0.658799,0.085406,0.658799,0.085406,-7.03498,-7.60882,-7.03498,-7.60882,-6.96494,-7.53877,-6.96494,-7.53877
latency_outage,volatile_deep,100000,hybrid|outage|cod,40,3,True,"coinbase>=1,000,000",prints+quotes,9000025,10,0.169346,2.27722e+06,2.21713,8.01667,-6.65343,hybrid,BTC-USD,sell,1.15803,100000,86353.9,0.00231605,2.21117e+06,1.15803,1,1,86353.9,-0.00115803,8,80,100000,0,-0.00115803,8,0,7.99884,0,0,7.99884,6.65343,1,2,0,0,0.2,21.8497,0,0,2,0,1.55999,0.107074,1.55999,0.107074,2.47326,1.02019,2.47326,1.02019,7.97978,6.52593,7.97978,6.52593
latency_outage,volatile_deep,100000,hybrid|outage|no-cod,40,3,False,"coinbase>=1,000,000",prints+quotes,9000025,10,0.169346,2.27722e+06,2.21713,8.01667,-6.65343,hybrid,BTC-USD,buy,1.15803,100000,86353.9,0.00231605,2.63893e+06,1.15803,1,1,86375.6,2.51523,8,80.0201,100025,0,2.51523,8.00201,-0,10.5172,0,0,10.5172,-6.65343,2,4,0,1,1.1,21.8497,0,1,3,0,2.42122,1.64776,2.42122,1.64776,-2.08677,-2.86058,-2.08677,-2.86058,-4.77294,-5.54697,-4.77294,-5.54697
latency_outage,volatile_deep,100000,hybrid|outage|no-cod,40,3,False,"coinbase>=1,000,000",prints+quotes,9000025,10,0.169346,2.27722e+06,2.21713,8.01667,-6.65343,hybrid,BTC-USD,sell,1.15803,100000,86353.9,0.00231605,2.21117e+06,1.15803,1,1,86353.9,-0.00115803,8,80,100000,0,-0.00115803,8,0,7.99884,0,0,7.99884,6.65343,1,2,0,0,0.2,21.8497,0,0,2,0,1.55999,0.107074,1.55999,0.107074,2.47326,1.02019,2.47326,1.02019,7.97978,6.52593,7.97978,6.52593
latency_outage,volatile_deep,100000,hybrid|prints-only,40,0,True,"coinbase>=1,000,000",prints-only,9000025,10,0.169346,2.27722e+06,2.21713,8.01667,-6.65343,hybrid,BTC-USD,buy,1.15803,100000,86353.9,0.00231605,2.63893e+06,1.15803,1,0.856971,86384.8,3.57538,9.4303,94.3367,85727.7,14308.1,3.57538,9.43367,-5.7455e-08,13.009,3.45e-10,0.000862968,13.009,-6.65343,66,105,0,65,42.0531,0,0,104,0,0,1.08558,0.861967,1.16717,0.925841,-1.5045,-1.72813,-1.21318,-1.45451,4.49426,4.27058,1.98982,1.74838
latency_outage,volatile_deep,100000,hybrid|prints-only,40,0,True,"coinbase>=1,000,000",prints-only,9000025,10,0.169346,2.27722e+06,2.21713,8.01667,-6.65343,hybrid,BTC-USD,sell,1.15803,100000,86353.9,0.00231605,2.21117e+06,1.15803,1,1,86401.4,-5.50179,8,80.044,100055,0,-5.50179,8.0044,0,2.50261,0,0,2.50261,6.65343,32,43,1,30,20.2146,0,0,43,0,0,0.6245,0.923368,0.6245,0.923368,-0.0365782,0.262267,-0.0365782,0.262267,0.868758,1.16763,0.868758,1.16763
latency_outage,volatile_deep,100000,passive|lat250ms,250,0,True,"coinbase>=1,000,000",prints+quotes,9000025,10,0.169346,2.27722e+06,2.21713,8.01667,-6.65343,passive,BTC-USD,buy,1.15803,100000,86353.9,0.00231605,2.63893e+06,1.15803,1,1,86379.9,3.01233,8,80.0241,100030,0,3.01233,8.00241,-0,11.0147,0,0,11.0147,-6.65343,10,3,4,5,6.4,0,0,0,3,0,1.52078,0.708521,1.52078,0.708521,-5.44598,-6.25886,-5.44598,-6.25886,-7.34798,-8.16109,-7.34798,-8.16109
latency_outage,volatile_deep,100000,passive|lat250ms,250,0,True,"coinbase>=1,000,000",prints+quotes,9000025,10,0.169346,2.27722e+06,2.21713,8.01667,-6.65343,passive,BTC-USD,sell,1.15803,100000,86353.9,0.00231605,2.21117e+06,1.15803,1,1,86361.4,-0.861912,8,80.0069,100009,0,-0.861912,8.00069,5.7455e-08,7.13878,3.45e-10,0.000862961,7.13878,6.65343,8,2,3,4,4.5,0,0,0,2,0,1.71818,-0.0140219,1.71818,-0.0140219,8.43405,6.7006,8.43405,6.7006,8.31832,6.58496,8.31832,6.58496
latency_outage,volatile_deep,100000,passive|lat40ms,40,0,True,"coinbase>=1,000,000",prints+quotes,9000025,10,0.169346,2.27722e+06,2.21713,8.01667,-6.65343,passive,BTC-USD,buy,1.15803,100000,86353.9,0.00231605,2.63893e+06,1.15803,1,1,86375.6,2.51523,8,80.0201,100025,0,2.51523,8.00201,-0,10.5172,0,0,10.5172,-6.65343,2,4,0,1,1.1,0,0,1,3,0,2.42122,1.64776,2.42122,1.64776,-2.08677,-2.86058,-2.08677,-2.86058,-4.77294,-5.54697,-4.77294,-5.54697
latency_outage,volatile_deep,100000,passive|lat40ms,40,0,True,"coinbase>=1,000,000",prints+quotes,9000025,10,0.169346,2.27722e+06,2.21713,8.01667,-6.65343,passive,BTC-USD,sell,1.15803,100000,86353.9,0.00231605,2.21117e+06,1.15803,1,1,86353.9,-0.00115803,8,80,100000,0,-0.00115803,8,0,7.99884,0,0,7.99884,6.65343,1,2,0,0,0.2,0,0,0,2,0,1.55999,0.107074,1.55999,0.107074,2.47326,1.02019,2.47326,1.02019,7.97978,6.52593,7.97978,6.52593
latency_outage,volatile_deep,100000,passive|lat5ms,5,0,True,"coinbase>=1,000,000",prints+quotes,9000025,10,0.169346,2.27722e+06,2.21713,8.01667,-6.65343,passive,BTC-USD,buy,1.15803,100000,86353.9,0.00231605,2.63893e+06,1.15803,1,1,86375.6,2.51523,8,80.0201,100025,0,2.51523,8.00201,-0,10.5172,0,0,10.5172,-6.65343,2,4,0,1,1.1,0,0,1,3,0,2.42122,1.64776,2.42122,1.64776,-2.08677,-2.86058,-2.08677,-2.86058,-4.77294,-5.54697,-4.77294,-5.54697
latency_outage,volatile_deep,100000,passive|lat5ms,5,0,True,"coinbase>=1,000,000",prints+quotes,9000025,10,0.169346,2.27722e+06,2.21713,8.01667,-6.65343,passive,BTC-USD,sell,1.15803,100000,86353.9,0.00231605,2.21117e+06,1.15803,1,1,86353.9,-0.00115803,8,80,100000,0,-0.00115803,8,0,7.99884,0,0,7.99884,6.65343,1,2,0,0,0.2,0,0,0,2,0,1.55999,0.107074,1.55999,0.107074,2.47326,1.02019,2.47326,1.02019,7.97978,6.52593,7.97978,6.52593
latency_outage,volatile_deep,100000,passive|outage|cod,40,3,True,"coinbase>=1,000,000",prints+quotes,9000025,10,0.169346,2.27722e+06,2.21713,8.01667,-6.65343,passive,BTC-USD,buy,1.15803,100000,86353.9,0.00231605,2.63893e+06,1.15803,1,1,86376.1,2.5639,8,80.0205,100026,0,2.5639,8.00205,-5.7455e-08,10.566,3.45e-10,0.000862968,10.566,-6.65343,3,3,0,1,5.4,21.8497,0,1,2,0,0.658799,0.085406,0.658799,0.085406,-7.03498,-7.60882,-7.03498,-7.60882,-6.96494,-7.53877,-6.96494,-7.53877
latency_outage,volatile_deep,100000,passive|outage|cod,40,3,True,"coinbase>=1,000,000",prints+quotes,9000025,10,0.169346,2.27722e+06,2.21713,8.01667,-6.65343,passive,BTC-USD,sell,1.15803,100000,86353.9,0.00231605,2.21117e+06,1.15803,1,1,86353.9,-0.00115803,8,80,100000,0,-0.00115803,8,0,7.99884,0,0,7.99884,6.65343,1,2,0,0,0.2,21.8497,0,0,2,0,1.55999,0.107074,1.55999,0.107074,2.47326,1.02019,2.47326,1.02019,7.97978,6.52593,7.97978,6.52593
latency_outage,volatile_deep,100000,passive|outage|no-cod,40,3,False,"coinbase>=1,000,000",prints+quotes,9000025,10,0.169346,2.27722e+06,2.21713,8.01667,-6.65343,passive,BTC-USD,buy,1.15803,100000,86353.9,0.00231605,2.63893e+06,1.15803,1,1,86375.6,2.51523,8,80.0201,100025,0,2.51523,8.00201,-0,10.5172,0,0,10.5172,-6.65343,2,4,0,1,1.1,21.8497,0,1,3,0,2.42122,1.64776,2.42122,1.64776,-2.08677,-2.86058,-2.08677,-2.86058,-4.77294,-5.54697,-4.77294,-5.54697
latency_outage,volatile_deep,100000,passive|outage|no-cod,40,3,False,"coinbase>=1,000,000",prints+quotes,9000025,10,0.169346,2.27722e+06,2.21713,8.01667,-6.65343,passive,BTC-USD,sell,1.15803,100000,86353.9,0.00231605,2.21117e+06,1.15803,1,1,86353.9,-0.00115803,8,80,100000,0,-0.00115803,8,0,7.99884,0,0,7.99884,6.65343,1,2,0,0,0.2,21.8497,0,0,2,0,1.55999,0.107074,1.55999,0.107074,2.47326,1.02019,2.47326,1.02019,7.97978,6.52593,7.97978,6.52593
latency_outage,volatile_deep,100000,passive|prints-only,40,0,True,"coinbase>=1,000,000",prints-only,9000025,10,0.169346,2.27722e+06,2.21713,8.01667,-6.65343,passive,BTC-USD,buy,1.15803,100000,86353.9,0.00231605,2.63893e+06,1.15803,1,1,86389.1,4.07242,8,80.0326,100041,0,4.07242,8.00326,-0,12.0757,0,0,12.0757,-6.65343,74,116,0,73,48.4046,0,0,116,0,0,1.31103,0.963712,1.31103,0.963712,-1.10949,-1.45685,-1.10949,-1.45685,5.1165,4.76941,5.1165,4.76941
latency_outage,volatile_deep,100000,passive|prints-only,40,0,True,"coinbase>=1,000,000",prints-only,9000025,10,0.169346,2.27722e+06,2.21713,8.01667,-6.65343,passive,BTC-USD,sell,1.15803,100000,86353.9,0.00231605,2.21117e+06,1.15803,1,1,86401.4,-5.50179,8,80.044,100055,0,-5.50179,8.0044,0,2.50261,0,0,2.50261,6.65343,32,43,1,30,20.2146,0,0,43,0,0,0.6245,0.923368,0.6245,0.923368,-0.0365782,0.262267,-0.0365782,0.262267,0.868758,1.16763,0.868758,1.16763
latency_outage,volatile_deep,100000,aggressive|lat250ms,250,0,True,"coinbase>=1,000,000",prints+quotes,9000026,10,0.167516,2.354e+06,3.21672,7.61667,6.9672,aggressive,BTC-USD,buy,1.15715,100000,86419.3,0.124972,2.40979e+06,1.15715,1,0,86423.5,0.487865,18,180.009,0,100005,0.487865,18.0009,6.021e-08,18.4887,1.8e-10,0.000864797,18.4887,6.9672,1,3,0,0,0.207156,0,0,0,0,0,2.71929,2.34089,,,1.98801,1.60958,,,-13.6258,-14.0048,,
latency_outage,volatile_deep,100000,aggressive|lat250ms,250,0,True,"coinbase>=1,000,000",prints+quotes,9000026,10,0.167516,2.354e+06,3.21672,7.61667,6.9672,aggressive,BTC-USD,sell,1.15715,100000,86419.3,0.124972,2.33224e+06,1.15715,1,0,86417.7,0.177284,18,179.997,0,99998.2,0.177284,17.9997,-6.021e-08,18.177,1.8e-10,0.000864793,18.177,-6.9672,1,6,0,0,0.207156,0,0,0,0,0,-2.05431,-2.34089,,,-1.32298,-1.60958,,,14.2919,14.0048,,
latency_outage,volatile_deep,100000,aggressive|lat40ms,40,0,True,"coinbase>=1,000,000",prints+quotes,9000026,10,0.167516,2.354e+06,3.21672,7.61667,6.9672,aggressive,BTC-USD,buy,1.15715,100000,86419.3,0.124972,2.40979e+06,1.15715,1,0,86424.4,0.592925,18,180.011,0,100006,0.592925,18.0011,6.021e-08,18.594,1.8e-10,0.000864797,18.594,6.9672,1,5,0,0,0.0331449,0,0,0,0,0,1.5388,0.945969,,,3.17665,2.58391,,,-13.4107,-14.0044,,
latency_outage,volatile_deep,100000,aggressive|lat40ms,40,0,True,"coinbase>=1,000,000",prints+quotes,9000026,10,0.167516,2.354e+06,3.21672,7.61667,6.9672,aggressive,BTC-USD,sell,1.15715,100000,86419.3,0.124972,2.33224e+06,1.15715,1,0,86417.4,0.222277,18,179.996,0,99997.8,0.222277,17.9996,-6.021e-08,18.2219,1.8e-10,0.000864793,18.2219,-6.9672,1,6,0,0,0.0331449,0,0,0,0,0,-0.723707,-0.945969,,,-2.36169,-2.58391,,,14.227,14.0044,,
latency_outage,volatile_deep,100000,aggressive|lat5ms,5,0,True,"coinbase>=1,000,000",prints+quotes,9000026,10,0.167516,2.354e+06,3.21672,7.61667,6.9672,aggressive,BTC-USD,buy,1.15715,100000,86419.3,0.124972,2.40979e+06,1.15715,1,0,86424.4,0.592925,18,180.011,0,100006,0.592925,18.0011,6.021e-08,18.594,1.8e-10,0.000864797,18.594,6.9672,1,5,0,0,0.00414311,0,0,0,0,0,1.5388,0.945969,,,3.17665,2.58391,,,-13.4107,-14.0044,,
latency_outage,volatile_deep,100000,aggressive|lat5ms,5,0,True,"coinbase>=1,000,000",prints+quotes,9000026,10,0.167516,2.354e+06,3.21672,7.61667,6.9672,aggressive,BTC-USD,sell,1.15715,100000,86419.3,0.124972,2.33224e+06,1.15715,1,0,86417.4,0.222277,18,179.996,0,99997.8,0.222277,17.9996,-6.021e-08,18.2219,1.8e-10,0.000864793,18.2219,-6.9672,1,6,0,0,0.00414311,0,0,0,0,0,-0.723707,-0.945969,,,-2.36169,-2.58391,,,14.227,14.0044,,
latency_outage,volatile_deep,100000,aggressive|outage|cod,40,3,True,"coinbase>=1,000,000",prints+quotes,9000026,10,0.167516,2.354e+06,3.21672,7.61667,6.9672,aggressive,BTC-USD,buy,1.15715,100000,86419.3,0.124972,2.40979e+06,1.15715,1,0,86424.4,0.592925,18,180.011,0,100006,0.592925,18.0011,6.021e-08,18.594,1.8e-10,0.000864797,18.594,6.9672,1,5,0,0,0.0331449,13.4675,0,0,0,0,1.5388,0.945969,,,3.17665,2.58391,,,-13.4107,-14.0044,,
latency_outage,volatile_deep,100000,aggressive|outage|cod,40,3,True,"coinbase>=1,000,000",prints+quotes,9000026,10,0.167516,2.354e+06,3.21672,7.61667,6.9672,aggressive,BTC-USD,sell,1.15715,100000,86419.3,0.124972,2.33224e+06,1.15715,1,0,86417.4,0.222277,18,179.996,0,99997.8,0.222277,17.9996,-6.021e-08,18.2219,1.8e-10,0.000864793,18.2219,-6.9672,1,6,0,0,0.0331449,13.4675,0,0,0,0,-0.723707,-0.945969,,,-2.36169,-2.58391,,,14.227,14.0044,,
latency_outage,volatile_deep,100000,aggressive|outage|no-cod,40,3,False,"coinbase>=1,000,000",prints+quotes,9000026,10,0.167516,2.354e+06,3.21672,7.61667,6.9672,aggressive,BTC-USD,buy,1.15715,100000,86419.3,0.124972,2.40979e+06,1.15715,1,0,86424.4,0.592925,18,180.011,0,100006,0.592925,18.0011,6.021e-08,18.594,1.8e-10,0.000864797,18.594,6.9672,1,5,0,0,0.0331449,13.4675,0,0,0,0,1.5388,0.945969,,,3.17665,2.58391,,,-13.4107,-14.0044,,
latency_outage,volatile_deep,100000,aggressive|outage|no-cod,40,3,False,"coinbase>=1,000,000",prints+quotes,9000026,10,0.167516,2.354e+06,3.21672,7.61667,6.9672,aggressive,BTC-USD,sell,1.15715,100000,86419.3,0.124972,2.33224e+06,1.15715,1,0,86417.4,0.222277,18,179.996,0,99997.8,0.222277,17.9996,-6.021e-08,18.2219,1.8e-10,0.000864793,18.2219,-6.9672,1,6,0,0,0.0331449,13.4675,0,0,0,0,-0.723707,-0.945969,,,-2.36169,-2.58391,,,14.227,14.0044,,
latency_outage,volatile_deep,100000,aggressive|prints-only,40,0,True,"coinbase>=1,000,000",prints-only,9000026,10,0.167516,2.354e+06,3.21672,7.61667,6.9672,aggressive,BTC-USD,buy,1.15715,100000,86419.3,0.124972,2.40979e+06,1.15715,1,0,86424.4,0.592925,18,180.011,0,100006,0.592925,18.0011,6.021e-08,18.594,1.8e-10,0.000864797,18.594,6.9672,1,5,0,0,0.0331449,0,0,0,0,0,1.5388,0.945969,,,3.17665,2.58391,,,-13.4107,-14.0044,,
latency_outage,volatile_deep,100000,aggressive|prints-only,40,0,True,"coinbase>=1,000,000",prints-only,9000026,10,0.167516,2.354e+06,3.21672,7.61667,6.9672,aggressive,BTC-USD,sell,1.15715,100000,86419.3,0.124972,2.33224e+06,1.15715,1,0,86417.4,0.222277,18,179.996,0,99997.8,0.222277,17.9996,-6.021e-08,18.2219,1.8e-10,0.000864793,18.2219,-6.9672,1,6,0,0,0.0331449,0,0,0,0,0,-0.723707,-0.945969,,,-2.36169,-2.58391,,,14.227,14.0044,,
latency_outage,volatile_deep,100000,hybrid|lat250ms,250,0,True,"coinbase>=1,000,000",prints+quotes,9000026,10,0.167516,2.354e+06,3.21672,7.61667,6.9672,hybrid,BTC-USD,buy,1.15715,100000,86419.3,0.124972,2.40979e+06,1.15715,1,1,86418.8,-0.0613289,8,79.9995,99999.4,0,-0.0613289,7.99995,6.021e-08,7.93862,1.8e-10,0.000864797,7.93862,6.9672,1,2,0,0,0.4,0,0,0,2,0,0.789357,-0.793599,0.789357,-0.793599,2.81208,1.22947,2.81208,1.22947,-14.0644,-15.6497,-14.0644,-15.6497
latency_outage,volatile_deep,100000,hybrid|lat250ms,250,0,True,"coinbase>=1,000,000",prints+quotes,9000026,10,0.167516,2.354e+06,3.21672,7.61667,6.9672,hybrid,BTC-USD,sell,1.15715,100000,86419.3,0.124972,2.33224e+06,1.15715,1,1,86409.9,1.08078,8,79.9914,99989.2,0,1.08078,7.99914,-6.021e-08,9.07991,1.8e-10,0.000864793,9.07991,-6.9672,5,1,2,2,2.8,0,0,0,1,0,3.61995,2.85709,3.61995,2.85709,-4.54462,-5.30686,-4.54462,-5.30686,14.8837,14.12,14.8837,14.12
latency_outage,volatile_deep,100000,hybrid|lat40ms,40,0,True,"coinbase>=1,000,000",prints+quotes,9000026,10,0.167516,2.354e+06,3.21672,7.61667,6.9672,hybrid,BTC-USD,buy,1.15715,100000,86419.3,0.124972,2.40979e+06,1.15715,1,1,86418.8,-0.0613289,8,79.9995,99999.4,0,-0.0613289,7.99995,6.021e-08,7.93862,1.8e-10,0.000864797,7.93862,6.9672,1,4,0,0,0.4,0,0,2,2,0,0.790315,-0.791234,0.790315,-0.791234,2.81046,1.22926,2.81046,1.22926,-14.0645,-15.6484,-14.0645,-15.6484
latency_outage,volatile_deep,100000,hybrid|lat40ms,40,0,True,"coinbase>=1,000,000",prints+quotes,9000026,10,0.167516,2.354e+06,3.21672,7.61667,6.9672,hybrid,BTC-USD,sell,1.15715,100000,86419.3,0.124972,2.33224e+06,1.15715,1,1,86402.6,1.93323,8,79.9845,99980.7,0,1.93323,7.99845,-6.021e-08,9.93168,1.8e-10,0.000864793,9.93168,-6.9672,2,5,0,1,1,0,0,3,2,0,1.43534,0.253592,1.43534,0.253592,-1.63093,-2.81229,-1.63093,-2.81229,14.048,12.8648,14.048,12.8648
latency_outage,volatile_deep,100000,hybrid|lat5ms,5,0,True,"coinbase>=1,000,000",prints+quotes,9000026,10,0.167516,2.354e+06,3.21672,7.61667,6.9672,hybrid,BTC-USD,buy,1.15715,100000,86419.3,0.124972,2.40979e+06,1.15715,1,1,86418.8,-0.0613289,8,79.9995,99999.4,0,-0.0613289,7.99995,6.021e-08,7.93862,1.8e-10,0.000864797,7.93862,6.9672,1,4,0,0,0.4,0,0,2,2,0,0.790315,-0.791234,0.790315,-0.791234,2.81046,1.22926,2.81046,1.22926,-14.0645,-15.6484,-14.0645,-15.6484
latency_outage,volatile_deep,100000,hybrid|lat5ms,5,0,True,"coinbase>=1,000,000",prints+quotes,9000026,10,0.167516,2.354e+06,3.21672,7.61667,6.9672,hybrid,BTC-USD,sell,1.15715,100000,86419.3,0.124972,2.33224e+06,1.15715,1,1,86402.6,1.93322,8,79.9845,99980.7,0,1.93322,7.99845,-0,9.93168,0,0,9.93168,-6.9672,2,6,0,1,1,0,0,4,2,0,1.43534,0.253588,1.43534,0.253588,-1.63093,-2.81229,-1.63093,-2.81229,14.048,12.8648,14.048,12.8648
latency_outage,volatile_deep,100000,hybrid|outage|cod,40,3,True,"coinbase>=1,000,000",prints+quotes,9000026,10,0.167516,2.354e+06,3.21672,7.61667,6.9672,hybrid,BTC-USD,buy,1.15715,100000,86419.3,0.124972,2.40979e+06,1.15715,1,1,86418.8,-0.0613289,8,79.9995,99999.4,0,-0.0613289,7.99995,6.021e-08,7.93862,1.8e-10,0.000864797,7.93862,6.9672,1,4,0,0,0.4,13.4675,0,2,2,0,0.790315,-0.791234,0.790315,-0.791234,2.81046,1.22926,2.81046,1.22926,-14.0645,-15.6484,-14.0645,-15.6484
latency_outage,volatile_deep,100000,hybrid|outage|cod,40,3,True,"coinbase>=1,000,000",prints+quotes,9000026,10,0.167516,2.354e+06,3.21672,7.61667,6.9672,hybrid,BTC-USD,sell,1.15715,100000,86419.3,0.124972,2.33224e+06,1.15715,1,1,86402.6,1.93323,8,79.9845,99980.7,0,1.93323,7.99845,-6.021e-08,9.93168,1.8e-10,0.000864793,9.93168,-6.9672,2,5,0,1,1,13.4675,0,3,2,0,1.43534,0.253592,1.43534,0.253592,-1.63093,-2.81229,-1.63093,-2.81229,14.048,12.8648,14.048,12.8648
latency_outage,volatile_deep,100000,hybrid|outage|no-cod,40,3,False,"coinbase>=1,000,000",prints+quotes,9000026,10,0.167516,2.354e+06,3.21672,7.61667,6.9672,hybrid,BTC-USD,buy,1.15715,100000,86419.3,0.124972,2.40979e+06,1.15715,1,1,86418.8,-0.0613289,8,79.9995,99999.4,0,-0.0613289,7.99995,6.021e-08,7.93862,1.8e-10,0.000864797,7.93862,6.9672,1,4,0,0,0.4,13.4675,0,2,2,0,0.790315,-0.791234,0.790315,-0.791234,2.81046,1.22926,2.81046,1.22926,-14.0645,-15.6484,-14.0645,-15.6484
latency_outage,volatile_deep,100000,hybrid|outage|no-cod,40,3,False,"coinbase>=1,000,000",prints+quotes,9000026,10,0.167516,2.354e+06,3.21672,7.61667,6.9672,hybrid,BTC-USD,sell,1.15715,100000,86419.3,0.124972,2.33224e+06,1.15715,1,1,86402.6,1.93323,8,79.9845,99980.7,0,1.93323,7.99845,-6.021e-08,9.93168,1.8e-10,0.000864793,9.93168,-6.9672,2,5,0,1,1,13.4675,0,3,2,0,1.43534,0.253592,1.43534,0.253592,-1.63093,-2.81229,-1.63093,-2.81229,14.048,12.8648,14.048,12.8648
latency_outage,volatile_deep,100000,hybrid|prints-only,40,0,True,"coinbase>=1,000,000",prints-only,9000026,10,0.167516,2.354e+06,3.21672,7.61667,6.9672,hybrid,BTC-USD,buy,1.15715,100000,86419.3,0.124972,2.40979e+06,1.15715,1,0.96997,86440,2.40129,8.30054,83.0253,97017.9,3006.1,2.40129,8.30253,6.021e-08,10.7038,1.8e-10,0.000864797,10.7038,6.9672,68,93,1,66,42.1297,0,0,92,0,0,0.430846,0.117099,0.375203,0.053335,0.460961,0.147102,0.37737,0.0553856,-6.38471,-6.69848,-6.42509,-6.74698
latency_outage,volatile_deep,100000,hybrid|prints-only,40,0,True,"coinbase>=1,000,000",prints-only,9000026,10,0.167516,2.354e+06,3.21672,7.61667,6.9672,hybrid,BTC-USD,sell,1.15715,100000,86419.3,0.124972,2.33224e+06,1.15715,1,0.448347,86449.2,-3.45956,13.5202,135.249,44813.4,55221.2,-3.45956,13.5249,-6.021e-08,10.0653,1.8e-10,0.000864793,10.0653,-6.9672,67,74,1,65,42.1536,0,0,72,0,0,-0.777947,-1.28833,0.817806,-0.195281,2.59792,2.08717,9.49522,8.48129,10.4291,9.91791,16.8214,15.8067
latency_outage,volatile_deep,100000,passive|lat250ms,250,0,True,"coinbase>=1,000,000",prints+quotes,9000026,10,0.167516,2.354e+06,3.21672,7.61667,6.9672,passive,BTC-USD,buy,1.15715,100000,86419.3,0.124972,2.40979e+06,1.15715,1,1,86418.8,-0.0613289,8,79.9995,99999.4,0,-0.0613289,7.99995,6.021e-08,7.93862,1.8e-10,0.000864797,7.93862,6.9672,1,2,0,0,0.4,0,0,0,2,0,0.789357,-0.793599,0.789357,-0.793599,2.81208,1.22947,2.81208,1.22947,-14.0644,-15.6497,-14.0644,-15.6497
latency_outage,volatile_deep,100000,passive|lat250ms,250,0,True,"coinbase>=1,000,000",prints+quotes,9000026,10,0.167516,2.354e+06,3.21672,7.61667,6.9672,passive,BTC-USD,sell,1.15715,100000,86419.3,0.124972,2.33224e+06,1.15715,1,1,86409.9,1.08078,8,79.9914,99989.2,0,1.08078,7.99914,-6.021e-08,9.07991,1.8e-10,0.000864793,9.07991,-6.9672,5,1,2,2,2.8,0,0,0,1,0,3.61995,2.85709,3.61995,2.85709,-4.54462,-5.30686,-4.54462,-5.30686,14.8837,14.12,14.8837,14.12
latency_outage,volatile_deep,100000,passive|lat40ms,40,0,True,"coinbase>=1,000,000",prints+quotes,9000026,10,0.167516,2.354e+06,3.21672,7.61667,6.9672,passive,BTC-USD,buy,1.15715,100000,86419.3,0.124972,2.40979e+06,1.15715,1,1,86418.8,-0.0613289,8,79.9995,99999.4,0,-0.0613289,7.99995,6.021e-08,7.93862,1.8e-10,0.000864797,7.93862,6.9672,1,4,0,0,0.4,0,0,2,2,0,0.790315,-0.791234,0.790315,-0.791234,2.81046,1.22926,2.81046,1.22926,-14.0645,-15.6484,-14.0645,-15.6484
latency_outage,volatile_deep,100000,passive|lat40ms,40,0,True,"coinbase>=1,000,000",prints+quotes,9000026,10,0.167516,2.354e+06,3.21672,7.61667,6.9672,passive,BTC-USD,sell,1.15715,100000,86419.3,0.124972,2.33224e+06,1.15715,1,1,86402.6,1.93323,8,79.9845,99980.7,0,1.93323,7.99845,-6.021e-08,9.93168,1.8e-10,0.000864793,9.93168,-6.9672,2,5,0,1,1,0,0,3,2,0,1.43534,0.253592,1.43534,0.253592,-1.63093,-2.81229,-1.63093,-2.81229,14.048,12.8648,14.048,12.8648
latency_outage,volatile_deep,100000,passive|lat5ms,5,0,True,"coinbase>=1,000,000",prints+quotes,9000026,10,0.167516,2.354e+06,3.21672,7.61667,6.9672,passive,BTC-USD,buy,1.15715,100000,86419.3,0.124972,2.40979e+06,1.15715,1,1,86418.8,-0.0613289,8,79.9995,99999.4,0,-0.0613289,7.99995,6.021e-08,7.93862,1.8e-10,0.000864797,7.93862,6.9672,1,4,0,0,0.4,0,0,2,2,0,0.790315,-0.791234,0.790315,-0.791234,2.81046,1.22926,2.81046,1.22926,-14.0645,-15.6484,-14.0645,-15.6484
latency_outage,volatile_deep,100000,passive|lat5ms,5,0,True,"coinbase>=1,000,000",prints+quotes,9000026,10,0.167516,2.354e+06,3.21672,7.61667,6.9672,passive,BTC-USD,sell,1.15715,100000,86419.3,0.124972,2.33224e+06,1.15715,1,1,86402.6,1.93322,8,79.9845,99980.7,0,1.93322,7.99845,-0,9.93168,0,0,9.93168,-6.9672,2,6,0,1,1,0,0,4,2,0,1.43534,0.253588,1.43534,0.253588,-1.63093,-2.81229,-1.63093,-2.81229,14.048,12.8648,14.048,12.8648
latency_outage,volatile_deep,100000,passive|outage|cod,40,3,True,"coinbase>=1,000,000",prints+quotes,9000026,10,0.167516,2.354e+06,3.21672,7.61667,6.9672,passive,BTC-USD,buy,1.15715,100000,86419.3,0.124972,2.40979e+06,1.15715,1,1,86418.8,-0.0613289,8,79.9995,99999.4,0,-0.0613289,7.99995,6.021e-08,7.93862,1.8e-10,0.000864797,7.93862,6.9672,1,4,0,0,0.4,13.4675,0,2,2,0,0.790315,-0.791234,0.790315,-0.791234,2.81046,1.22926,2.81046,1.22926,-14.0645,-15.6484,-14.0645,-15.6484
latency_outage,volatile_deep,100000,passive|outage|cod,40,3,True,"coinbase>=1,000,000",prints+quotes,9000026,10,0.167516,2.354e+06,3.21672,7.61667,6.9672,passive,BTC-USD,sell,1.15715,100000,86419.3,0.124972,2.33224e+06,1.15715,1,1,86402.6,1.93323,8,79.9845,99980.7,0,1.93323,7.99845,-6.021e-08,9.93168,1.8e-10,0.000864793,9.93168,-6.9672,2,5,0,1,1,13.4675,0,3,2,0,1.43534,0.253592,1.43534,0.253592,-1.63093,-2.81229,-1.63093,-2.81229,14.048,12.8648,14.048,12.8648
latency_outage,volatile_deep,100000,passive|outage|no-cod,40,3,False,"coinbase>=1,000,000",prints+quotes,9000026,10,0.167516,2.354e+06,3.21672,7.61667,6.9672,passive,BTC-USD,buy,1.15715,100000,86419.3,0.124972,2.40979e+06,1.15715,1,1,86418.8,-0.0613289,8,79.9995,99999.4,0,-0.0613289,7.99995,6.021e-08,7.93862,1.8e-10,0.000864797,7.93862,6.9672,1,4,0,0,0.4,13.4675,0,2,2,0,0.790315,-0.791234,0.790315,-0.791234,2.81046,1.22926,2.81046,1.22926,-14.0645,-15.6484,-14.0645,-15.6484
latency_outage,volatile_deep,100000,passive|outage|no-cod,40,3,False,"coinbase>=1,000,000",prints+quotes,9000026,10,0.167516,2.354e+06,3.21672,7.61667,6.9672,passive,BTC-USD,sell,1.15715,100000,86419.3,0.124972,2.33224e+06,1.15715,1,1,86402.6,1.93323,8,79.9845,99980.7,0,1.93323,7.99845,-6.021e-08,9.93168,1.8e-10,0.000864793,9.93168,-6.9672,2,5,0,1,1,13.4675,0,3,2,0,1.43534,0.253592,1.43534,0.253592,-1.63093,-2.81229,-1.63093,-2.81229,14.048,12.8648,14.048,12.8648
latency_outage,volatile_deep,100000,passive|prints-only,40,0,True,"coinbase>=1,000,000",prints-only,9000026,10,0.167516,2.354e+06,3.21672,7.61667,6.9672,passive,BTC-USD,buy,1.15715,100000,86419.3,0.124972,2.40979e+06,1.15715,1,1,86439.5,2.34211,8,80.0187,100023,0,2.34211,8.00187,6.021e-08,10.344,1.8e-10,0.000864797,10.344,6.9672,71,101,1,69,44.3038,0,0,101,0,0,0.422767,0.0470781,0.422767,0.0470781,0.253281,-0.122559,0.253281,-0.122559,-6.36382,-6.73957,-6.36382,-6.73957
latency_outage,volatile_deep,100000,passive|prints-only,40,0,True,"coinbase>=1,000,000",prints-only,9000026,10,0.167516,2.354e+06,3.21672,7.61667,6.9672,passive,BTC-USD,sell,1.15715,100000,86419.3,0.124972,2.33224e+06,1.01676,0.878675,1,86426.4,-0.825996,8,70.2998,87874.7,0,-0.725782,7.02998,-0.845297,5.4589,0.00252705,12141,7.6468,-6.9672,95,113,1,94,58.8011,0,0,113,0,0,2.39697,1.42792,2.39697,1.42792,7.56009,6.59049,7.56009,6.59049,12.524,11.5539,12.524,11.5539
latency_outage,volatile_deep,100000,aggressive|lat250ms,250,0,True,"coinbase>=1,000,000",prints+quotes,9000027,10,0.166776,2.34792e+06,2.76323,8.56667,22.4273,aggressive,BTC-USD,buy,1.15852,100000,86316.7,0.23518,2.55843e+06,1.15852,1,0,86312.9,-0.441877,18,179.992,0,99995.6,-0.441877,17.9992,0,17.5573,0,0,17.5573,22.4273,1,7,0,0,0.30547,0,0,0,0,0,6.13649,5.84576,,,-9.77654,-10.0677,,,-5.41103,-5.7021,,
latency_outage,volatile_deep,100000,aggressive|lat250ms,250,0,True,"coinbase>=1,000,000",prints+quotes,9000027,10,0.166776,2.34792e+06,2.76323,8.56667,22.4273,aggressive,BTC-USD,sell,1.15852,100000,86316.7,0.23518,2.74832e+06,1.15852,1,0,86309.5,0.835989,18,179.985,0,99991.6,0.835989,17.9985,-0,18.8345,0,0,18.8345,-22.4273,1,5,0,0,0.30547,0,0,0,0,0,-5.74259,-5.84576,,,10.1711,10.0677,,,5.80539,5.7021,,
latency_outage,volatile_deep,100000,aggressive|lat40ms,40,0,True,"coinbase>=1,000,000",prints+quotes,9000027,10,0.166776,2.34792e+06,2.76323,8.56667,22.4273,aggressive,BTC-USD,buy,1.15852,100000,86316.7,0.23518,2.55843e+06,1.15852,1,0,86318.6,0.219321,18,180.004,0,100002,0.219321,18.0004,4.29845e-15,18.2197,0,0,18.2197,22.4273,1,4,0,0,0.0488753,0,0,0,0,0,6.89227,6.6731,,,-6.38413,-6.60359,,,-4.40483,-4.62425,,
latency_outage,volatile_deep,100000,aggressive|lat40ms,40,0,True,"coinbase>=1,000,000",prints+quotes,9000027,10,0.166776,2.34792e+06,2.76323,8.56667,22.4273,aggressive,BTC-USD,sell,1.15852,100000,86316.7,0.23518,2.74832e+06,1.15852,1,0,86315.1,0.187592,18,179.997,0,99998.1,0.187592,17.9997,-0,18.1873,0,0,18.1873,-22.4273,1,4,0,0,0.0488753,0,0,0,0,0,-6.48563,-6.6731,,,6.79131,6.60359,,,4.81193,4.62425,,
latency_outage,volatile_deep,100000,aggressive|lat5ms,5,0,True,"coinbase>=1,000,000",prints+quotes,9000027,10,0.166776,2.34792e+06,2.76323,8.56667,22.4273,aggressive,BTC-USD,buy,1.15852,100000,86316.7,0.23518,2.55843e+06,1.15852,1,0,86318.6,0.219321,18,180.004,0,100002,0.219321,18.0004,4.29845e-15,18.2197,0,0,18.2197,22.4273,1,4,0,0,0.00610941,0,0,0,0,0,6.89227,6.6731,,,-6.38413,-6.60359,,,-4.40483,-4.62425,,
latency_outage,volatile_deep,100000,aggressive|lat5ms,5,0,True,"coinbase>=1,000,000",prints+quotes,9000027,10,0.166776,2.34792e+06,2.76323,8.56667,22.4273,aggressive,BTC-USD,sell,1.15852,100000,86316.7,0.23518,2.74832e+06,1.15852,1,0,86315.1,0.187592,18,179.997,0,99998.1,0.187592,17.9997,-0,18.1873,0,0,18.1873,-22.4273,1,4,0,0,0.00610941,0,0,0,0,0,-6.48563,-6.6731,,,6.79131,6.60359,,,4.81193,4.62425,,
latency_outage,volatile_deep,100000,aggressive|outage|cod,40,3,True,"coinbase>=1,000,000",prints+quotes,9000027,10,0.166776,2.34792e+06,2.76323,8.56667,22.4273,aggressive,BTC-USD,buy,1.15852,100000,86316.7,0.23518,2.55843e+06,1.15852,1,0,86318.6,0.219321,18,180.004,0,100002,0.219321,18.0004,4.29845e-15,18.2197,0,0,18.2197,22.4273,1,4,0,0,0.0488753,1.3407,0,0,0,0,6.89227,6.6731,,,-6.38413,-6.60359,,,-4.40483,-4.62425,,
latency_outage,volatile_deep,100000,aggressive|outage|cod,40,3,True,"coinbase>=1,000,000",prints+quotes,9000027,10,0.166776,2.34792e+06,2.76323,8.56667,22.4273,aggressive,BTC-USD,sell,1.15852,100000,86316.7,0.23518,2.74832e+06,1.15852,1,0,86315.1,0.187592,18,179.997,0,99998.1,0.187592,17.9997,-0,18.1873,0,0,18.1873,-22.4273,1,4,0,0,0.0488753,1.3407,0,0,0,0,-6.48563,-6.6731,,,6.79131,6.60359,,,4.81193,4.62425,,
latency_outage,volatile_deep,100000,aggressive|outage|no-cod,40,3,False,"coinbase>=1,000,000",prints+quotes,9000027,10,0.166776,2.34792e+06,2.76323,8.56667,22.4273,aggressive,BTC-USD,buy,1.15852,100000,86316.7,0.23518,2.55843e+06,1.15852,1,0,86318.6,0.219321,18,180.004,0,100002,0.219321,18.0004,4.29845e-15,18.2197,0,0,18.2197,22.4273,1,4,0,0,0.0488753,1.3407,0,0,0,0,6.89227,6.6731,,,-6.38413,-6.60359,,,-4.40483,-4.62425,,
latency_outage,volatile_deep,100000,aggressive|outage|no-cod,40,3,False,"coinbase>=1,000,000",prints+quotes,9000027,10,0.166776,2.34792e+06,2.76323,8.56667,22.4273,aggressive,BTC-USD,sell,1.15852,100000,86316.7,0.23518,2.74832e+06,1.15852,1,0,86315.1,0.187592,18,179.997,0,99998.1,0.187592,17.9997,-0,18.1873,0,0,18.1873,-22.4273,1,4,0,0,0.0488753,1.3407,0,0,0,0,-6.48563,-6.6731,,,6.79131,6.60359,,,4.81193,4.62425,,
latency_outage,volatile_deep,100000,aggressive|prints-only,40,0,True,"coinbase>=1,000,000",prints-only,9000027,10,0.166776,2.34792e+06,2.76323,8.56667,22.4273,aggressive,BTC-USD,buy,1.15852,100000,86316.7,0.23518,2.55843e+06,1.15852,1,0,86318.6,0.219321,18,180.004,0,100002,0.219321,18.0004,4.29845e-15,18.2197,0,0,18.2197,22.4273,1,4,0,0,0.0488753,0,0,0,0,0,6.89227,6.6731,,,-6.38413,-6.60359,,,-4.40483,-4.62425,,
latency_outage,volatile_deep,100000,aggressive|prints-only,40,0,True,"coinbase>=1,000,000",prints-only,9000027,10,0.166776,2.34792e+06,2.76323,8.56667,22.4273,aggressive,BTC-USD,sell,1.15852,100000,86316.7,0.23518,2.74832e+06,1.15852,1,0,86315.1,0.187592,18,179.997,0,99998.1,0.187592,17.9997,-0,18.1873,0,0,18.1873,-22.4273,1,4,0,0,0.0488753,0,0,0,0,0,-6.48563,-6.6731,,,6.79131,6.60359,,,4.81193,4.62425,,
latency_outage,volatile_deep,100000,hybrid|lat250ms,250,0,True,"coinbase>=1,000,000",prints+quotes,9000027,10,0.166776,2.34792e+06,2.76323,8.56667,22.4273,hybrid,BTC-USD,buy,1.15852,100000,86316.7,0.23518,2.55843e+06,1.15852,1,1,86310,-0.776791,8,79.9938,99992.2,0,-0.776791,7.99938,0,7.22259,0,0,7.22259,22.4273,2,2,1,0,0.8,0,0,0,2,0,4.55514,1.8074,4.55514,1.8074,-11.316,-14.068,-11.316,-14.068,-3.25848,-6.00823,-3.25848,-6.00823
latency_outage,volatile_deep,100000,hybrid|lat250ms,250,0,True,"coinbase>=1,000,000",prints+quotes,9000027,10,0.166776,2.34792e+06,2.76323,8.56667,22.4273,hybrid,BTC-USD,sell,1.15852,100000,86316.7,0.23518,2.74832e+06,1.15852,1,1,86290.2,3.06256,8,79.9755,99969.4,0,3.06256,7.99755,-0,11.0601,0,0,11.0601,-22.4273,6,3,3,2,2.9,0,0,1,2,0,6.72243,5.98704,6.72243,5.98704,14.7155,13.9795,14.7155,13.9795,5.61895,4.88364,5.61895,4.88364
latency_outage,volatile_deep,100000,hybrid|lat40ms,40,0,True,"coinbase>=1,000,000",prints+quotes,9000027,10,0.166776,2.34792e+06,2.76323,8.56667,22.4273,hybrid,BTC-USD,buy,1.15852,100000,86316.7,0.23518,2.55843e+06,1.15852,1,1,86315.7,-0.116432,8,79.9991,99998.8,0,-0.116432,7.99991,0,7.88348,0,0,7.88348,22.4273,1,3,0,0,0.3,0,0,1,2,0,6.46481,5.92788,6.46481,5.92788,-9.14024,-9.67801,-9.14024,-9.67801,-4.98034,-5.51788,-4.98034,-5.51788
latency_outage,volatile_deep,100000,hybrid|lat40ms,40,0,True,"coinbase>=1,000,000",prints+quotes,9000027,10,0.166776,2.34792e+06,2.76323,8.56667,22.4273,hybrid,BTC-USD,sell,1.15852,100000,86316.7,0.23518,2.74832e+06,1.15852,1,1,86311.9,0.558988,8,79.9955,99994.4,0,0.558988,7.99955,-0,8.55854,0,0,8.55854,-22.4273,2,7,0,1,0.716059,0,0,7,0,0,-4.49822,-4.62503,-4.49822,-4.62503,11.4805,11.3535,11.4805,11.3535,2.4284,2.30151,2.4284,2.30151
latency_outage,volatile_deep,100000,hybrid|lat5ms,5,0,True,"coinbase>=1,000,000",prints+quotes,9000027,10,0.166776,2.34792e+06,2.76323,8.56667,22.4273,hybrid,BTC-USD,buy,1.15852,100000,86316.7,0.23518,2.55843e+06,1.15852,1,1,86315.7,-0.116432,8,79.9991,99998.8,0,-0.116432,7.99991,0,7.88348,0,0,7.88348,22.4273,1,3,0,0,0.3,0,0,1,2,0,6.46481,5.92788,6.46481,5.92788,-9.14024,-9.67801,-9.14024,-9.67801,-4.98034,-5.51788,-4.98034,-5.51788
latency_outage,volatile_deep,100000,hybrid|lat5ms,5,0,True,"coinbase>=1,000,000",prints+quotes,9000027,10,0.166776,2.34792e+06,2.76323,8.56667,22.4273,hybrid,BTC-USD,sell,1.15852,100000,86316.7,0.23518,2.74832e+06,1.15852,1,1,86311.9,0.558988,8,79.9955,99994.4,0,0.558988,7.99955,-0,8.55854,0,0,8.55854,-22.4273,2,8,0,1,0.716059,0,0,8,0,0,-4.49826,-4.62505,-4.49826,-4.62505,11.4805,11.3535,11.4805,11.3535,2.42846,2.30158,2.42846,2.30158
latency_outage,volatile_deep,100000,hybrid|outage|cod,40,3,True,"coinbase>=1,000,000",prints+quotes,9000027,10,0.166776,2.34792e+06,2.76323,8.56667,22.4273,hybrid,BTC-USD,buy,1.15852,100000,86316.7,0.23518,2.55843e+06,1.15852,1,1,86315.7,-0.116432,8,79.9991,99998.8,0,-0.116432,7.99991,0,7.88348,0,0,7.88348,22.4273,1,3,0,0,0.3,1.3407,0,1,2,0,6.46481,5.92788,6.46481,5.92788,-9.14024,-9.67801,-9.14024,-9.67801,-4.98034,-5.51788,-4.98034,-5.51788
latency_outage,volatile_deep,100000,hybrid|outage|cod,40,3,True,"coinbase>=1,000,000",prints+quotes,9000027,10,0.166776,2.34792e+06,2.76323,8.56667,22.4273,hybrid,BTC-USD,sell,1.15852,100000,86316.7,0.23518,2.74832e+06,1.15852,1,1,86311.9,0.558988,8,79.9955,99994.4,0,0.558988,7.99955,-0,8.55854,0,0,8.55854,-22.4273,2,7,0,1,0.716059,1.3407,0,7,0,0,-4.49822,-4.62503,-4.49822,-4.62503,11.4805,11.3535,11.4805,11.3535,2.4284,2.30151,2.4284,2.30151
latency_outage,volatile_deep,100000,hybrid|outage|no-cod,40,3,False,"coinbase>=1,000,000",prints+quotes,9000027,10,0.166776,2.34792e+06,2.76323,8.56667,22.4273,hybrid,BTC-USD,buy,1.15852,100000,86316.7,0.23518,2.55843e+06,1.15852,1,1,86315.7,-0.116432,8,79.9991,99998.8,0,-0.116432,7.99991,0,7.88348,0,0,7.88348,22.4273,1,3,0,0,0.3,1.3407,0,1,2,0,6.46481,5.92788,6.46481,5.92788,-9.14024,-9.67801,-9.14024,-9.67801,-4.98034,-5.51788,-4.98034,-5.51788
latency_outage,volatile_deep,100000,hybrid|outage|no-cod,40,3,False,"coinbase>=1,000,000",prints+quotes,9000027,10,0.166776,2.34792e+06,2.76323,8.56667,22.4273,hybrid,BTC-USD,sell,1.15852,100000,86316.7,0.23518,2.74832e+06,1.15852,1,1,86311.9,0.558988,8,79.9955,99994.4,0,0.558988,7.99955,-0,8.55854,0,0,8.55854,-22.4273,2,7,0,1,0.716059,1.3407,0,7,0,0,-4.49822,-4.62503,-4.49822,-4.62503,11.4805,11.3535,11.4805,11.3535,2.4284,2.30151,2.4284,2.30151
latency_outage,volatile_deep,100000,hybrid|prints-only,40,0,True,"coinbase>=1,000,000",prints-only,9000027,10,0.166776,2.34792e+06,2.76323,8.56667,22.4273,hybrid,BTC-USD,buy,1.15852,100000,86316.7,0.23518,2.55843e+06,1.15852,1,1,86397.5,9.36358,8,80.0749,100094,0,9.36358,8.00749,0,17.3711,0,0,17.3711,22.4273,49,81,0,48,30.6061,0,0,81,0,0,2.92518,2.48776,2.92518,2.48776,4.21838,3.78105,4.21838,3.78105,-6.68163,-7.11937,-6.68163,-7.11937
latency_outage,volatile_deep,100000,hybrid|prints-only,40,0,True,"coinbase>=1,000,000",prints-only,9000027,10,0.166776,2.34792e+06,2.76323,8.56667,22.4273,hybrid,BTC-USD,sell,1.15852,100000,86316.7,0.23518,2.74832e+06,1.15852,1,1,86311.9,0.558988,8,79.9955,99994.4,0,0.558988,7.99955,-0,8.55854,0,0,8.55854,-22.4273,2,7,0,1,0.716059,0,0,7,0,0,-4.49822,-4.62503,-4.49822,-4.62503,11.4805,11.3535,11.4805,11.3535,2.4284,2.30151,2.4284,2.30151
latency_outage,volatile_deep,100000,passive|lat250ms,250,0,True,"coinbase>=1,000,000",prints+quotes,9000027,10,0.166776,2.34792e+06,2.76323,8.56667,22.4273,passive,BTC-USD,buy,1.15852,100000,86316.7,0.23518,2.55843e+06,1.15852,1,1,86310,-0.776791,8,79.9938,99992.2,0,-0.776791,7.99938,0,7.22259,0,0,7.22259,22.4273,2,2,1,0,0.8,0,0,0,2,0,4.55514,1.8074,4.55514,1.8074,-11.316,-14.068,-11.316,-14.068,-3.25848,-6.00823,-3.25848,-6.00823
latency_outage,volatile_deep,100000,passive|lat250ms,250,0,True,"coinbase>=1,000,000",prints+quotes,9000027,10,0.166776,2.34792e+06,2.76323,8.56667,22.4273,passive,BTC-USD,sell,1.15852,100000,86316.7,0.23518,2.74832e+06,1.15852,1,1,86290.2,3.06256,8,79.9755,99969.4,0,3.06256,7.99755,-0,11.0601,0,0,11.0601,-22.4273,6,3,3,2,2.9,0,0,1,2,0,6.72243,5.98704,6.72243,5.98704,14.7155,13.9795,14.7155,13.9795,5.61895,4.88364,5.61895,4.88364
latency_outage,volatile_deep,100000,passive|lat40ms,40,0,True,"coinbase>=1,000,000",prints+quotes,9000027,10,0.166776,2.34792e+06,2.76323,8.56667,22.4273,passive,BTC-USD,buy,1.15852,100000,86316.7,0.23518,2.55843e+06,1.15852,1,1,86315.7,-0.116432,8,79.9991,99998.8,0,-0.116432,7.99991,0,7.88348,0,0,7.88348,22.4273,1,3,0,0,0.3,0,0,1,2,0,6.46481,5.92788,6.46481,5.92788,-9.14024,-9.67801,-9.14024,-9.67801,-4.98034,-5.51788,-4.98034,-5.51788
latency_outage,volatile_deep,100000,passive|lat40ms,40,0,True,"coinbase>=1,000,000",prints+quotes,9000027,10,0.166776,2.34792e+06,2.76323,8.56667,22.4273,passive,BTC-USD,sell,1.15852,100000,86316.7,0.23518,2.74832e+06,1.15852,1,1,86311.9,0.558988,8,79.9955,99994.4,0,0.558988,7.99955,-0,8.55854,0,0,8.55854,-22.4273,2,7,0,1,0.716059,0,0,7,0,0,-4.49822,-4.62503,-4.49822,-4.62503,11.4805,11.3535,11.4805,11.3535,2.4284,2.30151,2.4284,2.30151
latency_outage,volatile_deep,100000,passive|lat5ms,5,0,True,"coinbase>=1,000,000",prints+quotes,9000027,10,0.166776,2.34792e+06,2.76323,8.56667,22.4273,passive,BTC-USD,buy,1.15852,100000,86316.7,0.23518,2.55843e+06,1.15852,1,1,86315.7,-0.116432,8,79.9991,99998.8,0,-0.116432,7.99991,0,7.88348,0,0,7.88348,22.4273,1,3,0,0,0.3,0,0,1,2,0,6.46481,5.92788,6.46481,5.92788,-9.14024,-9.67801,-9.14024,-9.67801,-4.98034,-5.51788,-4.98034,-5.51788
latency_outage,volatile_deep,100000,passive|lat5ms,5,0,True,"coinbase>=1,000,000",prints+quotes,9000027,10,0.166776,2.34792e+06,2.76323,8.56667,22.4273,passive,BTC-USD,sell,1.15852,100000,86316.7,0.23518,2.74832e+06,1.15852,1,1,86311.9,0.558988,8,79.9955,99994.4,0,0.558988,7.99955,-0,8.55854,0,0,8.55854,-22.4273,2,8,0,1,0.716059,0,0,8,0,0,-4.49826,-4.62505,-4.49826,-4.62505,11.4805,11.3535,11.4805,11.3535,2.42846,2.30158,2.42846,2.30158
latency_outage,volatile_deep,100000,passive|outage|cod,40,3,True,"coinbase>=1,000,000",prints+quotes,9000027,10,0.166776,2.34792e+06,2.76323,8.56667,22.4273,passive,BTC-USD,buy,1.15852,100000,86316.7,0.23518,2.55843e+06,1.15852,1,1,86315.7,-0.116432,8,79.9991,99998.8,0,-0.116432,7.99991,0,7.88348,0,0,7.88348,22.4273,1,3,0,0,0.3,1.3407,0,1,2,0,6.46481,5.92788,6.46481,5.92788,-9.14024,-9.67801,-9.14024,-9.67801,-4.98034,-5.51788,-4.98034,-5.51788
latency_outage,volatile_deep,100000,passive|outage|cod,40,3,True,"coinbase>=1,000,000",prints+quotes,9000027,10,0.166776,2.34792e+06,2.76323,8.56667,22.4273,passive,BTC-USD,sell,1.15852,100000,86316.7,0.23518,2.74832e+06,1.15852,1,1,86311.9,0.558988,8,79.9955,99994.4,0,0.558988,7.99955,-0,8.55854,0,0,8.55854,-22.4273,2,7,0,1,0.716059,1.3407,0,7,0,0,-4.49822,-4.62503,-4.49822,-4.62503,11.4805,11.3535,11.4805,11.3535,2.4284,2.30151,2.4284,2.30151
latency_outage,volatile_deep,100000,passive|outage|no-cod,40,3,False,"coinbase>=1,000,000",prints+quotes,9000027,10,0.166776,2.34792e+06,2.76323,8.56667,22.4273,passive,BTC-USD,buy,1.15852,100000,86316.7,0.23518,2.55843e+06,1.15852,1,1,86315.7,-0.116432,8,79.9991,99998.8,0,-0.116432,7.99991,0,7.88348,0,0,7.88348,22.4273,1,3,0,0,0.3,1.3407,0,1,2,0,6.46481,5.92788,6.46481,5.92788,-9.14024,-9.67801,-9.14024,-9.67801,-4.98034,-5.51788,-4.98034,-5.51788
latency_outage,volatile_deep,100000,passive|outage|no-cod,40,3,False,"coinbase>=1,000,000",prints+quotes,9000027,10,0.166776,2.34792e+06,2.76323,8.56667,22.4273,passive,BTC-USD,sell,1.15852,100000,86316.7,0.23518,2.74832e+06,1.15852,1,1,86311.9,0.558988,8,79.9955,99994.4,0,0.558988,7.99955,-0,8.55854,0,0,8.55854,-22.4273,2,7,0,1,0.716059,1.3407,0,7,0,0,-4.49822,-4.62503,-4.49822,-4.62503,11.4805,11.3535,11.4805,11.3535,2.4284,2.30151,2.4284,2.30151
latency_outage,volatile_deep,100000,passive|prints-only,40,0,True,"coinbase>=1,000,000",prints-only,9000027,10,0.166776,2.34792e+06,2.76323,8.56667,22.4273,passive,BTC-USD,buy,1.15852,100000,86316.7,0.23518,2.55843e+06,1.15852,1,1,86397.5,9.36358,8,80.0749,100094,0,9.36358,8.00749,0,17.3711,0,0,17.3711,22.4273,49,81,0,48,30.6061,0,0,81,0,0,2.92518,2.48776,2.92518,2.48776,4.21838,3.78105,4.21838,3.78105,-6.68163,-7.11937,-6.68163,-7.11937
latency_outage,volatile_deep,100000,passive|prints-only,40,0,True,"coinbase>=1,000,000",prints-only,9000027,10,0.166776,2.34792e+06,2.76323,8.56667,22.4273,passive,BTC-USD,sell,1.15852,100000,86316.7,0.23518,2.74832e+06,1.15852,1,1,86311.9,0.558988,8,79.9955,99994.4,0,0.558988,7.99955,-0,8.55854,0,0,8.55854,-22.4273,2,7,0,1,0.716059,0,0,7,0,0,-4.49822,-4.62503,-4.49822,-4.62503,11.4805,11.3535,11.4805,11.3535,2.4284,2.30151,2.4284,2.30151
latency_outage,volatile_deep,100000,aggressive|lat250ms,250,0,True,"coinbase>=1,000,000",prints+quotes,9000028,10,0.171247,2.33903e+06,2.49537,7.53333,5.83431,aggressive,BTC-USD,buy,1.15887,100000,86291.3,0.390538,2.5436e+06,1.15887,1,0,86302.1,1.24944,18,180.022,0,100012,1.24944,18.0022,5.0345e-08,19.2517,2e-11,0.000863417,19.2517,5.83431,1,5,0,0,0.247941,0,0,0,0,0,1.62992,1.5973,,,14.3857,14.3531,,,2.63801,2.60539,,
latency_outage,volatile_deep,100000,aggressive|lat250ms,250,0,True,"coinbase>=1,000,000",prints+quotes,9000028,10,0.171247,2.33903e+06,2.49537,7.53333,5.83431,aggressive,BTC-USD,sell,1.15887,100000,86291.3,0.390538,2.04843e+06,1.15887,1,0,86299.5,-0.946007,18,180.017,0,100009,-0.946007,18.0017,-5.0345e-08,17.0557,2e-11,0.000863416,17.0557,-5.83431,1,4,0,0,0.247941,0,0,0,0,0,-1.32657,-1.5973,,,-14.0827,-14.3531,,,-2.33468,-2.60539,,
latency_outage,volatile_deep,100000,aggressive|lat40ms,40,0,True,"coinbase>=1,000,000",prints+quotes,9000028,10,0.171247,2.33903e+06,2.49537,7.53333,5.83431,aggressive,BTC-USD,buy,1.15887,100000,86291.3,0.390538,2.5436e+06,1.15887,1,0,86293.2,0.214475,18,180.004,0,100002,0.214475,18.0004,5.0345e-08,18.2149,2e-11,0.000863417,18.2149,5.83431,1,5,0,0,0.0396705,0,0,0,0,0,0.850674,0.636217,,,13.6518,13.4376,,,1.6665,1.45206,,
latency_outage,volatile_deep,100000,aggressive|lat40ms,40,0,True,"coinbase>=1,000,000",prints+quotes,9000028,10,0.171247,2.33903e+06,2.49537,7.53333,5.83431,aggressive,BTC-USD,sell,1.15887,100000,86291.3,0.390538,2.04843e+06,1.15887,1,0,86286.7,0.536811,18,179.99,0,99994.6,0.536811,17.999,-5.0345e-08,18.5358,2e-11,0.000863416,18.5358,-5.83431,1,4,0,0,0.0396705,0,0,0,0,0,-0.0994085,-0.636217,,,-12.9015,-13.4376,,,-0.915293,-1.45206,,
latency_outage,volatile_deep,100000,aggressive|lat5ms,5,0,True,"coinbase>=1,000,000",prints+quotes,9000028,10,0.171247,2.33903e+06,2.49537,7.53333,5.83431,aggressive,BTC-USD,buy,1.15887,100000,86291.3,0.390538,2.5436e+06,1.15887,1,0,86293.2,0.214475,18,180.004,0,100002,0.214475,18.0004,5.0345e-08,18.2149,2e-11,0.000863417,18.2149,5.83431,1,5,0,0,0.00495882,0,0,0,0,0,0.850674,0.636217,,,13.6518,13.4376,,,1.6665,1.45206,,
latency_outage,volatile_deep,100000,aggressive|lat5ms,5,0,True,"coinbase>=1,000,000",prints+quotes,9000028,10,0.171247,2.33903e+06,2.49537,7.53333,5.83431,aggressive,BTC-USD,sell,1.15887,100000,86291.3,0.390538,2.04843e+06,1.15887,1,0,86286.7,0.536811,18,179.99,0,99994.6,0.536811,17.999,-5.0345e-08,18.5358,2e-11,0.000863416,18.5358,-5.83431,1,4,0,0,0.00495882,0,0,0,0,0,-0.0994085,-0.636217,,,-12.9015,-13.4376,,,-0.915293,-1.45206,,
latency_outage,volatile_deep,100000,aggressive|outage|cod,40,3,True,"coinbase>=1,000,000",prints+quotes,9000028,10,0.171247,2.33903e+06,2.49537,7.53333,5.83431,aggressive,BTC-USD,buy,1.15887,100000,86291.3,0.390538,2.5436e+06,1.15887,1,0,86293.2,0.214475,18,180.004,0,100002,0.214475,18.0004,5.0345e-08,18.2149,2e-11,0.000863417,18.2149,5.83431,1,5,0,0,0.0396705,14.4192,0,0,0,0,0.850674,0.636217,,,13.6518,13.4376,,,1.6665,1.45206,,
latency_outage,volatile_deep,100000,aggressive|outage|cod,40,3,True,"coinbase>=1,000,000",prints+quotes,9000028,10,0.171247,2.33903e+06,2.49537,7.53333,5.83431,aggressive,BTC-USD,sell,1.15887,100000,86291.3,0.390538,2.04843e+06,1.15887,1,0,86286.7,0.536811,18,179.99,0,99994.6,0.536811,17.999,-5.0345e-08,18.5358,2e-11,0.000863416,18.5358,-5.83431,1,4,0,0,0.0396705,14.4192,0,0,0,0,-0.0994085,-0.636217,,,-12.9015,-13.4376,,,-0.915293,-1.45206,,
latency_outage,volatile_deep,100000,aggressive|outage|no-cod,40,3,False,"coinbase>=1,000,000",prints+quotes,9000028,10,0.171247,2.33903e+06,2.49537,7.53333,5.83431,aggressive,BTC-USD,buy,1.15887,100000,86291.3,0.390538,2.5436e+06,1.15887,1,0,86293.2,0.214475,18,180.004,0,100002,0.214475,18.0004,5.0345e-08,18.2149,2e-11,0.000863417,18.2149,5.83431,1,5,0,0,0.0396705,14.4192,0,0,0,0,0.850674,0.636217,,,13.6518,13.4376,,,1.6665,1.45206,,
latency_outage,volatile_deep,100000,aggressive|outage|no-cod,40,3,False,"coinbase>=1,000,000",prints+quotes,9000028,10,0.171247,2.33903e+06,2.49537,7.53333,5.83431,aggressive,BTC-USD,sell,1.15887,100000,86291.3,0.390538,2.04843e+06,1.15887,1,0,86286.7,0.536811,18,179.99,0,99994.6,0.536811,17.999,-5.0345e-08,18.5358,2e-11,0.000863416,18.5358,-5.83431,1,4,0,0,0.0396705,14.4192,0,0,0,0,-0.0994085,-0.636217,,,-12.9015,-13.4376,,,-0.915293,-1.45206,,
latency_outage,volatile_deep,100000,aggressive|prints-only,40,0,True,"coinbase>=1,000,000",prints-only,9000028,10,0.171247,2.33903e+06,2.49537,7.53333,5.83431,aggressive,BTC-USD,buy,1.15887,100000,86291.3,0.390538,2.5436e+06,1.15887,1,0,86293.2,0.214475,18,180.004,0,100002,0.214475,18.0004,5.0345e-08,18.2149,2e-11,0.000863417,18.2149,5.83431,1,5,0,0,0.0396705,0,0,0,0,0,0.850674,0.636217,,,13.6518,13.4376,,,1.6665,1.45206,,
latency_outage,volatile_deep,100000,aggressive|prints-only,40,0,True,"coinbase>=1,000,000",prints-only,9000028,10,0.171247,2.33903e+06,2.49537,7.53333,5.83431,aggressive,BTC-USD,sell,1.15887,100000,86291.3,0.390538,2.04843e+06,1.15887,1,0,86286.7,0.536811,18,179.99,0,99994.6,0.536811,17.999,-5.0345e-08,18.5358,2e-11,0.000863416,18.5358,-5.83431,1,4,0,0,0.0396705,0,0,0,0,0,-0.0994085,-0.636217,,,-12.9015,-13.4376,,,-0.915293,-1.45206,,
latency_outage,volatile_deep,100000,hybrid|lat250ms,250,0,True,"coinbase>=1,000,000",prints+quotes,9000028,10,0.171247,2.33903e+06,2.49537,7.53333,5.83431,hybrid,BTC-USD,buy,1.15887,100000,86291.3,0.390538,2.5436e+06,1.15887,1,1,86289.6,-0.19411,8,79.9984,99998.1,0,-0.19411,7.99984,5.0345e-08,7.80573,2e-11,0.000863417,7.80573,5.83431,1,6,0,1,0.8,0,0,2,4,0,3.22344,2.64782,3.22344,2.64782,13.9121,13.3371,13.9121,13.3371,0.912561,0.336813,0.912561,0.336813
latency_outage,volatile_deep,100000,hybrid|lat250ms,250,0,True,"coinbase>=1,000,000",prints+quotes,9000028,10,0.171247,2.33903e+06,2.49537,7.53333,5.83431,hybrid,BTC-USD,sell,1.15887,100000,86291.3,0.390538,2.04843e+06,1.15887,1,1,86275,1.89109,8,79.9849,99981.1,0,1.89109,7.99849,-0,9.88958,0,0,9.88958,-5.83431,8,3,4,3,3.7,0,0,1,2,0,-6.21797,-6.6076,-6.21797,-6.6076,-12.4143,-12.8036,-12.4143,-12.8036,-2.3613,-2.75102,-2.3613,-2.75102
latency_outage,volatile_deep,100000,hybrid|lat40ms,40,0,True,"coinbase>=1,000,000",prints+quotes,9000028,10,0.171247,2.33903e+06,2.49537,7.53333,5.83431,hybrid,BTC-USD,buy,1.15887,100000,86291.3,0.390538,2.5436e+06,1.15887,1,1,86287.1,-0.48893,8,79.9961,99995.1,0,-0.48893,7.99961,5.0345e-08,7.51068,2e-11,0.000863417,7.51068,5.83431,2,7,0,1,1.3,0,0,3,4,0,3.4947,2.94975,3.4947,2.94975,13.5137,12.9692,13.5137,12.9692,1.19114,0.646062,1.19114,0.646062
latency_outage,volatile_deep,100000,hybrid|lat40ms,40,0,True,"coinbase>=1,000,000",prints+quotes,9000028,10,0.171247,2.33903e+06,2.49537,7.53333,5.83431,hybrid,BTC-USD,sell,1.15887,100000,86291.3,0.390538,2.04843e+06,1.15887,1,1,86293,-0.19411,8,80.0016,100002,0,-0.19411,8.00016,-5.0345e-08,7.80605,2e-11,0.000863416,7.80605,-5.83431,1,1,0,0,0.1,0,0,0,1,0,0.225395,-0.280426,0.225395,-0.280426,-13.1361,-13.6412,-13.1361,-13.6412,-1.39467,-1.90041,-1.39467,-1.90041
latency_outage,volatile_deep,100000,hybrid|lat5ms,5,0,True,"coinbase>=1,000,000",prints+quotes,9000028,10,0.171247,2.33903e+06,2.49537,7.53333,5.83431,hybrid,BTC-USD,buy,1.15887,100000,86291.3,0.390538,2.5436e+06,1.15887,1,1,86288.4,-0.331752,8,79.9973,99996.7,0,-0.331752,7.99973,5.0345e-08,7.66798,2e-11,0.000863417,7.66798,5.83431,2,5,0,1,0.8,0,0,1,4,0,3.08557,2.64709,3.08557,2.64709,13.7747,13.3367,13.7747,13.3367,0.775408,0.336817,0.775408,0.336817
latency_outage,volatile_deep,100000,hybrid|lat5ms,5,0,True,"coinbase>=1,000,000",prints+quotes,9000028,10,0.171247,2.33903e+06,2.49537,7.53333,5.83431,hybrid,BTC-USD,sell,1.15887,100000,86291.3,0.390538,2.04843e+06,1.15887,1,1,86293,-0.19411,8,80.0016,100002,0,-0.19411,8.00016,-5.0345e-08,7.80605,2e-11,0.000863416,7.80605,-5.83431,1,1,0,0,0.1,0,0,0,1,0,0.225395,-0.280426,0.225395,-0.280426,-13.1361,-13.6412,-13.1361,-13.6412,-1.39467,-1.90041,-1.39467,-1.90041
latency_outage,volatile_deep,100000,hybrid|outage|cod,40,3,True,"coinbase>=1,000,000",prints+quotes,9000028,10,0.171247,2.33903e+06,2.49537,7.53333,5.83431,hybrid,BTC-USD,buy,1.15887,100000,86291.3,0.390538,2.5436e+06,1.15887,1,1,86178.2,-13.1085,8,79.8951,99868.9,0,-13.1085,7.98951,5.0345e-08,-5.11899,2e-11,0.000863417,-5.11899,5.83431,4,2,0,2,4.6,14.4192,0,0,2,0,0.126112,-1.00233,0.126112,-1.00233,2.32656,1.19837,2.32656,1.19837,-9.05945,-10.1889,-9.05945,-10.1889
latency_outage,volatile_deep,100000,hybrid|outage|cod,40,3,True,"coinbase>=1,000,000",prints+quotes,9000028,10,0.171247,2.33903e+06,2.49537,7.53333,5.83431,hybrid,BTC-USD,sell,1.15887,100000,86291.3,0.390538,2.04843e+06,1.15887,1,1,86293,-0.19411,8,80.0016,100002,0,-0.19411,8.00016,-5.0345e-08,7.80605,2e-11,0.000863416,7.80605,-5.83431,1,1,0,0,0.1,14.4192,0,0,1,0,0.225395,-0.280426,0.225395,-0.280426,-13.1361,-13.6412,-13.1361,-13.6412,-1.39467,-1.90041,-1.39467,-1.90041
latency_outage,volatile_deep,100000,hybrid|outage|no-cod,40,3,False,"coinbase>=1,000,000",prints+quotes,9000028,10,0.171247,2.33903e+06,2.49537,7.53333,5.83431,hybrid,BTC-USD,buy,1.15887,100000,86291.3,0.390538,2.5436e+06,1.15887,1,1,86289.6,-0.19411,8,79.9984,99998.1,0,-0.19411,7.99984,5.0345e-08,7.80573,2e-11,0.000863417,7.80573,5.83431,1,6,0,0,0.8,14.4192,0,2,4,0,3.22344,2.64782,3.22344,2.64782,13.9121,13.3371,13.9121,13.3371,0.912561,0.336813,0.912561,0.336813
latency_outage,volatile_deep,100000,hybrid|outage|no-cod,40,3,False,"coinbase>=1,000,000",prints+quotes,9000028,10,0.171247,2.33903e+06,2.49537,7.53333,5.83431,hybrid,BTC-USD,sell,1.15887,100000,86291.3,0.390538,2.04843e+06,1.15887,1,1,86293,-0.19411,8,80.0016,100002,0,-0.19411,8.00016,-5.0345e-08,7.80605,2e-11,0.000863416,7.80605,-5.83431,1,1,0,0,0.1,14.4192,0,0,1,0,0.225395,-0.280426,0.225395,-0.280426,-13.1361,-13.6412,-13.1361,-13.6412,-1.39467,-1.90041,-1.39467,-1.90041
latency_outage,volatile_deep,100000,hybrid|prints-only,40,0,True,"coinbase>=1,000,000",prints-only,9000028,10,0.171247,2.33903e+06,2.49537,7.53333,5.83431,hybrid,BTC-USD,buy,1.15887,100000,86291.3,0.390538,2.5436e+06,1.15887,1,0.724906,86225.4,-7.64038,10.7531,107.449,72413.9,27509.7,-7.64038,10.7449,0,3.10447,0,0,3.10447,5.83431,67,86,1,65,42.0578,0,0,84,0,0,1.61273,1.36058,1.83176,1.5075,-0.838139,-1.0904,-0.560129,-0.884557,-10.4422,-10.6946,-11.8488,-12.1734
latency_outage,volatile_deep,100000,hybrid|prints-only,40,0,True,"coinbase>=1,000,000",prints-only,9000028,10,0.171247,2.33903e+06,2.49537,7.53333,5.83431,hybrid,BTC-USD,sell,1.15887,100000,86291.3,0.390538,2.04843e+06,1.15887,1,0.949734,86247,5.12925,8.50299,84.9863,94921.4,5027.31,5.12925,8.49863,-0,13.6279,0,0,13.6279,-5.83431,66,82,0,65,42.1401,0,0,81,0,0,2.1919,1.88919,2.41403,2.09665,2.61251,2.30988,2.72631,2.40901,7.26837,6.96541,7.31803,7.00039
latency_outage,volatile_deep,100000,passive|lat250ms,250,0,True,"coinbase>=1,000,000",prints+quotes,9000028,10,0.171247,2.33903e+06,2.49537,7.53333,5.83431,passive,BTC-USD,buy,1.15887,100000,86291.3,0.390538,2.5436e+06,1.15887,1,1,86289.6,-0.19411,8,79.9984,99998.1,0,-0.19411,7.99984,5.0345e-08,7.80573,2e-11,0.000863417,7.80573,5.83431,1,6,0,1,0.8,0,0,2,4,0,3.22344,2.64782,3.22344,2.64782,13.9121,13.3371,13.9121,13.3371,0.912561,0.336813,0.912561,0.336813
latency_outage,volatile_deep,100000,passive|lat250ms,250,0,True,"coinbase>=1,000,000",prints+quotes,9000028,10,0.171247,2.33903e+06,2.49537,7.53333,5.83431,passive,BTC-USD,sell,1.15887,100000,86291.3,0.390538,2.04843e+06,1.15887,1,1,86275,1.89109,8,79.9849,99981.1,0,1.89109,7.99849,-0,9.88958,0,0,9.88958,-5.83431,8,3,4,3,3.7,0,0,1,2,0,-6.21797,-6.6076,-6.21797,-6.6076,-12.4143,-12.8036,-12.4143,-12.8036,-2.3613,-2.75102,-2.3613,-2.75102
latency_outage,volatile_deep,100000,passive|lat40ms,40,0,True,"coinbase>=1,000,000",prints+quotes,9000028,10,0.171247,2.33903e+06,2.49537,7.53333,5.83431,passive,BTC-USD,buy,1.15887,100000,86291.3,0.390538,2.5436e+06,1.15887,1,1,86287.1,-0.48893,8,79.9961,99995.1,0,-0.48893,7.99961,5.0345e-08,7.51068,2e-11,0.000863417,7.51068,5.83431,2,7,0,1,1.3,0,0,3,4,0,3.4947,2.94975,3.4947,2.94975,13.5137,12.9692,13.5137,12.9692,1.19114,0.646062,1.19114,0.646062
latency_outage,volatile_deep,100000,passive|lat40ms,40,0,True,"coinbase>=1,000,000",prints+quotes,9000028,10,0.171247,2.33903e+06,2.49537,7.53333,5.83431,passive,BTC-USD,sell,1.15887,100000,86291.3,0.390538,2.04843e+06,1.15887,1,1,86293,-0.19411,8,80.0016,100002,0,-0.19411,8.00016,-5.0345e-08,7.80605,2e-11,0.000863416,7.80605,-5.83431,1,1,0,0,0.1,0,0,0,1,0,0.225395,-0.280426,0.225395,-0.280426,-13.1361,-13.6412,-13.1361,-13.6412,-1.39467,-1.90041,-1.39467,-1.90041
latency_outage,volatile_deep,100000,passive|lat5ms,5,0,True,"coinbase>=1,000,000",prints+quotes,9000028,10,0.171247,2.33903e+06,2.49537,7.53333,5.83431,passive,BTC-USD,buy,1.15887,100000,86291.3,0.390538,2.5436e+06,1.15887,1,1,86288.4,-0.331752,8,79.9973,99996.7,0,-0.331752,7.99973,5.0345e-08,7.66798,2e-11,0.000863417,7.66798,5.83431,2,5,0,1,0.8,0,0,1,4,0,3.08557,2.64709,3.08557,2.64709,13.7747,13.3367,13.7747,13.3367,0.775408,0.336817,0.775408,0.336817
latency_outage,volatile_deep,100000,passive|lat5ms,5,0,True,"coinbase>=1,000,000",prints+quotes,9000028,10,0.171247,2.33903e+06,2.49537,7.53333,5.83431,passive,BTC-USD,sell,1.15887,100000,86291.3,0.390538,2.04843e+06,1.15887,1,1,86293,-0.19411,8,80.0016,100002,0,-0.19411,8.00016,-5.0345e-08,7.80605,2e-11,0.000863416,7.80605,-5.83431,1,1,0,0,0.1,0,0,0,1,0,0.225395,-0.280426,0.225395,-0.280426,-13.1361,-13.6412,-13.1361,-13.6412,-1.39467,-1.90041,-1.39467,-1.90041
latency_outage,volatile_deep,100000,passive|outage|cod,40,3,True,"coinbase>=1,000,000",prints+quotes,9000028,10,0.171247,2.33903e+06,2.49537,7.53333,5.83431,passive,BTC-USD,buy,1.15887,100000,86291.3,0.390538,2.5436e+06,1.15887,1,1,86178.2,-13.1085,8,79.8951,99868.9,0,-13.1085,7.98951,5.0345e-08,-5.11899,2e-11,0.000863417,-5.11899,5.83431,4,2,0,2,4.6,14.4192,0,0,2,0,0.126112,-1.00233,0.126112,-1.00233,2.32656,1.19837,2.32656,1.19837,-9.05945,-10.1889,-9.05945,-10.1889
latency_outage,volatile_deep,100000,passive|outage|cod,40,3,True,"coinbase>=1,000,000",prints+quotes,9000028,10,0.171247,2.33903e+06,2.49537,7.53333,5.83431,passive,BTC-USD,sell,1.15887,100000,86291.3,0.390538,2.04843e+06,1.15887,1,1,86293,-0.19411,8,80.0016,100002,0,-0.19411,8.00016,-5.0345e-08,7.80605,2e-11,0.000863416,7.80605,-5.83431,1,1,0,0,0.1,14.4192,0,0,1,0,0.225395,-0.280426,0.225395,-0.280426,-13.1361,-13.6412,-13.1361,-13.6412,-1.39467,-1.90041,-1.39467,-1.90041
latency_outage,volatile_deep,100000,passive|outage|no-cod,40,3,False,"coinbase>=1,000,000",prints+quotes,9000028,10,0.171247,2.33903e+06,2.49537,7.53333,5.83431,passive,BTC-USD,buy,1.15887,100000,86291.3,0.390538,2.5436e+06,1.15887,1,1,86289.6,-0.19411,8,79.9984,99998.1,0,-0.19411,7.99984,5.0345e-08,7.80573,2e-11,0.000863417,7.80573,5.83431,1,6,0,0,0.8,14.4192,0,2,4,0,3.22344,2.64782,3.22344,2.64782,13.9121,13.3371,13.9121,13.3371,0.912561,0.336813,0.912561,0.336813
latency_outage,volatile_deep,100000,passive|outage|no-cod,40,3,False,"coinbase>=1,000,000",prints+quotes,9000028,10,0.171247,2.33903e+06,2.49537,7.53333,5.83431,passive,BTC-USD,sell,1.15887,100000,86291.3,0.390538,2.04843e+06,1.15887,1,1,86293,-0.19411,8,80.0016,100002,0,-0.19411,8.00016,-5.0345e-08,7.80605,2e-11,0.000863416,7.80605,-5.83431,1,1,0,0,0.1,14.4192,0,0,1,0,0.225395,-0.280426,0.225395,-0.280426,-13.1361,-13.6412,-13.1361,-13.6412,-1.39467,-1.90041,-1.39467,-1.90041
latency_outage,volatile_deep,100000,passive|prints-only,40,0,True,"coinbase>=1,000,000",prints-only,9000028,10,0.171247,2.33903e+06,2.49537,7.53333,5.83431,passive,BTC-USD,buy,1.15887,100000,86291.3,0.390538,2.5436e+06,1.15887,1,1,86228.7,-7.25768,8,79.9419,99927.4,0,-7.25768,7.99419,0,0.736517,0,0,0.736517,5.83431,79,97,1,77,49.8781,0,0,97,0,0,1.64469,1.47184,1.64469,1.47184,0.275939,0.102965,0.275939,0.102965,-12.2123,-12.3852,-12.2123,-12.3852
latency_outage,volatile_deep,100000,passive|prints-only,40,0,True,"coinbase>=1,000,000",prints-only,9000028,10,0.171247,2.33903e+06,2.49537,7.53333,5.83431,passive,BTC-USD,sell,1.15887,100000,86291.3,0.390538,2.04843e+06,1.15887,1,1,86247.4,5.09018,8,79.9593,99949.1,0,5.09018,7.99593,-5.0345e-08,13.0861,2e-11,0.000863416,13.0861,-5.83431,72,86,0,71,46.5154,0,0,86,0,0,2.32624,2.01567,2.32624,2.01567,2.53809,2.22761,2.53809,2.22761,7.43912,7.12829,7.43912,7.12829
latency_outage,volatile_deep,100000,aggressive|lat250ms,250,0,True,"coinbase>=1,000,000",prints+quotes,9000029,10,0.175783,2.30645e+06,2.4441,7.61667,-4.71939,aggressive,BTC-USD,buy,1.16098,100000,86134,0.182274,2.6764e+06,1.16098,1,0,86156.4,2.58979,18,180.047,0,100026,2.58979,18.0047,-0,20.5945,0,0,20.5945,-4.71939,1,4,0,0,0.43559,0,0,0,0,0,2.2061,2.11652,,,-3.10692,-3.19654,,,17.122,17.0326,,
latency_outage,volatile_deep,100000,aggressive|lat250ms,250,0,True,"coinbase>=1,000,000",prints+quotes,9000029,10,0.175783,2.30645e+06,2.4441,7.61667,-4.71939,aggressive,BTC-USD,sell,1.16098,100000,86134,0.182274,2.17912e+06,1.16098,1,0,86152.9,-2.18726,18,180.039,0,100022,-2.18726,18.0039,0,15.8167,0,0,15.8167,4.71939,1,5,0,0,0.43559,0,0,0,0,0,-1.80374,-2.11652,,,3.50949,3.19654,,,-16.7202,-17.0326,,
latency_outage,volatile_deep,100000,aggressive|lat40ms,40,0,True,"coinbase>=1,000,000",prints+quotes,9000029,10,0.175783,2.30645e+06,2.4441,7.61667,-4.71939,aggressive,BTC-USD,buy,1.16098,100000,86134,0.182274,2.6764e+06,1.16098,1,0,86135.2,0.137133,18,180.002,0,100001,0.137133,18.0002,-0,18.1374,0,0,18.1374,-4.71939,1,5,0,0,0.0696944,0,0,0,0,0,-0.722564,-0.859707,,,-5.71704,-5.85425,,,12.5072,12.3703,,
latency_outage,volatile_deep,100000,aggressive|lat40ms,40,0,True,"coinbase>=1,000,000",prints+quotes,9000029,10,0.175783,2.30645e+06,2.4441,7.61667,-4.71939,aggressive,BTC-USD,sell,1.16098,100000,86134,0.182274,2.17912e+06,1.16098,1,0,86130.3,0.430159,18,179.992,0,99995.7,0.430159,17.9992,0,18.4294,0,0,18.4294,4.71939,1,6,0,0,0.0696944,0,0,0,0,0,1.28993,0.859707,,,6.28468,5.85425,,,-11.9406,-12.3703,,
latency_outage,volatile_deep,100000,aggressive|lat5ms,5,0,True,"coinbase>=1,000,000",prints+quotes,9000029,10,0.175783,2.30645e+06,2.4441,7.61667,-4.71939,aggressive,BTC-USD,buy,1.16098,100000,86134,0.182274,2.6764e+06,1.16098,1,0,86135.2,0.137133,18,180.002,0,100001,0.137133,18.0002,-0,18.1374,0,0,18.1374,-4.71939,1,5,0,0,0.0087118,0,0,0,0,0,-0.722564,-0.859707,,,-5.71704,-5.85425,,,12.5072,12.3703,,
latency_outage,volatile_deep,100000,aggressive|lat5ms,5,0,True,"coinbase>=1,000,000",prints+quotes,9000029,10,0.175783,2.30645e+06,2.4441,7.61667,-4.71939,aggressive,BTC-USD,sell,1.16098,100000,86134,0.182274,2.17912e+06,1.16098,1,0,86130.3,0.430159,18,179.992,0,99995.7,0.430159,17.9992,0,18.4294,0,0,18.4294,4.71939,1,6,0,0,0.0087118,0,0,0,0,0,1.28993,0.859707,,,6.28468,5.85425,,,-11.9406,-12.3703,,
latency_outage,volatile_deep,100000,aggressive|outage|cod,40,3,True,"coinbase>=1,000,000",prints+quotes,9000029,10,0.175783,2.30645e+06,2.4441,7.61667,-4.71939,aggressive,BTC-USD,buy,1.16098,100000,86134,0.182274,2.6764e+06,1.16098,1,0,86135.2,0.137133,18,180.002,0,100001,0.137133,18.0002,-0,18.1374,0,0,18.1374,-4.71939,1,5,0,0,0.0696944,11.0281,0,0,0,0,-0.722564,-0.859707,,,-5.71704,-5.85425,,,12.5072,12.3703,,
latency_outage,volatile_deep,100000,aggressive|outage|cod,40,3,True,"coinbase>=1,000,000",prints+quotes,9000029,10,0.175783,2.30645e+06,2.4441,7.61667,-4.71939,aggressive,BTC-USD,sell,1.16098,100000,86134,0.182274,2.17912e+06,1.16098,1,0,86130.3,0.430159,18,179.992,0,99995.7,0.430159,17.9992,0,18.4294,0,0,18.4294,4.71939,1,6,0,0,0.0696944,11.0281,0,0,0,0,1.28993,0.859707,,,6.28468,5.85425,,,-11.9406,-12.3703,,
latency_outage,volatile_deep,100000,aggressive|outage|no-cod,40,3,False,"coinbase>=1,000,000",prints+quotes,9000029,10,0.175783,2.30645e+06,2.4441,7.61667,-4.71939,aggressive,BTC-USD,buy,1.16098,100000,86134,0.182274,2.6764e+06,1.16098,1,0,86135.2,0.137133,18,180.002,0,100001,0.137133,18.0002,-0,18.1374,0,0,18.1374,-4.71939,1,5,0,0,0.0696944,11.0281,0,0,0,0,-0.722564,-0.859707,,,-5.71704,-5.85425,,,12.5072,12.3703,,
latency_outage,volatile_deep,100000,aggressive|outage|no-cod,40,3,False,"coinbase>=1,000,000",prints+quotes,9000029,10,0.175783,2.30645e+06,2.4441,7.61667,-4.71939,aggressive,BTC-USD,sell,1.16098,100000,86134,0.182274,2.17912e+06,1.16098,1,0,86130.3,0.430159,18,179.992,0,99995.7,0.430159,17.9992,0,18.4294,0,0,18.4294,4.71939,1,6,0,0,0.0696944,11.0281,0,0,0,0,1.28993,0.859707,,,6.28468,5.85425,,,-11.9406,-12.3703,,
latency_outage,volatile_deep,100000,aggressive|prints-only,40,0,True,"coinbase>=1,000,000",prints-only,9000029,10,0.175783,2.30645e+06,2.4441,7.61667,-4.71939,aggressive,BTC-USD,buy,1.16098,100000,86134,0.182274,2.6764e+06,1.16098,1,0,86135.2,0.137133,18,180.002,0,100001,0.137133,18.0002,-0,18.1374,0,0,18.1374,-4.71939,1,5,0,0,0.0696944,0,0,0,0,0,-0.722564,-0.859707,,,-5.71704,-5.85425,,,12.5072,12.3703,,
latency_outage,volatile_deep,100000,aggressive|prints-only,40,0,True,"coinbase>=1,000,000",prints-only,9000029,10,0.175783,2.30645e+06,2.4441,7.61667,-4.71939,aggressive,BTC-USD,sell,1.16098,100000,86134,0.182274,2.17912e+06,1.16098,1,0,86130.3,0.430159,18,179.992,0,99995.7,0.430159,17.9992,0,18.4294,0,0,18.4294,4.71939,1,6,0,0,0.0696944,0,0,0,0,0,1.28993,0.859707,,,6.28468,5.85425,,,-11.9406,-12.3703,,
latency_outage,volatile_deep,100000,hybrid|lat250ms,250,0,True,"coinbase>=1,000,000",prints+quotes,9000029,10,0.175783,2.30645e+06,2.4441,7.61667,-4.71939,hybrid,BTC-USD,buy,1.16098,100000,86134,0.182274,2.6764e+06,1.16098,1,1,86220.8,10.0674,8,80.0805,100101,0,10.0674,8.00805,-0,18.0755,0,0,18.0755,-4.71939,11,2,2,8,8.5,0,0,0,2,0,3.80167,3.3733,3.80167,3.3733,-0.901343,-1.32992,-0.901343,-1.32992,27.8504,27.4231,27.8504,27.4231
latency_outage,volatile_deep,100000,hybrid|lat250ms,250,0,True,"coinbase>=1,000,000",prints+quotes,9000029,10,0.175783,2.30645e+06,2.4441,7.61667,-4.71939,hybrid,BTC-USD,sell,1.16098,100000,86134,0.182274,2.17912e+06,1.16098,1,1,86160,-3.00984,8,80.0241,100030,0,-3.00984,8.00241,0,4.99256,0,0,4.99256,4.71939,8,3,6,1,4.2,0,0,1,2,0,2.19561,1.30333,2.19561,1.30333,6.35248,5.45981,6.35248,5.45981,-25.4149,-26.3048,-25.4149,-26.3048
latency_outage,volatile_deep,100000,hybrid|lat40ms,40,0,True,"coinbase>=1,000,000",prints+quotes,9000029,10,0.175783,2.30645e+06,2.4441,7.61667,-4.71939,hybrid,BTC-USD,buy,1.16098,100000,86134,0.182274,2.6764e+06,1.16098,1,1,86153.8,2.28771,8,80.0183,100023,0,2.28771,8.00183,-0,10.2895,0,0,10.2895,-4.71939,2,1,0,1,0.7,0,0,0,1,0,1.50371,0.665146,1.50371,0.665146,-5.60161,-6.44077,-5.60161,-6.44077,17.6644,16.8271,17.6644,16.8271
latency_outage,volatile_deep,100000,hybrid|lat40ms,40,0,True,"coinbase>=1,000,000",prints+quotes,9000029,10,0.175783,2.30645e+06,2.4441,7.61667,-4.71939,hybrid,BTC-USD,sell,1.16098,100000,86134,0.182274,2.17912e+06,1.16098,1,1,86134.8,-0.089976,8,80.0007,100001,0,-0.089976,8.00007,0,7.9101,0,0,7.9101,4.71939,1,3,0,0,0.3,0,0,1,2,0,0.271204,-1.1728,0.271204,-1.1728,4.81951,3.37485,4.81951,3.37485,-14.0469,-15.4888,-14.0469,-15.4888
latency_outage,volatile_deep,100000,hybrid|lat5ms,5,0,True,"coinbase>=1,000,000",prints+quotes,9000029,10,0.175783,2.30645e+06,2.4441,7.61667,-4.71939,hybrid,BTC-USD,buy,1.16098,100000,86134,0.182274,2.6764e+06,1.16098,1,1,86156,2.54893,8,80.0204,100025,0,2.54893,8.00204,-0,10.551,0,0,10.551,-4.71939,2,1,0,1,0.7,0,0,0,1,0,1.76482,0.665146,1.76482,0.665146,-5.34031,-6.44077,-5.34031,-6.44077,17.925,16.8271,17.925,16.8271
latency_outage,volatile_deep,100000,hybrid|lat5ms,5,0,True,"coinbase>=1,000,000",prints+quotes,9000029,10,0.175783,2.30645e+06,2.4441,7.61667,-4.71939,hybrid,BTC-USD,sell,1.16098,100000,86134,0.182274,2.17912e+06,1.16098,1,1,86134.8,-0.089976,8,80.0007,100001,0,-0.089976,8.00007,0,7.9101,0,0,7.9101,4.71939,1,3,0,0,0.3,0,0,1,2,0,0.271204,-1.1728,0.271204,-1.1728,4.81951,3.37485,4.81951,3.37485,-14.0469,-15.4888,-14.0469,-15.4888
latency_outage,volatile_deep,100000,hybrid|outage|cod,40,3,True,"coinbase>=1,000,000",prints+quotes,9000029,10,0.175783,2.30645e+06,2.4441,7.61667,-4.71939,hybrid,BTC-USD,buy,1.16098,100000,86134,0.182274,2.6764e+06,1.16098,1,1,86153.8,2.28771,8,80.0183,100023,0,2.28771,8.00183,-0,10.2895,0,0,10.2895,-4.71939,2,1,0,1,0.7,11.0281,0,0,1,0,1.50371,0.665146,1.50371,0.665146,-5.60161,-6.44077,-5.60161,-6.44077,17.6644,16.8271,17.6644,16.8271
latency_outage,volatile_deep,100000,hybrid|outage|cod,40,3,True,"coinbase>=1,000,000",prints+quotes,9000029,10,0.175783,2.30645e+06,2.4441,7.61667,-4.71939,hybrid,BTC-USD,sell,1.16098,100000,86134,0.182274,2.17912e+06,1.16098,1,1,86134.8,-0.089976,8,80.0007,100001,0,-0.089976,8.00007,0,7.9101,0,0,7.9101,4.71939,1,3,0,0,0.3,11.0281,0,1,2,0,0.271204,-1.1728,0.271204,-1.1728,4.81951,3.37485,4.81951,3.37485,-14.0469,-15.4888,-14.0469,-15.4888
latency_outage,volatile_deep,100000,hybrid|outage|no-cod,40,3,False,"coinbase>=1,000,000",prints+quotes,9000029,10,0.175783,2.30645e+06,2.4441,7.61667,-4.71939,hybrid,BTC-USD,buy,1.16098,100000,86134,0.182274,2.6764e+06,1.16098,1,1,86153.8,2.28771,8,80.0183,100023,0,2.28771,8.00183,-0,10.2895,0,0,10.2895,-4.71939,2,1,0,1,0.7,11.0281,0,0,1,0,1.50371,0.665146,1.50371,0.665146,-5.60161,-6.44077,-5.60161,-6.44077,17.6644,16.8271,17.6644,16.8271
latency_outage,volatile_deep,100000,hybrid|outage|no-cod,40,3,False,"coinbase>=1,000,000",prints+quotes,9000029,10,0.175783,2.30645e+06,2.4441,7.61667,-4.71939,hybrid,BTC-USD,sell,1.16098,100000,86134,0.182274,2.17912e+06,1.16098,1,1,86134.8,-0.089976,8,80.0007,100001,0,-0.089976,8.00007,0,7.9101,0,0,7.9101,4.71939,1,3,0,0,0.3,11.0281,0,1,2,0,0.271204,-1.1728,0.271204,-1.1728,4.81951,3.37485,4.81951,3.37485,-14.0469,-15.4888,-14.0469,-15.4888
latency_outage,volatile_deep,100000,hybrid|prints-only,40,0,True,"coinbase>=1,000,000",prints-only,9000029,10,0.175783,2.30645e+06,2.4441,7.61667,-4.71939,hybrid,BTC-USD,buy,1.16098,100000,86134,0.182274,2.6764e+06,1.16098,1,0.956091,86042.7,-10.6103,8.43906,84.3011,95507.9,4385.98,-10.6103,8.43011,-0,-2.18016,0,0,-2.18016,-4.71939,65,85,0,64,42.1554,0,0,84,0,0,1.98722,1.79532,2.04609,1.85273,4.76263,4.57066,5.0476,4.85418,-5.32672,-5.5186,-5.31427,-5.5076
latency_outage,volatile_deep,100000,hybrid|prints-only,40,0,True,"coinbase>=1,000,000",prints-only,9000029,10,0.175783,2.30645e+06,2.4441,7.61667,-4.71939,hybrid,BTC-USD,sell,1.16098,100000,86134,0.182274,2.17912e+06,1.16098,1,0.98566,86241.5,-12.4732,8.14305,81.5321,98692.4,1432.29,-12.4732,8.15321,4.065e-08,-4.32,3.45e-10,0.000860931,-4.32,4.71939,64,86,0,63,42.1314,0,0,85,0,0,1.84743,0.907029,1.87991,0.928155,-8.24876,-9.18803,-8.39441,-9.34502,-22.6393,-23.5772,-23.0547,-24.004
latency_outage,volatile_deep,100000,passive|lat250ms,250,0,True,"coinbase>=1,000,000",prints+quotes,9000029,10,0.175783,2.30645e+06,2.4441,7.61667,-4.71939,passive,BTC-USD,buy,1.16098,100000,86134,0.182274,2.6764e+06,1.16098,1,1,86220.8,10.0674,8,80.0805,100101,0,10.0674,8.00805,-0,18.0755,0,0,18.0755,-4.71939,11,2,2,8,8.5,0,0,0,2,0,3.80167,3.3733,3.80167,3.3733,-0.901343,-1.32992,-0.901343,-1.32992,27.8504,27.4231,27.8504,27.4231
latency_outage,volatile_deep,100000,passive|lat250ms,250,0,True,"coinbase>=1,000,000",prints+quotes,9000029,10,0.175783,2.30645e+06,2.4441,7.61667,-4.71939,passive,BTC-USD,sell,1.16098,100000,86134,0.182274,2.17912e+06,1.16098,1,1,86160,-3.00984,8,80.0241,100030,0,-3.00984,8.00241,0,4.99256,0,0,4.99256,4.71939,8,3,6,1,4.2,0,0,1,2,0,2.19561,1.30333,2.19561,1.30333,6.35248,5.45981,6.35248,5.45981,-25.4149,-26.3048,-25.4149,-26.3048
latency_outage,volatile_deep,100000,passive|lat40ms,40,0,True,"coinbase>=1,000,000",prints+quotes,9000029,10,0.175783,2.30645e+06,2.4441,7.61667,-4.71939,passive,BTC-USD,buy,1.16098,100000,86134,0.182274,2.6764e+06,1.16098,1,1,86153.8,2.28771,8,80.0183,100023,0,2.28771,8.00183,-0,10.2895,0,0,10.2895,-4.71939,2,1,0,1,0.7,0,0,0,1,0,1.50371,0.665146,1.50371,0.665146,-5.60161,-6.44077,-5.60161,-6.44077,17.6644,16.8271,17.6644,16.8271
latency_outage,volatile_deep,100000,passive|lat40ms,40,0,True,"coinbase>=1,000,000",prints+quotes,9000029,10,0.175783,2.30645e+06,2.4441,7.61667,-4.71939,passive,BTC-USD,sell,1.16098,100000,86134,0.182274,2.17912e+06,1.16098,1,1,86134.8,-0.089976,8,80.0007,100001,0,-0.089976,8.00007,0,7.9101,0,0,7.9101,4.71939,1,3,0,0,0.3,0,0,1,2,0,0.271204,-1.1728,0.271204,-1.1728,4.81951,3.37485,4.81951,3.37485,-14.0469,-15.4888,-14.0469,-15.4888
latency_outage,volatile_deep,100000,passive|lat5ms,5,0,True,"coinbase>=1,000,000",prints+quotes,9000029,10,0.175783,2.30645e+06,2.4441,7.61667,-4.71939,passive,BTC-USD,buy,1.16098,100000,86134,0.182274,2.6764e+06,1.16098,1,1,86156,2.54893,8,80.0204,100025,0,2.54893,8.00204,-0,10.551,0,0,10.551,-4.71939,2,1,0,1,0.7,0,0,0,1,0,1.76482,0.665146,1.76482,0.665146,-5.34031,-6.44077,-5.34031,-6.44077,17.925,16.8271,17.925,16.8271
latency_outage,volatile_deep,100000,passive|lat5ms,5,0,True,"coinbase>=1,000,000",prints+quotes,9000029,10,0.175783,2.30645e+06,2.4441,7.61667,-4.71939,passive,BTC-USD,sell,1.16098,100000,86134,0.182274,2.17912e+06,1.16098,1,1,86134.8,-0.089976,8,80.0007,100001,0,-0.089976,8.00007,0,7.9101,0,0,7.9101,4.71939,1,3,0,0,0.3,0,0,1,2,0,0.271204,-1.1728,0.271204,-1.1728,4.81951,3.37485,4.81951,3.37485,-14.0469,-15.4888,-14.0469,-15.4888
latency_outage,volatile_deep,100000,passive|outage|cod,40,3,True,"coinbase>=1,000,000",prints+quotes,9000029,10,0.175783,2.30645e+06,2.4441,7.61667,-4.71939,passive,BTC-USD,buy,1.16098,100000,86134,0.182274,2.6764e+06,1.16098,1,1,86153.8,2.28771,8,80.0183,100023,0,2.28771,8.00183,-0,10.2895,0,0,10.2895,-4.71939,2,1,0,1,0.7,11.0281,0,0,1,0,1.50371,0.665146,1.50371,0.665146,-5.60161,-6.44077,-5.60161,-6.44077,17.6644,16.8271,17.6644,16.8271
latency_outage,volatile_deep,100000,passive|outage|cod,40,3,True,"coinbase>=1,000,000",prints+quotes,9000029,10,0.175783,2.30645e+06,2.4441,7.61667,-4.71939,passive,BTC-USD,sell,1.16098,100000,86134,0.182274,2.17912e+06,1.16098,1,1,86134.8,-0.089976,8,80.0007,100001,0,-0.089976,8.00007,0,7.9101,0,0,7.9101,4.71939,1,3,0,0,0.3,11.0281,0,1,2,0,0.271204,-1.1728,0.271204,-1.1728,4.81951,3.37485,4.81951,3.37485,-14.0469,-15.4888,-14.0469,-15.4888
latency_outage,volatile_deep,100000,passive|outage|no-cod,40,3,False,"coinbase>=1,000,000",prints+quotes,9000029,10,0.175783,2.30645e+06,2.4441,7.61667,-4.71939,passive,BTC-USD,buy,1.16098,100000,86134,0.182274,2.6764e+06,1.16098,1,1,86153.8,2.28771,8,80.0183,100023,0,2.28771,8.00183,-0,10.2895,0,0,10.2895,-4.71939,2,1,0,1,0.7,11.0281,0,0,1,0,1.50371,0.665146,1.50371,0.665146,-5.60161,-6.44077,-5.60161,-6.44077,17.6644,16.8271,17.6644,16.8271
latency_outage,volatile_deep,100000,passive|outage|no-cod,40,3,False,"coinbase>=1,000,000",prints+quotes,9000029,10,0.175783,2.30645e+06,2.4441,7.61667,-4.71939,passive,BTC-USD,sell,1.16098,100000,86134,0.182274,2.17912e+06,1.16098,1,1,86134.8,-0.089976,8,80.0007,100001,0,-0.089976,8.00007,0,7.9101,0,0,7.9101,4.71939,1,3,0,0,0.3,11.0281,0,1,2,0,0.271204,-1.1728,0.271204,-1.1728,4.81951,3.37485,4.81951,3.37485,-14.0469,-15.4888,-14.0469,-15.4888
latency_outage,volatile_deep,100000,passive|prints-only,40,0,True,"coinbase>=1,000,000",prints-only,9000029,10,0.175783,2.30645e+06,2.4441,7.61667,-4.71939,passive,BTC-USD,buy,1.16098,100000,86134,0.182274,2.6764e+06,1.16098,1,1,86043.5,-10.5109,8,79.9159,99894.9,0,-10.5109,7.99159,-4.065e-08,-2.51929,3.45e-10,0.000860937,-2.51929,-4.71939,74,98,0,73,48.5127,0,0,98,0,0,1.95607,1.76712,1.95607,1.76712,5.03237,4.84336,5.03237,4.84336,-5.20367,-5.39259,-5.20367,-5.39259
latency_outage,volatile_deep,100000,passive|prints-only,40,0,True,"coinbase>=1,000,000",prints-only,9000029,10,0.175783,2.30645e+06,2.4441,7.61667,-4.71939,passive,BTC-USD,sell,1.16098,100000,86134,0.182274,2.17912e+06,1.16098,1,1,86241.8,-12.5111,8,80.1001,100125,0,-12.5111,8.01001,0,-4.50106,0,0,-4.50106,4.71939,69,94,0,68,45.8078,0,0,94,0,0,1.85986,0.919454,1.85986,0.919454,-8.33451,-9.2738,-8.33451,-9.2738,-22.6778,-23.6158,-22.6778,-23.6158
latency_outage,volatile_thin,100000,aggressive|lat250ms,250,0,True,"coinbase>=1,000,000",prints+quotes,9100000,10,2.67251,399625,2.02312,7.35,7.54203,aggressive,BTC-USD,buy,1.15862,100000,86309.6,3.8918,389143,1.15862,1,0,86344.1,4.0023,18,180.072,0,100040,4.0023,18.0072,0,22.0095,0,0,22.0095,7.54203,1,22,0,0,0.24745,0,0,0,0,0,0.7942,-3.20764,,,-8.21799,-12.2234,,,-11.8442,-15.8511,,
latency_outage,volatile_thin,100000,aggressive|lat250ms,250,0,True,"coinbase>=1,000,000",prints+quotes,9100000,10,2.67251,399625,2.02312,7.35,7.54203,aggressive,BTC-USD,sell,1.15862,100000,86309.6,3.8918,323813,1.15862,1,0,86284.1,2.94932,18,179.947,0,99970.5,2.94932,17.9947,-1.4454e-15,20.944,0,0,20.944,-7.54203,1,16,0,0,0.24745,0,0,0,0,0,6.1588,3.20764,,,15.1773,12.2234,,,18.806,15.8511,,
latency_outage,volatile_thin,100000,aggressive|lat40ms,40,0,True,"coinbase>=1,000,000",prints+quotes,9100000,10,2.67251,399625,2.02312,7.35,7.54203,aggressive,BTC-USD,buy,1.15862,100000,86309.6,3.8918,389143,1.15862,1,0,86345.6,4.16871,18,180.075,0,100042,4.16871,18.0075,0,22.1762,0,0,22.1762,7.54203,1,24,0,0,0.0395921,0,0,0,0,0,1.02652,-3.1416,,,-6.67045,-10.8418,,,-12.4096,-16.5833,,
latency_outage,volatile_thin,100000,aggressive|lat40ms,40,0,True,"coinbase>=1,000,000",prints+quotes,9100000,10,2.67251,399625,2.02312,7.35,7.54203,aggressive,BTC-USD,sell,1.15862,100000,86309.6,3.8918,323813,1.15862,1,0,86283.8,2.98872,18,179.946,0,99970.1,2.98872,17.9946,-0,20.9833,0,0,20.9833,-7.54203,1,14,0,0,0.0395921,0,0,0,0,0,6.13217,3.1416,,,13.8347,10.8418,,,19.5779,16.5833,,
latency_outage,volatile_thin,100000,aggressive|lat5ms,5,0,True,"coinbase>=1,000,000",prints+quotes,9100000,10,2.67251,399625,2.02312,7.35,7.54203,aggressive,BTC-USD,buy,1.15862,100000,86309.6,3.8918,389143,1.15862,1,0,86345.6,4.16871,18,180.075,0,100042,4.16871,18.0075,0,22.1762,0,0,22.1762,7.54203,1,24,0,0,0.00494901,0,0,0,0,0,1.02652,-3.1416,,,-6.67045,-10.8418,,,-12.4096,-16.5833,,
latency_outage,volatile_thin,100000,aggressive|lat5ms,5,0,True,"coinbase>=1,000,000",prints+quotes,9100000,10,2.67251,399625,2.02312,7.35,7.54203,aggressive,BTC-USD,sell,1.15862,100000,86309.6,3.8918,323813,1.15862,1,0,86283.8,2.98872,18,179.946,0,99970.1,2.98872,17.9946,-0,20.9833,0,0,20.9833,-7.54203,1,14,0,0,0.00494901,0,0,0,0,0,6.13217,3.1416,,,13.8347,10.8418,,,19.5779,16.5833,,
latency_outage,volatile_thin,100000,aggressive|outage|cod,40,3,True,"coinbase>=1,000,000",prints+quotes,9100000,10,2.67251,399625,2.02312,7.35,7.54203,aggressive,BTC-USD,buy,1.15862,100000,86309.6,3.8918,389143,1.15862,1,0,86345.6,4.16871,18,180.075,0,100042,4.16871,18.0075,0,22.1762,0,0,22.1762,7.54203,1,24,0,0,0.0395921,19.6088,0,0,0,0,1.02652,-3.1416,,,-6.67045,-10.8418,,,-12.4096,-16.5833,,
latency_outage,volatile_thin,100000,aggressive|outage|cod,40,3,True,"coinbase>=1,000,000",prints+quotes,9100000,10,2.67251,399625,2.02312,7.35,7.54203,aggressive,BTC-USD,sell,1.15862,100000,86309.6,3.8918,323813,1.15862,1,0,86283.8,2.98872,18,179.946,0,99970.1,2.98872,17.9946,-0,20.9833,0,0,20.9833,-7.54203,1,14,0,0,0.0395921,19.6088,0,0,0,0,6.13217,3.1416,,,13.8347,10.8418,,,19.5779,16.5833,,
latency_outage,volatile_thin,100000,aggressive|outage|no-cod,40,3,False,"coinbase>=1,000,000",prints+quotes,9100000,10,2.67251,399625,2.02312,7.35,7.54203,aggressive,BTC-USD,buy,1.15862,100000,86309.6,3.8918,389143,1.15862,1,0,86345.6,4.16871,18,180.075,0,100042,4.16871,18.0075,0,22.1762,0,0,22.1762,7.54203,1,24,0,0,0.0395921,19.6088,0,0,0,0,1.02652,-3.1416,,,-6.67045,-10.8418,,,-12.4096,-16.5833,,
latency_outage,volatile_thin,100000,aggressive|outage|no-cod,40,3,False,"coinbase>=1,000,000",prints+quotes,9100000,10,2.67251,399625,2.02312,7.35,7.54203,aggressive,BTC-USD,sell,1.15862,100000,86309.6,3.8918,323813,1.15862,1,0,86283.8,2.98872,18,179.946,0,99970.1,2.98872,17.9946,-0,20.9833,0,0,20.9833,-7.54203,1,14,0,0,0.0395921,19.6088,0,0,0,0,6.13217,3.1416,,,13.8347,10.8418,,,19.5779,16.5833,,
latency_outage,volatile_thin,100000,aggressive|prints-only,40,0,True,"coinbase>=1,000,000",prints-only,9100000,10,2.67251,399625,2.02312,7.35,7.54203,aggressive,BTC-USD,buy,1.15862,100000,86309.6,3.8918,389143,1.15862,1,0,86345.6,4.16871,18,180.075,0,100042,4.16871,18.0075,0,22.1762,0,0,22.1762,7.54203,1,24,0,0,0.0395921,0,0,0,0,0,1.02652,-3.1416,,,-6.67045,-10.8418,,,-12.4096,-16.5833,,
latency_outage,volatile_thin,100000,aggressive|prints-only,40,0,True,"coinbase>=1,000,000",prints-only,9100000,10,2.67251,399625,2.02312,7.35,7.54203,aggressive,BTC-USD,sell,1.15862,100000,86309.6,3.8918,323813,1.15862,1,0,86283.8,2.98872,18,179.946,0,99970.1,2.98872,17.9946,-0,20.9833,0,0,20.9833,-7.54203,1,14,0,0,0.0395921,0,0,0,0,0,6.13217,3.1416,,,13.8347,10.8418,,,19.5779,16.5833,,
latency_outage,volatile_thin,100000,hybrid|lat250ms,250,0,True,"coinbase>=1,000,000",prints+quotes,9100000,10,2.67251,399625,2.02312,7.35,7.54203,hybrid,BTC-USD,buy,1.15862,100000,86309.6,3.8918,389143,1.15862,1,0.373801,86475.3,19.2,14.2628,142.902,37443.8,62748.2,19.2,14.2902,0,33.4902,0,0,33.4902,7.54203,36,83,0,35,42.4607,0,0,72,0,0,1.51462,-0.0237371,-1.20875,-0.19235,3.51688,1.97896,0.147886,1.16423,5.0394,3.50143,3.24085,4.25677
latency_outage,volatile_thin,100000,hybrid|lat250ms,250,0,True,"coinbase>=1,000,000",prints+quotes,9100000,10,2.67251,399625,2.02312,7.35,7.54203,hybrid,BTC-USD,sell,1.15862,100000,86309.6,3.8918,323813,1.15862,1,1,86352.9,-5.01698,8,80.0401,100050,0,-5.01698,8.00401,-0,2.98703,0,0,2.98703,-7.54203,7,20,0,6,6.1329,0,0,13,7,0,5.34722,0.0817659,5.34722,0.0817659,6.6985,1.43237,6.6985,1.43237,10.9402,5.67186,10.9402,5.67186
latency_outage,volatile_thin,100000,hybrid|lat40ms,40,0,True,"coinbase>=1,000,000",prints+quotes,9100000,10,2.67251,399625,2.02312,7.35,7.54203,hybrid,BTC-USD,buy,1.15862,100000,86309.6,3.8918,389143,1.15862,1,0.584437,86460.3,17.4587,12.1566,121.778,58536.2,41638.4,17.4587,12.1778,6.5095e-08,29.6365,1.171e-08,0.000863864,29.6365,7.54203,43,120,0,42,42.1543,0,0,112,1,0,-0.438,-1.00156,-1.37531,-0.40892,1.81163,1.24868,-1.14052,-0.17407,2.66947,2.10633,0.952172,1.91846
latency_outage,volatile_thin,100000,hybrid|lat40ms,40,0,True,"coinbase>=1,000,000",prints+quotes,9100000,10,2.67251,399625,2.02312,7.35,7.54203,hybrid,BTC-USD,sell,1.15862,100000,86309.6,3.8918,323813,1.15862,1,0.740303,86397.8,-10.2231,10.5982,106.09,74093.9,26008.3,-10.2231,10.609,-0,0.385864,0,0,0.385864,-7.54203,52,124,0,51,42.1246,0,0,108,8,0,4.26683,2.0203,4.35898,2.0853,3.15251,0.906138,4.63784,2.36397,5.69651,3.44928,7.76583,5.49087
latency_outage,volatile_thin,100000,hybrid|lat5ms,5,0,True,"coinbase>=1,000,000",prints+quotes,9100000,10,2.67251,399625,2.02312,7.35,7.54203,hybrid,BTC-USD,buy,1.15862,100000,86309.6,3.8918,389143,1.15862,1,0.512098,86462.6,17.7315,12.8801,129.029,51289.8,48887.5,17.7315,12.9029,0,30.6345,0,0,30.6345,7.54203,43,129,0,42,42.1068,0,0,120,1,0,-0.25901,-1.19463,-1.50847,-0.584502,2.35762,1.42277,-1.24183,-0.317761,2.86504,1.92999,0.586303,1.51023
latency_outage,volatile_thin,100000,hybrid|lat5ms,5,0,True,"coinbase>=1,000,000",prints+quotes,9100000,10,2.67251,399625,2.02312,7.35,7.54203,hybrid,BTC-USD,sell,1.15862,100000,86309.6,3.8918,323813,1.15862,1,0.765868,86419,-12.6783,10.3418,103.549,76678.7,23448.1,-12.6783,10.3549,-6.5095e-08,-2.32335,1.171e-08,0.00086363,-2.32335,-7.54203,52,130,0,51,42.0084,0,0,113,9,0,3.75731,2.1699,3.68972,2.27228,1.73471,0.14761,2.60353,1.18617,3.19188,1.60428,4.23739,2.81942
latency_outage,volatile_thin,100000,hybrid|outage|cod,40,3,True,"coinbase>=1,000,000",prints+quotes,9100000,10,2.67251,399625,2.02312,7.35,7.54203,hybrid,BTC-USD,buy,1.15862,100000,86309.6,3.8918,389143,1.15862,1,0.375844,86468.4,18.3985,14.2427,142.689,37642,62542,18.3985,14.2689,0,32.6674,0,0,32.6674,7.54203,28,88,0,25,42.1248,19.6088,0,77,1,0,0.285352,-1.3632,-1.51343,-0.579654,3.60627,1.95877,-1.11875,-0.184893,3.52014,1.87244,0.11143,1.04524
latency_outage,volatile_thin,100000,hybrid|outage|cod,40,3,True,"coinbase>=1,000,000",prints+quotes,9100000,10,2.67251,399625,2.02312,7.35,7.54203,hybrid,BTC-USD,sell,1.15862,100000,86309.6,3.8918,323813,1.15862,1,0.609761,86396.6,-10.0753,11.9042,119.162,61019.3,39081.5,-10.0753,11.9162,-0,1.84091,0,0,1.84091,-7.54203,32,83,0,29,42.1138,19.6088,0,63,8,0,5.01528,2.35891,5.59503,2.69419,3.03993,0.383846,5.61033,2.70921,5.55893,2.90192,9.17874,6.27624
latency_outage,volatile_thin,100000,hybrid|outage|no-cod,40,3,False,"coinbase>=1,000,000",prints+quotes,9100000,10,2.67251,399625,2.02312,7.35,7.54203,hybrid,BTC-USD,buy,1.15862,100000,86309.6,3.8918,389143,1.15862,1,1,86454.7,16.8116,8,80.1345,100168,0,16.8116,8.01345,-1.4454e-15,24.8251,0,0,24.8251,7.54203,16,67,0,15,26.6262,19.6088,0,59,8,0,0.400035,-0.739034,0.400035,-0.739034,-1.88974,-3.02908,-1.88974,-3.02908,1.75179,0.612921,1.75179,0.612921
latency_outage,volatile_thin,100000,hybrid|outage|no-cod,40,3,False,"coinbase>=1,000,000",prints+quotes,9100000,10,2.67251,399625,2.02312,7.35,7.54203,hybrid,BTC-USD,sell,1.15862,100000,86309.6,3.8918,323813,1.15862,1,0.800695,86400.4,-10.5186,9.99393,100.044,80144.9,19960.2,-10.5186,10.0044,-6.5095e-08,-0.514177,1.171e-08,0.00086363,-0.514176,-7.54203,31,107,0,30,42.1138,19.6088,0,89,11,0,4.13584,1.73608,4.18539,1.71145,3.0927,0.69301,4.14851,1.67438,5.26399,2.86347,6.6414,4.16629
latency_outage,volatile_thin,100000,hybrid|prints-only,40,0,True,"coinbase>=1,000,000",prints-only,9100000,10,2.67251,399625,2.02312,7.35,7.54203,hybrid,BTC-USD,buy,1.15862,100000,86309.6,3.8918,389143,1.15862,1,0.55448,86460,17.4208,12.4563,124.78,55533.9,44640.3,17.4208,12.478,0,29.8987,0,0,29.8987,7.54203,43,119,0,42,42.1543,0,0,112,0,0,-0.444487,-1.0643,-1.56086,-0.445038,1.85294,1.23377,-1.50179,-0.385945,2.60994,1.99056,0.56958,1.68523
latency_outage,volatile_thin,100000,hybrid|prints-only,40,0,True,"coinbase>=1,000,000",prints-only,9100000,10,2.67251,399625,2.02312,7.35,7.54203,hybrid,BTC-USD,sell,1.15862,100000,86309.6,3.8918,323813,1.15862,1,0.19215,86437.8,-14.8475,16.0782,161.02,19246.8,80901.7,-14.8475,16.102,-0,1.25451,0,0,1.25451,-7.54203,52,127,0,51,42.1246,0,0,108,0,0,3.43413,1.48508,-0.752796,0.0138352,-0.53737,-2.48531,-0.0388647,0.728003,0.213689,-1.73442,0.173115,0.940055
latency_outage,volatile_thin,100000,passive|lat250ms,250,0,True,"coinbase>=1,000,000",prints+quotes,9100000,10,2.67251,399625,2.02312,7.35,7.54203,passive,BTC-USD,buy,1.15862,100000,86309.6,3.8918,389143,1.03655,0.894646,1,86431.6,14.1365,8,71.6729,89591.1,0,12.6472,7.16729,0.794582,20.6091,0.200845,10545.3,22.7081,7.54203,55,108,0,55,59.6072,0,0,99,9,0,0.0885835,-0.342979,0.0885835,-0.342979,0.22082,-0.210839,0.22082,-0.210839,-5.55668,-5.98967,-5.55668,-5.98967
latency_outage,volatile_thin,100000,passive|lat250ms,250,0,True,"coinbase>=1,000,000",prints+quotes,9100000,10,2.67251,399625,2.02312,7.35,7.54203,passive,BTC-USD,sell,1.15862,100000,86309.6,3.8918,323813,1.15862,1,1,86352.9,-5.01698,8,80.0401,100050,0,-5.01698,8.00401,-0,2.98703,0,0,2.98703,-7.54203,7,20,0,6,6.1329,0,0,13,7,0,5.34722,0.0817659,5.34722,0.0817659,6.6985,1.43237,6.6985,1.43237,10.9402,5.67186,10.9402,5.67186
latency_outage,volatile_thin,100000,passive|lat40ms,40,0,True,"coinbase>=1,000,000",prints+quotes,9100000,10,2.67251,399625,2.02312,7.35,7.54203,passive,BTC-USD,buy,1.15862,100000,86309.6,3.8918,389143,0.928714,0.801569,1,86438.1,14.8884,8,64.221,80276.3,0,11.9341,6.4221,1.49657,19.8527,0.403802,19862.1,23.8317,7.54203,65,162,0,65,59.8075,0,0,157,5,0,-0.967095,-0.245615,-0.967095,-0.245615,-0.496851,0.224611,-0.496851,0.224611,-1.58034,-0.859149,-1.58034,-0.859149
latency_outage,volatile_thin,100000,passive|lat40ms,40,0,True,"coinbase>=1,000,000",prints+quotes,9100000,10,2.67251,399625,2.02312,7.35,7.54203,passive,BTC-USD,sell,1.15862,100000,86309.6,3.8918,323813,0.871781,0.752431,1,86384.5,-8.67439,8,60.2467,75308.4,0,-6.52688,6.02467,-1.86717,-2.36938,0.373114,24771.8,2.46266,-7.54203,73,156,0,73,60.0044,0,0,148,8,0.00019775,4.2698,2.04721,4.2698,2.04721,4.53875,2.31598,4.53875,2.31598,7.77891,5.55507,7.77891,5.55507
latency_outage,volatile_thin,100000,passive|lat5ms,5,0,True,"coinbase>=1,000,000",prints+quotes,9100000,10,2.67251,399625,2.02312,7.35,7.54203,passive,BTC-USD,buy,1.15862,100000,86309.6,3.8918,389143,0.977528,0.843701,1,86436.3,14.6735,8,67.5951,84493.9,0,12.38,6.75951,1.17882,20.3184,0.311933,15644.9,23.4464,7.54203,64,172,0,64,59.8075,0,0,164,8,0,-1.19569,-0.744759,-1.19569,-0.744759,-0.368842,0.0821337,-0.368842,0.0821337,-1.85255,-1.40181,-1.85255,-1.40181
latency_outage,volatile_thin,100000,passive|lat5ms,5,0,True,"coinbase>=1,000,000",prints+quotes,9100000,10,2.67251,399625,2.02312,7.35,7.54203,passive,BTC-USD,sell,1.15862,100000,86309.6,3.8918,323813,0.974416,0.841014,1,86416.1,-12.3335,8,67.3641,84205.2,0,-10.3727,6.73641,-1.19908,-4.83532,0.22928,15908.3,-1.74255,-7.54203,73,166,0,73,60.0044,0,0,155,11,0.00019775,3.42831,2.08174,3.42831,2.08174,2.31475,0.968257,2.31475,0.968257,3.90186,2.55485,3.90186,2.55485
latency_outage,volatile_thin,100000,passive|outage|cod,40,3,True,"coinbase>=1,000,000",prints+quotes,9100000,10,2.67251,399625,2.02312,7.35,7.54203,passive,BTC-USD,buy,1.15862,100000,86309.6,3.8918,389143,0.686433,0.592457,1,86432.6,14.2506,8,47.4641,59330.1,0,8.44287,4.74641,3.0737,16.263,0.894378,40794,24.5003,7.54203,50,119,0,46,59.8075,19.6088,0,114,5,0,-0.911936,-0.297224,-0.911936,-0.297224,-0.25248,0.362201,-0.25248,0.362201,-2.98599,-2.37154,-2.98599,-2.37154
latency_outage,volatile_thin,100000,passive|outage|cod,40,3,True,"coinbase>=1,000,000",prints+quotes,9100000,10,2.67251,399625,2.02312,7.35,7.54203,passive,BTC-USD,sell,1.15862,100000,86309.6,3.8918,323813,0.719808,0.621264,1,86371.8,-7.20874,8,49.7369,62171.1,0,-4.47853,4.97369,-2.85644,-2.36128,0.604811,37896.2,5.06484,-7.54203,52,101,0,48,60.0044,19.6088,0,93,8,0.00019775,5.46787,2.63775,5.46787,2.63775,5.45709,2.62669,5.45709,2.62669,9.11828,6.28654,9.11828,6.28654
latency_outage,volatile_thin,100000,passive|outage|no-cod,40,3,False,"coinbase>=1,000,000",prints+quotes,9100000,10,2.67251,399625,2.02312,7.35,7.54203,passive,BTC-USD,buy,1.15862,100000,86309.6,3.8918,389143,1.15862,1,1,86454.7,16.8116,8,80.1345,100168,0,16.8116,8.01345,-1.4454e-15,24.8251,0,0,24.8251,7.54203,16,67,0,15,26.6262,19.6088,0,59,8,0,0.400035,-0.739034,0.400035,-0.739034,-1.88974,-3.02908,-1.88974,-3.02908,1.75179,0.612921,1.75179,0.612921
latency_outage,volatile_thin,100000,passive|outage|no-cod,40,3,False,"coinbase>=1,000,000",prints+quotes,9100000,10,2.67251,399625,2.02312,7.35,7.54203,passive,BTC-USD,sell,1.15862,100000,86309.6,3.8918,323813,0.941819,0.81288,1,86391.4,-9.48092,8,65.0921,81365.1,0,-7.70685,6.50921,-1.41126,-2.6089,0.273415,18723.3,1.03471,-7.54203,50,142,0,50,60.0044,19.6088,0,131,11,0.00019775,4.10541,1.68161,4.10541,1.68161,4.06455,1.64057,4.06455,1.64057,6.67189,4.24695,6.67189,4.24695
latency_outage,volatile_thin,100000,passive|prints-only,40,0,True,"coinbase>=1,000,000",prints-only,9100000,10,2.67251,399625,2.02312,7.35,7.54203,passive,BTC-USD,buy,1.15862,100000,86309.6,3.8918,389143,0.815843,0.704151,1,86440.5,15.1683,8,56.4175,70521.9,0,10.6808,5.64175,2.23131,18.5538,0.627678,29613.5,24.512,7.54203,65,157,0,65,59.8075,0,0,157,0,0,-1.35179,-0.334609,-1.35179,-0.334609,-0.669796,0.34737,-0.669796,0.34737,-0.123532,0.893538,-0.123532,0.893538
latency_outage,volatile_thin,100000,passive|prints-only,40,0,True,"coinbase>=1,000,000",prints-only,9100000,10,2.67251,399625,2.02312,7.35,7.54203,passive,BTC-USD,sell,1.15862,100000,86309.6,3.8918,323813,0.236681,0.204278,1,86451,-16.3863,8,16.369,20461.3,0,-3.34737,1.6369,-6.00136,-7.71183,1.49182,79617.3,8.1111,-7.54203,73,148,0,73,60.0044,0,0,148,0,0.00019775,-0.777809,-0.00348715,-0.777809,-0.00348715,-0.126166,0.648375,-0.126166,0.648375,0.672067,1.44673,0.672067,1.44673
latency_outage,volatile_thin,100000,aggressive|lat250ms,250,0,True,"coinbase>=1,000,000",prints+quotes,9100001,10,2.59247,365808,2.3171,7.8,-26.0687,aggressive,BTC-USD,buy,1.15756,100000,86388.9,1.84862,291858,1.15756,1,0,86412.5,2.72767,18,180.049,0,100027,2.72767,18.0049,-2.25205e-07,20.7326,8.34e-09,0.00086172,20.7326,-26.0687,1,19,0,0,0.250359,0,0,0,0,0,2.28077,-0.203725,,,2.27845,-0.20604,,,15.6353,13.1541,,
latency_outage,volatile_thin,100000,aggressive|lat250ms,250,0,True,"coinbase>=1,000,000",prints+quotes,9100001,10,2.59247,365808,2.3171,7.8,-26.0687,aggressive,BTC-USD,sell,1.15756,100000,86388.9,1.84862,315335,1.15756,1,0,86350.6,4.43505,18,179.92,0,99955.6,4.43505,17.992,2.25205e-07,22.4271,8.34e-09,0.000861554,22.4271,26.0687,1,22,0,0,0.250359,0,0,0,0,0,4.88368,0.203725,,,4.886,0.20604,,,-8.48044,-13.1541,,
latency_outage,volatile_thin,100000,aggressive|lat40ms,40,0,True,"coinbase>=1,000,000",prints+quotes,9100001,10,2.59247,365808,2.3171,7.8,-26.0687,aggressive,BTC-USD,buy,1.15756,100000,86388.9,1.84862,291858,1.15756,1,0,86407.6,2.16481,18,180.039,0,100022,2.16481,18.0039,-2.25205e-07,20.1687,8.34e-09,0.00086172,20.1687,-26.0687,1,20,0,0,0.0400575,0,0,0,0,0,1.71815,-0.446238,,,1.64003,-0.524373,,,14.7633,12.6017,,
latency_outage,volatile_thin,100000,aggressive|lat40ms,40,0,True,"coinbase>=1,000,000",prints+quotes,9100001,10,2.59247,365808,2.3171,7.8,-26.0687,aggressive,BTC-USD,sell,1.15756,100000,86388.9,1.84862,315335,1.15756,1,0,86347,4.85079,18,179.913,0,99951.5,4.85079,17.9913,2.25205e-07,22.8421,8.34e-09,0.000861554,22.8421,26.0687,1,21,0,0,0.0400575,0,0,0,0,0,5.29984,0.446238,,,5.37801,0.524373,,,-7.75447,-12.6017,,
latency_outage,volatile_thin,100000,aggressive|lat5ms,5,0,True,"coinbase>=1,000,000",prints+quotes,9100001,10,2.59247,365808,2.3171,7.8,-26.0687,aggressive,BTC-USD,buy,1.15756,100000,86388.9,1.84862,291858,1.15756,1,0,86407.6,2.16481,18,180.039,0,100022,2.16481,18.0039,-2.25205e-07,20.1687,8.34e-09,0.00086172,20.1687,-26.0687,1,20,0,0,0.00500718,0,0,0,0,0,1.71815,-0.446238,,,1.64003,-0.524373,,,14.7633,12.6017,,
latency_outage,volatile_thin,100000,aggressive|lat5ms,5,0,True,"coinbase>=1,000,000",prints+quotes,9100001,10,2.59247,365808,2.3171,7.8,-26.0687,aggressive,BTC-USD,sell,1.15756,100000,86388.9,1.84862,315335,1.15756,1,0,86347,4.85079,18,179.913,0,99951.5,4.85079,17.9913,2.25205e-07,22.8421,8.34e-09,0.000861554,22.8421,26.0687,1,21,0,0,0.00500718,0,0,0,0,0,5.29984,0.446238,,,5.37801,0.524373,,,-7.75447,-12.6017,,
latency_outage,volatile_thin,100000,aggressive|outage|cod,40,3,True,"coinbase>=1,000,000",prints+quotes,9100001,10,2.59247,365808,2.3171,7.8,-26.0687,aggressive,BTC-USD,buy,1.15756,100000,86388.9,1.84862,291858,1.15756,1,0,86407.6,2.16481,18,180.039,0,100022,2.16481,18.0039,-2.25205e-07,20.1687,8.34e-09,0.00086172,20.1687,-26.0687,1,20,0,0,0.0400575,0.571193,0,0,0,0,1.71815,-0.446238,,,1.64003,-0.524373,,,14.7633,12.6017,,
latency_outage,volatile_thin,100000,aggressive|outage|cod,40,3,True,"coinbase>=1,000,000",prints+quotes,9100001,10,2.59247,365808,2.3171,7.8,-26.0687,aggressive,BTC-USD,sell,1.15756,100000,86388.9,1.84862,315335,1.15756,1,0,86347,4.85079,18,179.913,0,99951.5,4.85079,17.9913,2.25205e-07,22.8421,8.34e-09,0.000861554,22.8421,26.0687,1,21,0,0,0.0400575,0.571193,0,0,0,0,5.29984,0.446238,,,5.37801,0.524373,,,-7.75447,-12.6017,,
latency_outage,volatile_thin,100000,aggressive|outage|no-cod,40,3,False,"coinbase>=1,000,000",prints+quotes,9100001,10,2.59247,365808,2.3171,7.8,-26.0687,aggressive,BTC-USD,buy,1.15756,100000,86388.9,1.84862,291858,1.15756,1,0,86407.6,2.16481,18,180.039,0,100022,2.16481,18.0039,-2.25205e-07,20.1687,8.34e-09,0.00086172,20.1687,-26.0687,1,20,0,0,0.0400575,0.571193,0,0,0,0,1.71815,-0.446238,,,1.64003,-0.524373,,,14.7633,12.6017,,
latency_outage,volatile_thin,100000,aggressive|outage|no-cod,40,3,False,"coinbase>=1,000,000",prints+quotes,9100001,10,2.59247,365808,2.3171,7.8,-26.0687,aggressive,BTC-USD,sell,1.15756,100000,86388.9,1.84862,315335,1.15756,1,0,86347,4.85079,18,179.913,0,99951.5,4.85079,17.9913,2.25205e-07,22.8421,8.34e-09,0.000861554,22.8421,26.0687,1,21,0,0,0.0400575,0.571193,0,0,0,0,5.29984,0.446238,,,5.37801,0.524373,,,-7.75447,-12.6017,,
latency_outage,volatile_thin,100000,aggressive|prints-only,40,0,True,"coinbase>=1,000,000",prints-only,9100001,10,2.59247,365808,2.3171,7.8,-26.0687,aggressive,BTC-USD,buy,1.15756,100000,86388.9,1.84862,291858,1.15756,1,0,86407.6,2.16481,18,180.039,0,100022,2.16481,18.0039,-2.25205e-07,20.1687,8.34e-09,0.00086172,20.1687,-26.0687,1,20,0,0,0.0400575,0,0,0,0,0,1.71815,-0.446238,,,1.64003,-0.524373,,,14.7633,12.6017,,
latency_outage,volatile_thin,100000,aggressive|prints-only,40,0,True,"coinbase>=1,000,000",prints-only,9100001,10,2.59247,365808,2.3171,7.8,-26.0687,aggressive,BTC-USD,sell,1.15756,100000,86388.9,1.84862,315335,1.15756,1,0,86347,4.85079,18,179.913,0,99951.5,4.85079,17.9913,2.25205e-07,22.8421,8.34e-09,0.000861554,22.8421,26.0687,1,21,0,0,0.0400575,0,0,0,0,0,5.29984,0.446238,,,5.37801,0.524373,,,-7.75447,-12.6017,,
latency_outage,volatile_thin,100000,hybrid|lat250ms,250,0,True,"coinbase>=1,000,000",prints+quotes,9100001,10,2.59247,365808,2.3171,7.8,-26.0687,hybrid,BTC-USD,buy,1.15756,100000,86388.9,1.84862,291858,1.15756,1,0.470949,86220.9,-19.4481,13.2853,132.594,47055.5,52750,-19.4481,13.2594,-4.5041e-07,-6.18867,1.668e-08,0.00172344,-6.18867,-26.0687,35,104,1,33,42.5136,0,0,93,0,0,1.65906,1.09621,0.763462,1.77457,1.59177,1.02843,4.18753,5.19831,14.4724,13.9092,19.9371,20.9459
latency_outage,volatile_thin,100000,hybrid|lat250ms,250,0,True,"coinbase>=1,000,000",prints+quotes,9100001,10,2.59247,365808,2.3171,7.8,-26.0687,hybrid,BTC-USD,sell,1.15756,100000,86388.9,1.84862,315335,1.15756,1,0.219784,86151.4,27.4897,15.7982,157.548,21957.5,77767.6,27.4897,15.7548,2.25205e-07,43.2445,8.34e-09,0.000861554,43.2445,26.0687,37,78,0,36,42.4442,0,0,63,3,0,0.0365453,-0.914083,-2.70735,-2.18453,2.19989,1.24888,-4.13979,-3.61716,-8.43008,-9.37999,-15.8343,-15.3117
latency_outage,volatile_thin,100000,hybrid|lat40ms,40,0,True,"coinbase>=1,000,000",prints+quotes,9100001,10,2.59247,365808,2.3171,7.8,-26.0687,hybrid,BTC-USD,buy,1.15756,100000,86388.9,1.84862,291858,1.15756,1,1,86288.6,-11.6135,8,79.9071,99883.9,0,-11.6135,7.99071,-2.25205e-07,-3.62277,8.34e-09,0.00086172,-3.62277,-26.0687,30,109,0,29,32.9,0,0,104,5,0,6.75504,1.48507,6.75504,1.48507,6.44063,1.16779,6.44063,1.16779,15.6844,10.4118,15.6844,10.4118
latency_outage,volatile_thin,100000,hybrid|lat40ms,40,0,True,"coinbase>=1,000,000",prints+quotes,9100001,10,2.59247,365808,2.3171,7.8,-26.0687,hybrid,BTC-USD,sell,1.15756,100000,86388.9,1.84862,315335,1.15756,1,0.301446,86157,26.846,14.9815,149.413,30104,69627.5,26.846,14.9413,0,41.7873,0,0,41.7873,26.0687,42,112,0,41,42.1376,0,0,103,0,0,-0.118135,-0.737271,-2.70946,-1.46362,1.411,0.791507,-4.32991,-3.08429,-6.79925,-7.41826,-12.4435,-11.1991
latency_outage,volatile_thin,100000,hybrid|lat5ms,5,0,True,"coinbase>=1,000,000",prints+quotes,9100001,10,2.59247,365808,2.3171,7.8,-26.0687,hybrid,BTC-USD,buy,1.15756,100000,86388.9,1.84862,291858,1.15756,1,1,86288.6,-11.6086,8,79.9071,99883.9,0,-11.6086,7.99071,-4.5041e-07,-3.61792,1.668e-08,0.00172344,-3.61792,-26.0687,31,116,0,30,32.9,0,0,111,5,0,6.71343,1.61921,6.71343,1.61921,6.40583,1.30882,6.40583,1.30882,15.6902,10.5934,15.6902,10.5934
latency_outage,volatile_thin,100000,hybrid|lat5ms,5,0,True,"coinbase>=1,000,000",prints+quotes,9100001,10,2.59247,365808,2.3171,7.8,-26.0687,hybrid,BTC-USD,sell,1.15756,100000,86388.9,1.84862,315335,1.15756,1,0.441141,86192.7,22.7092,13.5831,135.523,44068.6,55704.3,22.7092,13.5523,2.25205e-07,36.2615,8.34e-09,0.000861554,36.2615,26.0687,44,113,0,43,42.1041,0,0,103,3,0,-0.358641,-0.725587,-1.92303,-1.10787,0.131862,-0.235406,-4.47008,-3.65518,-9.46714,-9.83413,-15.7757,-14.9616
latency_outage,volatile_thin,100000,hybrid|outage|cod,40,3,True,"coinbase>=1,000,000",prints+quotes,9100001,10,2.59247,365808,2.3171,7.8,-26.0687,hybrid,BTC-USD,buy,1.15756,100000,86388.9,1.84862,291858,1.15756,1,1,86288.5,-11.6241,8,79.907,99883.8,0,-11.6241,7.9907,-4.5041e-07,-3.63341,1.668e-08,0.00172344,-3.63341,-26.0687,31,108,0,29,32.9,0.571193,0,103,5,0,6.78127,1.48573,6.78127,1.48573,6.45426,1.15584,6.45426,1.15584,15.6913,10.3931,15.6913,10.3931
latency_outage,volatile_thin,100000,hybrid|outage|cod,40,3,True,"coinbase>=1,000,000",prints+quotes,9100001,10,2.59247,365808,2.3171,7.8,-26.0687,hybrid,BTC-USD,sell,1.15756,100000,86388.9,1.84862,315335,1.15756,1,0.30134,86156.8,26.8691,14.9826,149.423,30093.2,69638.1,26.8691,14.9423,0,41.8114,0,0,41.8114,26.0687,44,110,0,42,42.1364,0.571193,0,101,0,0,-0.0969376,-0.737185,-2.64066,-1.4637,1.43305,0.792453,-4.25985,-3.0831,-6.77776,-7.41788,-12.3753,-11.1997
latency_outage,volatile_thin,100000,hybrid|outage|no-cod,40,3,False,"coinbase>=1,000,000",prints+quotes,9100001,10,2.59247,365808,2.3171,7.8,-26.0687,hybrid,BTC-USD,buy,1.15756,100000,86388.9,1.84862,291858,1.15756,1,1,86288.6,-11.6135,8,79.9071,99883.9,0,-11.6135,7.99071,-2.25205e-07,-3.62277,8.34e-09,0.00086172,-3.62277,-26.0687,30,109,0,29,32.9,0.571193,0,104,5,0,6.75504,1.48507,6.75504,1.48507,6.44063,1.16779,6.44063,1.16779,15.6844,10.4118,15.6844,10.4118
latency_outage,volatile_thin,100000,hybrid|outage|no-cod,40,3,False,"coinbase>=1,000,000",prints+quotes,9100001,10,2.59247,365808,2.3171,7.8,-26.0687,hybrid,BTC-USD,sell,1.15756,100000,86388.9,1.84862,315335,1.15756,1,0.301446,86157,26.846,14.9815,149.413,30104,69627.5,26.846,14.9413,0,41.7873,0,0,41.7873,26.0687,42,112,0,41,42.1376,0.571193,0,103,0,0,-0.118135,-0.737271,-2.70946,-1.46362,1.411,0.791507,-4.32991,-3.08429,-6.79925,-7.41826,-12.4435,-11.1991
latency_outage,volatile_thin,100000,hybrid|prints-only,40,0,True,"coinbase>=1,000,000",prints-only,9100001,10,2.59247,365808,2.3171,7.8,-26.0687,hybrid,BTC-USD,buy,1.15756,100000,86388.9,1.84862,291858,1.15756,1,0.492402,86224.3,-19.0584,13.0707,130.458,49198.9,50610.5,-19.0584,13.0458,-2.25205e-07,-6.01258,8.34e-09,0.00086172,-6.01258,-26.0687,42,133,0,41,42.1376,0,0,122,0,0,1.43228,0.936199,0.61128,1.46438,1.71458,1.21806,4.16103,5.01378,13.6329,13.1364,19.8616,20.7129
latency_outage,volatile_thin,100000,hybrid|prints-only,40,0,True,"coinbase>=1,000,000",prints-only,9100001,10,2.59247,365808,2.3171,7.8,-26.0687,hybrid,BTC-USD,sell,1.15756,100000,86388.9,1.84862,315335,1.15756,1,0.301446,86157,26.846,14.9815,149.413,30104,69627.5,26.846,14.9413,0,41.7873,0,0,41.7873,26.0687,42,112,0,41,42.1376,0,0,103,0,0,-0.118135,-0.737271,-2.70946,-1.46362,1.411,0.791507,-4.32991,-3.08429,-6.79925,-7.41826,-12.4435,-11.1991
latency_outage,volatile_thin,100000,passive|lat250ms,250,0,True,"coinbase>=1,000,000",prints+quotes,9100001,10,2.59247,365808,2.3171,7.8,-26.0687,passive,BTC-USD,buy,1.15756,100000,86388.9,1.84862,291858,1.12074,0.968197,1,86261,-14.8052,8,77.3411,96676.3,0,-14.3344,7.73411,-0.829071,-7.42933,0.0307029,3172.34,-6.8276,-26.0687,50,121,1,49,59.6046,0,0,117,4,0,2.08983,2.17812,2.08983,2.17812,4.72997,4.81821,4.72997,4.81821,20.8969,20.9849,20.8969,20.9849
latency_outage,volatile_thin,100000,passive|lat250ms,250,0,True,"coinbase>=1,000,000",prints+quotes,9100001,10,2.59247,365808,2.3171,7.8,-26.0687,passive,BTC-USD,sell,1.15756,100000,86388.9,1.84862,315335,0.670329,0.57909,1,86216.2,19.9884,8,46.2346,57793.2,0,11.5751,4.62346,10.9726,27.1711,0.89196,41972.4,35.6181,26.0687,50,115,0,50,59.7101,0,0,105,10,0,0.648063,0.604345,0.648063,0.604345,2.17253,2.12871,2.17253,2.12871,-19.0111,-19.0539,-19.0111,-19.0539
latency_outage,volatile_thin,100000,passive|lat40ms,40,0,True,"coinbase>=1,000,000",prints+quotes,9100001,10,2.59247,365808,2.3171,7.8,-26.0687,passive,BTC-USD,buy,1.15756,100000,86388.9,1.84862,291858,1.15756,1,1,86288.6,-11.6135,8,79.9071,99883.9,0,-11.6135,7.99071,-2.25205e-07,-3.62277,8.34e-09,0.00086172,-3.62277,-26.0687,30,109,0,29,32.9,0,0,104,5,0,6.75504,1.48507,6.75504,1.48507,6.44063,1.16779,6.44063,1.16779,15.6844,10.4118,15.6844,10.4118
latency_outage,volatile_thin,100000,passive|lat40ms,40,0,True,"coinbase>=1,000,000",prints+quotes,9100001,10,2.59247,365808,2.3171,7.8,-26.0687,passive,BTC-USD,sell,1.15756,100000,86388.9,1.84862,315335,0.629642,0.543941,1,86218.1,19.7761,8,43.4292,54286.5,0,10.757,4.34292,11.8889,26.9888,0.994865,45477.1,36.1696,26.0687,60,156,0,60,59.7101,0,0,154,2,0,-0.709823,0.0411317,-0.709823,0.0411317,0.353697,1.10457,0.353697,1.10457,-15.1264,-14.376,-15.1264,-14.376
latency_outage,volatile_thin,100000,passive|lat5ms,5,0,True,"coinbase>=1,000,000",prints+quotes,9100001,10,2.59247,365808,2.3171,7.8,-26.0687,passive,BTC-USD,buy,1.15756,100000,86388.9,1.84862,291858,1.15756,1,1,86288.6,-11.6086,8,79.9071,99883.9,0,-11.6086,7.99071,-4.5041e-07,-3.61792,1.668e-08,0.00172344,-3.61792,-26.0687,31,116,0,30,32.9,0,0,111,5,0,6.71343,1.61921,6.71343,1.61921,6.40583,1.30882,6.40583,1.30882,15.6902,10.5934,15.6902,10.5934
latency_outage,volatile_thin,100000,passive|lat5ms,5,0,True,"coinbase>=1,000,000",prints+quotes,9100001,10,2.59247,365808,2.3171,7.8,-26.0687,passive,BTC-USD,sell,1.15756,100000,86388.9,1.84862,315335,0.761291,0.657671,1,86258.2,15.1242,8,52.5341,65667.7,0,9.94676,5.25341,8.92408,24.1243,0.678683,34136.8,30.9476,26.0687,63,153,0,63,59.7101,0,0,149,4,0,-0.923343,-0.182897,-0.923343,-0.182897,-2.28699,-1.54679,-2.28699,-1.54679,-16.622,-15.8826,-16.622,-15.8826
latency_outage,volatile_thin,100000,passive|outage|cod,40,3,True,"coinbase>=1,000,000",prints+quotes,9100001,10,2.59247,365808,2.3171,7.8,-26.0687,passive,BTC-USD,buy,1.15756,100000,86388.9,1.84862,291858,1.15756,1,1,86288.5,-11.6241,8,79.907,99883.8,0,-11.6241,7.9907,-4.5041e-07,-3.63341,1.668e-08,0.00172344,-3.63341,-26.0687,31,108,0,29,32.9,0.571193,0,103,5,0,6.78127,1.48573,6.78127,1.48573,6.45426,1.15584,6.45426,1.15584,15.6913,10.3931,15.6913,10.3931
latency_outage,volatile_thin,100000,passive|outage|cod,40,3,True,"coinbase>=1,000,000",prints+quotes,9100001,10,2.59247,365808,2.3171,7.8,-26.0687,passive,BTC-USD,sell,1.15756,100000,86388.9,1.84862,315335,0.636208,0.549613,1,86218,19.783,8,43.8821,54852.6,0,10.873,4.38821,11.741,27.0022,0.977017,44911.5,36.0633,26.0687,63,153,0,62,59.7101,0.571193,0,151,2,0,-0.67733,0.0425166,-0.67733,0.0425166,0.287836,1.0076,0.287836,1.0076,-15.1239,-14.4046,-15.1239,-14.4046
latency_outage,volatile_thin,100000,passive|outage|no-cod,40,3,False,"coinbase>=1,000,000",prints+quotes,9100001,10,2.59247,365808,2.3171,7.8,-26.0687,passive,BTC-USD,buy,1.15756,100000,86388.9,1.84862,291858,1.15756,1,1,86288.6,-11.6135,8,79.9071,99883.9,0,-11.6135,7.99071,-2.25205e-07,-3.62277,8.34e-09,0.00086172,-3.62277,-26.0687,30,109,0,29,32.9,0.571193,0,104,5,0,6.75504,1.48507,6.75504,1.48507,6.44063,1.16779,6.44063,1.16779,15.6844,10.4118,15.6844,10.4118
latency_outage,volatile_thin,100000,passive|outage|no-cod,40,3,False,"coinbase>=1,000,000",prints+quotes,9100001,10,2.59247,365808,2.3171,7.8,-26.0687,passive,BTC-USD,sell,1.15756,100000,86388.9,1.84862,315335,0.629642,0.543941,1,86218.1,19.7761,8,43.4292,54286.5,0,10.757,4.34292,11.8889,26.9888,0.994865,45477.1,36.1696,26.0687,60,156,0,60,59.7101,0.571193,0,154,2,0,-0.709823,0.0411317,-0.709823,0.0411317,0.353697,1.10457,0.353697,1.10457,-15.1264,-14.376,-15.1264,-14.376
latency_outage,volatile_thin,100000,passive|prints-only,40,0,True,"coinbase>=1,000,000",prints-only,9100001,10,2.59247,365808,2.3171,7.8,-26.0687,passive,BTC-USD,buy,1.15756,100000,86388.9,1.84862,291858,0.650258,0.561751,1,86297.4,-10.5896,8,44.8925,56115.6,0,-5.94869,4.48925,-11.4246,-12.884,0.944128,43720.1,-4.0703,-26.0687,62,155,0,62,59.6046,0,0,155,0,0,0.479606,1.3678,0.479606,1.3678,3.33219,4.22012,3.33219,4.22012,20.0179,20.9043,20.0179,20.9043
latency_outage,volatile_thin,100000,passive|prints-only,40,0,True,"coinbase>=1,000,000",prints-only,9100001,10,2.59247,365808,2.3171,7.8,-26.0687,passive,BTC-USD,sell,1.15756,100000,86388.9,1.84862,315335,0.533163,0.460594,1,86226.6,18.7897,8,36.7783,45972.8,0,8.65443,3.67783,14.0616,26.3939,1.26223,53787.4,37.3379,26.0687,60,154,0,60,59.7101,0,0,154,0,0,-1.51045,-0.442972,-1.51045,-0.442972,-0.939775,0.127672,-0.939775,0.127672,-13.3292,-12.263,-13.3292,-12.263
latency_outage,volatile_thin,100000,aggressive|lat250ms,250,0,True,"coinbase>=1,000,000",prints+quotes,9100002,10,2.48203,355651,2.26905,7.78333,-47.6589,aggressive,BTC-USD,buy,1.15944,100000,86248.4,2.44758,296404,1.15944,1,0,86275.4,3.13107,18,180.056,0,100031,3.13107,18.0056,9.12714e-15,21.1367,0,0,21.1367,-47.6589,1,19,0,0,0.580812,0,0,0,0,0,5.94527,1.49762,,,2.97281,-1.47616,,,15.095,10.6515,,
latency_outage,volatile_thin,100000,aggressive|lat250ms,250,0,True,"coinbase>=1,000,000",prints+quotes,9100002,10,2.48203,355651,2.26905,7.78333,-47.6589,aggressive,BTC-USD,sell,1.15944,100000,86248.4,2.44758,260406,1.15944,1,0,86220.1,3.27973,18,179.941,0,99967.2,3.27973,17.9941,9.12714e-15,21.2738,0,0,21.2738,47.6589,1,24,0,0,0.580812,0,0,0,0,0,0.463634,-1.49762,,,3.438,1.47616,,,-8.692,-10.6515,,
latency_outage,volatile_thin,100000,aggressive|lat40ms,40,0,True,"coinbase>=1,000,000",prints+quotes,9100002,10,2.48203,355651,2.26905,7.78333,-47.6589,aggressive,BTC-USD,buy,1.15944,100000,86248.4,2.44758,296404,1.15944,1,0,86282.4,3.9487,18,180.071,0,100039,3.9487,18.0071,-9.12714e-15,21.9558,0,0,21.9558,-47.6589,1,19,0,0,0.328407,0,0,0,0,0,6.54419,2.59831,,,3.91156,-0.035363,,,15.9111,11.9689,,
latency_outage,volatile_thin,100000,aggressive|lat40ms,40,0,True,"coinbase>=1,000,000",prints+quotes,9100002,10,2.48203,355651,2.26905,7.78333,-47.6589,aggressive,BTC-USD,sell,1.15944,100000,86248.4,2.44758,260406,1.15944,1,0,86231.7,1.93642,18,179.965,0,99980.6,1.93642,17.9965,0,19.9329,0,0,19.9329,47.6589,1,19,0,0,0.328407,0,0,0,0,0,-0.662011,-2.59831,,,1.97217,0.035363,,,-10.0344,-11.9689,,
latency_outage,volatile_thin,100000,aggressive|lat5ms,5,0,True,"coinbase>=1,000,000",prints+quotes,9100002,10,2.48203,355651,2.26905,7.78333,-47.6589,aggressive,BTC-USD,buy,1.15944,100000,86248.4,2.44758,296404,1.15944,1,0,86286.7,4.4412,18,180.08,0,100044,4.4412,18.008,-0,22.4492,0,0,22.4492,-47.6589,1,21,0,0,0.28634,0,0,0,0,0,6.4062,1.96815,,,4.40357,-0.035363,,,16.4025,11.9689,,
latency_outage,volatile_thin,100000,aggressive|lat5ms,5,0,True,"coinbase>=1,000,000",prints+quotes,9100002,10,2.48203,355651,2.26905,7.78333,-47.6589,aggressive,BTC-USD,sell,1.15944,100000,86248.4,2.44758,260406,1.15944,1,0,86231.5,1.95384,18,179.965,0,99980.5,1.95384,17.9965,0,19.9503,0,0,19.9503,47.6589,1,19,0,0,0.28634,0,0,0,0,0,-0.0142982,-1.96815,,,1.98961,0.035363,,,-10.017,-11.9689,,
latency_outage,volatile_thin,100000,aggressive|outage|cod,40,3,True,"coinbase>=1,000,000",prints+quotes,9100002,10,2.48203,355651,2.26905,7.78333,-47.6589,aggressive,BTC-USD,buy,1.15944,100000,86248.4,2.44758,296404,1.15944,1,0,86282.4,3.9487,18,180.071,0,100039,3.9487,18.0071,-9.12714e-15,21.9558,0,0,21.9558,-47.6589,1,19,0,0,0.328407,10.3679,0,0,0,0,6.54419,2.59831,,,3.91156,-0.035363,,,15.9111,11.9689,,
latency_outage,volatile_thin,100000,aggressive|outage|cod,40,3,True,"coinbase>=1,000,000",prints+quotes,9100002,10,2.48203,355651,2.26905,7.78333,-47.6589,aggressive,BTC-USD,sell,1.15944,100000,86248.4,2.44758,260406,1.15944,1,0,86231.7,1.93642,18,179.965,0,99980.6,1.93642,17.9965,0,19.9329,0,0,19.9329,47.6589,1,19,0,0,0.328407,10.3679,0,0,0,0,-0.662011,-2.59831,,,1.97217,0.035363,,,-10.0344,-11.9689,,
latency_outage,volatile_thin,100000,aggressive|outage|no-cod,40,3,False,"coinbase>=1,000,000",prints+quotes,9100002,10,2.48203,355651,2.26905,7.78333,-47.6589,aggressive,BTC-USD,buy,1.15944,100000,86248.4,2.44758,296404,1.15944,1,0,86282.4,3.9487,18,180.071,0,100039,3.9487,18.0071,-9.12714e-15,21.9558,0,0,21.9558,-47.6589,1,19,0,0,0.328407,10.3679,0,0,0,0,6.54419,2.59831,,,3.91156,-0.035363,,,15.9111,11.9689,,
latency_outage,volatile_thin,100000,aggressive|outage|no-cod,40,3,False,"coinbase>=1,000,000",prints+quotes,9100002,10,2.48203,355651,2.26905,7.78333,-47.6589,aggressive,BTC-USD,sell,1.15944,100000,86248.4,2.44758,260406,1.15944,1,0,86231.7,1.93642,18,179.965,0,99980.6,1.93642,17.9965,0,19.9329,0,0,19.9329,47.6589,1,19,0,0,0.328407,10.3679,0,0,0,0,-0.662011,-2.59831,,,1.97217,0.035363,,,-10.0344,-11.9689,,
latency_outage,volatile_thin,100000,aggressive|prints-only,40,0,True,"coinbase>=1,000,000",prints-only,9100002,10,2.48203,355651,2.26905,7.78333,-47.6589,aggressive,BTC-USD,buy,1.15944,100000,86248.4,2.44758,296404,1.15944,1,0,86282.4,3.9487,18,180.071,0,100039,3.9487,18.0071,-9.12714e-15,21.9558,0,0,21.9558,-47.6589,1,19,0,0,0.328407,0,0,0,0,0,6.54419,2.59831,,,3.91156,-0.035363,,,15.9111,11.9689,,
latency_outage,volatile_thin,100000,aggressive|prints-only,40,0,True,"coinbase>=1,000,000",prints-only,9100002,10,2.48203,355651,2.26905,7.78333,-47.6589,aggressive,BTC-USD,sell,1.15944,100000,86248.4,2.44758,260406,1.15944,1,0,86231.7,1.93642,18,179.965,0,99980.6,1.93642,17.9965,0,19.9329,0,0,19.9329,47.6589,1,19,0,0,0.328407,0,0,0,0,0,-0.662011,-2.59831,,,1.97217,0.035363,,,-10.0344,-11.9689,,
latency_outage,volatile_thin,100000,hybrid|lat250ms,250,0,True,"coinbase>=1,000,000",prints+quotes,9100002,10,2.48203,355651,2.26905,7.78333,-47.6589,hybrid,BTC-USD,buy,1.15944,100000,86248.4,2.44758,296404,1.15944,1,0.825012,86139.8,-12.5935,9.74913,97.3685,82404.8,17469.3,-12.5935,9.73685,-4.1105e-07,-2.85666,7.535e-09,0.000858449,-2.85666,-47.6589,41,109,0,40,43.0461,0,0,93,12,0,1.94989,0.102654,1.89638,0.0322806,2.31662,0.469593,0.898714,-0.965384,31.794,29.9521,30.9177,29.0589
latency_outage,volatile_thin,100000,hybrid|lat250ms,250,0,True,"coinbase>=1,000,000",prints+quotes,9100002,10,2.48203,355651,2.26905,7.78333,-47.6589,hybrid,BTC-USD,sell,1.15944,100000,86248.4,2.44758,260406,1.15944,1,1,86243.7,0.541674,8,79.9957,99994.6,0,0.541674,7.99957,0,8.54124,0,0,8.54124,47.6589,29,84,0,28,36.5,0,0,75,9,0,2.09904,0.767227,2.09904,0.767227,1.96801,0.636334,1.96801,0.636334,-18.3994,-19.7284,-18.3994,-19.7284
latency_outage,volatile_thin,100000,hybrid|lat40ms,40,0,True,"coinbase>=1,000,000",prints+quotes,9100002,10,2.48203,355651,2.26905,7.78333,-47.6589,hybrid,BTC-USD,buy,1.15944,100000,86248.4,2.44758,296404,1.15944,1,0.441203,86132.4,-13.4481,13.5872,135.689,44069,55796.5,-13.4481,13.5689,-0,0.120774,0,0,0.120774,-47.6589,45,131,0,44,42.1108,0,0,113,6,0,2.16493,-0.21827,0.145925,-0.727896,6.96677,4.58481,4.86813,3.99492,36.0744,33.6996,33.6435,32.7731
latency_outage,volatile_thin,100000,hybrid|lat40ms,40,0,True,"coinbase>=1,000,000",prints+quotes,9100002,10,2.48203,355651,2.26905,7.78333,-47.6589,hybrid,BTC-USD,sell,1.15944,100000,86248.4,2.44758,260406,1.15944,1,1,86179.3,8.00323,8,79.936,99920,0,8.00323,7.9936,0,15.9968,0,0,15.9968,47.6589,40,111,0,40,39.1,0,0,103,8,0,-0.511601,-1.91616,-0.511601,-1.91616,-2.61386,-4.01769,-2.61386,-4.01769,-29.5198,-30.9189,-29.5198,-30.9189
latency_outage,volatile_thin,100000,hybrid|lat5ms,5,0,True,"coinbase>=1,000,000",prints+quotes,9100002,10,2.48203,355651,2.26905,7.78333,-47.6589,hybrid,BTC-USD,buy,1.15944,100000,86248.4,2.44758,296404,1.15944,1,0.329398,86131.2,-13.5801,14.7053,146.853,32902.1,66962.1,-13.5801,14.6853,-4.1105e-07,1.10526,7.535e-09,0.000858449,1.10526,-47.6589,48,134,0,47,42.039,0,0,117,3,0,3.12648,0.461251,1.34035,1.02547,7.08688,4.42284,4.34403,4.02933,36.5298,33.8738,33.0527,32.7393
latency_outage,volatile_thin,100000,hybrid|lat5ms,5,0,True,"coinbase>=1,000,000",prints+quotes,9100002,10,2.48203,355651,2.26905,7.78333,-47.6589,hybrid,BTC-USD,sell,1.15944,100000,86248.4,2.44758,260406,1.15944,1,0.440707,86150.4,11.3584,13.5879,135.725,44070.7,55815.7,11.3584,13.5725,4.1105e-07,24.9309,7.535e-09,0.000858298,24.9309,47.6589,46,122,0,45,42.0399,0,0,106,2,0,0.994983,0.190452,0.1083,0.665805,-1.21949,-2.02351,0.709152,1.26675,-26.9094,-27.7108,-19.7387,-19.1823
latency_outage,volatile_thin,100000,hybrid|outage|cod,40,3,True,"coinbase>=1,000,000",prints+quotes,9100002,10,2.48203,355651,2.26905,7.78333,-47.6589,hybrid,BTC-USD,buy,1.15944,100000,86248.4,2.44758,296404,1.15944,1,0.29957,86129.1,-13.8273,15.0038,149.83,29920.7,69941,-13.8273,14.983,-4.1105e-07,1.15576,7.535e-09,0.000858449,1.15576,-47.6589,43,115,2,38,42.058,10.3679,0,96,4,0,3.30484,0.321038,1.48729,0.641188,7.48027,4.4978,5.0668,4.22112,37.3496,34.3761,35.0903,34.2473
latency_outage,volatile_thin,100000,hybrid|outage|cod,40,3,True,"coinbase>=1,000,000",prints+quotes,9100002,10,2.48203,355651,2.26905,7.78333,-47.6589,hybrid,BTC-USD,sell,1.15944,100000,86248.4,2.44758,260406,1.15944,1,0.541042,86149,11.5179,12.5856,125.711,54081.9,45802.9,11.5179,12.5711,4.1105e-07,24.0889,7.535e-09,0.000858298,24.0889,47.6589,40,100,0,37,42.1516,10.3679,0,83,5,0,1.53745,0.654136,1.46041,1.36521,-0.987517,-1.8703,0.922453,0.827477,-27.356,-28.2359,-22.8864,-22.9805
latency_outage,volatile_thin,100000,hybrid|outage|no-cod,40,3,False,"coinbase>=1,000,000",prints+quotes,9100002,10,2.48203,355651,2.26905,7.78333,-47.6589,hybrid,BTC-USD,buy,1.15944,100000,86248.4,2.44758,296404,1.15944,1,1,86216,-3.75583,8,79.97,99962.4,0,-3.75583,7.997,-0,4.24117,0,0,4.24117,-47.6589,19,66,0,18,20.4,10.3679,0,56,10,0,1.62347,-0.896108,1.62347,-0.896108,5.4073,2.88871,5.4073,2.88871,25.7156,23.2022,25.7156,23.2022
latency_outage,volatile_thin,100000,hybrid|outage|no-cod,40,3,False,"coinbase>=1,000,000",prints+quotes,9100002,10,2.48203,355651,2.26905,7.78333,-47.6589,hybrid,BTC-USD,sell,1.15944,100000,86248.4,2.44758,260406,1.15944,1,0.385271,86144.1,12.0943,14.1422,141.251,38531.5,61347.5,12.0943,14.1251,0,26.2194,0,0,26.2194,47.6589,40,105,0,39,42.1571,10.3679,0,88,2,0,1.02729,0.0318638,-0.165668,0.376469,-1.72752,-2.72232,0.450342,0.99258,-27.3638,-28.3555,-19.2026,-18.6614
latency_outage,volatile_thin,100000,hybrid|prints-only,40,0,True,"coinbase>=1,000,000",prints-only,9100002,10,2.48203,355651,2.26905,7.78333,-47.6589,hybrid,BTC-USD,buy,1.15944,100000,86248.4,2.44758,296404,1.15944,1,0.119284,86133.1,-13.3702,16.8064,167.839,11919.8,87946.5,-13.3702,16.7839,-8.221e-07,3.41373,1.507e-08,0.0017169,3.41373,-47.6589,45,131,0,44,42.1108,0,0,113,0,0,3.93242,0.291224,0.272926,1.08207,8.49061,4.85121,2.5703,3.37926,37.0455,33.4168,25.1209,25.928
latency_outage,volatile_thin,100000,hybrid|prints-only,40,0,True,"coinbase>=1,000,000",prints-only,9100002,10,2.48203,355651,2.26905,7.78333,-47.6589,hybrid,BTC-USD,sell,1.15944,100000,86248.4,2.44758,260406,1.15944,1,0.318401,86125.9,14.1978,14.8117,147.907,31837.5,68020.5,14.1978,14.7907,4.1105e-07,28.9885,7.535e-09,0.000858298,28.9885,47.6589,44,122,0,43,42.1635,0,0,106,0,0,1.11256,0.104055,-0.414788,0.720932,-1.84895,-2.85674,0.70372,1.83957,-28.5067,-29.5112,-20.1127,-18.9792
latency_outage,volatile_thin,100000,passive|lat250ms,250,0,True,"coinbase>=1,000,000",prints+quotes,9100002,10,2.48203,355651,2.26905,7.78333,-47.6589,passive,BTC-USD,buy,1.15944,100000,86248.4,2.44758,296404,1.15944,1,1,86133.7,-13.2974,8,79.8936,99867,0,-13.2974,7.98936,-4.1105e-07,-5.30807,7.535e-09,0.000858449,-5.30807,-47.6589,44,116,0,43,47,0,0,102,14,0,2.40358,0.551654,2.40358,0.551654,3.02728,1.17561,3.02728,1.17561,31.193,29.3463,31.193,29.3463
latency_outage,volatile_thin,100000,passive|lat250ms,250,0,True,"coinbase>=1,000,000",prints+quotes,9100002,10,2.48203,355651,2.26905,7.78333,-47.6589,passive,BTC-USD,sell,1.15944,100000,86248.4,2.44758,260406,1.15944,1,1,86243.7,0.541674,8,79.9957,99994.6,0,0.541674,7.99957,0,8.54124,0,0,8.54124,47.6589,29,84,0,28,36.5,0,0,75,9,0,2.09904,0.767227,2.09904,0.767227,1.96801,0.636334,1.96801,0.636334,-18.3994,-19.7284,-18.3994,-19.7284
latency_outage,volatile_thin,100000,passive|lat40ms,40,0,True,"coinbase>=1,000,000",prints+quotes,9100002,10,2.48203,355651,2.26905,7.78333,-47.6589,passive,BTC-USD,buy,1.15944,100000,86248.4,2.44758,296404,1.15944,1,1,86023.3,-26.0962,8,79.7912,99739,0,-26.0962,7.97912,-0,-18.1171,0,0,-18.1171,-47.6589,64,193,0,63,59.5,0,0,181,12,0,2.40914,0.816902,2.40914,0.816902,5.93106,4.33948,5.93106,4.33948,26.4757,24.887,26.4757,24.887
latency_outage,volatile_thin,100000,passive|lat40ms,40,0,True,"coinbase>=1,000,000",prints+quotes,9100002,10,2.48203,355651,2.26905,7.78333,-47.6589,passive,BTC-USD,sell,1.15944,100000,86248.4,2.44758,260406,1.15944,1,1,86179.3,8.00323,8,79.936,99920,0,8.00323,7.9936,0,15.9968,0,0,15.9968,47.6589,40,111,0,40,39.1,0,0,103,8,0,-0.511601,-1.91616,-0.511601,-1.91616,-2.61386,-4.01769,-2.61386,-4.01769,-29.5198,-30.9189,-29.5198,-30.9189
latency_outage,volatile_thin,100000,passive|lat5ms,5,0,True,"coinbase>=1,000,000",prints+quotes,9100002,10,2.48203,355651,2.26905,7.78333,-47.6589,passive,BTC-USD,buy,1.15944,100000,86248.4,2.44758,296404,1.15944,1,1,85996,-29.2626,8,79.7659,99707.4,0,-29.2626,7.97659,-0,-21.286,0,0,-21.286,-47.6589,67,195,0,67,59.1,0,0,186,9,0,3.31617,1.78385,3.31617,1.78385,5.85257,4.32072,5.85257,4.32072,24.4726,22.9431,24.4726,22.9431
latency_outage,volatile_thin,100000,passive|lat5ms,5,0,True,"coinbase>=1,000,000",prints+quotes,9100002,10,2.48203,355651,2.26905,7.78333,-47.6589,passive,BTC-USD,sell,1.15944,100000,86248.4,2.44758,260406,0.902683,0.77855,1,86087.3,18.6775,8,62.1677,77709.6,0,14.5414,6.21677,10.5541,31.3122,0.302178,22036.5,35.5809,47.6589,67,155,0,67,60.4007,0,0,153,2,0.282379,0.145594,0.894843,0.145594,0.894843,-0.380457,0.368724,-0.380457,0.368724,-16.9785,-16.2305,-16.9785,-16.2305
latency_outage,volatile_thin,100000,passive|outage|cod,40,3,True,"coinbase>=1,000,000",prints+quotes,9100002,10,2.48203,355651,2.26905,7.78333,-47.6589,passive,BTC-USD,buy,1.15944,100000,86248.4,2.44758,296404,0.860907,0.742518,1,86000.2,-28.7745,8,59.2306,74038.2,0,-21.3656,5.92306,-12.2713,-27.7138,0.590787,25631.3,-22.5094,-47.6589,59,160,4,53,59.1,10.3679,0,151,9,0,2.79172,1.85236,2.79172,1.85236,4.64624,3.70695,4.64624,3.70695,24.6617,23.7242,24.6617,23.7242
latency_outage,volatile_thin,100000,passive|outage|cod,40,3,True,"coinbase>=1,000,000",prints+quotes,9100002,10,2.48203,355651,2.26905,7.78333,-47.6589,passive,BTC-USD,sell,1.15944,100000,86248.4,2.44758,260406,0.642222,0.553906,1,86208,4.68266,8,44.2918,55364.7,0,2.59376,4.42918,21.2603,28.2833,0.701447,44389.7,36.9749,47.6589,52,109,0,50,51.1516,10.3679,0,104,5,0,1.36211,1.29413,1.36211,1.29413,0.838021,0.770264,0.838021,0.770264,-22.8863,-22.9533,-22.8863,-22.9533
latency_outage,volatile_thin,100000,passive|outage|no-cod,40,3,False,"coinbase>=1,000,000",prints+quotes,9100002,10,2.48203,355651,2.26905,7.78333,-47.6589,passive,BTC-USD,buy,1.15944,100000,86248.4,2.44758,296404,1.15944,1,1,86216,-3.75583,8,79.97,99962.4,0,-3.75583,7.997,-0,4.24117,0,0,4.24117,-47.6589,19,66,0,18,20.4,10.3679,0,56,10,0,1.62347,-0.896108,1.62347,-0.896108,5.4073,2.88871,5.4073,2.88871,25.7156,23.2022,25.7156,23.2022
latency_outage,volatile_thin,100000,passive|outage|no-cod,40,3,False,"coinbase>=1,000,000",prints+quotes,9100002,10,2.48203,355651,2.26905,7.78333,-47.6589,passive,BTC-USD,sell,1.15944,100000,86248.4,2.44758,260406,0.526384,0.453998,1,86229.8,2.15236,8,36.312,45390,0,0.977167,3.6312,26.0219,30.6302,0.890799,54331.1,41.3006,47.6589,52,112,0,52,51.1516,10.3679,0,108,4,0,-0.303552,0.00082303,-0.303552,0.00082303,-1.19621,-0.891532,-1.19621,-0.891532,-21.0706,-20.7665,-21.0706,-20.7665
latency_outage,volatile_thin,100000,passive|prints-only,40,0,True,"coinbase>=1,000,000",prints-only,9100002,10,2.48203,355651,2.26905,7.78333,-47.6589,passive,BTC-USD,buy,1.15944,100000,86248.4,2.44758,296404,0.314963,0.27165,1,86048.8,-23.1408,8,21.6817,27102.1,0,-6.28621,2.16817,-34.7123,-38.8304,2.03051,72508.2,-23.7484,-47.6589,65,184,0,65,59.9299,0,0,184,0,0,0.446137,1.39412,0.446137,1.39412,3.53865,4.48634,3.53865,4.48634,22.3062,23.2522,22.3062,23.2522
latency_outage,volatile_thin,100000,passive|prints-only,40,0,True,"coinbase>=1,000,000",prints-only,9100002,10,2.48203,355651,2.26905,7.78333,-47.6589,passive,BTC-USD,sell,1.15944,100000,86248.4,2.44758,260406,0.73751,0.63609,1,86058.3,22.0377,8,50.7751,63468.8,0,14.018,5.07751,17.3435,36.439,0.550399,36212,43.5076,47.6589,64,148,0,64,60.0215,0,0,148,0,0.265792,-0.129526,0.951057,-0.129526,0.951057,-0.465755,0.614751,-0.465755,0.614751,-16.6413,-15.5625,-16.6413,-15.5625
latency_outage,volatile_thin,100000,aggressive|lat250ms,250,0,True,"coinbase>=1,000,000",prints+quotes,9100003,10,2.85815,389764,1.8616,9.28333,3.34661,aggressive,BTC-USD,buy,1.16,100000,86206.6,2.01261,361329,1.16,1,0,86244.9,4.44945,18,180.08,0,100044,4.44945,18.008,0,22.4575,0,0,22.4575,3.34661,1,21,0,0,0.203315,0,0,0,0,0,3.34524,-0.335215,,,0.628559,-3.0529,,,4.65372,0.973749,,
latency_outage,volatile_thin,100000,aggressive|lat250ms,250,0,True,"coinbase>=1,000,000",prints+quotes,9100003,10,2.85815,389764,1.8616,9.28333,3.34661,aggressive,BTC-USD,sell,1.16,100000,86206.6,2.01261,470124,1.16,1,0,86186.1,2.3726,18,179.957,0,99976.3,2.3726,17.9957,6.40599e-16,20.3683,0,0,20.3683,-3.34661,1,19,0,0,0.203315,0,0,0,0,0,3.47603,0.335215,,,6.19456,3.0529,,,2.16665,-0.973749,,
latency_outage,volatile_thin,100000,aggressive|lat40ms,40,0,True,"coinbase>=1,000,000",prints+quotes,9100003,10,2.85815,389764,1.8616,9.28333,3.34661,aggressive,BTC-USD,buy,1.16,100000,86206.6,2.01261,361329,1.16,1,0,86237.7,3.60407,18,180.065,0,100036,3.60407,18.0065,0,21.6106,0,0,21.6106,3.34661,1,23,0,0,0.0325304,0,0,0,0,0,2.65577,-0.947143,,,-0.631656,-4.23576,,,3.80898,0.206481,,
latency_outage,volatile_thin,100000,aggressive|lat40ms,40,0,True,"coinbase>=1,000,000",prints+quotes,9100003,10,2.85815,389764,1.8616,9.28333,3.34661,aggressive,BTC-USD,sell,1.16,100000,86206.6,2.01261,470124,1.16,1,0,86186.4,2.33924,18,179.958,0,99976.6,2.33924,17.9958,6.40599e-16,20.335,0,0,20.335,-3.34661,1,17,0,0,0.0325304,0,0,0,0,0,3.28717,0.947143,,,6.57655,4.23576,,,2.13327,-0.206481,,
latency_outage,volatile_thin,100000,aggressive|lat5ms,5,0,True,"coinbase>=1,000,000",prints+quotes,9100003,10,2.85815,389764,1.8616,9.28333,3.34661,aggressive,BTC-USD,buy,1.16,100000,86206.6,2.01261,361329,1.16,1,0,86237.7,3.60407,18,180.065,0,100036,3.60407,18.0065,0,21.6106,0,0,21.6106,3.34661,1,23,0,0,0.0040663,0,0,0,0,0,2.65577,-0.947143,,,-0.631656,-4.23576,,,3.80898,0.206481,,
latency_outage,volatile_thin,100000,aggressive|lat5ms,5,0,True,"coinbase>=1,000,000",prints+quotes,9100003,10,2.85815,389764,1.8616,9.28333,3.34661,aggressive,BTC-USD,sell,1.16,100000,86206.6,2.01261,470124,1.16,1,0,86186.4,2.33924,18,179.958,0,99976.6,2.33924,17.9958,6.40599e-16,20.335,0,0,20.335,-3.34661,1,17,0,0,0.0040663,0,0,0,0,0,3.28717,0.947143,,,6.57655,4.23576,,,2.13327,-0.206481,,
latency_outage,volatile_thin,100000,aggressive|outage|cod,40,3,True,"coinbase>=1,000,000",prints+quotes,9100003,10,2.85815,389764,1.8616,9.28333,3.34661,aggressive,BTC-USD,buy,1.16,100000,86206.6,2.01261,361329,1.16,1,0,86237.7,3.60407,18,180.065,0,100036,3.60407,18.0065,0,21.6106,0,0,21.6106,3.34661,1,23,0,0,0.0325304,23.1421,0,0,0,0,2.65577,-0.947143,,,-0.631656,-4.23576,,,3.80898,0.206481,,
latency_outage,volatile_thin,100000,aggressive|outage|cod,40,3,True,"coinbase>=1,000,000",prints+quotes,9100003,10,2.85815,389764,1.8616,9.28333,3.34661,aggressive,BTC-USD,sell,1.16,100000,86206.6,2.01261,470124,1.16,1,0,86186.4,2.33924,18,179.958,0,99976.6,2.33924,17.9958,6.40599e-16,20.335,0,0,20.335,-3.34661,1,17,0,0,0.0325304,23.1421,0,0,0,0,3.28717,0.947143,,,6.57655,4.23576,,,2.13327,-0.206481,,
latency_outage,volatile_thin,100000,aggressive|outage|no-cod,40,3,False,"coinbase>=1,000,000",prints+quotes,9100003,10,2.85815,389764,1.8616,9.28333,3.34661,aggressive,BTC-USD,buy,1.16,100000,86206.6,2.01261,361329,1.16,1,0,86237.7,3.60407,18,180.065,0,100036,3.60407,18.0065,0,21.6106,0,0,21.6106,3.34661,1,23,0,0,0.0325304,23.1421,0,0,0,0,2.65577,-0.947143,,,-0.631656,-4.23576,,,3.80898,0.206481,,
latency_outage,volatile_thin,100000,aggressive|outage|no-cod,40,3,False,"coinbase>=1,000,000",prints+quotes,9100003,10,2.85815,389764,1.8616,9.28333,3.34661,aggressive,BTC-USD,sell,1.16,100000,86206.6,2.01261,470124,1.16,1,0,86186.4,2.33924,18,179.958,0,99976.6,2.33924,17.9958,6.40599e-16,20.335,0,0,20.335,-3.34661,1,17,0,0,0.0325304,23.1421,0,0,0,0,3.28717,0.947143,,,6.57655,4.23576,,,2.13327,-0.206481,,
latency_outage,volatile_thin,100000,aggressive|prints-only,40,0,True,"coinbase>=1,000,000",prints-only,9100003,10,2.85815,389764,1.8616,9.28333,3.34661,aggressive,BTC-USD,buy,1.16,100000,86206.6,2.01261,361329,1.16,1,0,86237.7,3.60407,18,180.065,0,100036,3.60407,18.0065,0,21.6106,0,0,21.6106,3.34661,1,23,0,0,0.0325304,0,0,0,0,0,2.65577,-0.947143,,,-0.631656,-4.23576,,,3.80898,0.206481,,
latency_outage,volatile_thin,100000,aggressive|prints-only,40,0,True,"coinbase>=1,000,000",prints-only,9100003,10,2.85815,389764,1.8616,9.28333,3.34661,aggressive,BTC-USD,sell,1.16,100000,86206.6,2.01261,470124,1.16,1,0,86186.4,2.33924,18,179.958,0,99976.6,2.33924,17.9958,6.40599e-16,20.335,0,0,20.335,-3.34661,1,17,0,0,0.0325304,0,0,0,0,0,3.28717,0.947143,,,6.57655,4.23576,,,2.13327,-0.206481,,
latency_outage,volatile_thin,100000,hybrid|lat250ms,250,0,True,"coinbase>=1,000,000",prints+quotes,9100003,10,2.85815,389764,1.8616,9.28333,3.34661,hybrid,BTC-USD,buy,1.16,100000,86206.6,2.01261,361329,1.16,1,1,86204.5,-0.247269,8,79.998,99997.5,0,-0.247269,7.9998,0,7.75253,0,0,7.75253,3.34661,19,41,0,19,18.9004,0,0,38,3,0,0.628861,0.71051,0.628861,0.71051,-0.822904,-0.740806,-0.822904,-0.740806,2.51688,2.5987,2.51688,2.5987
latency_outage,volatile_thin,100000,hybrid|lat250ms,250,0,True,"coinbase>=1,000,000",prints+quotes,9100003,10,2.85815,389764,1.8616,9.28333,3.34661,hybrid,BTC-USD,sell,1.16,100000,86206.6,2.01261,470124,1.16,1,0.812632,86201,0.649779,9.87378,98.7314,81256.9,18736.6,0.649779,9.87314,-0,10.5229,0,0,10.5229,-3.34661,43,84,0,42,42.599,0,0,80,1,0,-0.597386,0.0499983,-0.627189,0.529915,-1.38326,-0.735825,-0.966121,0.190945,-3.24502,-2.59739,-1.99218,-0.835074
latency_outage,volatile_thin,100000,hybrid|lat40ms,40,0,True,"coinbase>=1,000,000",prints+quotes,9100003,10,2.85815,389764,1.8616,9.28333,3.34661,hybrid,BTC-USD,buy,1.16,100000,86206.6,2.01261,361329,1.16,1,1,86189.2,-2.01572,8,79.9839,99979.8,0,-2.01572,7.99839,0,5.98267,0,0,5.98267,3.34661,46,101,0,45,35.5054,0,0,101,0,0,-0.324104,0.836505,-0.324104,0.836505,-3.4586,-2.2976,-3.4586,-2.2976,0.298745,1.45932,0.298745,1.45932
latency_outage,volatile_thin,100000,hybrid|lat40ms,40,0,True,"coinbase>=1,000,000",prints+quotes,9100003,10,2.85815,389764,1.8616,9.28333,3.34661,hybrid,BTC-USD,sell,1.16,100000,86206.6,2.01261,470124,1.16,1,1,86202.2,0.513097,8,79.9959,99994.9,0,0.513097,7.99959,-2.885e-08,8.51269,1.3505e-08,0.000862219,8.51269,-3.34661,41,111,0,40,35.6064,0,0,107,4,0,-0.754231,0.222717,-0.754231,0.222717,-0.108476,0.868387,-0.108476,0.868387,-0.870823,0.106028,-0.870823,0.106028
latency_outage,volatile_thin,100000,hybrid|lat5ms,5,0,True,"coinbase>=1,000,000",prints+quotes,9100003,10,2.85815,389764,1.8616,9.28333,3.34661,hybrid,BTC-USD,buy,1.16,100000,86206.6,2.01261,361329,1.16,1,1,86191.4,-1.75568,8,79.986,99982.4,0,-1.75568,7.9986,0,6.24292,0,0,6.24292,3.34661,47,124,0,46,35.5054,0,0,122,2,0,-0.068932,0.958537,-0.068932,0.958537,-3.165,-2.13719,-3.165,-2.13719,0.237141,1.26459,0.237141,1.26459
latency_outage,volatile_thin,100000,hybrid|lat5ms,5,0,True,"coinbase>=1,000,000",prints+quotes,9100003,10,2.85815,389764,1.8616,9.28333,3.34661,hybrid,BTC-USD,sell,1.16,100000,86206.6,2.01261,470124,1.16,1,1,86210.2,-0.416631,8,80.0033,100004,0,-0.416631,8.00033,-2.885e-08,7.5837,1.3505e-08,0.000862219,7.5837,-3.34661,43,115,0,42,33.2043,0,0,111,4,0,-1.16948,-0.465345,-1.16948,-0.465345,0.329505,1.03368,0.329505,1.03368,-1.15301,-0.448909,-1.15301,-0.448909
latency_outage,volatile_thin,100000,hybrid|outage|cod,40,3,True,"coinbase>=1,000,000",prints+quotes,9100003,10,2.85815,389764,1.8616,9.28333,3.34661,hybrid,BTC-USD,buy,1.16,100000,86206.6,2.01261,361329,1.16,1,0.755201,86206.1,-0.0537214,10.4488,104.488,75511.4,24488.1,-0.0537214,10.4488,5.77e-08,10.395,2.701e-08,0.00172498,10.395,3.34661,48,101,0,45,42.166,23.1421,0,97,0,0,0.970603,1.44798,0.287881,1.39535,-0.173042,0.304731,-2.51165,-1.40386,2.96732,3.44498,0.570673,1.67816
latency_outage,volatile_thin,100000,hybrid|outage|cod,40,3,True,"coinbase>=1,000,000",prints+quotes,9100003,10,2.85815,389764,1.8616,9.28333,3.34661,hybrid,BTC-USD,sell,1.16,100000,86206.6,2.01261,470124,1.16,1,0.95147,86203.4,0.372225,8.48534,84.8502,95143.1,4853.17,0.372225,8.48502,-0,8.85724,0,0,8.85724,-3.34661,42,113,0,38,42.1325,23.1421,0,107,4,0,-0.700081,0.105828,-0.734042,0.193363,-0.509484,0.296324,-0.331438,0.595829,-1.14287,-0.336992,-0.827768,0.0995441
latency_outage,volatile_thin,100000,hybrid|outage|no-cod,40,3,False,"coinbase>=1,000,000",prints+quotes,9100003,10,2.85815,389764,1.8616,9.28333,3.34661,hybrid,BTC-USD,buy,1.16,100000,86206.6,2.01261,361329,1.16,1,1,86191.6,-1.73256,8,79.9861,99982.7,0,-1.73256,7.99861,2.885e-08,6.26605,1.3505e-08,0.000862489,6.26605,3.34661,44,107,0,43,35.5054,23.1421,0,107,0,0,-0.0459356,0.834542,-0.0459356,0.834542,-3.17713,-2.29636,-3.17713,-2.29636,0.579164,1.45966,0.579164,1.45966
latency_outage,volatile_thin,100000,hybrid|outage|no-cod,40,3,False,"coinbase>=1,000,000",prints+quotes,9100003,10,2.85815,389764,1.8616,9.28333,3.34661,hybrid,BTC-USD,sell,1.16,100000,86206.6,2.01261,470124,1.16,1,1,86202.6,0.467518,8,79.9963,99995.3,0,0.467518,7.99963,-0,8.46714,0,0,8.46714,-3.34661,37,108,0,36,35.6064,23.1421,0,104,4,0,-0.810982,0.225702,-0.810982,0.225702,-0.157946,0.878677,-0.157946,0.878677,-0.922774,0.113802,-0.922774,0.113802
latency_outage,volatile_thin,100000,hybrid|prints-only,40,0,True,"coinbase>=1,000,000",prints-only,9100003,10,2.85815,389764,1.8616,9.28333,3.34661,hybrid,BTC-USD,buy,1.16,100000,86206.6,2.01261,361329,1.16,1,1,86189.2,-2.01572,8,79.9839,99979.8,0,-2.01572,7.99839,0,5.98267,0,0,5.98267,3.34661,46,101,0,45,35.5054,0,0,101,0,0,-0.324104,0.836505,-0.324104,0.836505,-3.4586,-2.2976,-3.4586,-2.2976,0.298745,1.45932,0.298745,1.45932
latency_outage,volatile_thin,100000,hybrid|prints-only,40,0,True,"coinbase>=1,000,000",prints-only,9100003,10,2.85815,389764,1.8616,9.28333,3.34661,hybrid,BTC-USD,sell,1.16,100000,86206.6,2.01261,470124,1.16,1,1,86197.5,1.05852,8,79.9915,99989.4,0,1.05852,7.99915,-5.77e-08,9.05768,2.701e-08,0.00172444,9.05768,-3.34661,41,109,0,40,35.6064,0,0,109,0,0,-0.789475,0.707413,-0.789475,0.707413,-0.135529,1.36148,-0.135529,1.36148,-1.37287,0.123889,-1.37287,0.123889
latency_outage,volatile_thin,100000,passive|lat250ms,250,0,True,"coinbase>=1,000,000",prints+quotes,9100003,10,2.85815,389764,1.8616,9.28333,3.34661,passive,BTC-USD,buy,1.16,100000,86206.6,2.01261,361329,1.16,1,1,86204.5,-0.247269,8,79.998,99997.5,0,-0.247269,7.9998,0,7.75253,0,0,7.75253,3.34661,19,41,0,19,18.9004,0,0,38,3,0,0.628861,0.71051,0.628861,0.71051,-0.822904,-0.740806,-0.822904,-0.740806,2.51688,2.5987,2.51688,2.5987
latency_outage,volatile_thin,100000,passive|lat250ms,250,0,True,"coinbase>=1,000,000",prints+quotes,9100003,10,2.85815,389764,1.8616,9.28333,3.34661,passive,BTC-USD,sell,1.16,100000,86206.6,2.01261,470124,1.16,1,1,86199.3,0.845008,8,79.9932,99991.5,0,0.845008,7.99932,-2.885e-08,8.84433,1.3505e-08,0.000862219,8.84433,-3.34661,50,92,0,50,49.3,0,0,89,3,0,-0.344138,0.0445145,-0.344138,0.0445145,0.512106,0.900612,0.512106,0.900612,-3.64546,-3.25598,-3.64546,-3.25598
latency_outage,volatile_thin,100000,passive|lat40ms,40,0,True,"coinbase>=1,000,000",prints+quotes,9100003,10,2.85815,389764,1.8616,9.28333,3.34661,passive,BTC-USD,buy,1.16,100000,86206.6,2.01261,361329,1.16,1,1,86189.2,-2.01572,8,79.9839,99979.8,0,-2.01572,7.99839,0,5.98267,0,0,5.98267,3.34661,46,101,0,45,35.5054,0,0,101,0,0,-0.324104,0.836505,-0.324104,0.836505,-3.4586,-2.2976,-3.4586,-2.2976,0.298745,1.45932,0.298745,1.45932
latency_outage,volatile_thin,100000,passive|lat40ms,40,0,True,"coinbase>=1,000,000",prints+quotes,9100003,10,2.85815,389764,1.8616,9.28333,3.34661,passive,BTC-USD,sell,1.16,100000,86206.6,2.01261,470124,1.16,1,1,86202.2,0.513097,8,79.9959,99994.9,0,0.513097,7.99959,-2.885e-08,8.51269,1.3505e-08,0.000862219,8.51269,-3.34661,41,111,0,40,35.6064,0,0,107,4,0,-0.754231,0.222717,-0.754231,0.222717,-0.108476,0.868387,-0.108476,0.868387,-0.870823,0.106028,-0.870823,0.106028
latency_outage,volatile_thin,100000,passive|lat5ms,5,0,True,"coinbase>=1,000,000",prints+quotes,9100003,10,2.85815,389764,1.8616,9.28333,3.34661,passive,BTC-USD,buy,1.16,100000,86206.6,2.01261,361329,1.16,1,1,86191.4,-1.75568,8,79.986,99982.4,0,-1.75568,7.9986,0,6.24292,0,0,6.24292,3.34661,47,124,0,46,35.5054,0,0,122,2,0,-0.068932,0.958537,-0.068932,0.958537,-3.165,-2.13719,-3.165,-2.13719,0.237141,1.26459,0.237141,1.26459
latency_outage,volatile_thin,100000,passive|lat5ms,5,0,True,"coinbase>=1,000,000",prints+quotes,9100003,10,2.85815,389764,1.8616,9.28333,3.34661,passive,BTC-USD,sell,1.16,100000,86206.6,2.01261,470124,1.16,1,1,86210.2,-0.416631,8,80.0033,100004,0,-0.416631,8.00033,-2.885e-08,7.5837,1.3505e-08,0.000862219,7.5837,-3.34661,43,115,0,42,33.2043,0,0,111,4,0,-1.16948,-0.465345,-1.16948,-0.465345,0.329505,1.03368,0.329505,1.03368,-1.15301,-0.448909,-1.15301,-0.448909
latency_outage,volatile_thin,100000,passive|outage|cod,40,3,True,"coinbase>=1,000,000",prints+quotes,9100003,10,2.85815,389764,1.8616,9.28333,3.34661,passive,BTC-USD,buy,1.16,100000,86206.6,2.01261,361329,0.915256,0.789011,1,86197.7,-1.02675,8,63.1144,78893,0,-0.810119,6.31144,0.7061,6.20742,0.350466,21109.5,10.3576,3.34661,50,103,0,48,60.0029,23.1421,0,103,0,0.00222307,0.351235,1.47939,0.351235,1.47939,-2.14601,-1.01756,-2.14601,-1.01756,1.215,2.34309,1.215,2.34309
latency_outage,volatile_thin,100000,passive|outage|cod,40,3,True,"coinbase>=1,000,000",prints+quotes,9100003,10,2.85815,389764,1.8616,9.28333,3.34661,passive,BTC-USD,sell,1.16,100000,86206.6,2.01261,470124,1.16,1,1,86204.6,0.227829,8,79.9982,99997.7,0,0.227829,7.99982,-0,8.22765,0,0,8.22765,-3.34661,42,112,0,39,42.6166,23.1421,0,108,4,0,-0.88357,0.0853924,-0.88357,0.0853924,-0.629126,0.339682,-0.629126,0.339682,-1.42313,-0.454339,-1.42313,-0.454339
latency_outage,volatile_thin,100000,passive|outage|no-cod,40,3,False,"coinbase>=1,000,000",prints+quotes,9100003,10,2.85815,389764,1.8616,9.28333,3.34661,passive,BTC-USD,buy,1.16,100000,86206.6,2.01261,361329,1.16,1,1,86191.6,-1.73256,8,79.9861,99982.7,0,-1.73256,7.99861,2.885e-08,6.26605,1.3505e-08,0.000862489,6.26605,3.34661,44,107,0,43,35.5054,23.1421,0,107,0,0,-0.0459356,0.834542,-0.0459356,0.834542,-3.17713,-2.29636,-3.17713,-2.29636,0.579164,1.45966,0.579164,1.45966
latency_outage,volatile_thin,100000,passive|outage|no-cod,40,3,False,"coinbase>=1,000,000",prints+quotes,9100003,10,2.85815,389764,1.8616,9.28333,3.34661,passive,BTC-USD,sell,1.16,100000,86206.6,2.01261,470124,1.16,1,1,86202.6,0.467518,8,79.9963,99995.3,0,0.467518,7.99963,-0,8.46714,0,0,8.46714,-3.34661,37,108,0,36,35.6064,23.1421,0,104,4,0,-0.810982,0.225702,-0.810982,0.225702,-0.157946,0.878677,-0.157946,0.878677,-0.922774,0.113802,-0.922774,0.113802
latency_outage,volatile_thin,100000,passive|prints-only,40,0,True,"coinbase>=1,000,000",prints-only,9100003,10,2.85815,389764,1.8616,9.28333,3.34661,passive,BTC-USD,buy,1.16,100000,86206.6,2.01261,361329,1.16,1,1,86189.2,-2.01572,8,79.9839,99979.8,0,-2.01572,7.99839,0,5.98267,0,0,5.98267,3.34661,46,101,0,45,35.5054,0,0,101,0,0,-0.324104,0.836505,-0.324104,0.836505,-3.4586,-2.2976,-3.4586,-2.2976,0.298745,1.45932,0.298745,1.45932
latency_outage,volatile_thin,100000,passive|prints-only,40,0,True,"coinbase>=1,000,000",prints-only,9100003,10,2.85815,389764,1.8616,9.28333,3.34661,passive,BTC-USD,sell,1.16,100000,86206.6,2.01261,470124,1.16,1,1,86197.5,1.05852,8,79.9915,99989.4,0,1.05852,7.99915,-5.77e-08,9.05768,2.701e-08,0.00172444,9.05768,-3.34661,41,109,0,40,35.6064,0,0,109,0,0,-0.789475,0.707413,-0.789475,0.707413,-0.135529,1.36148,-0.135529,1.36148,-1.37287,0.123889,-1.37287,0.123889
latency_outage,volatile_thin,100000,aggressive|lat250ms,250,0,True,"coinbase>=1,000,000",prints+quotes,9100004,10,2.62391,382705,2.20425,8.7,-35.5635,aggressive,BTC-USD,buy,1.15929,100000,86259.8,2.37306,389346,1.15929,1,0,86281.9,2.56367,18,180.046,0,100026,2.56367,18.0046,-3.0677e-07,20.5683,1.3035e-08,0.00085966,20.5683,-35.5635,1,23,0,0,0.386122,0,0,0,0,0,-0.159496,-2.5243,,,-6.12656,-8.49278,,,-9.08257,-11.4495,,
latency_outage,volatile_thin,100000,aggressive|lat250ms,250,0,True,"coinbase>=1,000,000",prints+quotes,9100004,10,2.62391,382705,2.20425,8.7,-35.5635,aggressive,BTC-USD,sell,1.15929,100000,86259.8,2.37306,383835,1.15929,1,0,86242.1,2.05154,18,179.963,0,99979.5,2.05154,17.9963,3.0677e-07,20.0478,1.3035e-08,0.0008594,20.0478,35.5635,1,21,0,0,0.386122,0,0,0,0,0,4.77571,2.5243,,,10.7455,8.49278,,,13.7029,11.4495,,
latency_outage,volatile_thin,100000,aggressive|lat40ms,40,0,True,"coinbase>=1,000,000",prints+quotes,9100004,10,2.62391,382705,2.20425,8.7,-35.5635,aggressive,BTC-USD,buy,1.15929,100000,86259.8,2.37306,389346,1.15929,1,0,86283.7,2.77391,18,180.05,0,100028,2.77391,18.005,-3.0677e-07,20.7789,1.3035e-08,0.00085966,20.7789,-35.5635,1,24,0,0,0.0617794,0,0,0,0,0,1.54862,-1.22479,,,-6.4413,-9.21693,,,-9.11794,-11.8943,,
latency_outage,volatile_thin,100000,aggressive|lat40ms,40,0,True,"coinbase>=1,000,000",prints+quotes,9100004,10,2.62391,382705,2.20425,8.7,-35.5635,aggressive,BTC-USD,sell,1.15929,100000,86259.8,2.37306,383835,1.15929,1,0,86241.9,2.06808,18,179.963,0,99979.3,2.06808,17.9963,3.0677e-07,20.0644,1.3035e-08,0.0008594,20.0644,35.5635,1,21,0,0,0.0617794,0,0,0,0,0,3.29357,1.22479,,,11.2874,9.21693,,,13.9653,11.8943,,
latency_outage,volatile_thin,100000,aggressive|lat5ms,5,0,True,"coinbase>=1,000,000",prints+quotes,9100004,10,2.62391,382705,2.20425,8.7,-35.5635,aggressive,BTC-USD,buy,1.15929,100000,86259.8,2.37306,389346,1.15929,1,0,86283.7,2.77391,18,180.05,0,100028,2.77391,18.005,-3.0677e-07,20.7789,1.3035e-08,0.00085966,20.7789,-35.5635,1,24,0,0,0.00772243,0,0,0,0,0,1.54862,-1.22479,,,-6.4413,-9.21693,,,-9.11794,-11.8943,,
latency_outage,volatile_thin,100000,aggressive|lat5ms,5,0,True,"coinbase>=1,000,000",prints+quotes,9100004,10,2.62391,382705,2.20425,8.7,-35.5635,aggressive,BTC-USD,sell,1.15929,100000,86259.8,2.37306,383835,1.15929,1,0,86241.9,2.06808,18,179.963,0,99979.3,2.06808,17.9963,3.0677e-07,20.0644,1.3035e-08,0.0008594,20.0644,35.5635,1,21,0,0,0.00772243,0,0,0,0,0,3.29357,1.22479,,,11.2874,9.21693,,,13.9653,11.8943,,
latency_outage,volatile_thin,100000,aggressive|outage|cod,40,3,True,"coinbase>=1,000,000",prints+quotes,9100004,10,2.62391,382705,2.20425,8.7,-35.5635,aggressive,BTC-USD,buy,1.15929,100000,86259.8,2.37306,389346,1.15929,1,0,86283.7,2.77391,18,180.05,0,100028,2.77391,18.005,-3.0677e-07,20.7789,1.3035e-08,0.00085966,20.7789,-35.5635,1,24,0,0,0.0617794,5.88535,0,0,0,0,1.54862,-1.22479,,,-6.4413,-9.21693,,,-9.11794,-11.8943,,
latency_outage,volatile_thin,100000,aggressive|outage|cod,40,3,True,"coinbase>=1,000,000",prints+quotes,9100004,10,2.62391,382705,2.20425,8.7,-35.5635,aggressive,BTC-USD,sell,1.15929,100000,86259.8,2.37306,383835,1.15929,1,0,86241.9,2.06808,18,179.963,0,99979.3,2.06808,17.9963,3.0677e-07,20.0644,1.3035e-08,0.0008594,20.0644,35.5635,1,21,0,0,0.0617794,5.88535,0,0,0,0,3.29357,1.22479,,,11.2874,9.21693,,,13.9653,11.8943,,
latency_outage,volatile_thin,100000,aggressive|outage|no-cod,40,3,False,"coinbase>=1,000,000",prints+quotes,9100004,10,2.62391,382705,2.20425,8.7,-35.5635,aggressive,BTC-USD,buy,1.15929,100000,86259.8,2.37306,389346,1.15929,1,0,86283.7,2.77391,18,180.05,0,100028,2.77391,18.005,-3.0677e-07,20.7789,1.3035e-08,0.00085966,20.7789,-35.5635,1,24,0,0,0.0617794,5.88535,0,0,0,0,1.54862,-1.22479,,,-6.4413,-9.21693,,,-9.11794,-11.8943,,
latency_outage,volatile_thin,100000,aggressive|outage|no-cod,40,3,False,"coinbase>=1,000,000",prints+quotes,9100004,10,2.62391,382705,2.20425,8.7,-35.5635,aggressive,BTC-USD,sell,1.15929,100000,86259.8,2.37306,383835,1.15929,1,0,86241.9,2.06808,18,179.963,0,99979.3,2.06808,17.9963,3.0677e-07,20.0644,1.3035e-08,0.0008594,20.0644,35.5635,1,21,0,0,0.0617794,5.88535,0,0,0,0,3.29357,1.22479,,,11.2874,9.21693,,,13.9653,11.8943,,
latency_outage,volatile_thin,100000,aggressive|prints-only,40,0,True,"coinbase>=1,000,000",prints-only,9100004,10,2.62391,382705,2.20425,8.7,-35.5635,aggressive,BTC-USD,buy,1.15929,100000,86259.8,2.37306,389346,1.15929,1,0,86283.7,2.77391,18,180.05,0,100028,2.77391,18.005,-3.0677e-07,20.7789,1.3035e-08,0.00085966,20.7789,-35.5635,1,24,0,0,0.0617794,0,0,0,0,0,1.54862,-1.22479,,,-6.4413,-9.21693,,,-9.11794,-11.8943,,
latency_outage,volatile_thin,100000,aggressive|prints-only,40,0,True,"coinbase>=1,000,000",prints-only,9100004,10,2.62391,382705,2.20425,8.7,-35.5635,aggressive,BTC-USD,sell,1.15929,100000,86259.8,2.37306,383835,1.15929,1,0,86241.9,2.06808,18,179.963,0,99979.3,2.06808,17.9963,3.0677e-07,20.0644,1.3035e-08,0.0008594,20.0644,35.5635,1,21,0,0,0.0617794,0,0,0,0,0,3.29357,1.22479,,,11.2874,9.21693,,,13.9653,11.8943,,
latency_outage,volatile_thin,100000,hybrid|lat250ms,250,0,True,"coinbase>=1,000,000",prints+quotes,9100004,10,2.62391,382705,2.20425,8.7,-35.5635,hybrid,BTC-USD,buy,1.15929,100000,86259.8,2.37306,389346,1.15929,1,0.99546,86324.6,7.51081,8.04537,80.5142,99621,454.086,7.51081,8.05142,-3.0677e-07,15.5622,1.3035e-08,0.00085966,15.5622,-35.5635,39,109,0,38,43.4805,0,0,101,7,0,1.00871,1.59834,1.00184,1.6007,4.12152,4.71117,4.08692,4.6858,18.099,18.6894,17.9947,18.5943
latency_outage,volatile_thin,100000,hybrid|lat250ms,250,0,True,"coinbase>=1,000,000",prints+quotes,9100004,10,2.62391,382705,2.20425,8.7,-35.5635,hybrid,BTC-USD,sell,1.15929,100000,86259.8,2.37306,383835,1.15929,1,0.563936,86270.7,-1.2614,12.361,123.626,56397.2,43615.4,-1.2614,12.3626,6.1354e-07,11.1012,2.607e-08,0.0017188,11.1012,35.5635,39,85,0,38,42.5805,0,0,69,5,0,1.52835,-0.349254,3.97296,2.20281,-0.355658,-2.23295,6.56074,4.78995,-22.6855,-24.5588,-6.82656,-8.59554
latency_outage,volatile_thin,100000,hybrid|lat40ms,40,0,True,"coinbase>=1,000,000",prints+quotes,9100004,10,2.62391,382705,2.20425,8.7,-35.5635,hybrid,BTC-USD,buy,1.15929,100000,86259.8,2.37306,389346,1.15929,1,0.938067,86325.2,7.57873,8.61919,86.2572,93879.2,6196.59,7.57873,8.62572,-3.0677e-07,16.2044,1.3035e-08,0.00085966,16.2044,-35.5635,47,135,0,46,42.0357,0,0,129,3,0,1.57231,1.71104,1.31795,1.57321,5.01908,5.15775,4.56921,4.82434,14.9613,15.0998,12.878,13.1325
latency_outage,volatile_thin,100000,hybrid|lat40ms,40,0,True,"coinbase>=1,000,000",prints+quotes,9100004,10,2.62391,382705,2.20425,8.7,-35.5635,hybrid,BTC-USD,sell,1.15929,100000,86259.8,2.37306,383835,1.15929,1,0.387231,86286.3,-3.07873,14.127,141.313,38742.1,61288.7,-3.07873,14.1313,0,11.0526,0,0,11.0526,35.5635,49,129,0,48,42.1216,0,0,117,0,0,-1.15129,-2.02293,0.160191,0.963128,-4.71138,-5.58231,1.11024,1.91308,-34.0671,-34.9346,-19.3032,-18.5021
latency_outage,volatile_thin,100000,hybrid|lat5ms,5,0,True,"coinbase>=1,000,000",prints+quotes,9100004,10,2.62391,382705,2.20425,8.7,-35.5635,hybrid,BTC-USD,buy,1.15929,100000,86259.8,2.37306,389346,1.15929,1,1,86316.6,6.58745,8,80.0527,100066,0,6.58745,8.00527,-3.0677e-07,14.5927,1.3035e-08,0.00085966,14.5927,-35.5635,50,151,0,49,41.6289,0,0,150,1,0,0.23636,1.30307,0.23636,1.30307,2.46282,3.52938,2.46282,3.52938,12.156,13.2213,12.156,13.2213
latency_outage,volatile_thin,100000,hybrid|lat5ms,5,0,True,"coinbase>=1,000,000",prints+quotes,9100004,10,2.62391,382705,2.20425,8.7,-35.5635,hybrid,BTC-USD,sell,1.15929,100000,86259.8,2.37306,383835,1.15929,1,0.432196,86281.8,-2.55415,13.6777,136.812,43234.1,56791.4,-2.55415,13.6812,6.1354e-07,11.127,2.607e-08,0.0017188,11.127,35.5635,51,128,0,50,42.0145,0,0,115,1,0,-0.671728,-1.78544,1.08194,0.859543,-3.04257,-4.15587,4.01784,3.7949,-32.5875,-33.6969,-18.7598,-18.9819
latency_outage,volatile_thin,100000,hybrid|outage|cod,40,3,True,"coinbase>=1,000,000",prints+quotes,9100004,10,2.62391,382705,2.20425,8.7,-35.5635,hybrid,BTC-USD,buy,1.15929,100000,86259.8,2.37306,389346,1.15929,1,0.991361,86322.6,7.28158,8.08637,80.9226,99208.4,864.377,7.28158,8.09226,-3.0677e-07,15.3738,1.3035e-08,0.00085966,15.3738,-35.5635,41,110,0,39,42.0655,5.88535,0,108,1,0,0.942859,1.35303,0.906116,1.33171,3.32064,3.73073,3.24877,3.67429,13.2109,13.6197,12.923,13.3471
latency_outage,volatile_thin,100000,hybrid|outage|cod,40,3,True,"coinbase>=1,000,000",prints+quotes,9100004,10,2.62391,382705,2.20425,8.7,-35.5635,hybrid,BTC-USD,sell,1.15929,100000,86259.8,2.37306,383835,1.15929,1,0.26193,86288.9,-3.37841,15.3796,153.848,26213.2,73820.6,-3.37841,15.3848,3.0677e-07,12.0064,1.3035e-08,0.0008594,12.0064,35.5635,44,116,0,42,42.1451,5.88535,0,100,0,0,-1.58497,-2.81699,-0.688909,0.262719,-6.5587,-7.78984,-1.61475,-0.663388,-37.5777,-38.8042,-21.3965,-20.4474
latency_outage,volatile_thin,100000,hybrid|outage|no-cod,40,3,False,"coinbase>=1,000,000",prints+quotes,9100004,10,2.62391,382705,2.20425,8.7,-35.5635,hybrid,BTC-USD,buy,1.15929,100000,86259.8,2.37306,389346,1.15929,1,1,86307.6,5.53837,8,80.0443,100055,0,5.53837,8.00443,-3.0677e-07,13.5428,1.3035e-08,0.00085966,13.5428,-35.5635,16,77,0,15,18.7,5.88535,0,70,7,0,2.08002,1.41566,2.08002,1.41566,1.36701,0.702165,1.36701,0.702165,3.65604,2.99206,3.65604,2.99206
latency_outage,volatile_thin,100000,hybrid|outage|no-cod,40,3,False,"coinbase>=1,000,000",prints+quotes,9100004,10,2.62391,382705,2.20425,8.7,-35.5635,hybrid,BTC-USD,sell,1.15929,100000,86259.8,2.37306,383835,1.15929,1,0.332767,86287.6,-3.22459,14.6714,146.762,33296.4,66735.9,-3.22459,14.6762,0,11.4516,0,0,11.4516,35.5635,44,123,0,43,42.1206,5.88535,0,109,0,0,-1.4236,-2.36422,-0.372237,0.735088,-5.55187,-6.49166,0.0750439,1.18237,-35.4731,-36.4092,-19.6492,-18.5444
latency_outage,volatile_thin,100000,hybrid|prints-only,40,0,True,"coinbase>=1,000,000",prints-only,9100004,10,2.62391,382705,2.20425,8.7,-35.5635,hybrid,BTC-USD,buy,1.15929,100000,86259.8,2.37306,389346,1.15929,1,0.816896,86326.3,7.71038,9.83076,98.3834,81755.3,18321.8,7.71038,9.83834,-3.0677e-07,17.5487,1.3035e-08,0.00085966,17.5487,-35.5635,47,135,0,46,42.0357,0,0,129,0,0,2.27132,2.20985,1.3834,1.85371,5.83134,5.76995,4.30517,4.77523,18.3763,18.3157,11.8884,12.3574
latency_outage,volatile_thin,100000,hybrid|prints-only,40,0,True,"coinbase>=1,000,000",prints-only,9100004,10,2.62391,382705,2.20425,8.7,-35.5635,hybrid,BTC-USD,sell,1.15929,100000,86259.8,2.37306,383835,1.15929,1,0.387231,86286.3,-3.07873,14.127,141.313,38742.1,61288.7,-3.07873,14.1313,0,11.0526,0,0,11.0526,35.5635,49,129,0,48,42.1216,0,0,117,0,0,-1.15129,-2.02293,0.160191,0.963128,-4.71138,-5.58231,1.11024,1.91308,-34.0671,-34.9346,-19.3032,-18.5021
latency_outage,volatile_thin,100000,passive|lat250ms,250,0,True,"coinbase>=1,000,000",prints+quotes,9100004,10,2.62391,382705,2.20425,8.7,-35.5635,passive,BTC-USD,buy,1.15929,100000,86259.8,2.37306,389346,1.15929,1,1,86324.6,7.51316,8,80.0601,100075,0,7.51316,8.00601,-3.0677e-07,15.5192,1.3035e-08,0.00085966,15.5192,-35.5635,38,109,0,38,43.1,0,0,101,8,0,1.01021,1.59528,1.01021,1.59528,4.12496,4.71005,4.12496,4.71005,18.1075,18.6934,18.1075,18.6934
latency_outage,volatile_thin,100000,passive|lat250ms,250,0,True,"coinbase>=1,000,000",prints+quotes,9100004,10,2.62391,382705,2.20425,8.7,-35.5635,passive,BTC-USD,sell,1.15929,100000,86259.8,2.37306,383835,0.742751,0.640695,1,86251,1.01935,8,51.2504,64063,0,0.653093,5.12504,12.7781,18.5563,0.709733,35795.6,25.7092,35.5635,57,93,0,57,60.108,0,0,88,5,0.00408675,2.82888,1.49622,2.82888,1.49622,4.37943,3.04608,4.37943,3.04608,-9.00308,-10.3352,-9.00308,-10.3352
latency_outage,volatile_thin,100000,passive|lat40ms,40,0,True,"coinbase>=1,000,000",prints+quotes,9100004,10,2.62391,382705,2.20425,8.7,-35.5635,passive,BTC-USD,buy,1.15929,100000,86259.8,2.37306,389346,1.15929,1,1,86320.6,7.0507,8,80.0564,100071,0,7.0507,8.00564,-0,15.0563,0,0,15.0563,-35.5635,52,142,0,51,46,0,0,138,4,0,1.36834,1.58724,1.36834,1.58724,4.98104,5.19983,4.98104,5.19983,14.3799,14.5981,14.3799,14.5981
latency_outage,volatile_thin,100000,passive|lat40ms,40,0,True,"coinbase>=1,000,000",prints+quotes,9100004,10,2.62391,382705,2.20425,8.7,-35.5635,passive,BTC-USD,sell,1.15929,100000,86259.8,2.37306,383835,0.577041,0.497754,1,86254.2,0.642999,8,39.8178,49772.2,0,0.320056,3.98178,17.8616,22.1634,1.11506,50034.8,32.2848,35.5635,71,158,0,71,59.8022,0,0,157,1,0,-1.0101,-0.285263,-1.0101,-0.285263,-1.91577,-1.19107,-1.91577,-1.19107,-18.3633,-17.6402,-18.3633,-17.6402
latency_outage,volatile_thin,100000,passive|lat5ms,5,0,True,"coinbase>=1,000,000",prints+quotes,9100004,10,2.62391,382705,2.20425,8.7,-35.5635,passive,BTC-USD,buy,1.15929,100000,86259.8,2.37306,389346,1.15929,1,1,86316.6,6.58745,8,80.0527,100066,0,6.58745,8.00527,-3.0677e-07,14.5927,1.3035e-08,0.00085966,14.5927,-35.5635,50,151,0,49,41.6289,0,0,150,1,0,0.23636,1.30307,0.23636,1.30307,2.46282,3.52938,2.46282,3.52938,12.156,13.2213,12.156,13.2213
latency_outage,volatile_thin,100000,passive|lat5ms,5,0,True,"coinbase>=1,000,000",prints+quotes,9100004,10,2.62391,382705,2.20425,8.7,-35.5635,passive,BTC-USD,sell,1.15929,100000,86259.8,2.37306,383835,0.965188,0.83257,1,86194.7,7.54344,8,66.5553,83194.1,0,6.28044,6.65553,5.95441,18.8904,0.291828,16680.6,22.1847,35.5635,72,171,0,72,59.8022,0,0,170,1,0,-0.970881,-0.755524,-0.970881,-0.755524,-2.14312,-1.92824,-2.14312,-1.92824,-17.9397,-17.7246,-17.9397,-17.7246
latency_outage,volatile_thin,100000,passive|outage|cod,40,3,True,"coinbase>=1,000,000",prints+quotes,9100004,10,2.62391,382705,2.20425,8.7,-35.5635,passive,BTC-USD,buy,1.15929,100000,86259.8,2.37306,389346,1.15929,1,1,86322.1,7.22292,8,80.0578,100072,0,7.22292,8.00578,-3.0677e-07,15.2287,1.3035e-08,0.00085966,15.2287,-35.5635,44,114,0,42,44.1307,5.88535,0,113,1,0,0.896129,1.32958,0.896129,1.32958,3.29592,3.72928,3.29592,3.72928,13.1318,13.5639,13.1318,13.5639
latency_outage,volatile_thin,100000,passive|outage|cod,40,3,True,"coinbase>=1,000,000",prints+quotes,9100004,10,2.62391,382705,2.20425,8.7,-35.5635,passive,BTC-USD,sell,1.15929,100000,86259.8,2.37306,383835,0.432745,0.373285,1,86255.1,0.548486,8,29.8611,37326.4,0,0.204741,2.98611,22.2882,25.479,1.49968,62433.7,38.2168,35.5635,66,142,0,65,59.8022,5.88535,0,141,1,0,-2.00011,-1.19629,-2.00011,-1.19629,-4.86157,-4.05802,-4.86157,-4.05802,-19.5617,-18.7599,-19.5617,-18.7599
latency_outage,volatile_thin,100000,passive|outage|no-cod,40,3,False,"coinbase>=1,000,000",prints+quotes,9100004,10,2.62391,382705,2.20425,8.7,-35.5635,passive,BTC-USD,buy,1.15929,100000,86259.8,2.37306,389346,1.15929,1,1,86307.6,5.53837,8,80.0443,100055,0,5.53837,8.00443,-3.0677e-07,13.5428,1.3035e-08,0.00085966,13.5428,-35.5635,16,77,0,15,18.7,5.88535,0,70,7,0,2.08002,1.41566,2.08002,1.41566,1.36701,0.702165,1.36701,0.702165,3.65604,2.99206,3.65604,2.99206
latency_outage,volatile_thin,100000,passive|outage|no-cod,40,3,False,"coinbase>=1,000,000",prints+quotes,9100004,10,2.62391,382705,2.20425,8.7,-35.5635,passive,BTC-USD,sell,1.15929,100000,86259.8,2.37306,383835,0.514873,0.444128,1,86254.8,0.580693,8,35.5282,44410.2,0,0.257902,3.55282,19.7687,23.5795,1.28077,55376.7,34.828,35.5635,66,152,0,66,59.8022,5.88535,0,151,1,0,-1.5537,-0.609632,-1.5537,-0.609632,-3.07759,-2.1336,-3.07759,-2.1336,-18.5448,-17.6028,-18.5448,-17.6028
latency_outage,volatile_thin,100000,passive|prints-only,40,0,True,"coinbase>=1,000,000",prints-only,9100004,10,2.62391,382705,2.20425,8.7,-35.5635,passive,BTC-USD,buy,1.15929,100000,86259.8,2.37306,389346,1.15929,1,1,86292.9,3.8411,8,80.0307,100038,0,3.8411,8.00307,-0,11.8442,0,0,11.8442,-35.5635,66,172,0,65,56.8,0,0,172,0,0,1.14619,1.74303,1.14619,1.74303,5.34295,5.93938,5.34295,5.93938,13.9288,14.5241,13.9288,14.5241
latency_outage,volatile_thin,100000,passive|prints-only,40,0,True,"coinbase>=1,000,000",prints-only,9100004,10,2.62391,382705,2.20425,8.7,-35.5635,passive,BTC-USD,sell,1.15929,100000,86259.8,2.37306,383835,0.536196,0.462522,1,86269.9,-1.17226,8,37.0061,46257.6,0,-0.542195,3.70061,19.1146,22.273,1.22393,53544.4,33.1349,35.5635,71,157,0,71,59.8022,0,0,157,0,0,-0.421161,0.438489,-0.421161,0.438489,-0.816415,0.0430188,-0.816415,0.0430188,-19.0686,-18.2108,-19.0686,-18.2108
latency_outage,volatile_thin,100000,aggressive|lat250ms,250,0,True,"coinbase>=1,000,000",prints+quotes,9100005,10,2.66496,382110,2.56296,7.95,-25.3902,aggressive,BTC-USD,buy,1.15844,100000,86322.6,2.57754,196362,1.15844,1,0,86352.2,3.42328,18,180.062,0,100034,3.42328,18.0062,-2.19175e-07,21.4294,1.166e-08,0.000861151,21.4294,-25.3902,1,22,0,0,0.28433,0,0,0,0,0,5.11734,1.69596,,,8.56601,5.14581,,,8.38246,4.9622,,
latency_outage,volatile_thin,100000,aggressive|lat250ms,250,0,True,"coinbase>=1,000,000",prints+quotes,9100005,10,2.66496,382110,2.56296,7.95,-25.3902,aggressive,BTC-USD,sell,1.15844,100000,86322.6,2.57754,187881,1.15844,1,0,86291,3.66632,18,179.934,0,99963.3,3.66632,17.9934,2.19175e-07,21.6597,1.166e-08,0.000860918,21.6597,25.3902,1,20,0,0,0.28433,0,0,0,0,0,1.9713,-1.69596,,,-1.47981,-5.14581,,,-1.29613,-4.9622,,
latency_outage,volatile_thin,100000,aggressive|lat40ms,40,0,True,"coinbase>=1,000,000",prints+quotes,9100005,10,2.66496,382110,2.56296,7.95,-25.3902,aggressive,BTC-USD,buy,1.15844,100000,86322.6,2.57754,196362,1.15844,1,0,86354.3,3.66511,18,180.066,0,100037,3.66511,18.0066,-2.19175e-07,21.6717,1.166e-08,0.000861151,21.6717,-25.3902,1,23,0,0,0.0454927,0,0,0,0,0,5.25236,1.58939,,,8.80749,5.14581,,,8.95687,5.29525,,
latency_outage,volatile_thin,100000,aggressive|lat40ms,40,0,True,"coinbase>=1,000,000",prints+quotes,9100005,10,2.66496,382110,2.56296,7.95,-25.3902,aggressive,BTC-USD,sell,1.15844,100000,86322.6,2.57754,187881,1.15844,1,0,86290.7,3.70347,18,179.933,0,99963,3.70347,17.9933,2.19175e-07,21.6968,1.166e-08,0.000860918,21.6968,25.3902,1,19,0,0,0.0454927,0,0,0,0,0,2.1151,-1.58939,,,-1.44265,-5.14581,,,-1.59214,-5.29525,,
latency_outage,volatile_thin,100000,aggressive|lat5ms,5,0,True,"coinbase>=1,000,000",prints+quotes,9100005,10,2.66496,382110,2.56296,7.95,-25.3902,aggressive,BTC-USD,buy,1.15844,100000,86322.6,2.57754,196362,1.15844,1,0,86354.3,3.66511,18,180.066,0,100037,3.66511,18.0066,-2.19175e-07,21.6717,1.166e-08,0.000861151,21.6717,-25.3902,1,23,0,0,0.00568659,0,0,0,0,0,5.25236,1.58939,,,8.80749,5.14581,,,8.95687,5.29525,,
latency_outage,volatile_thin,100000,aggressive|lat5ms,5,0,True,"coinbase>=1,000,000",prints+quotes,9100005,10,2.66496,382110,2.56296,7.95,-25.3902,aggressive,BTC-USD,sell,1.15844,100000,86322.6,2.57754,187881,1.15844,1,0,86290.7,3.70347,18,179.933,0,99963,3.70347,17.9933,2.19175e-07,21.6968,1.166e-08,0.000860918,21.6968,25.3902,1,19,0,0,0.00568659,0,0,0,0,0,2.1151,-1.58939,,,-1.44265,-5.14581,,,-1.59214,-5.29525,,
latency_outage,volatile_thin,100000,aggressive|outage|cod,40,3,True,"coinbase>=1,000,000",prints+quotes,9100005,10,2.66496,382110,2.56296,7.95,-25.3902,aggressive,BTC-USD,buy,1.15844,100000,86322.6,2.57754,196362,1.15844,1,0,86354.3,3.66511,18,180.066,0,100037,3.66511,18.0066,-2.19175e-07,21.6717,1.166e-08,0.000861151,21.6717,-25.3902,1,23,0,0,0.0454927,16.2191,0,0,0,0,5.25236,1.58939,,,8.80749,5.14581,,,8.95687,5.29525,,
latency_outage,volatile_thin,100000,aggressive|outage|cod,40,3,True,"coinbase>=1,000,000",prints+quotes,9100005,10,2.66496,382110,2.56296,7.95,-25.3902,aggressive,BTC-USD,sell,1.15844,100000,86322.6,2.57754,187881,1.15844,1,0,86290.7,3.70347,18,179.933,0,99963,3.70347,17.9933,2.19175e-07,21.6968,1.166e-08,0.000860918,21.6968,25.3902,1,19,0,0,0.0454927,16.2191,0,0,0,0,2.1151,-1.58939,,,-1.44265,-5.14581,,,-1.59214,-5.29525,,
latency_outage,volatile_thin,100000,aggressive|outage|no-cod,40,3,False,"coinbase>=1,000,000",prints+quotes,9100005,10,2.66496,382110,2.56296,7.95,-25.3902,aggressive,BTC-USD,buy,1.15844,100000,86322.6,2.57754,196362,1.15844,1,0,86354.3,3.66511,18,180.066,0,100037,3.66511,18.0066,-2.19175e-07,21.6717,1.166e-08,0.000861151,21.6717,-25.3902,1,23,0,0,0.0454927,16.2191,0,0,0,0,5.25236,1.58939,,,8.80749,5.14581,,,8.95687,5.29525,,
latency_outage,volatile_thin,100000,aggressive|outage|no-cod,40,3,False,"coinbase>=1,000,000",prints+quotes,9100005,10,2.66496,382110,2.56296,7.95,-25.3902,aggressive,BTC-USD,sell,1.15844,100000,86322.6,2.57754,187881,1.15844,1,0,86290.7,3.70347,18,179.933,0,99963,3.70347,17.9933,2.19175e-07,21.6968,1.166e-08,0.000860918,21.6968,25.3902,1,19,0,0,0.0454927,16.2191,0,0,0,0,2.1151,-1.58939,,,-1.44265,-5.14581,,,-1.59214,-5.29525,,
latency_outage,volatile_thin,100000,aggressive|prints-only,40,0,True,"coinbase>=1,000,000",prints-only,9100005,10,2.66496,382110,2.56296,7.95,-25.3902,aggressive,BTC-USD,buy,1.15844,100000,86322.6,2.57754,196362,1.15844,1,0,86354.3,3.66511,18,180.066,0,100037,3.66511,18.0066,-2.19175e-07,21.6717,1.166e-08,0.000861151,21.6717,-25.3902,1,23,0,0,0.0454927,0,0,0,0,0,5.25236,1.58939,,,8.80749,5.14581,,,8.95687,5.29525,,
latency_outage,volatile_thin,100000,aggressive|prints-only,40,0,True,"coinbase>=1,000,000",prints-only,9100005,10,2.66496,382110,2.56296,7.95,-25.3902,aggressive,BTC-USD,sell,1.15844,100000,86322.6,2.57754,187881,1.15844,1,0,86290.7,3.70347,18,179.933,0,99963,3.70347,17.9933,2.19175e-07,21.6968,1.166e-08,0.000860918,21.6968,25.3902,1,19,0,0,0.0454927,0,0,0,0,0,2.1151,-1.58939,,,-1.44265,-5.14581,,,-1.59214,-5.29525,,
latency_outage,volatile_thin,100000,hybrid|lat250ms,250,0,True,"coinbase>=1,000,000",prints+quotes,9100005,10,2.66496,382110,2.56296,7.95,-25.3902,hybrid,BTC-USD,buy,1.15844,100000,86322.6,2.57754,196362,1.15844,1,1,86284.1,-4.46322,8,79.9643,99955.4,0,-4.46322,7.99643,-2.19175e-07,3.53321,1.166e-08,0.000861151,3.53321,-25.3902,37,76,0,37,40.5,0,0,73,3,0,4.2251,0.495437,4.2251,0.495437,3.19301,-0.536835,3.19301,-0.536835,7.54264,3.81462,7.54264,3.81462
latency_outage,volatile_thin,100000,hybrid|lat250ms,250,0,True,"coinbase>=1,000,000",prints+quotes,9100005,10,2.66496,382110,2.56296,7.95,-25.3902,hybrid,BTC-USD,sell,1.15844,100000,86322.6,2.57754,187881,1.15844,1,1,86259.3,7.33862,8,79.9413,99926.6,0,7.33862,7.99413,0,15.3328,0,0,15.3328,25.3902,7,14,0,6,7.45623,0,0,14,0,0,2.84052,3.97162,2.84052,3.97162,5.20024,6.33166,5.20024,6.33166,7.78906,8.92075,7.78906,8.92075
latency_outage,volatile_thin,100000,hybrid|lat40ms,40,0,True,"coinbase>=1,000,000",prints+quotes,9100005,10,2.66496,382110,2.56296,7.95,-25.3902,hybrid,BTC-USD,buy,1.15844,100000,86322.6,2.57754,196362,1.15844,1,0.821838,86263.4,-6.86285,9.78069,97.7398,82136.7,17794.7,-6.86285,9.77398,-0,2.91113,0,0,2.91113,-25.3902,48,106,0,47,42.1351,0,0,101,1,0,0.0472867,-0.931072,-0.0942083,-0.937894,-0.425768,-1.40416,-0.75304,-1.59678,3.82835,2.85053,3.24595,2.40272
latency_outage,volatile_thin,100000,hybrid|lat40ms,40,0,True,"coinbase>=1,000,000",prints+quotes,9100005,10,2.66496,382110,2.56296,7.95,-25.3902,hybrid,BTC-USD,sell,1.15844,100000,86322.6,2.57754,187881,1.15844,1,1,86261,7.14363,8,79.9429,99928.6,0,7.14363,7.99429,0,15.1379,0,0,15.1379,25.3902,8,25,0,7,7.45623,0,0,25,0,0,2.42171,3.67355,2.42171,3.67355,5.26413,6.51644,5.26413,6.51644,7.61799,8.87054,7.61799,8.87054
latency_outage,volatile_thin,100000,hybrid|lat5ms,5,0,True,"coinbase>=1,000,000",prints+quotes,9100005,10,2.66496,382110,2.56296,7.95,-25.3902,hybrid,BTC-USD,buy,1.15844,100000,86322.6,2.57754,196362,1.15844,1,0.752648,86259.5,-7.31595,10.4724,104.647,75221.4,24705.5,-7.31595,10.4647,-2.19175e-07,3.14875,1.166e-08,0.000861151,3.14875,-25.3902,48,101,0,47,42.0437,0,0,95,1,0,0.397369,-0.956933,0.273047,-0.73937,-0.329047,-1.68334,-0.703534,-1.71595,4.08894,2.73539,3.26682,2.25495
latency_outage,volatile_thin,100000,hybrid|lat5ms,5,0,True,"coinbase>=1,000,000",prints+quotes,9100005,10,2.66496,382110,2.56296,7.95,-25.3902,hybrid,BTC-USD,sell,1.15844,100000,86322.6,2.57754,187881,1.15844,1,1,86261,7.13997,8,79.9429,99928.6,0,7.13997,7.99429,0,15.1343,0,0,15.1343,25.3902,8,29,0,7,7.45623,0,0,29,0,0,2.41455,3.66699,2.41455,3.66699,5.26408,6.517,5.26408,6.517,7.61589,8.86904,7.61589,8.86904
latency_outage,volatile_thin,100000,hybrid|outage|cod,40,3,True,"coinbase>=1,000,000",prints+quotes,9100005,10,2.66496,382110,2.56296,7.95,-25.3902,hybrid,BTC-USD,buy,1.15844,100000,86322.6,2.57754,196362,1.15844,1,0.645792,86250.6,-8.34735,11.5411,115.314,64535.3,35381.2,-8.34735,11.5314,-2.19175e-07,3.18409,1.166e-08,0.000861151,3.18409,-25.3902,41,92,0,38,45.0458,16.2191,0,83,0,0,-1.23817,-0.980034,-3.37198,-1.79592,-1.27655,-1.01827,-4.08374,-2.50759,2.64435,2.90268,-0.0735742,1.50222
latency_outage,volatile_thin,100000,hybrid|outage|cod,40,3,True,"coinbase>=1,000,000",prints+quotes,9100005,10,2.66496,382110,2.56296,7.95,-25.3902,hybrid,BTC-USD,sell,1.15844,100000,86322.6,2.57754,187881,1.15844,1,1,86259.6,7.30517,8,79.9416,99926.9,0,7.30517,7.99416,0,15.2993,0,0,15.2993,25.3902,5,15,0,3,7.45623,16.2191,0,15,0,0,2.50992,3.75808,2.50992,3.75808,5.52823,6.77689,5.52823,6.77689,7.70901,8.95787,7.70901,8.95787
latency_outage,volatile_thin,100000,hybrid|outage|no-cod,40,3,False,"coinbase>=1,000,000",prints+quotes,9100005,10,2.66496,382110,2.56296,7.95,-25.3902,hybrid,BTC-USD,buy,1.15844,100000,86322.6,2.57754,196362,1.15844,1,1,86302.5,-2.33226,8,79.9813,99976.7,0,-2.33226,7.99813,-4.3835e-07,5.66588,2.332e-08,0.0017223,5.66588,-25.3902,2,24,0,1,5,16.2191,0,14,10,0,4.75314,2.10344,4.75314,2.10344,-1.22983,-3.88117,-1.22983,-3.88117,-4.82364,-7.47589,-4.82364,-7.47589
latency_outage,volatile_thin,100000,hybrid|outage|no-cod,40,3,False,"coinbase>=1,000,000",prints+quotes,9100005,10,2.66496,382110,2.56296,7.95,-25.3902,hybrid,BTC-USD,sell,1.15844,100000,86322.6,2.57754,187881,1.15844,1,1,86259.7,7.29264,8,79.9417,99927.1,0,7.29264,7.99417,0,15.2868,0,0,15.2868,25.3902,4,24,0,3,7.45623,16.2191,0,24,0,0,2.33901,3.37976,2.33901,3.37976,5.68275,6.72383,5.68275,6.72383,7.78369,8.825,7.78369,8.825
latency_outage,volatile_thin,100000,hybrid|prints-only,40,0,True,"coinbase>=1,000,000",prints-only,9100005,10,2.66496,382110,2.56296,7.95,-25.3902,hybrid,BTC-USD,buy,1.15844,100000,86322.6,2.57754,196362,1.15844,1,0.655199,86249,-8.53123,11.4469,114.371,65475.6,34439.1,-8.53123,11.4371,-0,2.90586,0,0,2.90586,-25.3902,48,108,0,47,42.1351,0,0,101,0,0,-1.8298,-1.42095,-3.26197,-1.69531,-2.13694,-1.72801,-3.93277,-2.36602,2.38172,2.79076,0.105836,1.67222
latency_outage,volatile_thin,100000,hybrid|prints-only,40,0,True,"coinbase>=1,000,000",prints-only,9100005,10,2.66496,382110,2.56296,7.95,-25.3902,hybrid,BTC-USD,sell,1.15844,100000,86322.6,2.57754,187881,1.15844,1,1,86261,7.14363,8,79.9429,99928.6,0,7.14363,7.99429,0,15.1379,0,0,15.1379,25.3902,8,25,0,7,7.45623,0,0,25,0,0,2.42171,3.67355,2.42171,3.67355,5.26413,6.51644,5.26413,6.51644,7.61799,8.87054,7.61799,8.87054
latency_outage,volatile_thin,100000,passive|lat250ms,250,0,True,"coinbase>=1,000,000",prints+quotes,9100005,10,2.66496,382110,2.56296,7.95,-25.3902,passive,BTC-USD,buy,1.15844,100000,86322.6,2.57754,196362,1.15844,1,1,86284.1,-4.46322,8,79.9643,99955.4,0,-4.46322,7.99643,-2.19175e-07,3.53321,1.166e-08,0.000861151,3.53321,-25.3902,37,76,0,37,40.5,0,0,73,3,0,4.2251,0.495437,4.2251,0.495437,3.19301,-0.536835,3.19301,-0.536835,7.54264,3.81462,7.54264,3.81462
latency_outage,volatile_thin,100000,passive|lat250ms,250,0,True,"coinbase>=1,000,000",prints+quotes,9100005,10,2.66496,382110,2.56296,7.95,-25.3902,passive,BTC-USD,sell,1.15844,100000,86322.6,2.57754,187881,1.15844,1,1,86259.3,7.33862,8,79.9413,99926.6,0,7.33862,7.99413,0,15.3328,0,0,15.3328,25.3902,7,14,0,6,7.45623,0,0,14,0,0,2.84052,3.97162,2.84052,3.97162,5.20024,6.33166,5.20024,6.33166,7.78906,8.92075,7.78906,8.92075
latency_outage,volatile_thin,100000,passive|lat40ms,40,0,True,"coinbase>=1,000,000",prints+quotes,9100005,10,2.66496,382110,2.56296,7.95,-25.3902,passive,BTC-USD,buy,1.15844,100000,86322.6,2.57754,196362,1.15844,1,1,86259.6,-7.29931,8,79.9416,99927,0,-7.29931,7.99416,-2.19175e-07,0.694852,1.166e-08,0.000861151,0.694853,-25.3902,51,122,0,50,47.027,0,0,121,1,0,-0.371924,-0.805493,-0.371924,-0.805493,-0.458129,-0.891814,-0.458129,-0.891814,3.65793,3.22455,3.65793,3.22455
latency_outage,volatile_thin,100000,passive|lat40ms,40,0,True,"coinbase>=1,000,000",prints+quotes,9100005,10,2.66496,382110,2.56296,7.95,-25.3902,passive,BTC-USD,sell,1.15844,100000,86322.6,2.57754,187881,1.15844,1,1,86261,7.14363,8,79.9429,99928.6,0,7.14363,7.99429,0,15.1379,0,0,15.1379,25.3902,8,25,0,7,7.45623,0,0,25,0,0,2.42171,3.67355,2.42171,3.67355,5.26413,6.51644,5.26413,6.51644,7.61799,8.87054,7.61799,8.87054
latency_outage,volatile_thin,100000,passive|lat5ms,5,0,True,"coinbase>=1,000,000",prints+quotes,9100005,10,2.66496,382110,2.56296,7.95,-25.3902,passive,BTC-USD,buy,1.15844,100000,86322.6,2.57754,196362,1.15844,1,1,86253.3,-8.03604,8,79.9357,99919.6,0,-8.03604,7.99357,-0,-0.0424663,0,0,-0.0424663,-25.3902,58,133,0,57,52.6,0,0,131,2,0,0.40565,-0.447181,0.40565,-0.447181,0.286175,-0.566655,0.286175,-0.566655,2.79687,1.94401,2.79687,1.94401
latency_outage,volatile_thin,100000,passive|lat5ms,5,0,True,"coinbase>=1,000,000",prints+quotes,9100005,10,2.66496,382110,2.56296,7.95,-25.3902,passive,BTC-USD,sell,1.15844,100000,86322.6,2.57754,187881,1.15844,1,1,86261,7.13997,8,79.9429,99928.6,0,7.13997,7.99429,0,15.1343,0,0,15.1343,25.3902,8,29,0,7,7.45623,0,0,29,0,0,2.41455,3.66699,2.41455,3.66699,5.26408,6.517,5.26408,6.517,7.61589,8.86904,7.61589,8.86904
latency_outage,volatile_thin,100000,passive|outage|cod,40,3,True,"coinbase>=1,000,000",prints+quotes,9100005,10,2.66496,382110,2.56296,7.95,-25.3902,passive,BTC-USD,buy,1.15844,100000,86322.6,2.57754,196362,0.834425,0.720297,1,86248.7,-8.56132,8,57.5744,71968.1,0,-6.16669,5.75744,-7.10171,-7.51096,0.445602,27903.7,-2.04269,-25.3902,55,109,0,52,59.7134,16.2191,0,109,0,0,-2.96533,-1.48605,-2.96533,-1.48605,-3.41251,-1.93315,-3.41251,-1.93315,-1.13245,0.346658,-1.13245,0.346658
latency_outage,volatile_thin,100000,passive|outage|cod,40,3,True,"coinbase>=1,000,000",prints+quotes,9100005,10,2.66496,382110,2.56296,7.95,-25.3902,passive,BTC-USD,sell,1.15844,100000,86322.6,2.57754,187881,1.15844,1,1,86259.6,7.30517,8,79.9416,99926.9,0,7.30517,7.99416,0,15.2993,0,0,15.2993,25.3902,5,15,0,3,7.45623,16.2191,0,15,0,0,2.50992,3.75808,2.50992,3.75808,5.52823,6.77689,5.52823,6.77689,7.70901,8.95787,7.70901,8.95787
latency_outage,volatile_thin,100000,passive|outage|no-cod,40,3,False,"coinbase>=1,000,000",prints+quotes,9100005,10,2.66496,382110,2.56296,7.95,-25.3902,passive,BTC-USD,buy,1.15844,100000,86322.6,2.57754,196362,1.15844,1,1,86302.5,-2.33226,8,79.9813,99976.7,0,-2.33226,7.99813,-4.3835e-07,5.66588,2.332e-08,0.0017223,5.66588,-25.3902,2,24,0,1,5,16.2191,0,14,10,0,4.75314,2.10344,4.75314,2.10344,-1.22983,-3.88117,-1.22983,-3.88117,-4.82364,-7.47589,-4.82364,-7.47589
latency_outage,volatile_thin,100000,passive|outage|no-cod,40,3,False,"coinbase>=1,000,000",prints+quotes,9100005,10,2.66496,382110,2.56296,7.95,-25.3902,passive,BTC-USD,sell,1.15844,100000,86322.6,2.57754,187881,1.15844,1,1,86259.7,7.29264,8,79.9417,99927.1,0,7.29264,7.99417,0,15.2868,0,0,15.2868,25.3902,4,24,0,3,7.45623,16.2191,0,24,0,0,2.33901,3.37976,2.33901,3.37976,5.68275,6.72383,5.68275,6.72383,7.78369,8.825,7.78369,8.825
latency_outage,volatile_thin,100000,passive|prints-only,40,0,True,"coinbase>=1,000,000",prints-only,9100005,10,2.66496,382110,2.56296,7.95,-25.3902,passive,BTC-USD,buy,1.15844,100000,86322.6,2.57754,196362,1.08731,0.938598,1,86237.1,-9.91036,8,75.0134,93766.8,0,-9.30185,7.50134,-1.559,-3.35951,0.0857039,6125.44,-2.17122,-25.3902,68,152,0,68,59.7134,0,0,152,0,0,-2.47306,-1.01388,-2.47306,-1.01388,-2.19772,-0.738573,-2.19772,-0.738573,0.131116,1.58998,0.131116,1.58998
latency_outage,volatile_thin,100000,passive|prints-only,40,0,True,"coinbase>=1,000,000",prints-only,9100005,10,2.66496,382110,2.56296,7.95,-25.3902,passive,BTC-USD,sell,1.15844,100000,86322.6,2.57754,187881,1.15844,1,1,86261,7.14363,8,79.9429,99928.6,0,7.14363,7.99429,0,15.1379,0,0,15.1379,25.3902,8,25,0,7,7.45623,0,0,25,0,0,2.42171,3.67355,2.42171,3.67355,5.26413,6.51644,5.26413,6.51644,7.61799,8.87054,7.61799,8.87054
latency_outage,volatile_thin,100000,aggressive|lat250ms,250,0,True,"coinbase>=1,000,000",prints+quotes,9100006,10,2.57409,395854,2.31942,9.51667,-5.96639,aggressive,BTC-USD,buy,1.15942,100000,86249.8,2.27247,382507,1.15942,1,0,86262,1.41843,18,180.026,0,100014,1.41843,18.0026,1.14264e-15,19.421,0,0,19.421,-5.96639,1,14,0,0,0.15536,0,0,0,0,0,0.529071,-0.800574,,,4.28855,2.9594,,,1.61935,0.289853,,
latency_outage,volatile_thin,100000,aggressive|lat250ms,250,0,True,"coinbase>=1,000,000",prints+quotes,9100006,10,2.57409,395854,2.31942,9.51667,-5.96639,aggressive,BTC-USD,sell,1.15942,100000,86249.8,2.27247,375322,1.15942,1,0,86214.5,4.09446,18,179.926,0,99959.1,4.09446,17.9926,0,22.0871,0,0,22.0871,5.96639,1,20,0,0,0.15536,0,0,0,0,0,4.98596,0.800574,,,1.22441,-2.9594,,,3.89508,-0.289853,,
latency_outage,volatile_thin,100000,aggressive|lat40ms,40,0,True,"coinbase>=1,000,000",prints+quotes,9100006,10,2.57409,395854,2.31942,9.51667,-5.96639,aggressive,BTC-USD,buy,1.15942,100000,86249.8,2.27247,382507,1.15942,1,0,86262,1.41866,18,180.026,0,100014,1.41866,18.0026,-0,19.4212,0,0,19.4212,-5.96639,1,13,0,0,0.0248576,0,0,0,0,0,0.529304,-0.889277,,,4.28878,2.87073,,,1.61959,0.20116,,
latency_outage,volatile_thin,100000,aggressive|lat40ms,40,0,True,"coinbase>=1,000,000",prints+quotes,9100006,10,2.57409,395854,2.31942,9.51667,-5.96639,aggressive,BTC-USD,sell,1.15942,100000,86249.8,2.27247,375322,1.15942,1,0,86211.4,4.45521,18,179.92,0,99955.4,4.45521,17.992,1.14264e-15,22.4472,0,0,22.4472,5.96639,1,18,0,0,0.0248576,0,0,0,0,0,5.34699,0.889277,,,1.5853,-2.87073,,,4.25607,-0.20116,,
latency_outage,volatile_thin,100000,aggressive|lat5ms,5,0,True,"coinbase>=1,000,000",prints+quotes,9100006,10,2.57409,395854,2.31942,9.51667,-5.96639,aggressive,BTC-USD,buy,1.15942,100000,86249.8,2.27247,382507,1.15942,1,0,86262,1.41866,18,180.026,0,100014,1.41866,18.0026,-0,19.4212,0,0,19.4212,-5.96639,1,13,0,0,0.0031072,0,0,0,0,0,0.529304,-0.889277,,,4.28878,2.87073,,,1.61959,0.20116,,
latency_outage,volatile_thin,100000,aggressive|lat5ms,5,0,True,"coinbase>=1,000,000",prints+quotes,9100006,10,2.57409,395854,2.31942,9.51667,-5.96639,aggressive,BTC-USD,sell,1.15942,100000,86249.8,2.27247,375322,1.15942,1,0,86211.4,4.45521,18,179.92,0,99955.4,4.45521,17.992,1.14264e-15,22.4472,0,0,22.4472,5.96639,1,18,0,0,0.0031072,0,0,0,0,0,5.34699,0.889277,,,1.5853,-2.87073,,,4.25607,-0.20116,,
latency_outage,volatile_thin,100000,aggressive|outage|cod,40,3,True,"coinbase>=1,000,000",prints+quotes,9100006,10,2.57409,395854,2.31942,9.51667,-5.96639,aggressive,BTC-USD,buy,1.15942,100000,86249.8,2.27247,382507,1.15942,1,0,86262,1.41866,18,180.026,0,100014,1.41866,18.0026,-0,19.4212,0,0,19.4212,-5.96639,1,13,0,0,0.0248576,6.36376,0,0,0,0,0.529304,-0.889277,,,4.28878,2.87073,,,1.61959,0.20116,,
latency_outage,volatile_thin,100000,aggressive|outage|cod,40,3,True,"coinbase>=1,000,000",prints+quotes,9100006,10,2.57409,395854,2.31942,9.51667,-5.96639,aggressive,BTC-USD,sell,1.15942,100000,86249.8,2.27247,375322,1.15942,1,0,86211.4,4.45521,18,179.92,0,99955.4,4.45521,17.992,1.14264e-15,22.4472,0,0,22.4472,5.96639,1,18,0,0,0.0248576,6.36376,0,0,0,0,5.34699,0.889277,,,1.5853,-2.87073,,,4.25607,-0.20116,,
latency_outage,volatile_thin,100000,aggressive|outage|no-cod,40,3,False,"coinbase>=1,000,000",prints+quotes,9100006,10,2.57409,395854,2.31942,9.51667,-5.96639,aggressive,BTC-USD,buy,1.15942,100000,86249.8,2.27247,382507,1.15942,1,0,86262,1.41866,18,180.026,0,100014,1.41866,18.0026,-0,19.4212,0,0,19.4212,-5.96639,1,13,0,0,0.0248576,6.36376,0,0,0,0,0.529304,-0.889277,,,4.28878,2.87073,,,1.61959,0.20116,,
latency_outage,volatile_thin,100000,aggressive|outage|no-cod,40,3,False,"coinbase>=1,000,000",prints+quotes,9100006,10,2.57409,395854,2.31942,9.51667,-5.96639,aggressive,BTC-USD,sell,1.15942,100000,86249.8,2.27247,375322,1.15942,1,0,86211.4,4.45521,18,179.92,0,99955.4,4.45521,17.992,1.14264e-15,22.4472,0,0,22.4472,5.96639,1,18,0,0,0.0248576,6.36376,0,0,0,0,5.34699,0.889277,,,1.5853,-2.87073,,,4.25607,-0.20116,,
latency_outage,volatile_thin,100000,aggressive|prints-only,40,0,True,"coinbase>=1,000,000",prints-only,9100006,10,2.57409,395854,2.31942,9.51667,-5.96639,aggressive,BTC-USD,buy,1.15942,100000,86249.8,2.27247,382507,1.15942,1,0,86262,1.41866,18,180.026,0,100014,1.41866,18.0026,-0,19.4212,0,0,19.4212,-5.96639,1,13,0,0,0.0248576,0,0,0,0,0,0.529304,-0.889277,,,4.28878,2.87073,,,1.61959,0.20116,,
latency_outage,volatile_thin,100000,aggressive|prints-only,40,0,True,"coinbase>=1,000,000",prints-only,9100006,10,2.57409,395854,2.31942,9.51667,-5.96639,aggressive,BTC-USD,sell,1.15942,100000,86249.8,2.27247,375322,1.15942,1,0,86211.4,4.45521,18,179.92,0,99955.4,4.45521,17.992,1.14264e-15,22.4472,0,0,22.4472,5.96639,1,18,0,0,0.0248576,0,0,0,0,0,5.34699,0.889277,,,1.5853,-2.87073,,,4.25607,-0.20116,,
latency_outage,volatile_thin,100000,hybrid|lat250ms,250,0,True,"coinbase>=1,000,000",prints+quotes,9100006,10,2.57409,395854,2.31942,9.51667,-5.96639,hybrid,BTC-USD,buy,1.15942,100000,86249.8,2.27247,382507,1.15942,1,1,86206.2,-5.05372,8,79.9596,99949.5,0,-5.05372,7.99596,-5.146e-08,2.94224,9.55e-09,0.000862079,2.94224,-5.96639,20,48,0,20,22,0,0,34,14,0,1.71267,0.942058,1.71267,0.942058,-1.4575,-2.22805,-1.4575,-2.22805,-6.92005,-7.69108,-6.92005,-7.69108
latency_outage,volatile_thin,100000,hybrid|lat250ms,250,0,True,"coinbase>=1,000,000",prints+quotes,9100006,10,2.57409,395854,2.31942,9.51667,-5.96639,hybrid,BTC-USD,sell,1.15942,100000,86249.8,2.27247,375322,1.15942,1,0.867676,86238.2,1.34392,9.32324,93.2199,86755.9,13230.6,1.34392,9.32199,5.146e-08,10.6659,9.55e-09,0.000861888,10.6659,5.96639,41,90,0,40,42.5205,0,0,78,8,0,2.39193,1.06386,2.44424,1.25864,2.59592,1.26807,2.36678,1.1815,-4.51762,-5.84463,-3.28589,-4.47077
latency_outage,volatile_thin,100000,hybrid|lat40ms,40,0,True,"coinbase>=1,000,000",prints+quotes,9100006,10,2.57409,395854,2.31942,9.51667,-5.96639,hybrid,BTC-USD,buy,1.15942,100000,86249.8,2.27247,382507,1.15942,1,0.854374,86233.9,-1.84193,9.45677,94.5503,85416.6,14565,-1.84193,9.45503,-5.146e-08,7.6131,9.55e-09,0.000862079,7.6131,-5.96639,44,124,0,43,42.1416,0,0,112,9,0,0.80826,0.261947,0.895241,0.562814,-0.95889,-1.50516,-1.13686,-1.46923,-0.884306,-1.43012,-3.438,-3.77026
latency_outage,volatile_thin,100000,hybrid|lat40ms,40,0,True,"coinbase>=1,000,000",prints+quotes,9100006,10,2.57409,395854,2.31942,9.51667,-5.96639,hybrid,BTC-USD,sell,1.15942,100000,86249.8,2.27247,375322,1.15942,1,1,86256.4,-0.766457,8,80.0061,100008,0,-0.766457,8.00061,5.146e-08,7.23416,9.55e-09,0.000861888,7.23416,5.96639,33,96,0,32,27.9041,0,0,96,0,0,-0.481746,0.280088,-0.481746,0.280088,0.812814,1.57474,0.812814,1.57474,-1.01209,-0.250293,-1.01209,-0.250293
latency_outage,volatile_thin,100000,hybrid|lat5ms,5,0,True,"coinbase>=1,000,000",prints+quotes,9100006,10,2.57409,395854,2.31942,9.51667,-5.96639,hybrid,BTC-USD,buy,1.15942,100000,86249.8,2.27247,382507,1.15942,1,1,86218.7,-3.60699,8,79.9711,99963.9,0,-3.60699,7.99711,-5.146e-08,4.39013,9.55e-09,0.000862079,4.39013,-5.96639,31,84,0,30,27.6,0,0,72,12,0,1.37023,0.792296,1.37023,0.792296,-1.98336,-2.56153,-1.98336,-2.56153,-5.21904,-5.79725,-5.21904,-5.79725
latency_outage,volatile_thin,100000,hybrid|lat5ms,5,0,True,"coinbase>=1,000,000",prints+quotes,9100006,10,2.57409,395854,2.31942,9.51667,-5.96639,hybrid,BTC-USD,sell,1.15942,100000,86249.8,2.27247,375322,1.15942,1,1,86250.1,-0.0386457,8,80.0003,100000,0,-0.0386457,8.00003,-1.14264e-15,7.96139,0,0,7.96139,5.96639,33,103,0,32,27.9041,0,0,103,0,0,-0.710904,0.0849871,-0.710904,0.0849871,1.18857,1.98463,1.18857,1.98463,0.0210942,0.817091,0.0210942,0.817091
latency_outage,volatile_thin,100000,hybrid|outage|cod,40,3,True,"coinbase>=1,000,000",prints+quotes,9100006,10,2.57409,395854,2.31942,9.51667,-5.96639,hybrid,BTC-USD,buy,1.15942,100000,86249.8,2.27247,382507,1.15942,1,0.849103,86237,-1.4856,9.50979,95.0838,84889.5,15095.7,-1.4856,9.50838,-5.146e-08,8.02278,9.55e-09,0.000862079,8.02278,-5.96639,43,117,0,41,46.6428,6.36376,0,103,9,0,1.05329,0.446506,0.905713,0.564689,0.336051,-0.270475,-1.13255,-1.47352,0.549907,-0.0560458,-3.53864,-3.87949
latency_outage,volatile_thin,100000,hybrid|outage|cod,40,3,True,"coinbase>=1,000,000",prints+quotes,9100006,10,2.57409,395854,2.31942,9.51667,-5.96639,hybrid,BTC-USD,sell,1.15942,100000,86249.8,2.27247,375322,1.15942,1,1,86256.4,-0.766457,8,80.0061,100008,0,-0.766457,8.00061,5.146e-08,7.23416,9.55e-09,0.000861888,7.23416,5.96639,33,96,0,32,27.9041,6.36376,0,96,0,0,-0.481746,0.280088,-0.481746,0.280088,0.812814,1.57474,0.812814,1.57474,-1.01209,-0.250293,-1.01209,-0.250293
latency_outage,volatile_thin,100000,hybrid|outage|no-cod,40,3,False,"coinbase>=1,000,000",prints+quotes,9100006,10,2.57409,395854,2.31942,9.51667,-5.96639,hybrid,BTC-USD,buy,1.15942,100000,86249.8,2.27247,382507,1.15942,1,1,86233.5,-1.89069,8,79.9849,99981.1,0,-1.89069,7.99849,-5.146e-08,6.1078,9.55e-09,0.000862079,6.1078,-5.96639,42,131,0,41,44.7,6.36376,0,119,12,0,0.641603,0.0747744,0.641603,0.0747744,-0.666231,-1.23293,-0.666231,-1.23293,-0.00669207,-0.572794,-0.00669207,-0.572794
latency_outage,volatile_thin,100000,hybrid|outage|no-cod,40,3,False,"coinbase>=1,000,000",prints+quotes,9100006,10,2.57409,395854,2.31942,9.51667,-5.96639,hybrid,BTC-USD,sell,1.15942,100000,86249.8,2.27247,375322,1.15942,1,1,86256.4,-0.766457,8,80.0061,100008,0,-0.766457,8.00061,5.146e-08,7.23416,9.55e-09,0.000861888,7.23416,5.96639,33,96,0,32,27.9041,6.36376,0,96,0,0,-0.481746,0.280088,-0.481746,0.280088,0.812814,1.57474,0.812814,1.57474,-1.01209,-0.250293,-1.01209,-0.250293
latency_outage,volatile_thin,100000,hybrid|prints-only,40,0,True,"coinbase>=1,000,000",prints-only,9100006,10,2.57409,395854,2.31942,9.51667,-5.96639,hybrid,BTC-USD,buy,1.15942,100000,86249.8,2.27247,382507,1.15942,1,0.37127,86243.7,-0.703741,14.2891,142.881,37106.5,62886.5,-0.703741,14.2881,-5.146e-08,13.5843,9.55e-09,0.000862079,13.5843,-5.96639,44,121,0,43,42.1416,0,0,112,0,0,1.02733,-0.0231323,1.45694,2.48332,-0.361623,-1.412,-1.92392,-0.897239,6.87194,5.82372,-6.16953,-5.14245
latency_outage,volatile_thin,100000,hybrid|prints-only,40,0,True,"coinbase>=1,000,000",prints-only,9100006,10,2.57409,395854,2.31942,9.51667,-5.96639,hybrid,BTC-USD,sell,1.15942,100000,86249.8,2.27247,375322,1.15942,1,1,86256.4,-0.766457,8,80.0061,100008,0,-0.766457,8.00061,5.146e-08,7.23416,9.55e-09,0.000861888,7.23416,5.96639,33,96,0,32,27.9041,0,0,96,0,0,-0.481746,0.280088,-0.481746,0.280088,0.812814,1.57474,0.812814,1.57474,-1.01209,-0.250293,-1.01209,-0.250293
latency_outage,volatile_thin,100000,passive|lat250ms,250,0,True,"coinbase>=1,000,000",prints+quotes,9100006,10,2.57409,395854,2.31942,9.51667,-5.96639,passive,BTC-USD,buy,1.15942,100000,86249.8,2.27247,382507,1.15942,1,1,86206.2,-5.05372,8,79.9596,99949.5,0,-5.05372,7.99596,-5.146e-08,2.94224,9.55e-09,0.000862079,2.94224,-5.96639,20,48,0,20,22,0,0,34,14,0,1.71267,0.942058,1.71267,0.942058,-1.4575,-2.22805,-1.4575,-2.22805,-6.92005,-7.69108,-6.92005,-7.69108
latency_outage,volatile_thin,100000,passive|lat250ms,250,0,True,"coinbase>=1,000,000",prints+quotes,9100006,10,2.57409,395854,2.31942,9.51667,-5.96639,passive,BTC-USD,sell,1.15942,100000,86249.8,2.27247,375322,1.15942,1,1,86237.6,1.41079,8,79.9887,99985.9,0,1.41079,7.99887,5.146e-08,9.40967,9.55e-09,0.000861888,9.40967,5.96639,55,113,0,55,57.3,0,0,99,14,0,2.15491,0.985572,2.15491,0.985572,1.39819,0.229231,1.39819,0.229231,-2.93511,-4.1038,-2.93511,-4.1038
latency_outage,volatile_thin,100000,passive|lat40ms,40,0,True,"coinbase>=1,000,000",prints+quotes,9100006,10,2.57409,395854,2.31942,9.51667,-5.96639,passive,BTC-USD,buy,1.15942,100000,86249.8,2.27247,382507,1.15942,1,1,86226.8,-2.66776,8,79.9787,99973.3,0,-2.66776,7.99787,-0,5.33011,0,0,5.33011,-5.96639,60,146,0,59,56.3038,0,0,137,9,0,0.281112,0.16222,0.281112,0.16222,-0.499129,-0.618082,-0.499129,-0.618082,-3.43732,-3.55606,-3.43732,-3.55606
latency_outage,volatile_thin,100000,passive|lat40ms,40,0,True,"coinbase>=1,000,000",prints+quotes,9100006,10,2.57409,395854,2.31942,9.51667,-5.96639,passive,BTC-USD,sell,1.15942,100000,86249.8,2.27247,375322,1.15942,1,1,86256.4,-0.766457,8,80.0061,100008,0,-0.766457,8.00061,5.146e-08,7.23416,9.55e-09,0.000861888,7.23416,5.96639,33,96,0,32,27.9041,0,0,96,0,0,-0.481746,0.280088,-0.481746,0.280088,0.812814,1.57474,0.812814,1.57474,-1.01209,-0.250293,-1.01209,-0.250293
latency_outage,volatile_thin,100000,passive|lat5ms,5,0,True,"coinbase>=1,000,000",prints+quotes,9100006,10,2.57409,395854,2.31942,9.51667,-5.96639,passive,BTC-USD,buy,1.15942,100000,86249.8,2.27247,382507,1.15942,1,1,86218.7,-3.60699,8,79.9711,99963.9,0,-3.60699,7.99711,-5.146e-08,4.39013,9.55e-09,0.000862079,4.39013,-5.96639,31,84,0,30,27.6,0,0,72,12,0,1.37023,0.792296,1.37023,0.792296,-1.98336,-2.56153,-1.98336,-2.56153,-5.21904,-5.79725,-5.21904,-5.79725
latency_outage,volatile_thin,100000,passive|lat5ms,5,0,True,"coinbase>=1,000,000",prints+quotes,9100006,10,2.57409,395854,2.31942,9.51667,-5.96639,passive,BTC-USD,sell,1.15942,100000,86249.8,2.27247,375322,1.15942,1,1,86250.1,-0.0386457,8,80.0003,100000,0,-0.0386457,8.00003,-1.14264e-15,7.96139,0,0,7.96139,5.96639,33,103,0,32,27.9041,0,0,103,0,0,-0.710904,0.0849871,-0.710904,0.0849871,1.18857,1.98463,1.18857,1.98463,0.0210942,0.817091,0.0210942,0.817091
latency_outage,volatile_thin,100000,passive|outage|cod,40,3,True,"coinbase>=1,000,000",prints+quotes,9100006,10,2.57409,395854,2.31942,9.51667,-5.96639,passive,BTC-USD,buy,1.15942,100000,86249.8,2.27247,382507,1.15942,1,1,86226.6,-2.68616,8,79.9785,99973.1,0,-2.68616,7.99785,-5.146e-08,5.31169,9.55e-09,0.000862079,5.31169,-5.96639,54,137,0,52,56.3038,6.36376,0,128,9,0,0.26671,0.148378,0.26671,0.148378,-0.465176,-0.583574,-0.465176,-0.583574,-3.52112,-3.6393,-3.52112,-3.6393
latency_outage,volatile_thin,100000,passive|outage|cod,40,3,True,"coinbase>=1,000,000",prints+quotes,9100006,10,2.57409,395854,2.31942,9.51667,-5.96639,passive,BTC-USD,sell,1.15942,100000,86249.8,2.27247,375322,1.15942,1,1,86256.4,-0.766457,8,80.0061,100008,0,-0.766457,8.00061,5.146e-08,7.23416,9.55e-09,0.000861888,7.23416,5.96639,33,96,0,32,27.9041,6.36376,0,96,0,0,-0.481746,0.280088,-0.481746,0.280088,0.812814,1.57474,0.812814,1.57474,-1.01209,-0.250293,-1.01209,-0.250293
latency_outage,volatile_thin,100000,passive|outage|no-cod,40,3,False,"coinbase>=1,000,000",prints+quotes,9100006,10,2.57409,395854,2.31942,9.51667,-5.96639,passive,BTC-USD,buy,1.15942,100000,86249.8,2.27247,382507,1.15942,1,1,86233.5,-1.89069,8,79.9849,99981.1,0,-1.89069,7.99849,-5.146e-08,6.1078,9.55e-09,0.000862079,6.1078,-5.96639,42,131,0,41,44.7,6.36376,0,119,12,0,0.641603,0.0747744,0.641603,0.0747744,-0.666231,-1.23293,-0.666231,-1.23293,-0.00669207,-0.572794,-0.00669207,-0.572794
latency_outage,volatile_thin,100000,passive|outage|no-cod,40,3,False,"coinbase>=1,000,000",prints+quotes,9100006,10,2.57409,395854,2.31942,9.51667,-5.96639,passive,BTC-USD,sell,1.15942,100000,86249.8,2.27247,375322,1.15942,1,1,86256.4,-0.766457,8,80.0061,100008,0,-0.766457,8.00061,5.146e-08,7.23416,9.55e-09,0.000861888,7.23416,5.96639,33,96,0,32,27.9041,6.36376,0,96,0,0,-0.481746,0.280088,-0.481746,0.280088,0.812814,1.57474,0.812814,1.57474,-1.01209,-0.250293,-1.01209,-0.250293
latency_outage,volatile_thin,100000,passive|prints-only,40,0,True,"coinbase>=1,000,000",prints-only,9100006,10,2.57409,395854,2.31942,9.51667,-5.96639,passive,BTC-USD,buy,1.15942,100000,86249.8,2.27247,382507,1.15942,1,1,86216.8,-3.82778,8,79.9694,99961.7,0,-3.82778,7.99694,-5.146e-08,4.16915,9.55e-09,0.000862079,4.16915,-5.96639,65,155,0,64,59.2097,0,0,155,0,0,0.423493,1.13066,0.423493,1.13066,3.35755,4.06458,3.35755,4.06458,-3.23617,-2.52872,-3.23617,-2.52872
latency_outage,volatile_thin,100000,passive|prints-only,40,0,True,"coinbase>=1,000,000",prints-only,9100006,10,2.57409,395854,2.31942,9.51667,-5.96639,passive,BTC-USD,sell,1.15942,100000,86249.8,2.27247,375322,1.15942,1,1,86256.4,-0.766457,8,80.0061,100008,0,-0.766457,8.00061,5.146e-08,7.23416,9.55e-09,0.000861888,7.23416,5.96639,33,96,0,32,27.9041,0,0,96,0,0,-0.481746,0.280088,-0.481746,0.280088,0.812814,1.57474,0.812814,1.57474,-1.01209,-0.250293,-1.01209,-0.250293
latency_outage,volatile_thin,100000,aggressive|lat250ms,250,0,True,"coinbase>=1,000,000",prints+quotes,9100007,10,2.69147,384857,2.16917,9.48333,24.6774,aggressive,BTC-USD,buy,1.16088,100000,86141.6,1.53933,231919,1.16088,1,0,86183.2,4.83327,18,180.087,0,100048,4.83327,18.0087,0,22.842,0,0,22.842,24.6774,1,19,0,0,0.239261,0,0,0,0,0,4.48231,-0.609478,,,4.12377,-0.968199,,,0.0707803,-5.02326,,
latency_outage,volatile_thin,100000,aggressive|lat250ms,250,0,True,"coinbase>=1,000,000",prints+quotes,9100007,10,2.69147,384857,2.16917,9.48333,24.6774,aggressive,BTC-USD,sell,1.16088,100000,86141.6,1.53933,331275,1.16088,1,0,86122.8,2.18159,18,179.961,0,99978.2,2.18159,17.9961,4.72011e-15,20.1777,0,0,20.1777,-24.6774,1,19,0,0,0.239261,0,0,0,0,0,2.53042,0.609478,,,2.88921,0.968199,,,6.94505,5.02326,,
latency_outage,volatile_thin,100000,aggressive|lat40ms,40,0,True,"coinbase>=1,000,000",prints+quotes,9100007,10,2.69147,384857,2.16917,9.48333,24.6774,aggressive,BTC-USD,buy,1.16088,100000,86141.6,1.53933,231919,1.16088,1,0,86196.6,6.38824,18,180.115,0,100064,6.38824,18.0115,-4.72011e-15,24.3997,0,0,24.3997,24.6774,1,18,0,0,0.0382818,0,0,0,0,0,5.96396,-0.419658,,,5.67683,-0.706976,,,1.62446,-4.76193,,
latency_outage,volatile_thin,100000,aggressive|lat40ms,40,0,True,"coinbase>=1,000,000",prints+quotes,9100007,10,2.69147,384857,2.16917,9.48333,24.6774,aggressive,BTC-USD,sell,1.16088,100000,86141.6,1.53933,331275,1.16088,1,0,86124.3,2.00899,18,179.964,0,99979.9,2.00899,17.9964,-0,20.0054,0,0,20.0054,-24.6774,1,19,0,0,0.0382818,0,0,0,0,0,2.42916,0.419658,,,2.71654,0.706976,,,6.7723,4.76193,,
latency_outage,volatile_thin,100000,aggressive|lat5ms,5,0,True,"coinbase>=1,000,000",prints+quotes,9100007,10,2.69147,384857,2.16917,9.48333,24.6774,aggressive,BTC-USD,buy,1.16088,100000,86141.6,1.53933,231919,1.16088,1,0,86196.6,6.38824,18,180.115,0,100064,6.38824,18.0115,-4.72011e-15,24.3997,0,0,24.3997,24.6774,1,18,0,0,0.00478522,0,0,0,0,0,5.96396,-0.419658,,,5.67683,-0.706976,,,1.62446,-4.76193,,
latency_outage,volatile_thin,100000,aggressive|lat5ms,5,0,True,"coinbase>=1,000,000",prints+quotes,9100007,10,2.69147,384857,2.16917,9.48333,24.6774,aggressive,BTC-USD,sell,1.16088,100000,86141.6,1.53933,331275,1.16088,1,0,86124.3,2.00899,18,179.964,0,99979.9,2.00899,17.9964,-0,20.0054,0,0,20.0054,-24.6774,1,19,0,0,0.00478522,0,0,0,0,0,2.42916,0.419658,,,2.71654,0.706976,,,6.7723,4.76193,,
latency_outage,volatile_thin,100000,aggressive|outage|cod,40,3,True,"coinbase>=1,000,000",prints+quotes,9100007,10,2.69147,384857,2.16917,9.48333,24.6774,aggressive,BTC-USD,buy,1.16088,100000,86141.6,1.53933,231919,1.16088,1,0,86196.6,6.38824,18,180.115,0,100064,6.38824,18.0115,-4.72011e-15,24.3997,0,0,24.3997,24.6774,1,18,0,0,0.0382818,14.298,0,0,0,0,5.96396,-0.419658,,,5.67683,-0.706976,,,1.62446,-4.76193,,
latency_outage,volatile_thin,100000,aggressive|outage|cod,40,3,True,"coinbase>=1,000,000",prints+quotes,9100007,10,2.69147,384857,2.16917,9.48333,24.6774,aggressive,BTC-USD,sell,1.16088,100000,86141.6,1.53933,331275,1.16088,1,0,86124.3,2.00899,18,179.964,0,99979.9,2.00899,17.9964,-0,20.0054,0,0,20.0054,-24.6774,1,19,0,0,0.0382818,14.298,0,0,0,0,2.42916,0.419658,,,2.71654,0.706976,,,6.7723,4.76193,,
latency_outage,volatile_thin,100000,aggressive|outage|no-cod,40,3,False,"coinbase>=1,000,000",prints+quotes,9100007,10,2.69147,384857,2.16917,9.48333,24.6774,aggressive,BTC-USD,buy,1.16088,100000,86141.6,1.53933,231919,1.16088,1,0,86196.6,6.38824,18,180.115,0,100064,6.38824,18.0115,-4.72011e-15,24.3997,0,0,24.3997,24.6774,1,18,0,0,0.0382818,14.298,0,0,0,0,5.96396,-0.419658,,,5.67683,-0.706976,,,1.62446,-4.76193,,
latency_outage,volatile_thin,100000,aggressive|outage|no-cod,40,3,False,"coinbase>=1,000,000",prints+quotes,9100007,10,2.69147,384857,2.16917,9.48333,24.6774,aggressive,BTC-USD,sell,1.16088,100000,86141.6,1.53933,331275,1.16088,1,0,86124.3,2.00899,18,179.964,0,99979.9,2.00899,17.9964,-0,20.0054,0,0,20.0054,-24.6774,1,19,0,0,0.0382818,14.298,0,0,0,0,2.42916,0.419658,,,2.71654,0.706976,,,6.7723,4.76193,,
latency_outage,volatile_thin,100000,aggressive|prints-only,40,0,True,"coinbase>=1,000,000",prints-only,9100007,10,2.69147,384857,2.16917,9.48333,24.6774,aggressive,BTC-USD,buy,1.16088,100000,86141.6,1.53933,231919,1.16088,1,0,86196.6,6.38824,18,180.115,0,100064,6.38824,18.0115,-4.72011e-15,24.3997,0,0,24.3997,24.6774,1,18,0,0,0.0382818,0,0,0,0,0,5.96396,-0.419658,,,5.67683,-0.706976,,,1.62446,-4.76193,,
latency_outage,volatile_thin,100000,aggressive|prints-only,40,0,True,"coinbase>=1,000,000",prints-only,9100007,10,2.69147,384857,2.16917,9.48333,24.6774,aggressive,BTC-USD,sell,1.16088,100000,86141.6,1.53933,331275,1.16088,1,0,86124.3,2.00899,18,179.964,0,99979.9,2.00899,17.9964,-0,20.0054,0,0,20.0054,-24.6774,1,19,0,0,0.0382818,0,0,0,0,0,2.42916,0.419658,,,2.71654,0.706976,,,6.7723,4.76193,,
latency_outage,volatile_thin,100000,hybrid|lat250ms,250,0,True,"coinbase>=1,000,000",prints+quotes,9100007,10,2.69147,384857,2.16917,9.48333,24.6774,hybrid,BTC-USD,buy,1.16088,100000,86141.6,1.53933,231919,1.16088,1,1,86134.9,-0.768502,8,79.9939,99992.3,0,-0.768502,7.99939,0,7.23088,0,0,7.23088,24.6774,1,23,0,1,0.534146,0,0,23,0,0,-0.914263,-0.0232175,-0.914263,-0.0232175,-1.2643,-0.373219,-1.2643,-0.373219,-5.42985,-4.5384,-5.42985,-4.5384
latency_outage,volatile_thin,100000,hybrid|lat250ms,250,0,True,"coinbase>=1,000,000",prints+quotes,9100007,10,2.69147,384857,2.16917,9.48333,24.6774,hybrid,BTC-USD,sell,1.16088,100000,86141.6,1.53933,331275,1.16088,1,1,86174.4,-3.81418,8,80.0305,100038,0,-3.81418,8.00305,-0,4.18887,0,0,4.18887,-24.6774,34,96,1,33,37.3,0,0,87,9,0,11.5294,5.48114,11.5294,5.48114,15.1972,9.1463,15.1972,9.1463,14.1762,8.12856,14.1762,8.12856
latency_outage,volatile_thin,100000,hybrid|lat40ms,40,0,True,"coinbase>=1,000,000",prints+quotes,9100007,10,2.69147,384857,2.16917,9.48333,24.6774,hybrid,BTC-USD,buy,1.16088,100000,86141.6,1.53933,231919,1.16088,1,1,86115.9,-2.98446,8,79.9761,99970.2,0,-2.98446,7.99761,4.72011e-15,5.01315,0,0,5.01315,24.6774,23,68,0,22,20.3209,0,0,68,0,0,-6.53788,-4.80338,-6.53788,-4.80338,-9.13499,-7.40001,-9.13499,-7.40001,-26.6745,-24.9365,-26.6745,-24.9365
latency_outage,volatile_thin,100000,hybrid|lat40ms,40,0,True,"coinbase>=1,000,000",prints+quotes,9100007,10,2.69147,384857,2.16917,9.48333,24.6774,hybrid,BTC-USD,sell,1.16088,100000,86141.6,1.53933,331275,1.16088,1,0.54075,86251.3,-12.7418,12.5956,126.117,54112.8,46014.7,-12.7418,12.6117,-0,-0.130144,0,0,-0.130144,-24.6774,44,136,0,43,42.1327,0,0,122,3,0,3.90184,1.71601,3.69845,2.10213,5.94413,3.75766,6.60832,5.01107,10.6394,8.45313,13.1377,11.5415
latency_outage,volatile_thin,100000,hybrid|lat5ms,5,0,True,"coinbase>=1,000,000",prints+quotes,9100007,10,2.69147,384857,2.16917,9.48333,24.6774,hybrid,BTC-USD,buy,1.16088,100000,86141.6,1.53933,231919,1.16088,1,1,86130.4,-1.2909,8,79.9897,99987.1,0,-1.2909,7.99897,0,6.70807,0,0,6.70807,24.6774,2,21,0,1,0.534146,0,0,21,0,0,-1.43677,-0.0232175,-1.43677,-0.0232175,-1.78682,-0.373219,-1.78682,-0.373219,-5.9526,-4.5384,-5.9526,-4.5384
latency_outage,volatile_thin,100000,hybrid|lat5ms,5,0,True,"coinbase>=1,000,000",prints+quotes,9100007,10,2.69147,384857,2.16917,9.48333,24.6774,hybrid,BTC-USD,sell,1.16088,100000,86141.6,1.53933,331275,1.16088,1,0.558461,86251.9,-12.8131,12.4184,124.343,55887.9,44240.2,-12.8131,12.4343,-0,-0.378794,0,0,-0.378794,-24.6774,46,143,0,45,42.0159,0,0,129,3,0,3.75082,1.17546,3.45238,1.97525,6.16429,3.58805,6.15858,4.68053,10.4797,7.9038,12.6895,11.2126
latency_outage,volatile_thin,100000,hybrid|outage|cod,40,3,True,"coinbase>=1,000,000",prints+quotes,9100007,10,2.69147,384857,2.16917,9.48333,24.6774,hybrid,BTC-USD,buy,1.16088,100000,86141.6,1.53933,231919,1.16088,1,1,86115.2,-3.06077,8,79.9755,99969.4,0,-3.06077,7.99755,4.72011e-15,4.93678,0,0,4.93678,24.6774,17,48,0,14,20.3209,14.298,0,48,0,0,-6.65112,-4.90545,-6.65112,-4.90545,-9.37621,-7.63004,-9.37621,-7.63004,-26.9765,-25.2273,-26.9765,-25.2273
latency_outage,volatile_thin,100000,hybrid|outage|cod,40,3,True,"coinbase>=1,000,000",prints+quotes,9100007,10,2.69147,384857,2.16917,9.48333,24.6774,hybrid,BTC-USD,sell,1.16088,100000,86141.6,1.53933,331275,1.16088,1,0.461194,86261.8,-13.9531,13.391,134.097,46154.3,53985.3,-13.9531,13.4097,-0,-0.543412,0,0,-0.543412,-24.6774,34,99,0,30,42.14,14.298,0,82,3,0,4.37402,1.83259,4.53289,2.49995,6.38972,3.8476,7.71096,5.67687,9.62777,7.08566,11.7696,9.73642
latency_outage,volatile_thin,100000,hybrid|outage|no-cod,40,3,False,"coinbase>=1,000,000",prints+quotes,9100007,10,2.69147,384857,2.16917,9.48333,24.6774,hybrid,BTC-USD,buy,1.16088,100000,86141.6,1.53933,231919,1.16088,1,1,86116,-2.96363,8,79.9763,99970.4,0,-2.96363,7.99763,4.72011e-15,5.034,0,0,5.034,24.6774,17,67,0,16,20.3209,14.298,0,67,0,0,-6.53651,-4.81179,-6.53651,-4.81179,-9.12144,-7.39624,-9.12144,-7.39624,-26.8965,-25.1683,-26.8965,-25.1683
latency_outage,volatile_thin,100000,hybrid|outage|no-cod,40,3,False,"coinbase>=1,000,000",prints+quotes,9100007,10,2.69147,384857,2.16917,9.48333,24.6774,hybrid,BTC-USD,sell,1.16088,100000,86141.6,1.53933,331275,1.16088,1,0.500694,86256.8,-13.3814,12.9961,130.135,50106,50027.9,-13.3814,13.0135,-0,-0.367884,0,0,-0.367884,-24.6774,33,113,0,32,42.1363,14.298,0,98,3,0,4.09666,1.75044,4.00525,2.23815,6.09537,3.74847,6.97921,5.21106,9.99245,7.64572,12.234,10.4669
latency_outage,volatile_thin,100000,hybrid|prints-only,40,0,True,"coinbase>=1,000,000",prints-only,9100007,10,2.69147,384857,2.16917,9.48333,24.6774,hybrid,BTC-USD,buy,1.16088,100000,86141.6,1.53933,231919,1.16088,1,1,86115.9,-2.98446,8,79.9761,99970.2,0,-2.98446,7.99761,4.72011e-15,5.01315,0,0,5.01315,24.6774,23,68,0,22,20.3209,0,0,68,0,0,-6.53788,-4.80338,-6.53788,-4.80338,-9.13499,-7.40001,-9.13499,-7.40001,-26.6745,-24.9365,-26.6745,-24.9365
latency_outage,volatile_thin,100000,hybrid|prints-only,40,0,True,"coinbase>=1,000,000",prints-only,9100007,10,2.69147,384857,2.16917,9.48333,24.6774,hybrid,BTC-USD,sell,1.16088,100000,86141.6,1.53933,331275,1.16088,1,0.277637,86280.4,-16.1126,15.2259,152.504,27785.9,72375.2,-16.1126,15.2504,-4.72011e-15,-0.862189,0,0,-0.862189,-24.6774,44,138,0,43,42.1327,0,0,122,0,0,2.88513,0.856693,-1.14033,-0.196206,4.06374,2.03511,0.448934,1.39323,9.2236,7.19477,12.4364,13.382
latency_outage,volatile_thin,100000,passive|lat250ms,250,0,True,"coinbase>=1,000,000",prints+quotes,9100007,10,2.69147,384857,2.16917,9.48333,24.6774,passive,BTC-USD,buy,1.16088,100000,86141.6,1.53933,231919,1.16088,1,1,86134.9,-0.768502,8,79.9939,99992.3,0,-0.768502,7.99939,0,7.23088,0,0,7.23088,24.6774,1,23,0,1,0.534146,0,0,23,0,0,-0.914263,-0.0232175,-0.914263,-0.0232175,-1.2643,-0.373219,-1.2643,-0.373219,-5.42985,-4.5384,-5.42985,-4.5384
latency_outage,volatile_thin,100000,passive|lat250ms,250,0,True,"coinbase>=1,000,000",prints+quotes,9100007,10,2.69147,384857,2.16917,9.48333,24.6774,passive,BTC-USD,sell,1.16088,100000,86141.6,1.53933,331275,1.16088,1,1,86174.4,-3.81418,8,80.0305,100038,0,-3.81418,8.00305,-0,4.18887,0,0,4.18887,-24.6774,34,96,1,33,37.3,0,0,87,9,0,11.5294,5.48114,11.5294,5.48114,15.1972,9.1463,15.1972,9.1463,14.1762,8.12856,14.1762,8.12856
latency_outage,volatile_thin,100000,passive|lat40ms,40,0,True,"coinbase>=1,000,000",prints+quotes,9100007,10,2.69147,384857,2.16917,9.48333,24.6774,passive,BTC-USD,buy,1.16088,100000,86141.6,1.53933,231919,1.16088,1,1,86115.9,-2.98446,8,79.9761,99970.2,0,-2.98446,7.99761,4.72011e-15,5.01315,0,0,5.01315,24.6774,23,68,0,22,20.3209,0,0,68,0,0,-6.53788,-4.80338,-6.53788,-4.80338,-9.13499,-7.40001,-9.13499,-7.40001,-26.6745,-24.9365,-26.6745,-24.9365
latency_outage,volatile_thin,100000,passive|lat40ms,40,0,True,"coinbase>=1,000,000",prints+quotes,9100007,10,2.69147,384857,2.16917,9.48333,24.6774,passive,BTC-USD,sell,1.16088,100000,86141.6,1.53933,331275,0.806824,0.695011,1,86240.9,-11.5339,8,55.665,69581.3,0,-8.01621,5.5665,-7.52634,-9.97605,0.5434,30568.7,-3.93028,-24.6774,62,183,0,62,59.6424,0,0,180,3,0,2.25833,1.24631,2.25833,1.24631,4.69325,3.68054,4.69325,3.68054,9.7384,8.72648,9.7384,8.72648
latency_outage,volatile_thin,100000,passive|lat5ms,5,0,True,"coinbase>=1,000,000",prints+quotes,9100007,10,2.69147,384857,2.16917,9.48333,24.6774,passive,BTC-USD,buy,1.16088,100000,86141.6,1.53933,231919,1.16088,1,1,86130.4,-1.2909,8,79.9897,99987.1,0,-1.2909,7.99897,0,6.70807,0,0,6.70807,24.6774,2,21,0,1,0.534146,0,0,21,0,0,-1.43677,-0.0232175,-1.43677,-0.0232175,-1.78682,-0.373219,-1.78682,-0.373219,-5.9526,-4.5384,-5.9526,-4.5384
latency_outage,volatile_thin,100000,passive|lat5ms,5,0,True,"coinbase>=1,000,000",prints+quotes,9100007,10,2.69147,384857,2.16917,9.48333,24.6774,passive,BTC-USD,sell,1.16088,100000,86141.6,1.53933,331275,1.02221,0.880551,1,86267.7,-14.6457,8,70.5472,88184.1,0,-12.8963,7.05472,-2.94769,-8.78926,0.198761,11972.4,-6.43547,-24.6774,65,197,0,65,59.6424,0,0,190,7,0,1.77484,0.741103,1.77484,0.741103,3.0709,2.03667,3.0709,2.03667,6.58439,5.55097,6.58439,5.55097
latency_outage,volatile_thin,100000,passive|outage|cod,40,3,True,"coinbase>=1,000,000",prints+quotes,9100007,10,2.69147,384857,2.16917,9.48333,24.6774,passive,BTC-USD,buy,1.16088,100000,86141.6,1.53933,231919,1.16088,1,1,86115.2,-3.06077,8,79.9755,99969.4,0,-3.06077,7.99755,4.72011e-15,4.93678,0,0,4.93678,24.6774,17,48,0,14,20.3209,14.298,0,48,0,0,-6.65112,-4.90545,-6.65112,-4.90545,-9.37621,-7.63004,-9.37621,-7.63004,-26.9765,-25.2273,-26.9765,-25.2273
latency_outage,volatile_thin,100000,passive|outage|cod,40,3,True,"coinbase>=1,000,000",prints+quotes,9100007,10,2.69147,384857,2.16917,9.48333,24.6774,passive,BTC-USD,sell,1.16088,100000,86141.6,1.53933,331275,0.714593,0.615561,1,86249.7,-12.5565,8,49.3067,61633.4,0,-7.72927,4.93067,-9.48695,-12.2855,0.692969,38531.8,-4.65685,-24.6774,52,144,0,49,59.6424,14.298,0,141,3,0,2.69692,1.43332,2.69692,1.43332,5.27049,4.00606,5.27049,4.00606,8.27128,7.00752,8.27128,7.00752
latency_outage,volatile_thin,100000,passive|outage|no-cod,40,3,False,"coinbase>=1,000,000",prints+quotes,9100007,10,2.69147,384857,2.16917,9.48333,24.6774,passive,BTC-USD,buy,1.16088,100000,86141.6,1.53933,231919,1.16088,1,1,86116,-2.96363,8,79.9763,99970.4,0,-2.96363,7.99763,4.72011e-15,5.034,0,0,5.034,24.6774,17,67,0,16,20.3209,14.298,0,67,0,0,-6.53651,-4.81179,-6.53651,-4.81179,-9.12144,-7.39624,-9.12144,-7.39624,-26.8965,-25.1683,-26.8965,-25.1683
latency_outage,volatile_thin,100000,passive|outage|no-cod,40,3,False,"coinbase>=1,000,000",prints+quotes,9100007,10,2.69147,384857,2.16917,9.48333,24.6774,passive,BTC-USD,sell,1.16088,100000,86141.6,1.53933,331275,0.760319,0.654951,1,86245.4,-12.0575,8,52.4593,65574.1,0,-7.89708,5.24593,-8.51491,-11.1661,0.618668,34583.9,-4.3223,-24.6774,51,158,0,51,59.6424,14.298,0,155,3,0,2.40482,1.29797,2.40482,1.29797,4.8597,3.75208,4.8597,3.75208,8.83973,7.7329,8.83973,7.7329
latency_outage,volatile_thin,100000,passive|prints-only,40,0,True,"coinbase>=1,000,000",prints-only,9100007,10,2.69147,384857,2.16917,9.48333,24.6774,passive,BTC-USD,buy,1.16088,100000,86141.6,1.53933,231919,1.16088,1,1,86115.9,-2.98446,8,79.9761,99970.2,0,-2.98446,7.99761,4.72011e-15,5.01315,0,0,5.01315,24.6774,23,68,0,22,20.3209,0,0,68,0,0,-6.53788,-4.80338,-6.53788,-4.80338,-9.13499,-7.40001,-9.13499,-7.40001,-26.6745,-24.9365,-26.6745,-24.9365
latency_outage,volatile_thin,100000,passive|prints-only,40,0,True,"coinbase>=1,000,000",prints-only,9100007,10,2.69147,384857,2.16917,9.48333,24.6774,passive,BTC-USD,sell,1.16088,100000,86141.6,1.53933,331275,0.501382,0.431898,1,86270.4,-14.9578,8,34.6035,43254.4,0,-6.46023,3.46035,-14.0193,-17.0191,1.04669,56939.9,-5.72328,-24.6774,62,180,0,62,59.6424,0,0,180,0,0,-1.72951,-0.752497,-1.72951,-0.752497,-0.432848,0.544316,-0.432848,0.544316,7.21673,8.19474,7.21673,8.19474
latency_outage,volatile_thin,100000,aggressive|lat250ms,250,0,True,"coinbase>=1,000,000",prints+quotes,9100008,10,2.53358,388807,1.95416,7.4,-8.71736,aggressive,BTC-USD,buy,1.15915,100000,86270.4,1.84652,358901,1.15915,1,0,86286.7,1.89765,18,180.034,0,100019,1.89765,18.0034,1.66989e-15,19.9011,0,0,19.9011,-8.71736,1,25,0,0,0.233614,0,0,0,0,0,2.22524,0.328038,,,-0.512144,-2.40987,,,2.69055,0.793436,,
latency_outage,volatile_thin,100000,aggressive|lat250ms,250,0,True,"coinbase>=1,000,000",prints+quotes,9100008,10,2.53358,388807,1.95416,7.4,-8.71736,aggressive,BTC-USD,sell,1.15915,100000,86270.4,1.84652,406081,1.15915,1,0,86242.3,3.25616,18,179.941,0,99967.4,3.25616,17.9941,1.66989e-15,21.2503,0,0,21.2503,8.71736,1,26,0,0,0.233614,0,0,0,0,0,2.92911,-0.328038,,,5.66791,2.40987,,,2.46356,-0.793436,,
latency_outage,volatile_thin,100000,aggressive|lat40ms,40,0,True,"coinbase>=1,000,000",prints+quotes,9100008,10,2.53358,388807,1.95416,7.4,-8.71736,aggressive,BTC-USD,buy,1.15915,100000,86270.4,1.84652,358901,1.15915,1,0,86286.9,1.92004,18,180.035,0,100019,1.92004,18.0035,-1.66989e-15,19.9235,0,0,19.9235,-8.71736,1,25,0,0,0.0373782,0,0,0,0,0,2.24763,0.328038,,,0.219511,-1.70047,,,1.85359,-0.0660714,,
latency_outage,volatile_thin,100000,aggressive|lat40ms,40,0,True,"coinbase>=1,000,000",prints+quotes,9100008,10,2.53358,388807,1.95416,7.4,-8.71736,aggressive,BTC-USD,sell,1.15915,100000,86270.4,1.84652,406081,1.15915,1,0,86242.3,3.25176,18,179.941,0,99967.5,3.25176,17.9941,1.66989e-15,21.2459,0,0,21.2459,8.71736,1,27,0,0,0.0373782,0,0,0,0,0,2.92471,-0.328038,,,4.95387,1.70047,,,3.31895,0.0660714,,
latency_outage,volatile_thin,100000,aggressive|lat5ms,5,0,True,"coinbase>=1,000,000",prints+quotes,9100008,10,2.53358,388807,1.95416,7.4,-8.71736,aggressive,BTC-USD,buy,1.15915,100000,86270.4,1.84652,358901,1.15915,1,0,86286.9,1.92004,18,180.035,0,100019,1.92004,18.0035,-1.66989e-15,19.9235,0,0,19.9235,-8.71736,1,25,0,0,0.00467227,0,0,0,0,0,2.24763,0.328038,,,0.219511,-1.70047,,,1.85359,-0.0660714,,
latency_outage,volatile_thin,100000,aggressive|lat5ms,5,0,True,"coinbase>=1,000,000",prints+quotes,9100008,10,2.53358,388807,1.95416,7.4,-8.71736,aggressive,BTC-USD,sell,1.15915,100000,86270.4,1.84652,406081,1.15915,1,0,86242.3,3.25176,18,179.941,0,99967.5,3.25176,17.9941,1.66989e-15,21.2459,0,0,21.2459,8.71736,1,27,0,0,0.00467227,0,0,0,0,0,2.92471,-0.328038,,,4.95387,1.70047,,,3.31895,0.0660714,,
latency_outage,volatile_thin,100000,aggressive|outage|cod,40,3,True,"coinbase>=1,000,000",prints+quotes,9100008,10,2.53358,388807,1.95416,7.4,-8.71736,aggressive,BTC-USD,buy,1.15915,100000,86270.4,1.84652,358901,1.15915,1,0,86286.9,1.92004,18,180.035,0,100019,1.92004,18.0035,-1.66989e-15,19.9235,0,0,19.9235,-8.71736,1,25,0,0,0.0373782,10.6913,0,0,0,0,2.24763,0.328038,,,0.219511,-1.70047,,,1.85359,-0.0660714,,
latency_outage,volatile_thin,100000,aggressive|outage|cod,40,3,True,"coinbase>=1,000,000",prints+quotes,9100008,10,2.53358,388807,1.95416,7.4,-8.71736,aggressive,BTC-USD,sell,1.15915,100000,86270.4,1.84652,406081,1.15915,1,0,86242.3,3.25176,18,179.941,0,99967.5,3.25176,17.9941,1.66989e-15,21.2459,0,0,21.2459,8.71736,1,27,0,0,0.0373782,10.6913,0,0,0,0,2.92471,-0.328038,,,4.95387,1.70047,,,3.31895,0.0660714,,
latency_outage,volatile_thin,100000,aggressive|outage|no-cod,40,3,False,"coinbase>=1,000,000",prints+quotes,9100008,10,2.53358,388807,1.95416,7.4,-8.71736,aggressive,BTC-USD,buy,1.15915,100000,86270.4,1.84652,358901,1.15915,1,0,86286.9,1.92004,18,180.035,0,100019,1.92004,18.0035,-1.66989e-15,19.9235,0,0,19.9235,-8.71736,1,25,0,0,0.0373782,10.6913,0,0,0,0,2.24763,0.328038,,,0.219511,-1.70047,,,1.85359,-0.0660714,,
latency_outage,volatile_thin,100000,aggressive|outage|no-cod,40,3,False,"coinbase>=1,000,000",prints+quotes,9100008,10,2.53358,388807,1.95416,7.4,-8.71736,aggressive,BTC-USD,sell,1.15915,100000,86270.4,1.84652,406081,1.15915,1,0,86242.3,3.25176,18,179.941,0,99967.5,3.25176,17.9941,1.66989e-15,21.2459,0,0,21.2459,8.71736,1,27,0,0,0.0373782,10.6913,0,0,0,0,2.92471,-0.328038,,,4.95387,1.70047,,,3.31895,0.0660714,,
latency_outage,volatile_thin,100000,aggressive|prints-only,40,0,True,"coinbase>=1,000,000",prints-only,9100008,10,2.53358,388807,1.95416,7.4,-8.71736,aggressive,BTC-USD,buy,1.15915,100000,86270.4,1.84652,358901,1.15915,1,0,86286.9,1.92004,18,180.035,0,100019,1.92004,18.0035,-1.66989e-15,19.9235,0,0,19.9235,-8.71736,1,25,0,0,0.0373782,0,0,0,0,0,2.24763,0.328038,,,0.219511,-1.70047,,,1.85359,-0.0660714,,
latency_outage,volatile_thin,100000,aggressive|prints-only,40,0,True,"coinbase>=1,000,000",prints-only,9100008,10,2.53358,388807,1.95416,7.4,-8.71736,aggressive,BTC-USD,sell,1.15915,100000,86270.4,1.84652,406081,1.15915,1,0,86242.3,3.25176,18,179.941,0,99967.5,3.25176,17.9941,1.66989e-15,21.2459,0,0,21.2459,8.71736,1,27,0,0,0.0373782,0,0,0,0,0,2.92471,-0.328038,,,4.95387,1.70047,,,3.31895,0.0660714,,
latency_outage,volatile_thin,100000,hybrid|lat250ms,250,0,True,"coinbase>=1,000,000",prints+quotes,9100008,10,2.53358,388807,1.95416,7.4,-8.71736,hybrid,BTC-USD,buy,1.15915,100000,86270.4,1.84652,358901,1.15915,1,1,86340.2,8.09147,8,80.0647,100081,0,8.09147,8.00647,-7.5205e-08,16.0979,1.192e-08,0.000862071,16.0979,-8.71736,20,40,0,19,19.1,0,0,33,7,0,5.55518,2.9344,5.55518,2.9344,7.49769,4.87729,7.49769,4.87729,9.73312,7.11301,9.73312,7.11301
latency_outage,volatile_thin,100000,hybrid|lat250ms,250,0,True,"coinbase>=1,000,000",prints+quotes,9100008,10,2.53358,388807,1.95416,7.4,-8.71736,hybrid,BTC-USD,sell,1.15915,100000,86270.4,1.84652,406081,1.15915,1,0.897835,86270.3,0.0102614,9.0214,90.2139,89785.9,10214,0.0102614,9.02139,0,9.03165,0,0,9.03165,8.71736,43,68,1,41,42.3927,0,0,59,6,0,1.66279,0.481148,1.42233,0.289224,1.9101,0.728515,1.9482,0.815107,-6.87845,-8.0591,-6.90389,-8.03608
latency_outage,volatile_thin,100000,hybrid|lat40ms,40,0,True,"coinbase>=1,000,000",prints+quotes,9100008,10,2.53358,388807,1.95416,7.4,-8.71736,hybrid,BTC-USD,buy,1.15915,100000,86270.4,1.84652,358901,1.15915,1,0.613792,86276.8,0.748461,11.8622,118.63,61383.1,38624.4,0.748461,11.863,-0,12.6115,0,0,12.6115,-8.71736,54,125,0,53,42.1337,0,0,116,1,0,-0.0138165,-0.745054,-0.0253827,0.0776097,1.37125,0.640137,1.08365,1.18662,6.94709,6.21611,4.99108,5.09319
latency_outage,volatile_thin,100000,hybrid|lat40ms,40,0,True,"coinbase>=1,000,000",prints+quotes,9100008,10,2.53358,388807,1.95416,7.4,-8.71736,hybrid,BTC-USD,sell,1.15915,100000,86270.4,1.84652,406081,1.15915,1,0.580506,86272.8,-0.279684,12.1934,121.938,58067.3,41935.5,-0.279684,12.1938,7.5205e-08,11.9141,1.192e-08,0.000861832,11.9141,8.71736,52,99,0,51,42.1349,0,0,87,3,0,1.93524,1.01566,0.255793,0.2664,1.02553,0.106223,0.0071521,0.0179498,-7.1532,-8.07184,-8.13385,-8.12321
latency_outage,volatile_thin,100000,hybrid|lat5ms,5,0,True,"coinbase>=1,000,000",prints+quotes,9100008,10,2.53358,388807,1.95416,7.4,-8.71736,hybrid,BTC-USD,buy,1.15915,100000,86270.4,1.84652,358901,1.15915,1,0.873114,86269.7,-0.076455,9.26897,92.689,87309.7,12689.6,-0.076455,9.2689,-0,9.19244,0,0,9.19244,-8.71736,53,127,0,52,42.1052,0,0,120,3,0,0.406838,0.131672,0.495255,0.449089,0.556076,0.280914,0.401137,0.354927,6.33538,6.06,5.82464,5.77796
latency_outage,volatile_thin,100000,hybrid|lat5ms,5,0,True,"coinbase>=1,000,000",prints+quotes,9100008,10,2.53358,388807,1.95416,7.4,-8.71736,hybrid,BTC-USD,sell,1.15915,100000,86270.4,1.84652,406081,1.15915,1,1,86293.1,-2.63512,8,80.0211,100026,0,-2.63512,8.00211,7.5205e-08,5.36699,1.192e-08,0.000861832,5.36699,8.71736,50,100,0,49,40,0,0,90,10,0,1.27616,0.425544,1.27616,0.425544,-3.41479,-4.26479,-3.41479,-4.26479,-5.83023,-6.68028,-5.83023,-6.68028
latency_outage,volatile_thin,100000,hybrid|outage|cod,40,3,True,"coinbase>=1,000,000",prints+quotes,9100008,10,2.53358,388807,1.95416,7.4,-8.71736,hybrid,BTC-USD,buy,1.15915,100000,86270.4,1.84652,358901,1.15915,1,0.543163,86281.5,1.28856,12.5682,125.698,54324.7,45688.2,1.28856,12.5698,-7.5205e-08,13.8584,1.192e-08,0.000862071,13.8584,-8.71736,43,102,0,40,42.1214,10.6913,0,92,2,0,0.243134,-0.890404,0.417025,0.0869972,1.74412,0.610796,1.64656,1.3166,7.32729,6.19435,5.00574,4.67505
latency_outage,volatile_thin,100000,hybrid|outage|cod,40,3,True,"coinbase>=1,000,000",prints+quotes,9100008,10,2.53358,388807,1.95416,7.4,-8.71736,hybrid,BTC-USD,sell,1.15915,100000,86270.4,1.84652,406081,1.15915,1,0.955249,86288.6,-2.11511,8.44729,84.4908,95547.3,4473.86,-2.11511,8.44908,0,6.33397,0,0,6.33397,8.71736,43,75,0,41,42.1308,10.6913,0,65,8,0,1.37558,0.61997,1.26875,0.55286,-1.57186,-2.3269,-1.7313,-2.44661,-5.73883,-6.49398,-5.7079,-6.4234
latency_outage,volatile_thin,100000,hybrid|outage|no-cod,40,3,False,"coinbase>=1,000,000",prints+quotes,9100008,10,2.53358,388807,1.95416,7.4,-8.71736,hybrid,BTC-USD,buy,1.15915,100000,86270.4,1.84652,358901,1.15915,1,0.523689,86278.9,0.990486,12.7631,127.644,52374.2,47635.7,0.990486,12.7644,-0,13.7549,0,0,13.7549,-8.71736,42,103,0,41,42.1214,10.6913,0,94,1,0,0.117209,-1.01603,0.184253,-0.0733362,1.36827,0.235244,0.914454,0.65692,7.18092,6.04832,4.53083,4.27253
latency_outage,volatile_thin,100000,hybrid|outage|no-cod,40,3,False,"coinbase>=1,000,000",prints+quotes,9100008,10,2.53358,388807,1.95416,7.4,-8.71736,hybrid,BTC-USD,sell,1.15915,100000,86270.4,1.84652,406081,1.15915,1,0.54593,86271.2,-0.10109,12.5391,125.393,54609.3,45391.7,-0.10109,12.5393,0,12.4382,0,0,12.4382,8.71736,41,83,0,40,42.1473,10.6913,0,70,3,0,2.1445,1.08324,0.338008,0.27708,1.23217,0.171218,0.18439,0.123677,-6.99671,-8.05688,-8.04274,-8.10358
latency_outage,volatile_thin,100000,hybrid|prints-only,40,0,True,"coinbase>=1,000,000",prints-only,9100008,10,2.53358,388807,1.95416,7.4,-8.71736,hybrid,BTC-USD,buy,1.15915,100000,86270.4,1.84652,358901,1.15915,1,0.482926,86274.6,0.494831,13.171,131.716,48292.4,51712.5,0.494831,13.1716,-0,13.6665,0,0,13.6665,-8.71736,54,124,0,53,42.1337,0,0,116,0,0,-0.836035,-1.22978,-1.79184,-0.348889,0.63301,0.239372,-0.702565,0.740195,7.56432,7.17119,4.84102,6.28298
latency_outage,volatile_thin,100000,hybrid|prints-only,40,0,True,"coinbase>=1,000,000",prints-only,9100008,10,2.53358,388807,1.95416,7.4,-8.71736,hybrid,BTC-USD,sell,1.15915,100000,86270.4,1.84652,406081,1.15915,1,0.345164,86260.6,1.13279,14.5467,145.451,34529.1,65459.6,1.13279,14.5451,0,15.6778,0,0,15.6778,8.71736,52,103,0,51,42.1349,0,0,87,0,0,2.78455,1.44156,-0.689834,0.282491,1.99397,0.65132,0.48127,1.45372,-6.62078,-7.96236,-8.86107,-7.88953
latency_outage,volatile_thin,100000,passive|lat250ms,250,0,True,"coinbase>=1,000,000",prints+quotes,9100008,10,2.53358,388807,1.95416,7.4,-8.71736,passive,BTC-USD,buy,1.15915,100000,86270.4,1.84652,358901,1.15915,1,1,86340.2,8.09147,8,80.0647,100081,0,8.09147,8.00647,-7.5205e-08,16.0979,1.192e-08,0.000862071,16.0979,-8.71736,20,40,0,19,19.1,0,0,33,7,0,5.55518,2.9344,5.55518,2.9344,7.49769,4.87729,7.49769,4.87729,9.73312,7.11301,9.73312,7.11301
latency_outage,volatile_thin,100000,passive|lat250ms,250,0,True,"coinbase>=1,000,000",prints+quotes,9100008,10,2.53358,388807,1.95416,7.4,-8.71736,passive,BTC-USD,sell,1.15915,100000,86270.4,1.84652,406081,1.08876,0.939275,1,86272.5,-0.248464,8,75.1439,93929.8,0,-0.233376,7.51439,0.529361,7.81037,0.0839038,6066.36,8.98622,8.71736,56,94,1,55,59.0034,0,0,88,6,0,1.28059,0.248198,1.28059,0.248198,1.63749,0.60511,1.63749,0.60511,-7.02864,-8.06019,-7.02864,-8.06019
latency_outage,volatile_thin,100000,passive|lat40ms,40,0,True,"coinbase>=1,000,000",prints+quotes,9100008,10,2.53358,388807,1.95416,7.4,-8.71736,passive,BTC-USD,buy,1.15915,100000,86270.4,1.84652,358901,0.843584,0.727763,1,86271,0.0687397,8,58.2214,72776.8,0,0.0500262,5.82214,-2.37319,3.49898,0.469492,27204.7,8.86531,-8.71736,67,170,0,67,58.903,0,0,169,1,0,-0.0224164,0.229851,-0.0224164,0.229851,1.28472,1.53693,1.28472,1.53693,4.95248,5.20394,4.95248,5.20394
latency_outage,volatile_thin,100000,passive|lat40ms,40,0,True,"coinbase>=1,000,000",prints+quotes,9100008,10,2.53358,388807,1.95416,7.4,-8.71736,passive,BTC-USD,sell,1.15915,100000,86270.4,1.84652,406081,0.715414,0.61719,1,86293.1,-2.63036,8,49.3882,61735.3,0,-1.62343,4.93882,3.33709,6.65248,0.54639,38242.1,14.0825,8.71736,67,125,0,67,59.4468,0,0,122,3,0,0.150729,0.208035,0.150729,0.208035,-0.242385,-0.184912,-0.242385,-0.184912,-7.9895,-7.93219,-7.9895,-7.93219
latency_outage,volatile_thin,100000,passive|lat5ms,5,0,True,"coinbase>=1,000,000",prints+quotes,9100008,10,2.53358,388807,1.95416,7.4,-8.71736,passive,BTC-USD,buy,1.15915,100000,86270.4,1.84652,358901,1.14502,0.987812,1,86266,-0.511697,8,79.0209,98776.1,0,-0.50546,7.90209,-0.106251,7.29038,0.0168408,1217.95,7.52645,-8.71736,67,175,0,67,58.903,0,0,172,3,0,0.436175,0.518308,0.436175,0.518308,0.629614,0.711679,0.629614,0.711679,5.70236,5.784,5.70236,5.784
latency_outage,volatile_thin,100000,passive|lat5ms,5,0,True,"coinbase>=1,000,000",prints+quotes,9100008,10,2.53358,388807,1.95416,7.4,-8.71736,passive,BTC-USD,sell,1.15915,100000,86270.4,1.84652,406081,1.15915,1,1,86293.1,-2.63512,8,80.0211,100026,0,-2.63512,8.00211,7.5205e-08,5.36699,1.192e-08,0.000861832,5.36699,8.71736,50,100,0,49,40,0,0,90,10,0,1.27616,0.425544,1.27616,0.425544,-3.41479,-4.26479,-3.41479,-4.26479,-5.83023,-6.68028,-5.83023,-6.68028
latency_outage,volatile_thin,100000,passive|outage|cod,40,3,True,"coinbase>=1,000,000",prints+quotes,9100008,10,2.53358,388807,1.95416,7.4,-8.71736,passive,BTC-USD,buy,1.15915,100000,86270.4,1.84652,358901,0.7617,0.657122,1,86277,0.77402,8,52.5738,65717.2,0,0.508625,5.25738,-2.989,2.77701,0.626618,34264.2,9.57119,-8.71736,57,146,0,55,58.903,10.6913,0,144,2,0,0.343124,0.253976,0.343124,0.253976,1.77112,1.68198,1.77112,1.68198,4.95999,4.87023,4.95999,4.87023
latency_outage,volatile_thin,100000,passive|outage|cod,40,3,True,"coinbase>=1,000,000",prints+quotes,9100008,10,2.53358,388807,1.95416,7.4,-8.71736,passive,BTC-USD,sell,1.15915,100000,86270.4,1.84652,406081,1.1495,0.991679,1,86289.4,-2.20886,8,79.3518,99189.8,0,-2.19048,7.93518,0.0725399,5.81725,0.0114976,831.291,5.97838,8.71736,58,108,0,57,59.4468,10.6913,0,100,8,0,1.16639,0.506289,1.16639,0.506289,-1.82222,-2.48177,-1.82222,-2.48177,-5.71192,-6.37165,-5.71192,-6.37165
latency_outage,volatile_thin,100000,passive|outage|no-cod,40,3,False,"coinbase>=1,000,000",prints+quotes,9100008,10,2.53358,388807,1.95416,7.4,-8.71736,passive,BTC-USD,buy,1.15915,100000,86270.4,1.84652,358901,0.739128,0.637648,1,86272.9,0.29506,8,51.0134,63766.7,0,0.188144,5.10134,-3.15875,2.13073,0.671654,36210.3,9.32024,-8.71736,56,147,0,56,58.903,10.6913,0,146,1,0,0.149696,0.127396,0.149696,0.127396,1.17366,1.15136,1.17366,1.15136,4.56856,4.54561,4.56856,4.54561
latency_outage,volatile_thin,100000,passive|outage|no-cod,40,3,False,"coinbase>=1,000,000",prints+quotes,9100008,10,2.53358,388807,1.95416,7.4,-8.71736,passive,BTC-USD,sell,1.15915,100000,86270.4,1.84652,406081,0.674849,0.582195,1,86293.9,-2.72568,8,46.5883,58235.4,0,-1.58687,4.65883,3.64216,6.71411,0.598404,41738.1,14.8254,8.71736,56,107,0,56,59.4468,10.6913,0,104,3,0,0.222463,0.215148,0.222463,0.215148,-0.0890708,-0.0961967,-0.0890708,-0.0961967,-7.90281,-7.91006,-7.90281,-7.91006
latency_outage,volatile_thin,100000,passive|prints-only,40,0,True,"coinbase>=1,000,000",prints-only,9100008,10,2.53358,388807,1.95416,7.4,-8.71736,passive,BTC-USD,buy,1.15915,100000,86270.4,1.84652,358901,0.691891,0.596897,1,86265.2,-0.593333,8,47.749,59686.2,0,-0.354159,4.7749,-3.51399,0.906744,0.767473,40282.8,8.92512,-8.71736,67,169,0,67,58.903,0,0,169,0,0,-1.45094,-0.0818352,-1.45094,-0.0818352,-0.116353,1.25255,-0.116353,1.25255,4.82262,6.19084,4.82262,6.19084
latency_outage,volatile_thin,100000,passive|prints-only,40,0,True,"coinbase>=1,000,000",prints-only,9100008,10,2.53358,388807,1.95416,7.4,-8.71736,passive,BTC-USD,sell,1.15915,100000,86270.4,1.84652,406081,0.442618,0.381848,1,86298,-3.20831,8,30.5576,38197,0,-1.22509,3.05576,5.38865,7.21933,0.933882,61752,19.2686,8.71736,67,122,0,67,59.4468,0,0,122,0,0,-0.768804,0.186609,-0.768804,0.186609,0.0323876,0.987892,0.0323876,0.987892,-8.5579,-7.60322,-8.5579,-7.60322
latency_outage,volatile_thin,100000,aggressive|lat250ms,250,0,True,"coinbase>=1,000,000",prints+quotes,9100009,10,2.6099,360463,1.97478,7.95,-21.3155,aggressive,BTC-USD,buy,1.1582,100000,86340.9,3.51629,315411,1.1582,1,0,86371.1,3.49461,18,180.063,0,100035,3.49461,18.0063,-0,21.5009,0,0,21.5009,-21.3155,1,17,0,0,0.307538,0,0,0,0,0,1.24025,-2.05692,,,-3.53565,-6.8344,,,41.194,37.91,,
latency_outage,volatile_thin,100000,aggressive|lat250ms,250,0,True,"coinbase>=1,000,000",prints+quotes,9100009,10,2.6099,360463,1.97478,7.95,-21.3155,aggressive,BTC-USD,sell,1.1582,100000,86340.9,3.51629,293426,1.1582,1,0,86306.8,3.95208,18,179.929,0,99960.5,3.95208,17.9929,4.08651e-15,21.945,0,0,21.945,21.3155,1,26,0,0,0.307538,0,0,0,0,0,6.20852,2.05692,,,10.988,6.8344,,,-33.775,-37.91,,
latency_outage,volatile_thin,100000,aggressive|lat40ms,40,0,True,"coinbase>=1,000,000",prints+quotes,9100009,10,2.6099,360463,1.97478,7.95,-21.3155,aggressive,BTC-USD,buy,1.1582,100000,86340.9,3.51629,315411,1.1582,1,0,86371,3.48576,18,180.063,0,100035,3.48576,18.0063,-0,21.492,0,0,21.492,-21.3155,1,17,0,0,0.049206,0,0,0,0,0,1.43748,-2.0477,,,-3.42873,-6.91561,,,41.1852,37.7139,,
latency_outage,volatile_thin,100000,aggressive|lat40ms,40,0,True,"coinbase>=1,000,000",prints+quotes,9100009,10,2.6099,360463,1.97478,7.95,-21.3155,aggressive,BTC-USD,sell,1.1582,100000,86340.9,3.51629,293426,1.1582,1,0,86303.9,4.2928,18,179.923,0,99957.1,4.2928,17.9923,4.08651e-15,22.2851,0,0,22.2851,21.3155,1,27,0,0,0.049206,0,0,0,0,0,6.34336,2.0477,,,11.2134,6.91561,,,-33.4353,-37.7139,,
latency_outage,volatile_thin,100000,aggressive|lat5ms,5,0,True,"coinbase>=1,000,000",prints+quotes,9100009,10,2.6099,360463,1.97478,7.95,-21.3155,aggressive,BTC-USD,buy,1.1582,100000,86340.9,3.51629,315411,1.1582,1,0,86371,3.48576,18,180.063,0,100035,3.48576,18.0063,-0,21.492,0,0,21.492,-21.3155,1,17,0,0,0.00615076,0,0,0,0,0,1.43748,-2.0477,,,-3.42873,-6.91561,,,41.1852,37.7139,,
latency_outage,volatile_thin,100000,aggressive|lat5ms,5,0,True,"coinbase>=1,000,000",prints+quotes,9100009,10,2.6099,360463,1.97478,7.95,-21.3155,aggressive,BTC-USD,sell,1.1582,100000,86340.9,3.51629,293426,1.1582,1,0,86303.9,4.2928,18,179.923,0,99957.1,4.2928,17.9923,4.08651e-15,22.2851,0,0,22.2851,21.3155,1,27,0,0,0.00615076,0,0,0,0,0,6.34336,2.0477,,,11.2134,6.91561,,,-33.4353,-37.7139,,
latency_outage,volatile_thin,100000,aggressive|outage|cod,40,3,True,"coinbase>=1,000,000",prints+quotes,9100009,10,2.6099,360463,1.97478,7.95,-21.3155,aggressive,BTC-USD,buy,1.1582,100000,86340.9,3.51629,315411,1.1582,1,0,86371,3.48576,18,180.063,0,100035,3.48576,18.0063,-0,21.492,0,0,21.492,-21.3155,1,17,0,0,0.049206,16.7514,0,0,0,0,1.43748,-2.0477,,,-3.42873,-6.91561,,,41.1852,37.7139,,
latency_outage,volatile_thin,100000,aggressive|outage|cod,40,3,True,"coinbase>=1,000,000",prints+quotes,9100009,10,2.6099,360463,1.97478,7.95,-21.3155,aggressive,BTC-USD,sell,1.1582,100000,86340.9,3.51629,293426,1.1582,1,0,86303.9,4.2928,18,179.923,0,99957.1,4.2928,17.9923,4.08651e-15,22.2851,0,0,22.2851,21.3155,1,27,0,0,0.049206,16.7514,0,0,0,0,6.34336,2.0477,,,11.2134,6.91561,,,-33.4353,-37.7139,,
latency_outage,volatile_thin,100000,aggressive|outage|no-cod,40,3,False,"coinbase>=1,000,000",prints+quotes,9100009,10,2.6099,360463,1.97478,7.95,-21.3155,aggressive,BTC-USD,buy,1.1582,100000,86340.9,3.51629,315411,1.1582,1,0,86371,3.48576,18,180.063,0,100035,3.48576,18.0063,-0,21.492,0,0,21.492,-21.3155,1,17,0,0,0.049206,16.7514,0,0,0,0,1.43748,-2.0477,,,-3.42873,-6.91561,,,41.1852,37.7139,,
latency_outage,volatile_thin,100000,aggressive|outage|no-cod,40,3,False,"coinbase>=1,000,000",prints+quotes,9100009,10,2.6099,360463,1.97478,7.95,-21.3155,aggressive,BTC-USD,sell,1.1582,100000,86340.9,3.51629,293426,1.1582,1,0,86303.9,4.2928,18,179.923,0,99957.1,4.2928,17.9923,4.08651e-15,22.2851,0,0,22.2851,21.3155,1,27,0,0,0.049206,16.7514,0,0,0,0,6.34336,2.0477,,,11.2134,6.91561,,,-33.4353,-37.7139,,
latency_outage,volatile_thin,100000,aggressive|prints-only,40,0,True,"coinbase>=1,000,000",prints-only,9100009,10,2.6099,360463,1.97478,7.95,-21.3155,aggressive,BTC-USD,buy,1.1582,100000,86340.9,3.51629,315411,1.1582,1,0,86371,3.48576,18,180.063,0,100035,3.48576,18.0063,-0,21.492,0,0,21.492,-21.3155,1,17,0,0,0.049206,0,0,0,0,0,1.43748,-2.0477,,,-3.42873,-6.91561,,,41.1852,37.7139,,
latency_outage,volatile_thin,100000,aggressive|prints-only,40,0,True,"coinbase>=1,000,000",prints-only,9100009,10,2.6099,360463,1.97478,7.95,-21.3155,aggressive,BTC-USD,sell,1.1582,100000,86340.9,3.51629,293426,1.1582,1,0,86303.9,4.2928,18,179.923,0,99957.1,4.2928,17.9923,4.08651e-15,22.2851,0,0,22.2851,21.3155,1,27,0,0,0.049206,0,0,0,0,0,6.34336,2.0477,,,11.2134,6.91561,,,-33.4353,-37.7139,,
latency_outage,volatile_thin,100000,hybrid|lat250ms,250,0,True,"coinbase>=1,000,000",prints+quotes,9100009,10,2.6099,360463,1.97478,7.95,-21.3155,hybrid,BTC-USD,buy,1.1582,100000,86340.9,3.51629,315411,1.1582,1,1,86254.7,-9.98941,8,79.9201,99900.1,0,-9.98941,7.99201,-0,-1.99741,0,0,-1.99741,-21.3155,26,65,0,26,28.7,0,0,53,12,0,4.81982,3.13735,4.81982,3.13735,13.4537,11.7725,13.4537,11.7725,20.5751,18.8957,20.5751,18.8957
latency_outage,volatile_thin,100000,hybrid|lat250ms,250,0,True,"coinbase>=1,000,000",prints+quotes,9100009,10,2.6099,360463,1.97478,7.95,-21.3155,hybrid,BTC-USD,sell,1.1582,100000,86340.9,3.51629,293426,1.1582,1,0.270163,86111.3,26.5919,15.2919,152.512,27009.2,72724.8,26.5919,15.2512,1.8404e-07,41.8431,6.88e-09,0.0008615,41.8431,21.3155,40,96,0,39,42.6735,0,0,82,0,0,2.44104,0.50565,-3.14993,-1.55609,1.50394,-0.432469,-12.4872,-10.8952,1.34803,-0.590651,-30.7204,-29.1311
latency_outage,volatile_thin,100000,hybrid|lat40ms,40,0,True,"coinbase>=1,000,000",prints+quotes,9100009,10,2.6099,360463,1.97478,7.95,-21.3155,hybrid,BTC-USD,buy,1.1582,100000,86340.9,3.51629,315411,1.1582,1,1,86309.9,-3.58721,8,79.9713,99964.1,0,-3.58721,7.99713,-1.8404e-07,4.40992,6.88e-09,0.000861638,4.40992,-21.3155,43,96,0,42,34.8317,0,0,92,4,0,2.12272,2.06647,2.12272,2.06647,8.61844,8.56311,8.61844,8.56311,30.0982,30.0419,30.0982,30.0419
latency_outage,volatile_thin,100000,hybrid|lat40ms,40,0,True,"coinbase>=1,000,000",prints+quotes,9100009,10,2.6099,360463,1.97478,7.95,-21.3155,hybrid,BTC-USD,sell,1.1582,100000,86340.9,3.51629,293426,1.1582,1,0.249253,86098.1,28.1259,15.5017,154.581,24912.4,74806.3,28.1259,15.4581,1.8404e-07,43.5841,6.88e-09,0.0008615,43.5841,21.3155,48,127,0,47,42.1423,0,0,114,0,0,2.81636,-0.0234353,-2.89413,-1.27859,2.17821,-0.662761,-12.262,-10.6483,2.61858,-0.224846,-26.9464,-25.3354
latency_outage,volatile_thin,100000,hybrid|lat5ms,5,0,True,"coinbase>=1,000,000",prints+quotes,9100009,10,2.6099,360463,1.97478,7.95,-21.3155,hybrid,BTC-USD,buy,1.1582,100000,86340.9,3.51629,315411,1.1582,1,1,86311.1,-3.45677,8,79.9723,99965.4,0,-3.45677,7.99723,-0,4.54046,0,0,4.54046,-21.3155,43,106,0,42,34.8317,0,0,102,4,0,2.21526,2.07404,2.21526,2.07404,8.73236,8.59218,8.73236,8.59218,30.2296,30.0886,30.2296,30.0886
latency_outage,volatile_thin,100000,hybrid|lat5ms,5,0,True,"coinbase>=1,000,000",prints+quotes,9100009,10,2.6099,360463,1.97478,7.95,-21.3155,hybrid,BTC-USD,sell,1.1582,100000,86340.9,3.51629,293426,1.1582,1,0.331563,86118,25.8199,14.6779,146.4,33135,66606.8,25.8199,14.64,1.8404e-07,40.4599,6.88e-09,0.0008615,40.4599,21.3155,48,142,0,47,42.0314,0,0,129,0,0,1.50335,-0.46279,-3.58702,-1.92633,0.223797,-1.74351,-12.435,-10.7759,-0.175072,-2.14453,-24.9934,-23.3365
latency_outage,volatile_thin,100000,hybrid|outage|cod,40,3,True,"coinbase>=1,000,000",prints+quotes,9100009,10,2.6099,360463,1.97478,7.95,-21.3155,hybrid,BTC-USD,buy,1.1582,100000,86340.9,3.51629,315411,1.1582,1,0.792989,86251.6,-10.3467,10.066,100.556,79258,20638.5,-10.3467,10.0556,-1.8404e-07,-0.291149,6.88e-09,0.000861638,-0.291149,-21.3155,40,97,0,36,42.5876,16.7514,0,90,2,0,0.686996,0.677535,0.66842,1.18564,4.31773,4.30868,5.81376,6.33161,20.5938,20.5831,28.0466,28.5627
latency_outage,volatile_thin,100000,hybrid|outage|cod,40,3,True,"coinbase>=1,000,000",prints+quotes,9100009,10,2.6099,360463,1.97478,7.95,-21.3155,hybrid,BTC-USD,sell,1.1582,100000,86340.9,3.51629,293426,1.1582,1,0.120381,86053.1,33.3366,16.794,167.38,12020.1,87646.5,33.3366,16.738,0,50.0746,0,0,50.0746,21.3155,40,105,0,36,42.5876,16.7514,0,89,1,0,4.27363,1.18579,-0.252334,0.57888,5.8203,2.73179,-3.27831,-2.44688,10.3669,7.27616,-13.3405,-12.5099
latency_outage,volatile_thin,100000,hybrid|outage|no-cod,40,3,False,"coinbase>=1,000,000",prints+quotes,9100009,10,2.6099,360463,1.97478,7.95,-21.3155,hybrid,BTC-USD,buy,1.1582,100000,86340.9,3.51629,315411,1.1582,1,1,86353,1.39896,8,80.0112,100014,0,1.39896,8.00112,4.08651e-15,9.40008,0,0,9.40008,-21.3155,8,40,0,7,11.7,16.7514,0,33,7,0,4.2382,2.83869,4.2382,2.83869,11.6223,10.225,11.6223,10.225,36.8952,35.4981,36.8952,35.4981
latency_outage,volatile_thin,100000,hybrid|outage|no-cod,40,3,False,"coinbase>=1,000,000",prints+quotes,9100009,10,2.6099,360463,1.97478,7.95,-21.3155,hybrid,BTC-USD,sell,1.1582,100000,86340.9,3.51629,293426,1.1582,1,1,86387.6,-5.40988,8,80.0433,100054,0,-5.40988,8.00433,0,2.59444,0,0,2.59444,21.3155,4,40,0,3,5.3,16.7514,0,30,10,0,1.50309,0.217668,1.50309,0.217668,-4.35311,-5.63768,-4.35311,-5.63768,-43.63,-44.9096,-43.63,-44.9096
latency_outage,volatile_thin,100000,hybrid|prints-only,40,0,True,"coinbase>=1,000,000",prints-only,9100009,10,2.6099,360463,1.97478,7.95,-21.3155,hybrid,BTC-USD,buy,1.1582,100000,86340.9,3.51629,315411,1.1582,1,0.668115,86208.9,-15.2917,11.314,112.967,66757.4,33089.7,-15.2917,11.2967,-1.8404e-07,-3.99494,6.88e-09,0.000861638,-3.99494,-21.3155,50,119,0,49,42.1482,0,0,112,0,0,-0.0115813,0.320573,-0.655471,0.675181,1.2125,1.5444,2.29874,3.62921,13.9711,14.3002,24.1067,25.4334
latency_outage,volatile_thin,100000,hybrid|prints-only,40,0,True,"coinbase>=1,000,000",prints-only,9100009,10,2.6099,360463,1.97478,7.95,-21.3155,hybrid,BTC-USD,sell,1.1582,100000,86340.9,3.51629,293426,1.1582,1,0.249253,86098.1,28.1259,15.5017,154.581,24912.4,74806.3,28.1259,15.4581,1.8404e-07,43.5841,6.88e-09,0.0008615,43.5841,21.3155,48,127,0,47,42.1423,0,0,114,0,0,2.81636,-0.0234353,-2.89413,-1.27859,2.17821,-0.662761,-12.262,-10.6483,2.61858,-0.224846,-26.9464,-25.3354
latency_outage,volatile_thin,100000,passive|lat250ms,250,0,True,"coinbase>=1,000,000",prints+quotes,9100009,10,2.6099,360463,1.97478,7.95,-21.3155,passive,BTC-USD,buy,1.1582,100000,86340.9,3.51629,315411,1.1582,1,1,86254.7,-9.98941,8,79.9201,99900.1,0,-9.98941,7.99201,-0,-1.99741,0,0,-1.99741,-21.3155,26,65,0,26,28.7,0,0,53,12,0,4.81982,3.13735,4.81982,3.13735,13.4537,11.7725,13.4537,11.7725,20.5751,18.8957,20.5751,18.8957
latency_outage,volatile_thin,100000,passive|lat250ms,250,0,True,"coinbase>=1,000,000",prints+quotes,9100009,10,2.6099,360463,1.97478,7.95,-21.3155,passive,BTC-USD,sell,1.1582,100000,86340.9,3.51629,293426,0.454187,0.392149,1,86262.8,9.0463,8,31.3436,39179.5,0,3.5475,3.13436,12.9566,19.6385,0.842133,60647.1,31.3971,21.3155,54,137,1,53,60.2028,0,0,137,0,0.038033,-2.03206,-0.695391,-2.03206,-0.695391,-7.9224,-6.58699,-7.9224,-6.58699,-19.3425,-18.0089,-19.3425,-18.0089
latency_outage,volatile_thin,100000,passive|lat40ms,40,0,True,"coinbase>=1,000,000",prints+quotes,9100009,10,2.6099,360463,1.97478,7.95,-21.3155,passive,BTC-USD,buy,1.1582,100000,86340.9,3.51629,315411,1.1582,1,1,86309.9,-3.58721,8,79.9713,99964.1,0,-3.58721,7.99713,-1.8404e-07,4.40992,6.88e-09,0.000861638,4.40992,-21.3155,43,96,0,42,34.8317,0,0,92,4,0,2.12272,2.06647,2.12272,2.06647,8.61844,8.56311,8.61844,8.56311,30.0982,30.0419,30.0982,30.0419
latency_outage,volatile_thin,100000,passive|lat40ms,40,0,True,"coinbase>=1,000,000",prints+quotes,9100009,10,2.6099,360463,1.97478,7.95,-21.3155,passive,BTC-USD,sell,1.1582,100000,86340.9,3.51629,293426,0.540577,0.466739,1,86224.9,13.4427,8,37.2889,46611.1,0,6.27422,3.72889,11.3667,21.3698,0.705707,53205.4,31.6525,21.3155,67,168,0,67,57.8259,0,0,165,3,0,-0.891903,-0.354528,-0.891903,-0.354528,-4.85945,-4.32308,-4.85945,-4.32308,-12.4433,-11.9084,-12.4433,-11.9084
latency_outage,volatile_thin,100000,passive|lat5ms,5,0,True,"coinbase>=1,000,000",prints+quotes,9100009,10,2.6099,360463,1.97478,7.95,-21.3155,passive,BTC-USD,buy,1.1582,100000,86340.9,3.51629,315411,1.1582,1,1,86311.1,-3.45677,8,79.9723,99965.4,0,-3.45677,7.99723,-0,4.54046,0,0,4.54046,-21.3155,43,106,0,42,34.8317,0,0,102,4,0,2.21526,2.07404,2.21526,2.07404,8.73236,8.59218,8.73236,8.59218,30.2296,30.0886,30.2296,30.0886
latency_outage,volatile_thin,100000,passive|lat5ms,5,0,True,"coinbase>=1,000,000",prints+quotes,9100009,10,2.6099,360463,1.97478,7.95,-21.3155,passive,BTC-USD,sell,1.1582,100000,86340.9,3.51629,293426,0.612912,0.529194,1,86234.2,12.3588,8,42.2832,52854,0,6.5402,4.22832,10.0355,20.804,0.599539,46974.3,29.8589,21.3155,67,186,0,67,57.8259,0,0,183,3,0,-1.66635,-0.941635,-1.66635,-0.941635,-6.49029,-5.76666,-6.49029,-5.76666,-14.3133,-13.5911,-14.3133,-13.5911
latency_outage,volatile_thin,100000,passive|outage|cod,40,3,True,"coinbase>=1,000,000",prints+quotes,9100009,10,2.6099,360463,1.97478,7.95,-21.3155,passive,BTC-USD,buy,1.1582,100000,86340.9,3.51629,315411,1.05177,0.908109,1,86266.5,-8.61528,8,72.5861,90732.6,0,-7.82361,7.25861,-1.95871,-2.52371,0.0908911,9170.44,-0.782138,-21.3155,50,115,0,46,51.2449,16.7514,0,113,2,0,0.410671,0.993188,0.410671,0.993188,4.60123,5.18433,4.60123,5.18433,23.1956,23.7773,23.1956,23.7773
latency_outage,volatile_thin,100000,passive|outage|cod,40,3,True,"coinbase>=1,000,000",prints+quotes,9100009,10,2.6099,360463,1.97478,7.95,-21.3155,passive,BTC-USD,sell,1.1582,100000,86340.9,3.51629,293426,0.192579,0.166274,1,86181.9,18.4133,8,13.2774,16596.8,0,3.06165,1.32774,17.7713,22.1607,1.34186,83181.5,38.4752,21.3155,48,119,0,44,51.2485,16.7514,0,118,1,0,-0.264209,0.54455,-0.264209,0.54455,-1.189,-0.379991,-1.189,-0.379991,-7.52882,-6.72034,-7.52882,-6.72034
latency_outage,volatile_thin,100000,passive|outage|no-cod,40,3,False,"coinbase>=1,000,000",prints+quotes,9100009,10,2.6099,360463,1.97478,7.95,-21.3155,passive,BTC-USD,buy,1.1582,100000,86340.9,3.51629,315411,1.1582,1,1,86353,1.39896,8,80.0112,100014,0,1.39896,8.00112,4.08651e-15,9.40008,0,0,9.40008,-21.3155,8,40,0,7,11.7,16.7514,0,33,7,0,4.2382,2.83869,4.2382,2.83869,11.6223,10.225,11.6223,10.225,36.8952,35.4981,36.8952,35.4981
latency_outage,volatile_thin,100000,passive|outage|no-cod,40,3,False,"coinbase>=1,000,000",prints+quotes,9100009,10,2.6099,360463,1.97478,7.95,-21.3155,passive,BTC-USD,sell,1.1582,100000,86340.9,3.51629,293426,1.1582,1,1,86387.6,-5.40988,8,80.0433,100054,0,-5.40988,8.00433,0,2.59444,0,0,2.59444,21.3155,4,40,0,3,5.3,16.7514,0,30,10,0,1.50309,0.217668,1.50309,0.217668,-4.35311,-5.63768,-4.35311,-5.63768,-43.63,-44.9096,-43.63,-44.9096
latency_outage,volatile_thin,100000,passive|prints-only,40,0,True,"coinbase>=1,000,000",prints-only,9100009,10,2.6099,360463,1.97478,7.95,-21.3155,passive,BTC-USD,buy,1.1582,100000,86340.9,3.51629,315411,0.990397,0.855118,1,86233.2,-12.4817,8,68.3241,85405.1,0,-10.6733,6.83241,-3.08823,-6.92914,0.167685,14459,-4.15884,-21.3155,70,153,0,70,60.0038,0,0,153,0,0.00197857,-0.833333,0.442305,-0.833333,0.442305,1.32259,2.5981,1.32259,2.5981,16.8831,18.1559,16.8831,18.1559
latency_outage,volatile_thin,100000,passive|prints-only,40,0,True,"coinbase>=1,000,000",prints-only,9100009,10,2.6099,360463,1.97478,7.95,-21.3155,passive,BTC-USD,sell,1.1582,100000,86340.9,3.51629,293426,0.378409,0.326722,1,86256.7,9.74912,8,26.1123,32640.3,0,3.18525,2.61123,14.3513,20.1477,0.979061,67174.5,33.2182,21.3155,67,165,0,67,57.8259,0,0,165,0,0,-2.03759,-0.628276,-2.03759,-0.628276,-8.49755,-7.08955,-8.49755,-7.08955,-19.3225,-17.9166,-19.3225,-17.9166
latency_outage,volatile_thin,100000,aggressive|lat250ms,250,0,True,"coinbase>=1,000,000",prints+quotes,9100010,10,2.65268,401185,2.47207,7.65,-11.4066,aggressive,BTC-USD,buy,1.16009,100000,86200.4,1.57308,358395,1.16009,1,0,86233.2,3.80589,18,180.069,0,100038,3.80589,18.0069,-0,21.8127,0,0,21.8127,-11.4066,1,24,0,0,0.206404,0,0,0,0,0,3.38287,0.364819,,,0.768448,-2.25039,,,2.13277,-0.885657,,
latency_outage,volatile_thin,100000,aggressive|lat250ms,250,0,True,"coinbase>=1,000,000",prints+quotes,9100010,10,2.65268,401185,2.47207,7.65,-11.4066,aggressive,BTC-USD,sell,1.16009,100000,86200.4,1.57308,367050,1.16009,1,0,86189,1.32966,18,179.976,0,99986.7,1.32966,17.9976,0,19.3273,0,0,19.3273,11.4066,1,21,0,0,0.206404,0,0,0,0,0,1.7516,-0.364819,,,4.36736,2.25039,,,3.00234,0.885657,,
latency_outage,volatile_thin,100000,aggressive|lat40ms,40,0,True,"coinbase>=1,000,000",prints+quotes,9100010,10,2.65268,401185,2.47207,7.65,-11.4066,aggressive,BTC-USD,buy,1.16009,100000,86200.4,1.57308,358395,1.16009,1,0,86229.4,3.36742,18,180.061,0,100034,3.36742,18.0061,2.18325e-15,21.3735,0,0,21.3735,-11.4066,1,22,0,0,0.0330247,0,0,0,0,0,0.981284,-2.38572,,,0.433908,-2.93328,,,1.6945,-1.67227,,
latency_outage,volatile_thin,100000,aggressive|lat40ms,40,0,True,"coinbase>=1,000,000",prints+quotes,9100010,10,2.65268,401185,2.47207,7.65,-11.4066,aggressive,BTC-USD,sell,1.16009,100000,86200.4,1.57308,367050,1.16009,1,0,86188.7,1.35917,18,179.976,0,99986.4,1.35917,17.9976,0,19.3567,0,0,19.3567,11.4066,1,21,0,0,0.0330247,0,0,0,0,0,3.74541,2.38572,,,4.29305,2.93328,,,3.03186,1.67227,,
latency_outage,volatile_thin,100000,aggressive|lat5ms,5,0,True,"coinbase>=1,000,000",prints+quotes,9100010,10,2.65268,401185,2.47207,7.65,-11.4066,aggressive,BTC-USD,buy,1.16009,100000,86200.4,1.57308,358395,1.16009,1,0,86229.4,3.36742,18,180.061,0,100034,3.36742,18.0061,2.18325e-15,21.3735,0,0,21.3735,-11.4066,1,22,0,0,0.00412809,0,0,0,0,0,0.981284,-2.38572,,,0.433908,-2.93328,,,1.6945,-1.67227,,
latency_outage,volatile_thin,100000,aggressive|lat5ms,5,0,True,"coinbase>=1,000,000",prints+quotes,9100010,10,2.65268,401185,2.47207,7.65,-11.4066,aggressive,BTC-USD,sell,1.16009,100000,86200.4,1.57308,367050,1.16009,1,0,86188.7,1.35917,18,179.976,0,99986.4,1.35917,17.9976,0,19.3567,0,0,19.3567,11.4066,1,21,0,0,0.00412809,0,0,0,0,0,3.74541,2.38572,,,4.29305,2.93328,,,3.03186,1.67227,,
latency_outage,volatile_thin,100000,aggressive|outage|cod,40,3,True,"coinbase>=1,000,000",prints+quotes,9100010,10,2.65268,401185,2.47207,7.65,-11.4066,aggressive,BTC-USD,buy,1.16009,100000,86200.4,1.57308,358395,1.16009,1,0,86229.4,3.36742,18,180.061,0,100034,3.36742,18.0061,2.18325e-15,21.3735,0,0,21.3735,-11.4066,1,22,0,0,0.0330247,0,0,0,0,0,0.981284,-2.38572,,,0.433908,-2.93328,,,1.6945,-1.67227,,
latency_outage,volatile_thin,100000,aggressive|outage|cod,40,3,True,"coinbase>=1,000,000",prints+quotes,9100010,10,2.65268,401185,2.47207,7.65,-11.4066,aggressive,BTC-USD,sell,1.16009,100000,86200.4,1.57308,367050,1.16009,1,0,86188.7,1.35917,18,179.976,0,99986.4,1.35917,17.9976,0,19.3567,0,0,19.3567,11.4066,1,21,0,0,0.0330247,0,0,0,0,0,3.74541,2.38572,,,4.29305,2.93328,,,3.03186,1.67227,,
latency_outage,volatile_thin,100000,aggressive|outage|no-cod,40,3,False,"coinbase>=1,000,000",prints+quotes,9100010,10,2.65268,401185,2.47207,7.65,-11.4066,aggressive,BTC-USD,buy,1.16009,100000,86200.4,1.57308,358395,1.16009,1,0,86229.4,3.36742,18,180.061,0,100034,3.36742,18.0061,2.18325e-15,21.3735,0,0,21.3735,-11.4066,1,22,0,0,0.0330247,0,0,0,0,0,0.981284,-2.38572,,,0.433908,-2.93328,,,1.6945,-1.67227,,
latency_outage,volatile_thin,100000,aggressive|outage|no-cod,40,3,False,"coinbase>=1,000,000",prints+quotes,9100010,10,2.65268,401185,2.47207,7.65,-11.4066,aggressive,BTC-USD,sell,1.16009,100000,86200.4,1.57308,367050,1.16009,1,0,86188.7,1.35917,18,179.976,0,99986.4,1.35917,17.9976,0,19.3567,0,0,19.3567,11.4066,1,21,0,0,0.0330247,0,0,0,0,0,3.74541,2.38572,,,4.29305,2.93328,,,3.03186,1.67227,,
latency_outage,volatile_thin,100000,aggressive|prints-only,40,0,True,"coinbase>=1,000,000",prints-only,9100010,10,2.65268,401185,2.47207,7.65,-11.4066,aggressive,BTC-USD,buy,1.16009,100000,86200.4,1.57308,358395,1.16009,1,0,86229.4,3.36742,18,180.061,0,100034,3.36742,18.0061,2.18325e-15,21.3735,0,0,21.3735,-11.4066,1,22,0,0,0.0330247,0,0,0,0,0,0.981284,-2.38572,,,0.433908,-2.93328,,,1.6945,-1.67227,,
latency_outage,volatile_thin,100000,aggressive|prints-only,40,0,True,"coinbase>=1,000,000",prints-only,9100010,10,2.65268,401185,2.47207,7.65,-11.4066,aggressive,BTC-USD,sell,1.16009,100000,86200.4,1.57308,367050,1.16009,1,0,86188.7,1.35917,18,179.976,0,99986.4,1.35917,17.9976,0,19.3567,0,0,19.3567,11.4066,1,21,0,0,0.0330247,0,0,0,0,0,3.74541,2.38572,,,4.29305,2.93328,,,3.03186,1.67227,,
latency_outage,volatile_thin,100000,hybrid|lat250ms,250,0,True,"coinbase>=1,000,000",prints+quotes,9100010,10,2.65268,401185,2.47207,7.65,-11.4066,hybrid,BTC-USD,buy,1.16009,100000,86200.4,1.57308,358395,1.16009,1,1,86233.8,3.86683,8,80.0309,100039,0,3.86683,8.00309,-0,11.8699,0,0,11.8699,-11.4066,25,69,0,25,26.8113,0,0,60,9,0,2.31617,1.64562,2.31617,1.64562,1.17598,0.505332,1.17598,0.505332,4.97879,4.30842,4.97879,4.30842
latency_outage,volatile_thin,100000,hybrid|lat250ms,250,0,True,"coinbase>=1,000,000",prints+quotes,9100010,10,2.65268,401185,2.47207,7.65,-11.4066,hybrid,BTC-USD,sell,1.16009,100000,86200.4,1.57308,367050,1.16009,1,1,86211.6,-1.29896,8,80.0104,100013,0,-1.29896,8.00104,0,6.70207,0,0,6.70207,11.4066,33,78,0,32,34.0223,0,0,68,10,0,0.219104,-1.38603,0.219104,-1.38603,2.06808,0.462487,2.06808,0.462487,-8.99002,-10.5941,-8.99002,-10.5941
latency_outage,volatile_thin,100000,hybrid|lat40ms,40,0,True,"coinbase>=1,000,000",prints+quotes,9100010,10,2.65268,401185,2.47207,7.65,-11.4066,hybrid,BTC-USD,buy,1.16009,100000,86200.4,1.57308,358395,1.16009,1,1,86216.2,1.82935,8,80.0146,100018,0,1.82935,8.00146,-0,9.83081,0,0,9.83081,-11.4066,48,115,0,47,39.2,0,0,112,3,0,4.81405,4.56034,4.81405,4.56034,1.3557,1.10154,1.3557,1.10154,9.2216,8.96814,9.2216,8.96814
latency_outage,volatile_thin,100000,hybrid|lat40ms,40,0,True,"coinbase>=1,000,000",prints+quotes,9100010,10,2.65268,401185,2.47207,7.65,-11.4066,hybrid,BTC-USD,sell,1.16009,100000,86200.4,1.57308,367050,1.16009,1,0.973719,86225,-2.85644,8.26253,82.6489,97402.5,2626.02,-2.85644,8.26489,0,5.40845,0,0,5.40845,11.4066,55,123,0,54,42.1273,0,0,114,8,0,0.0325909,-0.414952,-0.0752474,-0.488702,-0.0319489,-0.479807,-0.169762,-0.583536,-12.9376,-13.3849,-13.0102,-13.4235
latency_outage,volatile_thin,100000,hybrid|lat5ms,5,0,True,"coinbase>=1,000,000",prints+quotes,9100010,10,2.65268,401185,2.47207,7.65,-11.4066,hybrid,BTC-USD,buy,1.16009,100000,86200.4,1.57308,358395,1.16009,1,1,86223.5,2.67445,8,80.0214,100027,0,2.67445,8.00214,-0,10.6766,0,0,10.6766,-11.4066,48,129,0,47,39.2,0,0,126,3,0,3.43072,3.49147,3.43072,3.49147,1.47345,1.53381,1.47345,1.53381,8.61476,8.67543,8.61476,8.67543
latency_outage,volatile_thin,100000,hybrid|lat5ms,5,0,True,"coinbase>=1,000,000",prints+quotes,9100010,10,2.65268,401185,2.47207,7.65,-11.4066,hybrid,BTC-USD,sell,1.16009,100000,86200.4,1.57308,367050,1.16009,1,0.979804,86225,-2.84929,8.20174,82.0408,98010.5,2017.98,-2.84929,8.20408,9.8325e-08,5.35479,9.395e-09,0.000860927,5.35479,11.4066,55,132,0,54,42.1034,0,0,123,8,0,0.0579054,-0.432067,-0.0239273,-0.488741,-0.0185962,-0.508885,-0.123567,-0.5887,-12.8717,-13.3613,-12.9257,-13.3902
latency_outage,volatile_thin,100000,hybrid|outage|cod,40,3,True,"coinbase>=1,000,000",prints+quotes,9100010,10,2.65268,401185,2.47207,7.65,-11.4066,hybrid,BTC-USD,buy,1.16009,100000,86200.4,1.57308,358395,1.16009,1,1,86216.2,1.82935,8,80.0146,100018,0,1.82935,8.00146,-0,9.83081,0,0,9.83081,-11.4066,48,115,0,47,39.2,0,0,112,3,0,4.81405,4.56034,4.81405,4.56034,1.3557,1.10154,1.3557,1.10154,9.2216,8.96814,9.2216,8.96814
latency_outage,volatile_thin,100000,hybrid|outage|cod,40,3,True,"coinbase>=1,000,000",prints+quotes,9100010,10,2.65268,401185,2.47207,7.65,-11.4066,hybrid,BTC-USD,sell,1.16009,100000,86200.4,1.57308,367050,1.16009,1,0.973719,86225,-2.85644,8.26253,82.6489,97402.5,2626.02,-2.85644,8.26489,0,5.40845,0,0,5.40845,11.4066,55,123,0,54,42.1273,0,0,114,8,0,0.0325909,-0.414952,-0.0752474,-0.488702,-0.0319489,-0.479807,-0.169762,-0.583536,-12.9376,-13.3849,-13.0102,-13.4235
latency_outage,volatile_thin,100000,hybrid|outage|no-cod,40,3,False,"coinbase>=1,000,000",prints+quotes,9100010,10,2.65268,401185,2.47207,7.65,-11.4066,hybrid,BTC-USD,buy,1.16009,100000,86200.4,1.57308,358395,1.16009,1,1,86216.2,1.82935,8,80.0146,100018,0,1.82935,8.00146,-0,9.83081,0,0,9.83081,-11.4066,48,115,0,47,39.2,0,0,112,3,0,4.81405,4.56034,4.81405,4.56034,1.3557,1.10154,1.3557,1.10154,9.2216,8.96814,9.2216,8.96814
latency_outage,volatile_thin,100000,hybrid|outage|no-cod,40,3,False,"coinbase>=1,000,000",prints+quotes,9100010,10,2.65268,401185,2.47207,7.65,-11.4066,hybrid,BTC-USD,sell,1.16009,100000,86200.4,1.57308,367050,1.16009,1,0.973719,86225,-2.85644,8.26253,82.6489,97402.5,2626.02,-2.85644,8.26489,0,5.40845,0,0,5.40845,11.4066,55,123,0,54,42.1273,0,0,114,8,0,0.0325909,-0.414952,-0.0752474,-0.488702,-0.0319489,-0.479807,-0.169762,-0.583536,-12.9376,-13.3849,-13.0102,-13.4235
latency_outage,volatile_thin,100000,hybrid|prints-only,40,0,True,"coinbase>=1,000,000",prints-only,9100010,10,2.65268,401185,2.47207,7.65,-11.4066,hybrid,BTC-USD,buy,1.16009,100000,86200.4,1.57308,358395,1.16009,1,0.585968,86197.5,-0.337093,12.1387,121.383,58610.8,41385.9,-0.337093,12.1383,-0,11.8012,0,0,11.8012,-11.4066,52,123,0,51,42.1401,0,0,115,0,0,1.03056,0.560511,2.04606,2.59407,0.139769,-0.330377,1.26471,1.8127,8.32339,7.85429,4.40743,4.95514
latency_outage,volatile_thin,100000,hybrid|prints-only,40,0,True,"coinbase>=1,000,000",prints-only,9100010,10,2.65268,401185,2.47207,7.65,-11.4066,hybrid,BTC-USD,sell,1.16009,100000,86200.4,1.57308,367050,1.16009,1,0.509221,86172.6,3.22538,12.904,128.998,50943.9,49023.8,3.22538,12.8998,0,16.1252,0,0,16.1252,11.4066,55,125,0,54,42.1273,0,0,114,0,0,3.11662,1.17143,-0.858205,0.0668373,2.68556,0.73999,-2.71322,-1.78842,-11.0203,-12.9626,-14.8553,-13.9315
latency_outage,volatile_thin,100000,passive|lat250ms,250,0,True,"coinbase>=1,000,000",prints+quotes,9100010,10,2.65268,401185,2.47207,7.65,-11.4066,passive,BTC-USD,buy,1.16009,100000,86200.4,1.57308,358395,1.16009,1,1,86233.8,3.86683,8,80.0309,100039,0,3.86683,8.00309,-0,11.8699,0,0,11.8699,-11.4066,25,69,0,25,26.8113,0,0,60,9,0,2.31617,1.64562,2.31617,1.64562,1.17598,0.505332,1.17598,0.505332,4.97879,4.30842,4.97879,4.30842
latency_outage,volatile_thin,100000,passive|lat250ms,250,0,True,"coinbase>=1,000,000",prints+quotes,9100010,10,2.65268,401185,2.47207,7.65,-11.4066,passive,BTC-USD,sell,1.16009,100000,86200.4,1.57308,367050,1.16009,1,1,86211.6,-1.29896,8,80.0104,100013,0,-1.29896,8.00104,0,6.70207,0,0,6.70207,11.4066,33,78,0,32,34.0223,0,0,68,10,0,0.219104,-1.38603,0.219104,-1.38603,2.06808,0.462487,2.06808,0.462487,-8.99002,-10.5941,-8.99002,-10.5941
latency_outage,volatile_thin,100000,passive|lat40ms,40,0,True,"coinbase>=1,000,000",prints+quotes,9100010,10,2.65268,401185,2.47207,7.65,-11.4066,passive,BTC-USD,buy,1.16009,100000,86200.4,1.57308,358395,1.16009,1,1,86216.2,1.82935,8,80.0146,100018,0,1.82935,8.00146,-0,9.83081,0,0,9.83081,-11.4066,48,115,0,47,39.2,0,0,112,3,0,4.81405,4.56034,4.81405,4.56034,1.3557,1.10154,1.3557,1.10154,9.2216,8.96814,9.2216,8.96814
latency_outage,volatile_thin,100000,passive|lat40ms,40,0,True,"coinbase>=1,000,000",prints+quotes,9100010,10,2.65268,401185,2.47207,7.65,-11.4066,passive,BTC-USD,sell,1.16009,100000,86200.4,1.57308,367050,1.16009,1,1,86226.5,-3.025,8,80.0242,100030,0,-3.025,8.00242,0,4.97742,0,0,4.97742,11.4066,67,145,0,66,52.3107,0,0,137,8,0,-0.10519,-0.48636,-0.10519,-0.48636,-0.376522,-0.758017,-0.376522,-0.758017,-12.9482,-13.3292,-12.9482,-13.3292
latency_outage,volatile_thin,100000,passive|lat5ms,5,0,True,"coinbase>=1,000,000",prints+quotes,9100010,10,2.65268,401185,2.47207,7.65,-11.4066,passive,BTC-USD,buy,1.16009,100000,86200.4,1.57308,358395,1.16009,1,1,86223.5,2.67445,8,80.0214,100027,0,2.67445,8.00214,-0,10.6766,0,0,10.6766,-11.4066,48,129,0,47,39.2,0,0,126,3,0,3.43072,3.49147,3.43072,3.49147,1.47345,1.53381,1.47345,1.53381,8.61476,8.67543,8.61476,8.67543
latency_outage,volatile_thin,100000,passive|lat5ms,5,0,True,"coinbase>=1,000,000",prints+quotes,9100010,10,2.65268,401185,2.47207,7.65,-11.4066,passive,BTC-USD,sell,1.16009,100000,86200.4,1.57308,367050,1.16009,1,1,86226.1,-2.97839,8,80.0238,100030,0,-2.97839,8.00238,0,5.02399,0,0,5.02399,11.4066,68,158,0,67,52.3107,0,0,150,8,0,-0.0489729,-0.48758,-0.0489729,-0.48758,-0.267389,-0.706319,-0.267389,-0.706319,-12.8898,-13.3281,-12.8898,-13.3281
latency_outage,volatile_thin,100000,passive|outage|cod,40,3,True,"coinbase>=1,000,000",prints+quotes,9100010,10,2.65268,401185,2.47207,7.65,-11.4066,passive,BTC-USD,buy,1.16009,100000,86200.4,1.57308,358395,1.16009,1,1,86216.2,1.82935,8,80.0146,100018,0,1.82935,8.00146,-0,9.83081,0,0,9.83081,-11.4066,48,115,0,47,39.2,0,0,112,3,0,4.81405,4.56034,4.81405,4.56034,1.3557,1.10154,1.3557,1.10154,9.2216,8.96814,9.2216,8.96814
latency_outage,volatile_thin,100000,passive|outage|cod,40,3,True,"coinbase>=1,000,000",prints+quotes,9100010,10,2.65268,401185,2.47207,7.65,-11.4066,passive,BTC-USD,sell,1.16009,100000,86200.4,1.57308,367050,1.16009,1,1,86226.5,-3.025,8,80.0242,100030,0,-3.025,8.00242,0,4.97742,0,0,4.97742,11.4066,67,145,0,66,52.3107,0,0,137,8,0,-0.10519,-0.48636,-0.10519,-0.48636,-0.376522,-0.758017,-0.376522,-0.758017,-12.9482,-13.3292,-12.9482,-13.3292
latency_outage,volatile_thin,100000,passive|outage|no-cod,40,3,False,"coinbase>=1,000,000",prints+quotes,9100010,10,2.65268,401185,2.47207,7.65,-11.4066,passive,BTC-USD,buy,1.16009,100000,86200.4,1.57308,358395,1.16009,1,1,86216.2,1.82935,8,80.0146,100018,0,1.82935,8.00146,-0,9.83081,0,0,9.83081,-11.4066,48,115,0,47,39.2,0,0,112,3,0,4.81405,4.56034,4.81405,4.56034,1.3557,1.10154,1.3557,1.10154,9.2216,8.96814,9.2216,8.96814
latency_outage,volatile_thin,100000,passive|outage|no-cod,40,3,False,"coinbase>=1,000,000",prints+quotes,9100010,10,2.65268,401185,2.47207,7.65,-11.4066,passive,BTC-USD,sell,1.16009,100000,86200.4,1.57308,367050,1.16009,1,1,86226.5,-3.025,8,80.0242,100030,0,-3.025,8.00242,0,4.97742,0,0,4.97742,11.4066,67,145,0,66,52.3107,0,0,137,8,0,-0.10519,-0.48636,-0.10519,-0.48636,-0.376522,-0.758017,-0.376522,-0.758017,-12.9482,-13.3292,-12.9482,-13.3292
latency_outage,volatile_thin,100000,passive|prints-only,40,0,True,"coinbase>=1,000,000",prints-only,9100010,10,2.65268,401185,2.47207,7.65,-11.4066,passive,BTC-USD,buy,1.16009,100000,86200.4,1.57308,358395,0.820229,0.707041,1,86206,0.650751,8,56.567,70708.7,0,0.460108,5.6567,-3.34165,2.77515,0.777049,29270.3,8.82084,-11.4066,71,157,0,71,59.6242,0,0,157,0,0,1.51821,2.18047,1.51821,2.18047,1.89178,2.55389,1.89178,2.55389,5.19993,5.86171,5.19993,5.86171
latency_outage,volatile_thin,100000,passive|prints-only,40,0,True,"coinbase>=1,000,000",prints-only,9100010,10,2.65268,401185,2.47207,7.65,-11.4066,passive,BTC-USD,sell,1.16009,100000,86200.4,1.57308,367050,1.16009,1,1,86184.8,1.81186,8,79.9855,99981.9,0,1.81186,7.99855,0,9.81041,0,0,9.81041,11.4066,75,159,0,74,59.5304,0,0,159,0,0,-1.47179,-0.293386,-1.47179,-0.293386,-6.35733,-5.17962,-6.35733,-5.17962,-13.2179,-12.0408,-13.2179,-12.0408
latency_outage,volatile_thin,100000,aggressive|lat250ms,250,0,True,"coinbase>=1,000,000",prints+quotes,9100011,10,2.71069,381014,1.98018,8.2,36.5514,aggressive,BTC-USD,buy,1.15682,100000,86444.1,3.37559,343964,1.15682,1,0,86467.1,2.66507,18,180.048,0,100027,2.66507,18.0048,0,20.6699,0,0,20.6699,36.5514,1,18,0,0,0.567139,0,0,0,0,0,1.92472,-0.148064,,,-7.05846,-9.13311,,,-20.9927,-23.0702,,
latency_outage,volatile_thin,100000,aggressive|lat250ms,250,0,True,"coinbase>=1,000,000",prints+quotes,9100011,10,2.71069,381014,1.98018,8.2,36.5514,aggressive,BTC-USD,sell,1.15682,100000,86444.1,3.37559,97489.8,1.15682,1,0,86412.6,3.63678,18,179.935,0,99963.6,3.63678,17.9935,-7.01583e-15,21.6302,0,0,21.6302,-36.5514,1,21,0,0,0.567139,0,0,0,0,0,4.37853,0.148064,,,13.3674,9.13311,,,27.3104,23.0702,,
latency_outage,volatile_thin,100000,aggressive|lat40ms,40,0,True,"coinbase>=1,000,000",prints+quotes,9100011,10,2.71069,381014,1.98018,8.2,36.5514,aggressive,BTC-USD,buy,1.15682,100000,86444.1,3.37559,343964,1.15682,1,0,86467,2.649,18,180.048,0,100026,2.649,18.0048,0,20.6538,0,0,20.6538,36.5514,1,16,0,0,0.0907423,0,0,0,0,0,2.05668,-0.591712,,,-4.43424,-7.08435,,,-18.52,-21.1738,,
latency_outage,volatile_thin,100000,aggressive|lat40ms,40,0,True,"coinbase>=1,000,000",prints+quotes,9100011,10,2.71069,381014,1.98018,8.2,36.5514,aggressive,BTC-USD,sell,1.15682,100000,86444.1,3.37559,97489.8,1.15682,1,0,86387.7,6.52398,18,179.883,0,99934.8,6.52398,17.9883,-7.01583e-15,24.5122,0,0,24.5122,-36.5514,1,23,0,0,0.0907423,0,0,0,0,0,7.12091,0.591712,,,13.6178,7.08435,,,27.7164,21.1738,,
latency_outage,volatile_thin,100000,aggressive|lat5ms,5,0,True,"coinbase>=1,000,000",prints+quotes,9100011,10,2.71069,381014,1.98018,8.2,36.5514,aggressive,BTC-USD,buy,1.15682,100000,86444.1,3.37559,343964,1.15682,1,0,86467,2.649,18,180.048,0,100026,2.649,18.0048,0,20.6538,0,0,20.6538,36.5514,1,16,0,0,0.0113428,0,0,0,0,0,2.05668,-0.591712,,,-4.43424,-7.08435,,,-18.52,-21.1738,,
latency_outage,volatile_thin,100000,aggressive|lat5ms,5,0,True,"coinbase>=1,000,000",prints+quotes,9100011,10,2.71069,381014,1.98018,8.2,36.5514,aggressive,BTC-USD,sell,1.15682,100000,86444.1,3.37559,97489.8,1.15682,1,0,86387.7,6.52398,18,179.883,0,99934.8,6.52398,17.9883,-7.01583e-15,24.5122,0,0,24.5122,-36.5514,1,23,0,0,0.0113428,0,0,0,0,0,7.12091,0.591712,,,13.6178,7.08435,,,27.7164,21.1738,,
latency_outage,volatile_thin,100000,aggressive|outage|cod,40,3,True,"coinbase>=1,000,000",prints+quotes,9100011,10,2.71069,381014,1.98018,8.2,36.5514,aggressive,BTC-USD,buy,1.15682,100000,86444.1,3.37559,343964,1.15682,1,0,86467,2.649,18,180.048,0,100026,2.649,18.0048,0,20.6538,0,0,20.6538,36.5514,1,16,0,0,0.0907423,1.27054,0,0,0,0,2.05668,-0.591712,,,-4.43424,-7.08435,,,-18.52,-21.1738,,
latency_outage,volatile_thin,100000,aggressive|outage|cod,40,3,True,"coinbase>=1,000,000",prints+quotes,9100011,10,2.71069,381014,1.98018,8.2,36.5514,aggressive,BTC-USD,sell,1.15682,100000,86444.1,3.37559,97489.8,1.15682,1,0,86387.7,6.52398,18,179.883,0,99934.8,6.52398,17.9883,-7.01583e-15,24.5122,0,0,24.5122,-36.5514,1,23,0,0,0.0907423,1.27054,0,0,0,0,7.12091,0.591712,,,13.6178,7.08435,,,27.7164,21.1738,,
latency_outage,volatile_thin,100000,aggressive|outage|no-cod,40,3,False,"coinbase>=1,000,000",prints+quotes,9100011,10,2.71069,381014,1.98018,8.2,36.5514,aggressive,BTC-USD,buy,1.15682,100000,86444.1,3.37559,343964,1.15682,1,0,86467,2.649,18,180.048,0,100026,2.649,18.0048,0,20.6538,0,0,20.6538,36.5514,1,16,0,0,0.0907423,1.27054,0,0,0,0,2.05668,-0.591712,,,-4.43424,-7.08435,,,-18.52,-21.1738,,
latency_outage,volatile_thin,100000,aggressive|outage|no-cod,40,3,False,"coinbase>=1,000,000",prints+quotes,9100011,10,2.71069,381014,1.98018,8.2,36.5514,aggressive,BTC-USD,sell,1.15682,100000,86444.1,3.37559,97489.8,1.15682,1,0,86387.7,6.52398,18,179.883,0,99934.8,6.52398,17.9883,-7.01583e-15,24.5122,0,0,24.5122,-36.5514,1,23,0,0,0.0907423,1.27054,0,0,0,0,7.12091,0.591712,,,13.6178,7.08435,,,27.7164,21.1738,,
latency_outage,volatile_thin,100000,aggressive|prints-only,40,0,True,"coinbase>=1,000,000",prints-only,9100011,10,2.71069,381014,1.98018,8.2,36.5514,aggressive,BTC-USD,buy,1.15682,100000,86444.1,3.37559,343964,1.15682,1,0,86467,2.649,18,180.048,0,100026,2.649,18.0048,0,20.6538,0,0,20.6538,36.5514,1,16,0,0,0.0907423,0,0,0,0,0,2.05668,-0.591712,,,-4.43424,-7.08435,,,-18.52,-21.1738,,
latency_outage,volatile_thin,100000,aggressive|prints-only,40,0,True,"coinbase>=1,000,000",prints-only,9100011,10,2.71069,381014,1.98018,8.2,36.5514,aggressive,BTC-USD,sell,1.15682,100000,86444.1,3.37559,97489.8,1.15682,1,0,86387.7,6.52398,18,179.883,0,99934.8,6.52398,17.9883,-7.01583e-15,24.5122,0,0,24.5122,-36.5514,1,23,0,0,0.0907423,0,0,0,0,0,7.12091,0.591712,,,13.6178,7.08435,,,27.7164,21.1738,,
latency_outage,volatile_thin,100000,hybrid|lat250ms,250,0,True,"coinbase>=1,000,000",prints+quotes,9100011,10,2.71069,381014,1.98018,8.2,36.5514,hybrid,BTC-USD,buy,1.15682,100000,86444.1,3.37559,343964,1.15682,1,0.783156,86661.7,25.1762,10.1696,101.952,78501.4,21750.4,25.1762,10.1952,0,35.3714,0,0,35.3714,36.5514,39,81,0,38,42.491,0,0,67,8,0,1.7239,-0.326092,1.36577,-0.595411,0.675539,-1.37437,0.557705,-1.40325,-2.07873,-4.12924,-4.78896,-6.75111
latency_outage,volatile_thin,100000,hybrid|lat250ms,250,0,True,"coinbase>=1,000,000",prints+quotes,9100011,10,2.71069,381014,1.98018,8.2,36.5514,hybrid,BTC-USD,sell,1.15682,100000,86444.1,3.37559,97489.8,1.15682,1,1,86610.2,-19.2185,8,80.1537,100192,0,-19.2185,8.01537,-0,-11.2032,0,0,-11.2032,-36.5514,35,75,1,34,37.8,0,0,67,8,0,1.32755,0.205273,1.32755,0.205273,1.16992,0.047928,1.16992,0.047928,6.90334,5.78048,6.90334,5.78048
latency_outage,volatile_thin,100000,hybrid|lat40ms,40,0,True,"coinbase>=1,000,000",prints+quotes,9100011,10,2.71069,381014,1.98018,8.2,36.5514,hybrid,BTC-USD,buy,1.15682,100000,86444.1,3.37559,343964,1.15682,1,0.26261,86687.3,28.1403,15.376,154.192,26314.3,73967.1,28.1403,15.4192,0,43.5596,0,0,43.5596,36.5514,50,107,0,49,42.1444,0,0,94,0,0,1.66695,0.398172,-2.44199,-1.48788,-0.438867,-1.70779,-6.09241,-5.13795,3.73838,2.47052,-8.57088,-7.61614
latency_outage,volatile_thin,100000,hybrid|lat40ms,40,0,True,"coinbase>=1,000,000",prints+quotes,9100011,10,2.71069,381014,1.98018,8.2,36.5514,hybrid,BTC-USD,sell,1.15682,100000,86444.1,3.37559,97489.8,1.15682,1,1,86636.3,-22.2339,8,80.1779,100222,0,-22.2339,8.01779,-3.15965e-07,-14.2161,1.7565e-08,0.000867425,-14.2161,-36.5514,35,102,0,34,32.501,0,0,95,7,0,-1.34562,-0.197693,-1.34562,-0.197693,-0.508659,0.638988,-0.508659,0.638988,10.4953,11.645,10.4953,11.645
latency_outage,volatile_thin,100000,hybrid|lat5ms,5,0,True,"coinbase>=1,000,000",prints+quotes,9100011,10,2.71069,381014,1.98018,8.2,36.5514,hybrid,BTC-USD,buy,1.15682,100000,86444.1,3.37559,343964,1.15682,1,0.558543,86661.2,25.118,12.417,124.482,55969.9,44281.3,25.118,12.4482,0,37.5663,0,0,37.5663,36.5514,51,113,0,50,42.1038,0,0,99,5,0,1.2635,-0.0399716,-0.0507442,-0.917151,-0.685579,-1.98906,-2.31069,-3.17689,-2.47422,-3.77797,-10.6881,-11.5558
latency_outage,volatile_thin,100000,hybrid|lat5ms,5,0,True,"coinbase>=1,000,000",prints+quotes,9100011,10,2.71069,381014,1.98018,8.2,36.5514,hybrid,BTC-USD,sell,1.15682,100000,86444.1,3.37559,97489.8,1.15682,1,1,86636.4,-22.2496,8,80.178,100222,0,-22.2496,8.0178,-0,-14.2318,0,0,-14.2318,-36.5514,38,105,0,37,32.501,0,0,98,7,0,-1.2361,-0.140595,-1.2361,-0.140595,-0.488172,0.607019,-0.488172,0.607019,10.4217,11.519,10.4217,11.519
latency_outage,volatile_thin,100000,hybrid|outage|cod,40,3,True,"coinbase>=1,000,000",prints+quotes,9100011,10,2.71069,381014,1.98018,8.2,36.5514,hybrid,BTC-USD,buy,1.15682,100000,86444.1,3.37559,343964,1.15682,1,0.261388,86688,28.2153,15.3881,154.315,26192.5,74089.7,28.2153,15.4315,0,43.6469,0,0,43.6469,36.5514,48,106,0,46,42.1242,1.27054,0,93,0,0,1.72956,0.39779,-2.23006,-1.5013,-0.364023,-1.69599,-5.84347,-5.11453,3.82014,2.48925,-8.33768,-7.60845
latency_outage,volatile_thin,100000,hybrid|outage|cod,40,3,True,"coinbase>=1,000,000",prints+quotes,9100011,10,2.71069,381014,1.98018,8.2,36.5514,hybrid,BTC-USD,sell,1.15682,100000,86444.1,3.37559,97489.8,1.15682,1,1,86636.3,-22.2339,8,80.1779,100222,0,-22.2339,8.01779,-3.15965e-07,-14.2161,1.7565e-08,0.000867425,-14.2161,-36.5514,35,102,0,34,32.501,1.27054,0,95,7,0,-1.34562,-0.197693,-1.34562,-0.197693,-0.508659,0.638988,-0.508659,0.638988,10.4953,11.645,10.4953,11.645
latency_outage,volatile_thin,100000,hybrid|outage|no-cod,40,3,False,"coinbase>=1,000,000",prints+quotes,9100011,10,2.71069,381014,1.98018,8.2,36.5514,hybrid,BTC-USD,buy,1.15682,100000,86444.1,3.37559,343964,1.15682,1,0.26261,86687.3,28.1411,15.376,154.192,26314.3,73967.1,28.1411,15.4192,0,43.5603,0,0,43.5603,36.5514,48,107,0,47,42.1548,1.27054,0,94,0,0,1.66768,0.398172,-2.43922,-1.48788,-0.438137,-1.70779,-6.08963,-5.13795,3.73911,2.47052,-8.5681,-7.61614
latency_outage,volatile_thin,100000,hybrid|outage|no-cod,40,3,False,"coinbase>=1,000,000",prints+quotes,9100011,10,2.71069,381014,1.98018,8.2,36.5514,hybrid,BTC-USD,sell,1.15682,100000,86444.1,3.37559,97489.8,1.15682,1,1,86636.3,-22.2339,8,80.1779,100222,0,-22.2339,8.01779,-3.15965e-07,-14.2161,1.7565e-08,0.000867425,-14.2161,-36.5514,35,102,0,34,32.501,1.27054,0,95,7,0,-1.34562,-0.197693,-1.34562,-0.197693,-0.508659,0.638988,-0.508659,0.638988,10.4953,11.645,10.4953,11.645
latency_outage,volatile_thin,100000,hybrid|prints-only,40,0,True,"coinbase>=1,000,000",prints-only,9100011,10,2.71069,381014,1.98018,8.2,36.5514,hybrid,BTC-USD,buy,1.15682,100000,86444.1,3.37559,343964,1.15682,1,0.26261,86687.3,28.1403,15.376,154.192,26314.3,73967.1,28.1403,15.4192,0,43.5596,0,0,43.5596,36.5514,50,107,0,49,42.1444,0,0,94,0,0,1.66695,0.398172,-2.44199,-1.48788,-0.438867,-1.70779,-6.09241,-5.13795,3.73838,2.47052,-8.57088,-7.61614
latency_outage,volatile_thin,100000,hybrid|prints-only,40,0,True,"coinbase>=1,000,000",prints-only,9100011,10,2.71069,381014,1.98018,8.2,36.5514,hybrid,BTC-USD,sell,1.15682,100000,86444.1,3.37559,97489.8,1.15682,1,0.899853,86654.7,-24.3599,9.00177,90.237,90201.5,10042.1,-24.3599,9.0237,-0,-15.3362,0,0,-15.3362,-36.5514,49,124,0,48,42.1285,0,0,121,0,0,-2.64685,-1.16602,-2.99191,-1.17672,-2.99409,-1.51344,-3.551,-1.73599,8.58394,10.0672,10.0445,11.8624
latency_outage,volatile_thin,100000,passive|lat250ms,250,0,True,"coinbase>=1,000,000",prints+quotes,9100011,10,2.71069,381014,1.98018,8.2,36.5514,passive,BTC-USD,buy,1.15682,100000,86444.1,3.37559,343964,1.13142,0.978042,1,86653.7,24.2475,8,78.4331,98041.3,0,23.7151,7.84331,0.802603,32.361,0.0447109,2204.29,32.8025,36.5514,55,103,0,55,59.7163,0,0,95,8,0,0.998025,-0.277313,0.998025,-0.277313,-0.114362,-1.38945,-0.114362,-1.38945,-2.63751,-3.9138,-2.63751,-3.9138
latency_outage,volatile_thin,100000,passive|lat250ms,250,0,True,"coinbase>=1,000,000",prints+quotes,9100011,10,2.71069,381014,1.98018,8.2,36.5514,passive,BTC-USD,sell,1.15682,100000,86444.1,3.37559,97489.8,1.15682,1,1,86610.2,-19.2185,8,80.1537,100192,0,-19.2185,8.01537,-0,-11.2032,0,0,-11.2032,-36.5514,35,75,1,34,37.8,0,0,67,8,0,1.32755,0.205273,1.32755,0.205273,1.16992,0.047928,1.16992,0.047928,6.90334,5.78048,6.90334,5.78048
latency_outage,volatile_thin,100000,passive|lat40ms,40,0,True,"coinbase>=1,000,000",prints+quotes,9100011,10,2.71069,381014,1.98018,8.2,36.5514,passive,BTC-USD,buy,1.15682,100000,86444.1,3.37559,343964,0.535597,0.462992,1,86642,22.8955,8,37.1242,46405.2,0,10.6004,3.71242,19.6284,33.9412,1.32365,53910.3,44.9687,36.5514,68,135,0,68,59.7163,0,0,135,0,0,-1.57879,-0.390918,-1.57879,-0.390918,-4.72868,-3.54046,-4.72868,-3.54046,-2.22551,-1.03768,-2.22551,-1.03768
latency_outage,volatile_thin,100000,passive|lat40ms,40,0,True,"coinbase>=1,000,000",prints+quotes,9100011,10,2.71069,381014,1.98018,8.2,36.5514,passive,BTC-USD,sell,1.15682,100000,86444.1,3.37559,97489.8,1.15682,1,1,86636.3,-22.2339,8,80.1779,100222,0,-22.2339,8.01779,-3.15965e-07,-14.2161,1.7565e-08,0.000867425,-14.2161,-36.5514,35,102,0,34,32.501,0,0,95,7,0,-1.34562,-0.197693,-1.34562,-0.197693,-0.508659,0.638988,-0.508659,0.638988,10.4953,11.645,10.4953,11.645
latency_outage,volatile_thin,100000,passive|lat5ms,5,0,True,"coinbase>=1,000,000",prints+quotes,9100011,10,2.71069,381014,1.98018,8.2,36.5514,passive,BTC-USD,buy,1.15682,100000,86444.1,3.37559,343964,0.885349,0.765332,1,86636.2,22.2196,8,61.3626,76703.2,0,17.0053,6.13626,8.57745,31.7191,0.525367,23557.9,36.4848,36.5514,70,148,0,70,59.7163,0,0,143,5,0,-0.197342,-0.42445,-0.197342,-0.42445,-2.53394,-2.7608,-2.53394,-2.7608,-6.04968,-6.27796,-6.04968,-6.27796
latency_outage,volatile_thin,100000,passive|lat5ms,5,0,True,"coinbase>=1,000,000",prints+quotes,9100011,10,2.71069,381014,1.98018,8.2,36.5514,passive,BTC-USD,sell,1.15682,100000,86444.1,3.37559,97489.8,1.15682,1,1,86636.4,-22.2496,8,80.178,100222,0,-22.2496,8.0178,-0,-14.2318,0,0,-14.2318,-36.5514,38,105,0,37,32.501,0,0,98,7,0,-1.2361,-0.140595,-1.2361,-0.140595,-0.488172,0.607019,-0.488172,0.607019,10.4217,11.519,10.4217,11.519
latency_outage,volatile_thin,100000,passive|outage|cod,40,3,True,"coinbase>=1,000,000",prints+quotes,9100011,10,2.71069,381014,1.98018,8.2,36.5514,passive,BTC-USD,buy,1.15682,100000,86444.1,3.37559,343964,0.53376,0.461404,1,86643.2,23.0329,8,36.9973,46246.6,0,10.6275,3.69973,19.6864,34.0136,1.32808,54069.8,45.0743,36.5514,66,133,0,65,59.7163,1.27054,0,133,0,0,-1.45828,-0.397824,-1.45828,-0.397824,-4.58602,-3.52531,-4.58602,-3.52531,-2.08669,-1.02637,-2.08669,-1.02637
latency_outage,volatile_thin,100000,passive|outage|cod,40,3,True,"coinbase>=1,000,000",prints+quotes,9100011,10,2.71069,381014,1.98018,8.2,36.5514,passive,BTC-USD,sell,1.15682,100000,86444.1,3.37559,97489.8,1.15682,1,1,86636.3,-22.2339,8,80.1779,100222,0,-22.2339,8.01779,-3.15965e-07,-14.2161,1.7565e-08,0.000867425,-14.2161,-36.5514,35,102,0,34,32.501,1.27054,0,95,7,0,-1.34562,-0.197693,-1.34562,-0.197693,-0.508659,0.638988,-0.508659,0.638988,10.4953,11.645,10.4953,11.645
latency_outage,volatile_thin,100000,passive|outage|no-cod,40,3,False,"coinbase>=1,000,000",prints+quotes,9100011,10,2.71069,381014,1.98018,8.2,36.5514,passive,BTC-USD,buy,1.15682,100000,86444.1,3.37559,343964,0.535173,0.462625,1,86642,22.8941,8,37.0948,46368.5,0,10.5914,3.70948,19.6418,33.9426,1.32468,53947.1,44.9778,36.5514,66,134,0,66,59.7163,1.27054,0,134,0,0,-1.57905,-0.393122,-1.57905,-0.393122,-4.72907,-3.5428,-4.72907,-3.5428,-2.234,-1.04812,-2.234,-1.04812
latency_outage,volatile_thin,100000,passive|outage|no-cod,40,3,False,"coinbase>=1,000,000",prints+quotes,9100011,10,2.71069,381014,1.98018,8.2,36.5514,passive,BTC-USD,sell,1.15682,100000,86444.1,3.37559,97489.8,1.15682,1,1,86636.3,-22.2339,8,80.1779,100222,0,-22.2339,8.01779,-3.15965e-07,-14.2161,1.7565e-08,0.000867425,-14.2161,-36.5514,35,102,0,34,32.501,1.27054,0,95,7,0,-1.34562,-0.197693,-1.34562,-0.197693,-0.508659,0.638988,-0.508659,0.638988,10.4953,11.645,10.4953,11.645
latency_outage,volatile_thin,100000,passive|prints-only,40,0,True,"coinbase>=1,000,000",prints-only,9100011,10,2.71069,381014,1.98018,8.2,36.5514,passive,BTC-USD,buy,1.15682,100000,86444.1,3.37559,343964,0.535597,0.462992,1,86642,22.8955,8,37.1242,46405.2,0,10.6004,3.71242,19.6284,33.9412,1.32365,53910.3,44.9687,36.5514,68,135,0,68,59.7163,0,0,135,0,0,-1.57879,-0.390918,-1.57879,-0.390918,-4.72868,-3.54046,-4.72868,-3.54046,-2.22551,-1.03768,-2.22551,-1.03768
latency_outage,volatile_thin,100000,passive|prints-only,40,0,True,"coinbase>=1,000,000",prints-only,9100011,10,2.71069,381014,1.98018,8.2,36.5514,passive,BTC-USD,sell,1.15682,100000,86444.1,3.37559,97489.8,1.07806,0.931923,1,86653.7,-24.2492,8,74.7346,93418.3,0,-22.5984,7.47346,-2.48832,-17.6133,0.144572,6831.16,-16.2391,-36.5514,66,168,0,66,59.7129,0,0,168,0,0,-2.95241,-1.15005,-2.95241,-1.15005,-3.45892,-1.65673,-3.45892,-1.65673,9.25114,11.056,9.25114,11.056
latency_outage,volatile_thin,100000,aggressive|lat250ms,250,0,True,"coinbase>=1,000,000",prints+quotes,9100012,10,2.63365,383500,1.94206,8.38333,-0.243676,aggressive,BTC-USD,buy,1.1576,100000,86385.3,1.63685,202579,1.1576,1,0,86419.8,3.99887,18,180.072,0,100040,3.99887,18.0072,-0,22.0061,0,0,22.0061,-0.243676,1,19,0,0,0.115075,0,0,0,0,0,3.04071,-1.47718,,,6.80316,2.28697,,,4.30199,-0.215326,,
latency_outage,volatile_thin,100000,aggressive|lat250ms,250,0,True,"coinbase>=1,000,000",prints+quotes,9100012,10,2.63365,383500,1.94206,8.38333,-0.243676,aggressive,BTC-USD,sell,1.1576,100000,86385.3,1.63685,367594,1.1576,1,0,86354.5,3.55792,18,179.936,0,99964.4,3.55792,17.9936,-4.67404e-17,21.5515,0,0,21.5515,0.243676,1,21,0,0,0.115075,0,0,0,0,0,4.51644,1.47718,,,0.751152,-2.28697,,,3.25421,0.215326,,
latency_outage,volatile_thin,100000,aggressive|lat40ms,40,0,True,"coinbase>=1,000,000",prints+quotes,9100012,10,2.63365,383500,1.94206,8.38333,-0.243676,aggressive,BTC-USD,buy,1.1576,100000,86385.3,1.63685,202579,1.1576,1,0,86425.3,4.63704,18,180.083,0,100046,4.63704,18.0083,-0,22.6454,0,0,22.6454,-0.243676,1,22,0,0,0.018412,0,0,0,0,0,3.67832,-0.95676,,,6.80182,2.16819,,,4.93952,0.305029,,
latency_outage,volatile_thin,100000,aggressive|lat40ms,40,0,True,"coinbase>=1,000,000",prints+quotes,9100012,10,2.63365,383500,1.94206,8.38333,-0.243676,aggressive,BTC-USD,sell,1.1576,100000,86385.3,1.63685,367594,1.1576,1,0,86360.5,2.8702,18,179.948,0,99971.3,2.8702,17.9948,-4.67404e-17,20.865,0,0,20.865,0.243676,1,21,0,0,0.018412,0,0,0,0,0,3.82821,0.95676,,,0.702364,-2.16819,,,2.56606,-0.305029,,
latency_outage,volatile_thin,100000,aggressive|lat5ms,5,0,True,"coinbase>=1,000,000",prints+quotes,9100012,10,2.63365,383500,1.94206,8.38333,-0.243676,aggressive,BTC-USD,buy,1.1576,100000,86385.3,1.63685,202579,1.1576,1,0,86425.3,4.63704,18,180.083,0,100046,4.63704,18.0083,-0,22.6454,0,0,22.6454,-0.243676,1,22,0,0,0.0023015,0,0,0,0,0,3.67832,-0.95676,,,6.80182,2.16819,,,4.93952,0.305029,,
latency_outage,volatile_thin,100000,aggressive|lat5ms,5,0,True,"coinbase>=1,000,000",prints+quotes,9100012,10,2.63365,383500,1.94206,8.38333,-0.243676,aggressive,BTC-USD,sell,1.1576,100000,86385.3,1.63685,367594,1.1576,1,0,86360.5,2.8702,18,179.948,0,99971.3,2.8702,17.9948,-4.67404e-17,20.865,0,0,20.865,0.243676,1,21,0,0,0.0023015,0,0,0,0,0,3.82821,0.95676,,,0.702364,-2.16819,,,2.56606,-0.305029,,
latency_outage,volatile_thin,100000,aggressive|outage|cod,40,3,True,"coinbase>=1,000,000",prints+quotes,9100012,10,2.63365,383500,1.94206,8.38333,-0.243676,aggressive,BTC-USD,buy,1.1576,100000,86385.3,1.63685,202579,1.1576,1,0,86425.3,4.63704,18,180.083,0,100046,4.63704,18.0083,-0,22.6454,0,0,22.6454,-0.243676,1,22,0,0,0.018412,5.32789,0,0,0,0,3.67832,-0.95676,,,6.80182,2.16819,,,4.93952,0.305029,,
latency_outage,volatile_thin,100000,aggressive|outage|cod,40,3,True,"coinbase>=1,000,000",prints+quotes,9100012,10,2.63365,383500,1.94206,8.38333,-0.243676,aggressive,BTC-USD,sell,1.1576,100000,86385.3,1.63685,367594,1.1576,1,0,86360.5,2.8702,18,179.948,0,99971.3,2.8702,17.9948,-4.67404e-17,20.865,0,0,20.865,0.243676,1,21,0,0,0.018412,5.32789,0,0,0,0,3.82821,0.95676,,,0.702364,-2.16819,,,2.56606,-0.305029,,
latency_outage,volatile_thin,100000,aggressive|outage|no-cod,40,3,False,"coinbase>=1,000,000",prints+quotes,9100012,10,2.63365,383500,1.94206,8.38333,-0.243676,aggressive,BTC-USD,buy,1.1576,100000,86385.3,1.63685,202579,1.1576,1,0,86425.3,4.63704,18,180.083,0,100046,4.63704,18.0083,-0,22.6454,0,0,22.6454,-0.243676,1,22,0,0,0.018412,5.32789,0,0,0,0,3.67832,-0.95676,,,6.80182,2.16819,,,4.93952,0.305029,,
latency_outage,volatile_thin,100000,aggressive|outage|no-cod,40,3,False,"coinbase>=1,000,000",prints+quotes,9100012,10,2.63365,383500,1.94206,8.38333,-0.243676,aggressive,BTC-USD,sell,1.1576,100000,86385.3,1.63685,367594,1.1576,1,0,86360.5,2.8702,18,179.948,0,99971.3,2.8702,17.9948,-4.67404e-17,20.865,0,0,20.865,0.243676,1,21,0,0,0.018412,5.32789,0,0,0,0,3.82821,0.95676,,,0.702364,-2.16819,,,2.56606,-0.305029,,
latency_outage,volatile_thin,100000,aggressive|prints-only,40,0,True,"coinbase>=1,000,000",prints-only,9100012,10,2.63365,383500,1.94206,8.38333,-0.243676,aggressive,BTC-USD,buy,1.1576,100000,86385.3,1.63685,202579,1.1576,1,0,86425.3,4.63704,18,180.083,0,100046,4.63704,18.0083,-0,22.6454,0,0,22.6454,-0.243676,1,22,0,0,0.018412,0,0,0,0,0,3.67832,-0.95676,,,6.80182,2.16819,,,4.93952,0.305029,,
latency_outage,volatile_thin,100000,aggressive|prints-only,40,0,True,"coinbase>=1,000,000",prints-only,9100012,10,2.63365,383500,1.94206,8.38333,-0.243676,aggressive,BTC-USD,sell,1.1576,100000,86385.3,1.63685,367594,1.1576,1,0,86360.5,2.8702,18,179.948,0,99971.3,2.8702,17.9948,-4.67404e-17,20.865,0,0,20.865,0.243676,1,21,0,0,0.018412,0,0,0,0,0,3.82821,0.95676,,,0.702364,-2.16819,,,2.56606,-0.305029,,
latency_outage,volatile_thin,100000,hybrid|lat250ms,250,0,True,"coinbase>=1,000,000",prints+quotes,9100012,10,2.63365,383500,1.94206,8.38333,-0.243676,hybrid,BTC-USD,buy,1.1576,100000,86385.3,1.63685,202579,1.1576,1,1,86371,-1.65194,8,79.9868,99983.5,0,-1.65194,7.99868,-0,6.34674,0,0,6.34674,-0.243676,28,99,1,27,36.7,0,0,93,6,0,3.84964,3.8559,3.84964,3.8559,2.07969,2.08646,2.07969,2.08646,-3.54857,-3.54242,-3.54857,-3.54242
latency_outage,volatile_thin,100000,hybrid|lat250ms,250,0,True,"coinbase>=1,000,000",prints+quotes,9100012,10,2.63365,383500,1.94206,8.38333,-0.243676,hybrid,BTC-USD,sell,1.1576,100000,86385.3,1.63685,367594,1.1576,1,0.585419,86408.7,-2.7124,12.1455,121.488,58560.4,41466.7,-2.7124,12.1488,4.67404e-17,9.43644,0,0,9.43644,0.243676,39,88,1,37,42.7924,0,0,67,8,0,1.42466,-0.153723,0.427335,-0.859151,1.36359,-0.214788,1.05248,-0.234144,-4.6199,-6.19697,-5.07398,-6.35919
latency_outage,volatile_thin,100000,hybrid|lat40ms,40,0,True,"coinbase>=1,000,000",prints+quotes,9100012,10,2.63365,383500,1.94206,8.38333,-0.243676,hybrid,BTC-USD,buy,1.1576,100000,86385.3,1.63685,202579,1.1576,1,0.803531,86371.1,-1.64461,9.96618,99.6454,80325,19658.6,-1.64461,9.96454,-0,8.31993,0,0,8.31993,-0.243676,44,112,0,43,42.147,0,0,107,1,0,4.2991,3.69836,4.88747,4.6721,2.11739,1.51653,2.17133,1.95581,-2.91413,-3.5151,-5.6519,-5.86789
latency_outage,volatile_thin,100000,hybrid|lat40ms,40,0,True,"coinbase>=1,000,000",prints+quotes,9100012,10,2.63365,383500,1.94206,8.38333,-0.243676,hybrid,BTC-USD,sell,1.1576,100000,86385.3,1.63685,367594,1.1576,1,1,86371.5,1.59335,8,79.9873,99984.1,0,1.59335,7.99873,0,9.59207,0,0,9.59207,0.243676,37,101,0,36,35.5,0,0,96,5,0,0.667376,0.19059,0.667376,0.19059,0.839777,0.362309,0.839777,0.362309,2.38727,1.91049,2.38727,1.91049
latency_outage,volatile_thin,100000,hybrid|lat5ms,5,0,True,"coinbase>=1,000,000",prints+quotes,9100012,10,2.63365,383500,1.94206,8.38333,-0.243676,hybrid,BTC-USD,buy,1.1576,100000,86385.3,1.63685,202579,1.1576,1,0.818351,86369.7,-1.79819,9.8179,98.1613,81806.3,18175.7,-1.79819,9.81613,-0,8.01794,0,0,8.01794,-0.243676,44,116,0,43,42.0216,0,0,112,1,0,4.27748,3.73011,4.81078,4.62113,2.20335,1.65585,2.27536,2.08556,-3.21796,-3.76557,-5.73206,-5.92229
latency_outage,volatile_thin,100000,hybrid|lat5ms,5,0,True,"coinbase>=1,000,000",prints+quotes,9100012,10,2.63365,383500,1.94206,8.38333,-0.243676,hybrid,BTC-USD,sell,1.1576,100000,86385.3,1.63685,367594,1.1576,1,1,86383,0.26849,8,79.9979,99997.3,0,0.26849,7.99979,0,8.26828,0,0,8.26828,0.243676,36,99,0,35,35.6,0,0,95,4,0,0.541437,0.164586,0.541437,0.164586,0.313851,-0.0634801,0.313851,-0.0634801,0.625856,0.249419,0.625856,0.249419
latency_outage,volatile_thin,100000,hybrid|outage|cod,40,3,True,"coinbase>=1,000,000",prints+quotes,9100012,10,2.63365,383500,1.94206,8.38333,-0.243676,hybrid,BTC-USD,buy,1.1576,100000,86385.3,1.63685,202579,1.1576,1,0.795621,86371.4,-1.60202,10.0453,100.437,79533.8,20450.2,-1.60202,10.0437,-0,8.44172,0,0,8.44172,-0.243676,42,109,0,40,42.1352,5.32789,0,104,1,0,4.37516,3.74411,5.00423,4.77888,2.18556,1.5544,2.25113,2.02562,-2.86747,-3.49872,-5.7404,-5.96637
latency_outage,volatile_thin,100000,hybrid|outage|cod,40,3,True,"coinbase>=1,000,000",prints+quotes,9100012,10,2.63365,383500,1.94206,8.38333,-0.243676,hybrid,BTC-USD,sell,1.1576,100000,86385.3,1.63685,367594,1.1576,1,0.942824,86373.5,1.36787,8.57197,85.708,94267.4,5718.91,1.36787,8.5708,0,9.93867,0,0,9.93867,0.243676,42,108,0,40,42.1352,5.32789,0,102,4,0,0.27948,0.184318,0.184143,0.178268,0.186277,0.0903955,0.0855326,0.0788951,2.52463,2.42911,2.95311,2.94681
latency_outage,volatile_thin,100000,hybrid|outage|no-cod,40,3,False,"coinbase>=1,000,000",prints+quotes,9100012,10,2.63365,383500,1.94206,8.38333,-0.243676,hybrid,BTC-USD,buy,1.1576,100000,86385.3,1.63685,202579,1.1576,1,0.817536,86371.5,-1.59591,9.826,98.2444,81726.9,18257.1,-1.59591,9.82444,-0,8.22853,0,0,8.22853,-0.243676,42,109,0,41,42.1331,5.32789,0,103,2,0,4.34648,3.74158,4.90897,4.64006,2.18596,1.58094,2.26534,1.99629,-2.90741,-3.51254,-5.39014,-5.65962
latency_outage,volatile_thin,100000,hybrid|outage|no-cod,40,3,False,"coinbase>=1,000,000",prints+quotes,9100012,10,2.63365,383500,1.94206,8.38333,-0.243676,hybrid,BTC-USD,sell,1.1576,100000,86385.3,1.63685,367594,1.1576,1,1,86370.9,1.66889,8,79.9866,99983.3,0,1.66889,7.99866,0,9.66756,0,0,9.66756,0.243676,34,95,0,33,35.5,5.32789,0,90,5,0,0.743581,0.168995,0.743581,0.168995,0.912813,0.337544,0.912813,0.337544,2.45347,1.879,2.45347,1.879
latency_outage,volatile_thin,100000,hybrid|prints-only,40,0,True,"coinbase>=1,000,000",prints-only,9100012,10,2.63365,383500,1.94206,8.38333,-0.243676,hybrid,BTC-USD,buy,1.1576,100000,86385.3,1.63685,202579,1.1576,1,0.636453,86388.9,0.424749,11.6377,116.382,63625.9,36378.3,0.424749,11.6382,-0,12.0629,0,0,12.0629,-0.243676,44,115,0,43,42.147,0,0,107,0,0,3.85092,3.46001,4.65969,5.59866,2.25769,1.86692,2.15407,3.09328,0.0844614,-0.305224,-4.90815,-3.96824
latency_outage,volatile_thin,100000,hybrid|prints-only,40,0,True,"coinbase>=1,000,000",prints-only,9100012,10,2.63365,383500,1.94206,8.38333,-0.243676,hybrid,BTC-USD,sell,1.1576,100000,86385.3,1.63685,367594,1.1576,1,0.588339,86405.2,-2.30732,12.1164,121.192,58849.4,41173.7,-2.30732,12.1192,0,9.8119,0,0,9.8119,0.243676,45,126,0,44,42.1305,0,0,116,0,0,0.272153,0.40772,-1.09216,0.494229,-1.30922,-1.17398,-3.77718,-2.19136,-1.87255,-1.73641,-0.264437,1.32207
latency_outage,volatile_thin,100000,passive|lat250ms,250,0,True,"coinbase>=1,000,000",prints+quotes,9100012,10,2.63365,383500,1.94206,8.38333,-0.243676,passive,BTC-USD,buy,1.1576,100000,86385.3,1.63685,202579,1.1576,1,1,86371,-1.65194,8,79.9868,99983.5,0,-1.65194,7.99868,-0,6.34674,0,0,6.34674,-0.243676,28,99,1,27,36.7,0,0,93,6,0,3.84964,3.8559,3.84964,3.8559,2.07969,2.08646,2.07969,2.08646,-3.54857,-3.54242,-3.54857,-3.54242
latency_outage,volatile_thin,100000,passive|lat250ms,250,0,True,"coinbase>=1,000,000",prints+quotes,9100012,10,2.63365,383500,1.94206,8.38333,-0.243676,passive,BTC-USD,sell,1.1576,100000,86385.3,1.63685,367594,0.79702,0.688508,1,86410.9,-2.96751,8,55.097,68871.2,0,-2.04315,5.5097,0.075903,3.54245,0.648526,31141.9,9.79652,0.243676,51,107,1,50,59.5143,0,0,99,8,0,0.128312,-0.727617,0.128312,-0.727617,0.416031,-0.440058,0.416031,-0.440058,-4.00687,-4.86161,-4.00687,-4.86161
latency_outage,volatile_thin,100000,passive|lat40ms,40,0,True,"coinbase>=1,000,000",prints+quotes,9100012,10,2.63365,383500,1.94206,8.38333,-0.243676,passive,BTC-USD,buy,1.1576,100000,86385.3,1.63685,202579,1.00469,0.867907,1,86357.1,-3.26555,8,69.4099,86762.3,0,-2.83419,6.94099,-0.0321879,4.07461,0.231639,13211.3,6.68428,-0.243676,63,156,0,63,59.6135,0,0,155,1,0,4.43577,4.34741,4.43577,4.34741,2.02988,1.94137,2.02988,1.94137,-5.40458,-5.4935,-5.40458,-5.4935
latency_outage,volatile_thin,100000,passive|lat40ms,40,0,True,"coinbase>=1,000,000",prints+quotes,9100012,10,2.63365,383500,1.94206,8.38333,-0.243676,passive,BTC-USD,sell,1.1576,100000,86385.3,1.63685,367594,1.1576,1,1,86371.5,1.59335,8,79.9873,99984.1,0,1.59335,7.99873,0,9.59207,0,0,9.59207,0.243676,37,101,0,36,35.5,0,0,96,5,0,0.667376,0.19059,0.667376,0.19059,0.839777,0.362309,0.839777,0.362309,2.38727,1.91049,2.38727,1.91049
latency_outage,volatile_thin,100000,passive|lat5ms,5,0,True,"coinbase>=1,000,000",prints+quotes,9100012,10,2.63365,383500,1.94206,8.38333,-0.243676,passive,BTC-USD,buy,1.1576,100000,86385.3,1.63685,202579,1.03435,0.89353,1,86357.2,-3.25567,8,71.4591,89323.9,0,-2.90904,7.14591,-0.0259442,4.21093,0.181257,10648.6,6.30893,-0.243676,63,168,0,63,59.6135,0,0,167,1,0,4.28861,4.23657,4.28861,4.23657,2.08854,2.03633,2.08854,2.03633,-5.41597,-5.46854,-5.41597,-5.46854
latency_outage,volatile_thin,100000,passive|lat5ms,5,0,True,"coinbase>=1,000,000",prints+quotes,9100012,10,2.63365,383500,1.94206,8.38333,-0.243676,passive,BTC-USD,sell,1.1576,100000,86385.3,1.63685,367594,1.1576,1,1,86383,0.26849,8,79.9979,99997.3,0,0.26849,7.99979,0,8.26828,0,0,8.26828,0.243676,36,99,0,35,35.6,0,0,95,4,0,0.541437,0.164586,0.541437,0.164586,0.313851,-0.0634801,0.313851,-0.0634801,0.625856,0.249419,0.625856,0.249419
latency_outage,volatile_thin,100000,passive|outage|cod,40,3,True,"coinbase>=1,000,000",prints+quotes,9100012,10,2.63365,383500,1.94206,8.38333,-0.243676,passive,BTC-USD,buy,1.1576,100000,86385.3,1.63685,202579,0.995297,0.85979,1,86356.7,-3.31086,8,68.7604,85950.5,0,-2.84664,6.87604,-0.0341658,3.99523,0.249966,14023.2,6.76937,-0.243676,61,153,0,60,59.6135,5.32789,0,152,1,0,4.54076,4.44416,4.54076,4.44416,2.10293,2.00617,2.10293,2.00617,-5.48729,-5.58444,-5.48729,-5.58444
latency_outage,volatile_thin,100000,passive|outage|cod,40,3,True,"coinbase>=1,000,000",prints+quotes,9100012,10,2.63365,383500,1.94206,8.38333,-0.243676,passive,BTC-USD,sell,1.1576,100000,86385.3,1.63685,367594,1.1576,1,1,86373.9,1.31861,8,79.9895,99986.8,0,1.31861,7.99895,0,9.31755,0,0,9.31755,0.243676,60,149,0,58,59.4128,5.32789,0,145,4,0,0.0932243,0.138571,0.0932243,0.138571,-0.0860363,-0.0414112,-0.0860363,-0.0414112,2.70733,2.75228,2.70733,2.75228
latency_outage,volatile_thin,100000,passive|outage|no-cod,40,3,False,"coinbase>=1,000,000",prints+quotes,9100012,10,2.63365,383500,1.94206,8.38333,-0.243676,passive,BTC-USD,buy,1.1576,100000,86385.3,1.63685,202579,1.02058,0.881627,1,86358.9,-3.05239,8,70.5086,88135.8,0,-2.69107,7.05086,-0.0288447,4.33095,0.204219,11839.1,6.6662,-0.243676,61,153,0,61,59.6135,5.32789,0,151,2,0,4.46438,4.32402,4.46438,4.32402,2.11981,1.9793,2.11981,1.9793,-5.16865,-5.30951,-5.16865,-5.30951
latency_outage,volatile_thin,100000,passive|outage|no-cod,40,3,False,"coinbase>=1,000,000",prints+quotes,9100012,10,2.63365,383500,1.94206,8.38333,-0.243676,passive,BTC-USD,sell,1.1576,100000,86385.3,1.63685,367594,1.1576,1,1,86370.9,1.66889,8,79.9866,99983.3,0,1.66889,7.99866,0,9.66756,0,0,9.66756,0.243676,34,95,0,33,35.5,5.32789,0,90,5,0,0.743581,0.168995,0.743581,0.168995,0.912813,0.337544,0.912813,0.337544,2.45347,1.879,2.45347,1.879
latency_outage,volatile_thin,100000,passive|prints-only,40,0,True,"coinbase>=1,000,000",prints-only,9100012,10,2.63365,383500,1.94206,8.38333,-0.243676,passive,BTC-USD,buy,1.1576,100000,86385.3,1.63685,202579,0.811283,0.700829,1,86361.1,-2.79334,8,56.0506,70063.3,0,-1.95766,5.60506,-0.0729008,3.57451,0.646185,29922.9,9.60681,-0.243676,63,155,0,63,59.6135,0,0,155,0,0,4.12122,5.11146,4.12122,5.11146,1.98049,2.97091,1.98049,2.97091,-4.6702,-3.67908,-4.6702,-3.67908
latency_outage,volatile_thin,100000,passive|prints-only,40,0,True,"coinbase>=1,000,000",prints-only,9100012,10,2.63365,383500,1.94206,8.38333,-0.243676,passive,BTC-USD,sell,1.1576,100000,86385.3,1.63685,367594,0.83319,0.719753,1,86407.4,-2.56057,8,57.595,71993.8,0,-1.84298,5.7595,0.0682893,3.98481,0.572389,28018.3,9.60048,0.243676,63,162,0,63,59.5143,0,0,162,0,0,-1.19142,0.366773,-1.19142,0.366773,-3.67722,-2.11953,-3.67722,-2.11953,-0.00557637,1.55281,-0.00557637,1.55281
latency_outage,volatile_thin,100000,aggressive|lat250ms,250,0,True,"coinbase>=1,000,000",prints+quotes,9100013,10,2.5891,398455,2.19979,8.15,22.6318,aggressive,BTC-USD,buy,1.15823,100000,86338.6,2.95117,435691,1.15823,1,0,86362.1,2.72136,18,180.049,0,100027,2.72136,18.0049,0,20.7263,0,0,20.7263,22.6318,1,14,0,0,0.446859,0,0,0,0,0,4.23802,1.51786,,,8.00414,5.28501,,,2.43977,-0.280871,,
latency_outage,volatile_thin,100000,aggressive|lat250ms,250,0,True,"coinbase>=1,000,000",prints+quotes,9100013,10,2.5891,398455,2.19979,8.15,22.6318,aggressive,BTC-USD,sell,1.15823,100000,86338.6,2.95117,373731,1.15823,1,0,86314.4,2.79989,18,179.95,0,99972,2.79989,17.995,4.33875e-15,20.7948,0,0,20.7948,-22.6318,1,25,0,0,0.446859,0,0,0,0,0,1.28243,-1.51786,,,-2.48577,-5.28501,,,3.08167,0.280871,,
latency_outage,volatile_thin,100000,aggressive|lat40ms,40,0,True,"coinbase>=1,000,000",prints+quotes,9100013,10,2.5891,398455,2.19979,8.15,22.6318,aggressive,BTC-USD,buy,1.15823,100000,86338.6,2.95117,435691,1.15823,1,0,86365.5,3.12215,18,180.056,0,100031,3.12215,18.0056,-4.33875e-15,21.1278,0,0,21.1278,22.6318,1,14,0,0,0.0714974,0,0,0,0,0,3.99705,0.876201,,,-0.256385,-3.37856,,,2.7095,-0.411751,,
latency_outage,volatile_thin,100000,aggressive|lat40ms,40,0,True,"coinbase>=1,000,000",prints+quotes,9100013,10,2.5891,398455,2.19979,8.15,22.6318,aggressive,BTC-USD,sell,1.15823,100000,86338.6,2.95117,373731,1.15823,1,0,86312.8,2.98432,18,179.946,0,99970.2,2.98432,17.9946,-0,20.979,0,0,20.979,-22.6318,1,26,0,0,0.0714974,0,0,0,0,0,2.10883,-0.876201,,,6.36486,3.37856,,,3.39716,0.411751,,
latency_outage,volatile_thin,100000,aggressive|lat5ms,5,0,True,"coinbase>=1,000,000",prints+quotes,9100013,10,2.5891,398455,2.19979,8.15,22.6318,aggressive,BTC-USD,buy,1.15823,100000,86338.6,2.95117,435691,1.15823,1,0,86365.5,3.12215,18,180.056,0,100031,3.12215,18.0056,-4.33875e-15,21.1278,0,0,21.1278,22.6318,1,14,0,0,0.00893717,0,0,0,0,0,3.99705,0.876201,,,-0.256385,-3.37856,,,2.7095,-0.411751,,
latency_outage,volatile_thin,100000,aggressive|lat5ms,5,0,True,"coinbase>=1,000,000",prints+quotes,9100013,10,2.5891,398455,2.19979,8.15,22.6318,aggressive,BTC-USD,sell,1.15823,100000,86338.6,2.95117,373731,1.15823,1,0,86312.8,2.98432,18,179.946,0,99970.2,2.98432,17.9946,-0,20.979,0,0,20.979,-22.6318,1,26,0,0,0.00893717,0,0,0,0,0,2.10883,-0.876201,,,6.36486,3.37856,,,3.39716,0.411751,,
latency_outage,volatile_thin,100000,aggressive|outage|cod,40,3,True,"coinbase>=1,000,000",prints+quotes,9100013,10,2.5891,398455,2.19979,8.15,22.6318,aggressive,BTC-USD,buy,1.15823,100000,86338.6,2.95117,435691,1.15823,1,0,86365.5,3.12215,18,180.056,0,100031,3.12215,18.0056,-4.33875e-15,21.1278,0,0,21.1278,22.6318,1,14,0,0,0.0714974,9.52276,0,0,0,0,3.99705,0.876201,,,-0.256385,-3.37856,,,2.7095,-0.411751,,
latency_outage,volatile_thin,100000,aggressive|outage|cod,40,3,True,"coinbase>=1,000,000",prints+quotes,9100013,10,2.5891,398455,2.19979,8.15,22.6318,aggressive,BTC-USD,sell,1.15823,100000,86338.6,2.95117,373731,1.15823,1,0,86312.8,2.98432,18,179.946,0,99970.2,2.98432,17.9946,-0,20.979,0,0,20.979,-22.6318,1,26,0,0,0.0714974,9.52276,0,0,0,0,2.10883,-0.876201,,,6.36486,3.37856,,,3.39716,0.411751,,
latency_outage,volatile_thin,100000,aggressive|outage|no-cod,40,3,False,"coinbase>=1,000,000",prints+quotes,9100013,10,2.5891,398455,2.19979,8.15,22.6318,aggressive,BTC-USD,buy,1.15823,100000,86338.6,2.95117,435691,1.15823,1,0,86365.5,3.12215,18,180.056,0,100031,3.12215,18.0056,-4.33875e-15,21.1278,0,0,21.1278,22.6318,1,14,0,0,0.0714974,9.52276,0,0,0,0,3.99705,0.876201,,,-0.256385,-3.37856,,,2.7095,-0.411751,,
latency_outage,volatile_thin,100000,aggressive|outage|no-cod,40,3,False,"coinbase>=1,000,000",prints+quotes,9100013,10,2.5891,398455,2.19979,8.15,22.6318,aggressive,BTC-USD,sell,1.15823,100000,86338.6,2.95117,373731,1.15823,1,0,86312.8,2.98432,18,179.946,0,99970.2,2.98432,17.9946,-0,20.979,0,0,20.979,-22.6318,1,26,0,0,0.0714974,9.52276,0,0,0,0,2.10883,-0.876201,,,6.36486,3.37856,,,3.39716,0.411751,,
latency_outage,volatile_thin,100000,aggressive|prints-only,40,0,True,"coinbase>=1,000,000",prints-only,9100013,10,2.5891,398455,2.19979,8.15,22.6318,aggressive,BTC-USD,buy,1.15823,100000,86338.6,2.95117,435691,1.15823,1,0,86365.5,3.12215,18,180.056,0,100031,3.12215,18.0056,-4.33875e-15,21.1278,0,0,21.1278,22.6318,1,14,0,0,0.0714974,0,0,0,0,0,3.99705,0.876201,,,-0.256385,-3.37856,,,2.7095,-0.411751,,
latency_outage,volatile_thin,100000,aggressive|prints-only,40,0,True,"coinbase>=1,000,000",prints-only,9100013,10,2.5891,398455,2.19979,8.15,22.6318,aggressive,BTC-USD,sell,1.15823,100000,86338.6,2.95117,373731,1.15823,1,0,86312.8,2.98432,18,179.946,0,99970.2,2.98432,17.9946,-0,20.979,0,0,20.979,-22.6318,1,26,0,0,0.0714974,0,0,0,0,0,2.10883,-0.876201,,,6.36486,3.37856,,,3.39716,0.411751,,
latency_outage,volatile_thin,100000,hybrid|lat250ms,250,0,True,"coinbase>=1,000,000",prints+quotes,9100013,10,2.5891,398455,2.19979,8.15,22.6318,hybrid,BTC-USD,buy,1.15823,100000,86338.6,2.95117,435691,1.15823,1,1,86344.8,0.717134,8,80.0057,100007,0,0.717134,8.00057,0,8.71771,0,0,8.71771,22.6318,5,21,0,5,5.6,0,0,18,3,0,4.29018,-0.998416,4.29018,-0.998416,1.51319,-3.77925,1.51319,-3.77925,4.59725,-0.69025,4.59725,-0.69025
latency_outage,volatile_thin,100000,hybrid|lat250ms,250,0,True,"coinbase>=1,000,000",prints+quotes,9100013,10,2.5891,398455,2.19979,8.15,22.6318,hybrid,BTC-USD,sell,1.15823,100000,86338.6,2.95117,373731,1.15823,1,1,86339,-0.0445007,8,80.0004,100000,0,-0.0445007,8.00004,-1.954e-07,7.95553,8.28e-09,0.000865257,7.95553,-22.6318,19,57,0,18,22.0087,0,0,51,6,0,0.165966,-1.49583,0.165966,-1.49583,0.271267,-1.39044,0.271267,-1.39044,-0.144189,-1.80494,-0.144189,-1.80494
latency_outage,volatile_thin,100000,hybrid|lat40ms,40,0,True,"coinbase>=1,000,000",prints+quotes,9100013,10,2.5891,398455,2.19979,8.15,22.6318,hybrid,BTC-USD,buy,1.15823,100000,86338.6,2.95117,435691,1.15823,1,0.915364,86333.8,-0.559825,8.84651,88.4602,91529.7,8464.66,-0.559825,8.84602,1.954e-07,8.28619,8.28e-09,0.000865423,8.28619,22.6318,52,125,0,51,42.131,0,0,123,1,0,0.627875,-0.06855,0.834181,0.192951,1.46564,0.768364,1.97882,1.33669,-2.82547,-3.5216,-2.89548,-3.53638
latency_outage,volatile_thin,100000,hybrid|lat40ms,40,0,True,"coinbase>=1,000,000",prints+quotes,9100013,10,2.5891,398455,2.19979,8.15,22.6318,hybrid,BTC-USD,sell,1.15823,100000,86338.6,2.95117,373731,1.15823,1,0.483074,86324,1.69352,13.1679,131.656,48313.2,51669.8,1.69352,13.1656,-1.954e-07,14.8591,8.28e-09,0.000865257,14.8591,-22.6318,50,144,0,49,42.1666,0,0,130,0,0,3.10942,1.42781,-1.30617,-0.144059,4.38619,2.70401,-1.31974,-0.15765,5.75406,4.07263,3.67059,4.83328
latency_outage,volatile_thin,100000,hybrid|lat5ms,5,0,True,"coinbase>=1,000,000",prints+quotes,9100013,10,2.5891,398455,2.19979,8.15,22.6318,hybrid,BTC-USD,buy,1.15823,100000,86338.6,2.95117,435691,1.15823,1,1,86335.4,-0.37371,8,79.997,99996.3,0,-0.37371,7.9997,1.954e-07,7.62599,8.28e-09,0.000865423,7.62599,22.6318,41,118,0,40,35.8105,0,0,114,4,0,1.44653,0.623278,1.44653,0.623278,2.87512,2.05106,2.87512,2.05106,-3.44388,-4.26721,-3.44388,-4.26721
latency_outage,volatile_thin,100000,hybrid|lat5ms,5,0,True,"coinbase>=1,000,000",prints+quotes,9100013,10,2.5891,398455,2.19979,8.15,22.6318,hybrid,BTC-USD,sell,1.15823,100000,86338.6,2.95117,373731,1.15823,1,0.535806,86328.3,1.189,12.6406,126.391,53587.7,46400.4,1.189,12.6391,-0,13.8281,0,0,13.8281,-22.6318,52,151,0,51,42.0111,0,0,133,5,0,1.8685,0.381881,-2.52973,-1.79687,3.77903,2.29181,-1.11475,-0.382146,4.41717,2.93072,1.69394,2.42732
latency_outage,volatile_thin,100000,hybrid|outage|cod,40,3,True,"coinbase>=1,000,000",prints+quotes,9100013,10,2.5891,398455,2.19979,8.15,22.6318,hybrid,BTC-USD,buy,1.15823,100000,86338.6,2.95117,435691,1.15823,1,0.731845,86339.5,0.102048,10.6819,106.82,73182.2,26818.8,0.102048,10.682,1.954e-07,10.784,8.28e-09,0.000865423,10.784,22.6318,44,92,0,41,42.1235,9.52276,0,90,1,0,0.72608,-0.393411,1.57961,0.523837,0.980473,-0.139891,2.83635,1.7795,-1.07875,-2.19809,-0.716154,-1.77171
latency_outage,volatile_thin,100000,hybrid|outage|cod,40,3,True,"coinbase>=1,000,000",prints+quotes,9100013,10,2.5891,398455,2.19979,8.15,22.6318,hybrid,BTC-USD,sell,1.15823,100000,86338.6,2.95117,373731,1.15823,1,0.450176,86321.4,1.98725,13.4969,134.942,45022.4,54957.8,1.98725,13.4942,-1.954e-07,15.4814,8.28e-09,0.000865257,15.4814,-22.6318,42,116,0,39,42.1669,9.52276,0,102,0,0,3.36812,1.50194,-1.4471,-0.201622,4.58846,2.72166,-1.76845,-0.523013,5.93983,4.07383,3.69735,4.94348
latency_outage,volatile_thin,100000,hybrid|outage|no-cod,40,3,False,"coinbase>=1,000,000",prints+quotes,9100013,10,2.5891,398455,2.19979,8.15,22.6318,hybrid,BTC-USD,buy,1.15823,100000,86338.6,2.95117,435691,1.15823,1,0.994284,86324.4,-1.64625,8.05718,80.5585,99411.9,571.672,-1.64625,8.05585,1.954e-07,6.4096,8.28e-09,0.000865423,6.4096,22.6318,44,113,0,43,42.1595,9.52276,0,107,5,0,1.09339,-0.0696977,1.1089,-0.0534453,1.38375,0.219787,1.41519,0.251969,-4.61169,-5.77521,-4.62631,-5.78908
latency_outage,volatile_thin,100000,hybrid|outage|no-cod,40,3,False,"coinbase>=1,000,000",prints+quotes,9100013,10,2.5891,398455,2.19979,8.15,22.6318,hybrid,BTC-USD,sell,1.15823,100000,86338.6,2.95117,373731,1.15823,1,1,86343.1,-0.522184,8,80.0042,100005,0,-0.522184,8.00042,-0,7.47823,0,0,7.47823,-22.6318,20,116,0,19,24.1,9.52276,0,95,21,0,0.736464,0.401665,0.736464,0.401665,2.13044,1.79542,2.13044,1.79542,5.74288,5.40785,5.74288,5.40785
latency_outage,volatile_thin,100000,hybrid|prints-only,40,0,True,"coinbase>=1,000,000",prints-only,9100013,10,2.5891,398455,2.19979,8.15,22.6318,hybrid,BTC-USD,buy,1.15823,100000,86338.6,2.95117,435691,1.15823,1,0.779996,86332.7,-0.685255,10.2005,101.998,77990,22003.1,-0.685255,10.1998,0,9.51451,0,0,9.51451,22.6318,52,124,0,51,42.131,0,0,123,0,0,-0.551481,-0.415656,-0.254786,0.284158,0.952451,1.08813,2.37319,2.91204,-4.30565,-4.16971,-4.9367,-4.39759
latency_outage,volatile_thin,100000,hybrid|prints-only,40,0,True,"coinbase>=1,000,000",prints-only,9100013,10,2.5891,398455,2.19979,8.15,22.6318,hybrid,BTC-USD,sell,1.15823,100000,86338.6,2.95117,373731,1.15823,1,0.483074,86324,1.69352,13.1679,131.656,48313.2,51669.8,1.69352,13.1656,-1.954e-07,14.8591,8.28e-09,0.000865257,14.8591,-22.6318,50,144,0,49,42.1666,0,0,130,0,0,3.10942,1.42781,-1.30617,-0.144059,4.38619,2.70401,-1.31974,-0.15765,5.75406,4.07263,3.67059,4.83328
latency_outage,volatile_thin,100000,passive|lat250ms,250,0,True,"coinbase>=1,000,000",prints+quotes,9100013,10,2.5891,398455,2.19979,8.15,22.6318,passive,BTC-USD,buy,1.15823,100000,86338.6,2.95117,435691,1.15823,1,1,86344.8,0.717134,8,80.0057,100007,0,0.717134,8.00057,0,8.71771,0,0,8.71771,22.6318,5,21,0,5,5.6,0,0,18,3,0,4.29018,-0.998416,4.29018,-0.998416,1.51319,-3.77925,1.51319,-3.77925,4.59725,-0.69025,4.59725,-0.69025
latency_outage,volatile_thin,100000,passive|lat250ms,250,0,True,"coinbase>=1,000,000",prints+quotes,9100013,10,2.5891,398455,2.19979,8.15,22.6318,passive,BTC-USD,sell,1.15823,100000,86338.6,2.95117,373731,1.15823,1,1,86339,-0.0445007,8,80.0004,100000,0,-0.0445007,8.00004,-1.954e-07,7.95553,8.28e-09,0.000865257,7.95553,-22.6318,19,57,0,18,22.0087,0,0,51,6,0,0.165966,-1.49583,0.165966,-1.49583,0.271267,-1.39044,0.271267,-1.39044,-0.144189,-1.80494,-0.144189,-1.80494
latency_outage,volatile_thin,100000,passive|lat40ms,40,0,True,"coinbase>=1,000,000",prints+quotes,9100013,10,2.5891,398455,2.19979,8.15,22.6318,passive,BTC-USD,buy,1.15823,100000,86338.6,2.95117,435691,1.13563,0.980491,1,86335.3,-0.375513,8,78.4363,98045.4,0,-0.368187,7.84363,0.441532,7.91698,0.0187098,1955.54,8.28768,22.6318,72,157,0,72,59.3258,0,0,156,1,0,0.571181,0.0520297,0.571181,0.0520297,1.60133,1.08135,1.60133,1.08135,-2.57168,-3.09057,-2.57168,-3.09057
latency_outage,volatile_thin,100000,passive|lat40ms,40,0,True,"coinbase>=1,000,000",prints+quotes,9100013,10,2.5891,398455,2.19979,8.15,22.6318,passive,BTC-USD,sell,1.15823,100000,86338.6,2.95117,373731,0.815842,0.704387,1,86388,-5.71867,8,56.3832,70479,0,-4.02816,5.63832,-6.69027,-5.08011,0.952221,29618.7,1.20348,-22.6318,69,189,0,69,60,0,0,186,3,0,-1.47617,-0.810163,-1.47617,-0.810163,-2.27429,-1.60812,-2.27429,-1.60812,-1.36557,-0.698808,-1.36557,-0.698808
latency_outage,volatile_thin,100000,passive|lat5ms,5,0,True,"coinbase>=1,000,000",prints+quotes,9100013,10,2.5891,398455,2.19979,8.15,22.6318,passive,BTC-USD,buy,1.15823,100000,86338.6,2.95117,435691,1.15823,1,1,86335.4,-0.37371,8,79.997,99996.3,0,-0.37371,7.9997,1.954e-07,7.62599,8.28e-09,0.000865423,7.62599,22.6318,41,118,0,40,35.8105,0,0,114,4,0,1.44653,0.623278,1.44653,0.623278,2.87512,2.05106,2.87512,2.05106,-3.44388,-4.26721,-3.44388,-4.26721
latency_outage,volatile_thin,100000,passive|lat5ms,5,0,True,"coinbase>=1,000,000",prints+quotes,9100013,10,2.5891,398455,2.19979,8.15,22.6318,passive,BTC-USD,sell,1.15823,100000,86338.6,2.95117,373731,0.999585,0.863027,1,86397.5,-6.82773,8,69.0893,86361.6,0,-5.89252,6.90893,-3.09995,-2.08353,0.224956,13726,0.612113,-22.6318,72,208,0,72,59.9,0,0,198,10,0,-0.592992,-0.849655,-0.592992,-0.849655,-2.16525,-2.42124,-2.16525,-2.42124,-3.72466,-3.97943,-3.72466,-3.97943
latency_outage,volatile_thin,100000,passive|outage|cod,40,3,True,"coinbase>=1,000,000",prints+quotes,9100013,10,2.5891,398455,2.19979,8.15,22.6318,passive,BTC-USD,buy,1.15823,100000,86338.6,2.95117,435691,0.922793,0.796726,1,86339.3,0.0840324,8,63.7386,79673.3,0,0.0669508,6.37386,4.60046,11.0413,0.214208,20375.5,14.9231,22.6318,64,123,0,62,59.3258,9.52276,0,122,1,0,1.19616,0.323739,1.19616,0.323739,2.30334,1.42994,2.30334,1.42994,-0.495068,-1.36734,-0.495068,-1.36734
latency_outage,volatile_thin,100000,passive|outage|cod,40,3,True,"coinbase>=1,000,000",prints+quotes,9100013,10,2.5891,398455,2.19979,8.15,22.6318,passive,BTC-USD,sell,1.15823,100000,86338.6,2.95117,373731,0.777739,0.671489,1,86389,-5.83804,8,53.7505,67188.1,0,-3.92018,5.37505,-7.43481,-5.97994,1.21446,32913.3,1.15892,-22.6318,61,161,0,59,60,9.52276,0,158,3,0,-1.57898,-0.881388,-1.57898,-0.881388,-2.62188,-1.92413,-2.62188,-1.92413,-1.59436,-0.895961,-1.59436,-0.895961
latency_outage,volatile_thin,100000,passive|outage|no-cod,40,3,False,"coinbase>=1,000,000",prints+quotes,9100013,10,2.5891,398455,2.19979,8.15,22.6318,passive,BTC-USD,buy,1.15823,100000,86338.6,2.95117,435691,1.15823,1,1,86324.6,-1.6235,8,79.987,99983.8,0,-1.6235,7.9987,0,6.3752,0,0,6.3752,22.6318,48,115,0,47,45.3183,9.52276,0,110,5,0,1.10084,-0.0496819,1.10084,-0.0496819,1.40445,0.253062,1.40445,0.253062,-4.59362,-5.74457,-4.59362,-5.74457
latency_outage,volatile_thin,100000,passive|outage|no-cod,40,3,False,"coinbase>=1,000,000",prints+quotes,9100013,10,2.5891,398455,2.19979,8.15,22.6318,passive,BTC-USD,sell,1.15823,100000,86338.6,2.95117,373731,1.15823,1,1,86343.1,-0.522184,8,80.0042,100005,0,-0.522184,8.00042,-0,7.47823,0,0,7.47823,-22.6318,20,116,0,19,24.1,9.52276,0,95,21,0,0.736464,0.401665,0.736464,0.401665,2.13044,1.79542,2.13044,1.79542,5.74288,5.40785,5.74288,5.40785
latency_outage,volatile_thin,100000,passive|prints-only,40,0,True,"coinbase>=1,000,000",prints-only,9100013,10,2.5891,398455,2.19979,8.15,22.6318,passive,BTC-USD,buy,1.15823,100000,86338.6,2.95117,435691,0.978847,0.845123,1,86331.8,-0.781286,8,67.6045,84505.7,0,-0.660282,6.76045,3.50516,9.60533,0.155322,15524.4,12.555,22.6318,72,156,0,72,59.3258,0,0,156,0,0,-0.475994,0.113636,-0.475994,0.113636,1.90484,2.49439,1.90484,2.49439,-4.40373,-3.81401,-4.40373,-3.81401
latency_outage,volatile_thin,100000,passive|prints-only,40,0,True,"coinbase>=1,000,000",prints-only,9100013,10,2.5891,398455,2.19979,8.15,22.6318,passive,BTC-USD,sell,1.15823,100000,86338.6,2.95117,373731,0.664344,0.573585,1,86358.3,-2.27812,8,45.8973,57371.6,0,-1.3067,4.58973,-9.65055,-6.36752,2.05454,42717.5,3.37617,-22.6318,69,186,0,69,59.3343,0,0,186,0,0,-1.13758,0.0104409,-1.13758,0.0104409,-0.824422,0.323603,-0.824422,0.323603,2.35709,3.50554,2.35709,3.50554
latency_outage,volatile_thin,100000,aggressive|lat250ms,250,0,True,"coinbase>=1,000,000",prints+quotes,9100014,10,2.5465,385814,1.55068,7.83333,16.5943,aggressive,BTC-USD,buy,1.15745,100000,86397.1,2.24082,355434,1.15745,1,0,86422,2.88972,18,180.052,0,100029,2.88972,18.0052,1.4337e-07,20.8949,1.604e-08,0.000865565,20.8949,16.5943,1,17,0,0,0.228277,0,0,0,0,0,1.92263,-0.966468,,,8.37122,5.48398,,,-4.21411,-7.10499,,
latency_outage,volatile_thin,100000,aggressive|lat250ms,250,0,True,"coinbase>=1,000,000",prints+quotes,9100014,10,2.5465,385814,1.55068,7.83333,16.5943,aggressive,BTC-USD,sell,1.15745,100000,86397.1,2.24082,408079,1.15745,1,0,86375.7,2.47156,18,179.956,0,99975.3,2.47156,17.9956,-1.4337e-07,20.4671,1.604e-08,0.000865244,20.4671,-16.5943,1,14,0,0,0.228277,0,0,0,0,0,3.4389,0.966468,,,-3.01314,-5.48398,,,9.57894,7.10499,,
latency_outage,volatile_thin,100000,aggressive|lat40ms,40,0,True,"coinbase>=1,000,000",prints+quotes,9100014,10,2.5465,385814,1.55068,7.83333,16.5943,aggressive,BTC-USD,buy,1.15745,100000,86397.1,2.24082,355434,1.15745,1,0,86425.3,3.26456,18,180.059,0,100033,3.26456,18.0059,1.4337e-07,21.2704,1.604e-08,0.000865565,21.2704,16.5943,1,18,0,0,0.0365243,0,0,0,0,0,1.92753,-1.33627,,,9.64287,6.38158,,,-3.68888,-6.95452,,
latency_outage,volatile_thin,100000,aggressive|lat40ms,40,0,True,"coinbase>=1,000,000",prints+quotes,9100014,10,2.5465,385814,1.55068,7.83333,16.5943,aggressive,BTC-USD,sell,1.15745,100000,86397.1,2.24082,408079,1.15745,1,0,86375.5,2.50304,18,179.955,0,99975,2.50304,17.9955,-1.4337e-07,20.4985,1.604e-08,0.000865244,20.4985,-16.5943,1,15,0,0,0.0365243,0,0,0,0,0,3.8403,1.33627,,,-3.87948,-6.38158,,,9.45996,6.95452,,
latency_outage,volatile_thin,100000,aggressive|lat5ms,5,0,True,"coinbase>=1,000,000",prints+quotes,9100014,10,2.5465,385814,1.55068,7.83333,16.5943,aggressive,BTC-USD,buy,1.15745,100000,86397.1,2.24082,355434,1.15745,1,0,86425.3,3.26456,18,180.059,0,100033,3.26456,18.0059,1.4337e-07,21.2704,1.604e-08,0.000865565,21.2704,16.5943,1,18,0,0,0.00456553,0,0,0,0,0,1.92753,-1.33627,,,9.64287,6.38158,,,-3.68888,-6.95452,,
latency_outage,volatile_thin,100000,aggressive|lat5ms,5,0,True,"coinbase>=1,000,000",prints+quotes,9100014,10,2.5465,385814,1.55068,7.83333,16.5943,aggressive,BTC-USD,sell,1.15745,100000,86397.1,2.24082,408079,1.15745,1,0,86375.5,2.50304,18,179.955,0,99975,2.50304,17.9955,-1.4337e-07,20.4985,1.604e-08,0.000865244,20.4985,-16.5943,1,15,0,0,0.00456553,0,0,0,0,0,3.8403,1.33627,,,-3.87948,-6.38158,,,9.45996,6.95452,,
latency_outage,volatile_thin,100000,aggressive|outage|cod,40,3,True,"coinbase>=1,000,000",prints+quotes,9100014,10,2.5465,385814,1.55068,7.83333,16.5943,aggressive,BTC-USD,buy,1.15745,100000,86397.1,2.24082,355434,1.15745,1,0,86425.3,3.26456,18,180.059,0,100033,3.26456,18.0059,1.4337e-07,21.2704,1.604e-08,0.000865565,21.2704,16.5943,1,18,0,0,0.0365243,15.7193,0,0,0,0,1.92753,-1.33627,,,9.64287,6.38158,,,-3.68888,-6.95452,,
latency_outage,volatile_thin,100000,aggressive|outage|cod,40,3,True,"coinbase>=1,000,000",prints+quotes,9100014,10,2.5465,385814,1.55068,7.83333,16.5943,aggressive,BTC-USD,sell,1.15745,100000,86397.1,2.24082,408079,1.15745,1,0,86375.5,2.50304,18,179.955,0,99975,2.50304,17.9955,-1.4337e-07,20.4985,1.604e-08,0.000865244,20.4985,-16.5943,1,15,0,0,0.0365243,15.7193,0,0,0,0,3.8403,1.33627,,,-3.87948,-6.38158,,,9.45996,6.95452,,
latency_outage,volatile_thin,100000,aggressive|outage|no-cod,40,3,False,"coinbase>=1,000,000",prints+quotes,9100014,10,2.5465,385814,1.55068,7.83333,16.5943,aggressive,BTC-USD,buy,1.15745,100000,86397.1,2.24082,355434,1.15745,1,0,86425.3,3.26456,18,180.059,0,100033,3.26456,18.0059,1.4337e-07,21.2704,1.604e-08,0.000865565,21.2704,16.5943,1,18,0,0,0.0365243,15.7193,0,0,0,0,1.92753,-1.33627,,,9.64287,6.38158,,,-3.68888,-6.95452,,
latency_outage,volatile_thin,100000,aggressive|outage|no-cod,40,3,False,"coinbase>=1,000,000",prints+quotes,9100014,10,2.5465,385814,1.55068,7.83333,16.5943,aggressive,BTC-USD,sell,1.15745,100000,86397.1,2.24082,408079,1.15745,1,0,86375.5,2.50304,18,179.955,0,99975,2.50304,17.9955,-1.4337e-07,20.4985,1.604e-08,0.000865244,20.4985,-16.5943,1,15,0,0,0.0365243,15.7193,0,0,0,0,3.8403,1.33627,,,-3.87948,-6.38158,,,9.45996,6.95452,,
latency_outage,volatile_thin,100000,aggressive|prints-only,40,0,True,"coinbase>=1,000,000",prints-only,9100014,10,2.5465,385814,1.55068,7.83333,16.5943,aggressive,BTC-USD,buy,1.15745,100000,86397.1,2.24082,355434,1.15745,1,0,86425.3,3.26456,18,180.059,0,100033,3.26456,18.0059,1.4337e-07,21.2704,1.604e-08,0.000865565,21.2704,16.5943,1,18,0,0,0.0365243,0,0,0,0,0,1.92753,-1.33627,,,9.64287,6.38158,,,-3.68888,-6.95452,,
latency_outage,volatile_thin,100000,aggressive|prints-only,40,0,True,"coinbase>=1,000,000",prints-only,9100014,10,2.5465,385814,1.55068,7.83333,16.5943,aggressive,BTC-USD,sell,1.15745,100000,86397.1,2.24082,408079,1.15745,1,0,86375.5,2.50304,18,179.955,0,99975,2.50304,17.9955,-1.4337e-07,20.4985,1.604e-08,0.000865244,20.4985,-16.5943,1,15,0,0,0.0365243,0,0,0,0,0,3.8403,1.33627,,,-3.87948,-6.38158,,,9.45996,6.95452,,
latency_outage,volatile_thin,100000,hybrid|lat250ms,250,0,True,"coinbase>=1,000,000",prints+quotes,9100014,10,2.5465,385814,1.55068,7.83333,16.5943,hybrid,BTC-USD,buy,1.15745,100000,86397.1,2.24082,355434,1.15745,1,0.608146,86406,1.02805,11.9227,119.239,60779.5,39230.8,1.02805,11.9239,1.4337e-07,12.952,1.604e-08,0.000865565,12.952,16.5943,43,92,0,42,42.4406,0,0,79,5,0,0.17041,-1.08976,-0.957673,-1.24575,2.97153,1.7118,1.36251,1.07453,-10.2237,-11.4847,-14.9577,-15.2463
latency_outage,volatile_thin,100000,hybrid|lat250ms,250,0,True,"coinbase>=1,000,000",prints+quotes,9100014,10,2.5465,385814,1.55068,7.83333,16.5943,hybrid,BTC-USD,sell,1.15745,100000,86397.1,2.24082,408079,1.15745,1,0.14782,86454,-6.59097,16.5223,165.332,14786.4,85279.5,-6.59097,16.5332,-1.4337e-07,9.94226,1.604e-08,0.000865244,9.94226,-16.5943,38,84,1,36,42.2823,0,0,68,3,0,2.17749,0.782707,0.618138,0.408243,-0.685619,-2.07991,1.70959,1.49974,6.68246,5.28719,10.6606,10.4507
latency_outage,volatile_thin,100000,hybrid|lat40ms,40,0,True,"coinbase>=1,000,000",prints+quotes,9100014,10,2.5465,385814,1.55068,7.83333,16.5943,hybrid,BTC-USD,buy,1.15745,100000,86397.1,2.24082,355434,1.15745,1,0.371272,86442.3,5.22924,14.2915,142.99,37104.1,62948.2,5.22924,14.299,1.4337e-07,19.5282,1.604e-08,0.000865565,19.5282,16.5943,54,118,0,53,42.1749,0,0,104,0,0,1.00326,-0.441503,-1.25149,0.246301,2.63053,1.18654,-2.87579,-1.37784,-6.57438,-8.01901,-15.891,-14.3911
latency_outage,volatile_thin,100000,hybrid|lat40ms,40,0,True,"coinbase>=1,000,000",prints+quotes,9100014,10,2.5465,385814,1.55068,7.83333,16.5943,hybrid,BTC-USD,sell,1.15745,100000,86397.1,2.24082,408079,1.15745,1,0.134752,86454.1,-6.60274,16.653,166.64,13479,86587,-6.60274,16.664,3.18345e-15,10.0612,0,0,10.0612,-16.5943,50,125,0,49,42.1396,0,0,108,1,0,2.24424,0.835788,0.795178,0.759547,-0.666663,-2.0746,1.98197,1.94645,6.60236,5.19342,11.2469,11.2112
latency_outage,volatile_thin,100000,hybrid|lat5ms,5,0,True,"coinbase>=1,000,000",prints+quotes,9100014,10,2.5465,385814,1.55068,7.83333,16.5943,hybrid,BTC-USD,buy,1.15745,100000,86397.1,2.24082,355434,1.15745,1,0.522282,86418.4,2.47285,12.7817,127.849,52196,47828.8,2.47285,12.7849,2.8674e-07,15.2577,3.208e-08,0.00173113,15.2577,16.5943,54,126,0,53,42.0248,0,0,114,0,0,0.265354,-0.397286,-1.32945,0.174372,1.10651,0.44453,-3.19943,-1.69539,-8.96481,-9.62677,-16.1213,-14.6152
latency_outage,volatile_thin,100000,hybrid|lat5ms,5,0,True,"coinbase>=1,000,000",prints+quotes,9100014,10,2.5465,385814,1.55068,7.83333,16.5943,hybrid,BTC-USD,sell,1.15745,100000,86397.1,2.24082,408079,1.15745,1,0.181089,86449.8,-6.10257,16.1901,162,18109.8,81951.3,-6.10257,16.2,-1.4337e-07,10.0974,1.604e-08,0.000865244,10.0974,-16.5943,52,122,0,51,42.0191,0,0,107,1,0,2.17733,0.983908,0.40869,0.810417,-0.990623,-2.18357,0.130281,0.531984,6.76098,5.56725,11.4703,11.8725
latency_outage,volatile_thin,100000,hybrid|outage|cod,40,3,True,"coinbase>=1,000,000",prints+quotes,9100014,10,2.5465,385814,1.55068,7.83333,16.5943,hybrid,BTC-USD,buy,1.15745,100000,86397.1,2.24082,355434,1.15745,1,0.301368,86452.7,6.43701,14.9903,149.999,30116.5,69947.9,6.43701,14.9999,1.4337e-07,21.437,1.604e-08,0.000865565,21.437,16.5943,47,103,0,44,42.6513,15.7193,0,88,0,0,2.10609,0.337946,-0.60718,0.727299,3.24181,1.47435,-3.15931,-1.8245,-6.45682,-8.22558,-15.9131,-14.5765
latency_outage,volatile_thin,100000,hybrid|outage|cod,40,3,True,"coinbase>=1,000,000",prints+quotes,9100014,10,2.5465,385814,1.55068,7.83333,16.5943,hybrid,BTC-USD,sell,1.15745,100000,86397.1,2.24082,408079,1.15745,1,0.110787,86454.4,-6.63637,16.8927,169.039,11080.7,88985.7,-6.63637,16.9039,3.18345e-15,10.2675,0,0,10.2675,-16.5943,47,104,0,44,42.6513,15.7193,0,88,1,0,1.53829,-0.0573675,1.06241,0.846588,-0.692066,-2.28727,2.82524,2.60958,7.82191,6.22535,12.3757,12.1597
latency_outage,volatile_thin,100000,hybrid|outage|no-cod,40,3,False,"coinbase>=1,000,000",prints+quotes,9100014,10,2.5465,385814,1.55068,7.83333,16.5943,hybrid,BTC-USD,buy,1.15745,100000,86397.1,2.24082,355434,1.15745,1,0.369893,86442.6,5.27232,14.3053,143.129,36966.1,63086.6,5.27232,14.3129,0,19.5852,0,0,19.5852,16.5943,47,112,0,46,42.7574,15.7193,0,97,0,0,1.83571,0.475642,-1.21321,0.248732,2.6737,1.31414,-2.87356,-1.41143,-8.86139,-10.2222,-15.9053,-14.4412
latency_outage,volatile_thin,100000,hybrid|outage|no-cod,40,3,False,"coinbase>=1,000,000",prints+quotes,9100014,10,2.5465,385814,1.55068,7.83333,16.5943,hybrid,BTC-USD,sell,1.15745,100000,86397.1,2.24082,408079,1.15745,1,1,86472.3,-8.71192,8,80.0697,100087,0,-8.71192,8.00697,-0,-0.704946,0,0,-0.704946,-16.5943,42,112,0,41,39.9,15.7193,0,103,9,0,1.05472,-0.480454,1.05472,-0.480454,-2.10873,-3.64328,-2.10873,-3.64328,6.09886,4.56305,6.09886,4.56305
latency_outage,volatile_thin,100000,hybrid|prints-only,40,0,True,"coinbase>=1,000,000",prints-only,9100014,10,2.5465,385814,1.55068,7.83333,16.5943,hybrid,BTC-USD,buy,1.15745,100000,86397.1,2.24082,355434,1.15745,1,0.371272,86442.3,5.22924,14.2915,142.99,37104.1,62948.2,5.22924,14.299,1.4337e-07,19.5282,1.604e-08,0.000865565,19.5282,16.5943,54,118,0,53,42.1749,0,0,104,0,0,1.00326,-0.441503,-1.25149,0.246301,2.63053,1.18654,-2.87579,-1.37784,-6.57438,-8.01901,-15.891,-14.3911
latency_outage,volatile_thin,100000,hybrid|prints-only,40,0,True,"coinbase>=1,000,000",prints-only,9100014,10,2.5465,385814,1.55068,7.83333,16.5943,hybrid,BTC-USD,sell,1.15745,100000,86397.1,2.24082,408079,1.15745,1,0.0876173,86455.1,-6.71671,17.1242,171.357,8763.67,91303.5,-6.71671,17.1357,3.18345e-15,10.419,0,0,10.419,-16.5943,50,125,0,49,42.1396,0,0,108,0,0,2.24431,0.797416,-0.540039,0.274199,-0.837712,-2.28405,1.24163,2.05605,6.26087,4.81353,9.8018,10.6168
latency_outage,volatile_thin,100000,passive|lat250ms,250,0,True,"coinbase>=1,000,000",prints+quotes,9100014,10,2.5465,385814,1.55068,7.83333,16.5943,passive,BTC-USD,buy,1.15745,100000,86397.1,2.24082,355434,1.15745,1,1,86414.1,1.97292,8,80.0158,100020,0,1.97292,8.00158,1.4337e-07,9.9745,1.604e-08,0.000865565,9.9745,16.5943,55,100,0,55,54.9208,0,0,95,5,0,-1.64419,-1.19962,-1.64419,-1.19962,-0.142421,0.302177,-0.142421,0.302177,-7.84533,-7.4015,-7.84533,-7.4015
latency_outage,volatile_thin,100000,passive|lat250ms,250,0,True,"coinbase>=1,000,000",prints+quotes,9100014,10,2.5465,385814,1.55068,7.83333,16.5943,passive,BTC-USD,sell,1.15745,100000,86397.1,2.24082,408079,0.216528,0.187074,1,86441,-5.07822,8,14.9735,18716.9,0,-0.950005,1.49735,-13.4899,-12.9426,2.38362,81403.6,4.09368,-16.5943,54,100,1,53,57.7168,0,0,97,3,0,0.775204,0.59872,0.775204,0.59872,2.42291,2.24647,2.42291,2.24647,8.48512,8.30862,8.48512,8.30862
latency_outage,volatile_thin,100000,passive|lat40ms,40,0,True,"coinbase>=1,000,000",prints+quotes,9100014,10,2.5465,385814,1.55068,7.83333,16.5943,passive,BTC-USD,buy,1.15745,100000,86397.1,2.24082,355434,1.15745,1,1,86455.5,6.75865,8,80.0541,100068,0,6.75865,8.00541,1.4337e-07,14.7641,1.604e-08,0.000865565,14.7641,16.5943,73,155,0,72,58.6475,0,0,155,0,0,-1.99089,-0.47677,-1.99089,-0.47677,-1.97787,-0.463754,-1.97787,-0.463754,-3.84226,-2.32789,-3.84226,-2.32789
latency_outage,volatile_thin,100000,passive|lat40ms,40,0,True,"coinbase>=1,000,000",prints+quotes,9100014,10,2.5465,385814,1.55068,7.83333,16.5943,passive,BTC-USD,sell,1.15745,100000,86397.1,2.24082,408079,0.229567,0.198339,1,86445.7,-5.62957,8,15.8761,19845.1,0,-1.11656,1.58761,-13.303,-12.832,2.33929,80275.7,3.95695,-16.5943,69,143,0,69,59.6155,0,0,142,1,0,0.715,0.925192,0.715,0.925192,2.88447,3.09482,2.88447,3.09482,8.44749,8.65766,8.44749,8.65766
latency_outage,volatile_thin,100000,passive|lat5ms,5,0,True,"coinbase>=1,000,000",prints+quotes,9100014,10,2.5465,385814,1.55068,7.83333,16.5943,passive,BTC-USD,buy,1.15745,100000,86397.1,2.24082,355434,0.821153,0.709452,1,86390.7,-0.740175,8,56.752,70940,0,-0.525118,5.6752,4.82144,9.97152,0.902395,29112,16.1141,16.5943,76,165,0,76,59.7221,0,0,165,0,0,-1.221,0.139206,-1.221,0.139206,-1.66747,-0.307196,-1.66747,-0.307196,-11.4887,-10.1269,-11.4887,-10.1269
latency_outage,volatile_thin,100000,passive|lat5ms,5,0,True,"coinbase>=1,000,000",prints+quotes,9100014,10,2.5465,385814,1.55068,7.83333,16.5943,passive,BTC-USD,sell,1.15745,100000,86397.1,2.24082,408079,0.28443,0.245739,1,86426.2,-3.3758,8,19.6658,24582.2,0,-0.829567,1.96658,-12.5164,-11.3794,2.15831,75529.6,4.37422,-16.5943,71,150,0,71,59.6155,0,0,149,1,0,0.436364,0.92918,0.436364,0.92918,1.33474,1.8276,1.33474,1.8276,9.11772,9.61092,9.11772,9.61092
latency_outage,volatile_thin,100000,passive|outage|cod,40,3,True,"coinbase>=1,000,000",prints+quotes,9100014,10,2.5465,385814,1.55068,7.83333,16.5943,passive,BTC-USD,buy,1.15745,100000,86397.1,2.24082,355434,0.36733,0.317362,1,86343.1,-6.25082,8,25.3731,31716.4,0,-1.98377,2.53731,11.3279,11.8814,2.42864,68401.3,26.6223,16.5943,57,101,0,54,50.4008,15.7193,0,101,0,0,-0.734641,0.60519,-0.734641,0.60519,-3.3668,-2.02663,-3.3668,-2.02663,-15.6229,-14.281,-15.6229,-14.281
latency_outage,volatile_thin,100000,passive|outage|cod,40,3,True,"coinbase>=1,000,000",prints+quotes,9100014,10,2.5465,385814,1.55068,7.83333,16.5943,passive,BTC-USD,sell,1.15745,100000,86397.1,2.24082,408079,0.154104,0.133141,1,86423,-2.99926,8,10.6545,13318.1,0,-0.399326,1.06545,-14.3849,-13.7188,2.59874,86803.7,4.50461,-16.5943,57,107,0,53,51.1038,15.7193,0,106,1,0,0.917013,0.786517,0.917013,0.786517,3.22231,3.09195,3.22231,3.09195,11.6603,11.5297,11.6603,11.5297
latency_outage,volatile_thin,100000,passive|outage|no-cod,40,3,False,"coinbase>=1,000,000",prints+quotes,9100014,10,2.5465,385814,1.55068,7.83333,16.5943,passive,BTC-USD,buy,1.15745,100000,86397.1,2.24082,355434,0.444844,0.384332,1,86345.9,-5.92394,8,30.7284,38410.4,0,-2.27676,3.07284,10.2166,11.0127,2.15083,61690.5,24.2678,16.5943,56,115,0,56,50.4008,15.7193,0,115,0,0,-1.29031,0.172336,-1.29031,0.172336,-3.01755,-1.5547,-3.01755,-1.5547,-15.6818,-14.217,-15.6818,-14.217
latency_outage,volatile_thin,100000,passive|outage|no-cod,40,3,False,"coinbase>=1,000,000",prints+quotes,9100014,10,2.5465,385814,1.55068,7.83333,16.5943,passive,BTC-USD,sell,1.15745,100000,86397.1,2.24082,408079,1.15745,1,1,86472.3,-8.71192,8,80.0697,100087,0,-8.71192,8.00697,-0,-0.704946,0,0,-0.704946,-16.5943,42,112,0,41,39.9,15.7193,0,103,9,0,1.05472,-0.480454,1.05472,-0.480454,-2.10873,-3.64328,-2.10873,-3.64328,6.09886,4.56305,6.09886,4.56305
latency_outage,volatile_thin,100000,passive|prints-only,40,0,True,"coinbase>=1,000,000",prints-only,9100014,10,2.5465,385814,1.55068,7.83333,16.5943,passive,BTC-USD,buy,1.15745,100000,86397.1,2.24082,355434,1.15745,1,1,86455.5,6.75865,8,80.0541,100068,0,6.75865,8.00541,1.4337e-07,14.7641,1.604e-08,0.000865565,14.7641,16.5943,73,155,0,72,58.6475,0,0,155,0,0,-1.99089,-0.47677,-1.99089,-0.47677,-1.97787,-0.463754,-1.97787,-0.463754,-3.84226,-2.32789,-3.84226,-2.32789
latency_outage,volatile_thin,100000,passive|prints-only,40,0,True,"coinbase>=1,000,000",prints-only,9100014,10,2.5465,385814,1.55068,7.83333,16.5943,passive,BTC-USD,sell,1.15745,100000,86397.1,2.24082,408079,0.175011,0.151204,1,86450.2,-6.1487,8,12.1038,15129.7,0,-0.929711,1.21038,-14.0852,-13.8045,2.52669,84995.1,4.02131,-16.5943,69,142,0,69,59.6155,0,0,142,0,0,-0.0837019,0.695587,-0.0837019,0.695587,2.7368,3.51631,2.7368,3.51631,6.73749,7.51728,6.73749,7.51728
latency_outage,volatile_thin,100000,aggressive|lat250ms,250,0,True,"coinbase>=1,000,000",prints+quotes,9100015,10,2.58333,381220,3.68771,9.31667,25.5769,aggressive,BTC-USD,buy,1.15769,100000,86378.7,2.7993,343383,1.15769,1,0,86398,2.22815,18,180.04,0,100022,2.22815,18.004,-4.90563e-15,20.2322,0,0,20.2322,25.5769,1,19,0,0,0.167834,0,0,0,0,0,4.04596,1.81873,,,2.47011,0.242537,,,-11.2061,-13.4368,,
latency_outage,volatile_thin,100000,aggressive|lat250ms,250,0,True,"coinbase>=1,000,000",prints+quotes,9100015,10,2.58333,381220,3.68771,9.31667,25.5769,aggressive,BTC-USD,sell,1.15769,100000,86378.7,2.7993,367961,1.15769,1,0,86340.2,4.46512,18,179.92,0,99955.3,4.46512,17.992,-0,22.4571,0,0,22.4571,-25.5769,1,26,0,0,0.167834,0,0,0,0,0,2.64769,-1.81873,,,4.2246,-0.242537,,,17.91,13.4368,,
latency_outage,volatile_thin,100000,aggressive|lat40ms,40,0,True,"coinbase>=1,000,000",prints+quotes,9100015,10,2.58333,381220,3.68771,9.31667,25.5769,aggressive,BTC-USD,buy,1.15769,100000,86378.7,2.7993,343383,1.15769,1,0,86397.8,2.20222,18,180.04,0,100022,2.20222,18.004,4.90563e-15,20.2062,0,0,20.2062,25.5769,1,21,0,0,0.0268534,0,0,0,0,0,4.02005,1.81873,,,1.70691,-0.494913,,,-11.2321,-13.4368,,
latency_outage,volatile_thin,100000,aggressive|lat40ms,40,0,True,"coinbase>=1,000,000",prints+quotes,9100015,10,2.58333,381220,3.68771,9.31667,25.5769,aggressive,BTC-USD,sell,1.15769,100000,86378.7,2.7993,367961,1.15769,1,0,86337.6,4.7602,18,179.914,0,99952.4,4.7602,17.9914,-0,22.7516,0,0,22.7516,-25.5769,1,25,0,0,0.0268534,0,0,0,0,0,2.94295,-1.81873,,,5.2577,0.494913,,,18.2057,13.4368,,
latency_outage,volatile_thin,100000,aggressive|lat5ms,5,0,True,"coinbase>=1,000,000",prints+quotes,9100015,10,2.58333,381220,3.68771,9.31667,25.5769,aggressive,BTC-USD,buy,1.15769,100000,86378.7,2.7993,343383,1.15769,1,0,86397.8,2.20222,18,180.04,0,100022,2.20222,18.004,4.90563e-15,20.2062,0,0,20.2062,25.5769,1,21,0,0,0.00335668,0,0,0,0,0,4.02005,1.81873,,,1.70691,-0.494913,,,-11.2321,-13.4368,,
latency_outage,volatile_thin,100000,aggressive|lat5ms,5,0,True,"coinbase>=1,000,000",prints+quotes,9100015,10,2.58333,381220,3.68771,9.31667,25.5769,aggressive,BTC-USD,sell,1.15769,100000,86378.7,2.7993,367961,1.15769,1,0,86337.6,4.7602,18,179.914,0,99952.4,4.7602,17.9914,-0,22.7516,0,0,22.7516,-25.5769,1,25,0,0,0.00335668,0,0,0,0,0,2.94295,-1.81873,,,5.2577,0.494913,,,18.2057,13.4368,,
latency_outage,volatile_thin,100000,aggressive|outage|cod,40,3,True,"coinbase>=1,000,000",prints+quotes,9100015,10,2.58333,381220,3.68771,9.31667,25.5769,aggressive,BTC-USD,buy,1.15769,100000,86378.7,2.7993,343383,1.15769,1,0,86397.8,2.20222,18,180.04,0,100022,2.20222,18.004,4.90563e-15,20.2062,0,0,20.2062,25.5769,1,21,0,0,0.0268534,0,0,0,0,0,4.02005,1.81873,,,1.70691,-0.494913,,,-11.2321,-13.4368,,
latency_outage,volatile_thin,100000,aggressive|outage|cod,40,3,True,"coinbase>=1,000,000",prints+quotes,9100015,10,2.58333,381220,3.68771,9.31667,25.5769,aggressive,BTC-USD,sell,1.15769,100000,86378.7,2.7993,367961,1.15769,1,0,86337.6,4.7602,18,179.914,0,99952.4,4.7602,17.9914,-0,22.7516,0,0,22.7516,-25.5769,1,25,0,0,0.0268534,0,0,0,0,0,2.94295,-1.81873,,,5.2577,0.494913,,,18.2057,13.4368,,
latency_outage,volatile_thin,100000,aggressive|outage|no-cod,40,3,False,"coinbase>=1,000,000",prints+quotes,9100015,10,2.58333,381220,3.68771,9.31667,25.5769,aggressive,BTC-USD,buy,1.15769,100000,86378.7,2.7993,343383,1.15769,1,0,86397.8,2.20222,18,180.04,0,100022,2.20222,18.004,4.90563e-15,20.2062,0,0,20.2062,25.5769,1,21,0,0,0.0268534,0,0,0,0,0,4.02005,1.81873,,,1.70691,-0.494913,,,-11.2321,-13.4368,,
latency_outage,volatile_thin,100000,aggressive|outage|no-cod,40,3,False,"coinbase>=1,000,000",prints+quotes,9100015,10,2.58333,381220,3.68771,9.31667,25.5769,aggressive,BTC-USD,sell,1.15769,100000,86378.7,2.7993,367961,1.15769,1,0,86337.6,4.7602,18,179.914,0,99952.4,4.7602,17.9914,-0,22.7516,0,0,22.7516,-25.5769,1,25,0,0,0.0268534,0,0,0,0,0,2.94295,-1.81873,,,5.2577,0.494913,,,18.2057,13.4368,,
latency_outage,volatile_thin,100000,aggressive|prints-only,40,0,True,"coinbase>=1,000,000",prints-only,9100015,10,2.58333,381220,3.68771,9.31667,25.5769,aggressive,BTC-USD,buy,1.15769,100000,86378.7,2.7993,343383,1.15769,1,0,86397.8,2.20222,18,180.04,0,100022,2.20222,18.004,4.90563e-15,20.2062,0,0,20.2062,25.5769,1,21,0,0,0.0268534,0,0,0,0,0,4.02005,1.81873,,,1.70691,-0.494913,,,-11.2321,-13.4368,,
latency_outage,volatile_thin,100000,aggressive|prints-only,40,0,True,"coinbase>=1,000,000",prints-only,9100015,10,2.58333,381220,3.68771,9.31667,25.5769,aggressive,BTC-USD,sell,1.15769,100000,86378.7,2.7993,367961,1.15769,1,0,86337.6,4.7602,18,179.914,0,99952.4,4.7602,17.9914,-0,22.7516,0,0,22.7516,-25.5769,1,25,0,0,0.0268534,0,0,0,0,0,2.94295,-1.81873,,,5.2577,0.494913,,,18.2057,13.4368,,
latency_outage,volatile_thin,100000,hybrid|lat250ms,250,0,True,"coinbase>=1,000,000",prints+quotes,9100015,10,2.58333,381220,3.68771,9.31667,25.5769,hybrid,BTC-USD,buy,1.15769,100000,86378.7,2.7993,343383,1.15769,1,1,86456.7,9.03033,8,80.0722,100090,0,9.03033,8.00722,2.2093e-07,17.0376,8e-09,0.000866077,17.0376,25.5769,31,101,0,31,37.6,0,0,92,9,0,-0.63748,-1.14062,-0.63748,-1.14062,-10.5226,-11.0272,-10.5226,-11.0272,-15.0111,-15.5158,-15.0111,-15.5158
latency_outage,volatile_thin,100000,hybrid|lat250ms,250,0,True,"coinbase>=1,000,000",prints+quotes,9100015,10,2.58333,381220,3.68771,9.31667,25.5769,hybrid,BTC-USD,sell,1.15769,100000,86378.7,2.7993,367961,1.15769,1,1,86348.9,3.45368,8,79.9724,99965.5,0,3.45368,7.99724,-0,11.4509,0,0,11.4509,-25.5769,19,33,2,16,20.2,0,0,29,4,0,18.6039,1.38968,18.6039,1.38968,20.9759,3.76837,20.9759,3.76837,21.8625,4.65473,21.8625,4.65473
latency_outage,volatile_thin,100000,hybrid|lat40ms,40,0,True,"coinbase>=1,000,000",prints+quotes,9100015,10,2.58333,381220,3.68771,9.31667,25.5769,hybrid,BTC-USD,buy,1.15769,100000,86378.7,2.7993,343383,1.15769,1,1,86495.8,13.5525,8,80.1084,100136,0,13.5525,8.01084,0,21.5634,0,0,21.5634,25.5769,22,84,0,21,20.6284,0,0,79,5,0,-2.47339,-0.942162,-2.47339,-0.942162,-3.02947,-1.49941,-3.02947,-1.49941,-5.85601,-4.32558,-5.85601,-4.32558
latency_outage,volatile_thin,100000,hybrid|lat40ms,40,0,True,"coinbase>=1,000,000",prints+quotes,9100015,10,2.58333,381220,3.68771,9.31667,25.5769,hybrid,BTC-USD,sell,1.15769,100000,86378.7,2.7993,367961,1.15769,1,0.44157,86479.2,-11.634,13.5883,136.041,44168.6,55947.7,-11.634,13.6041,-0,1.97003,0,0,1.97003,-25.5769,49,91,0,48,42.0288,0,0,79,2,0,5.38326,1.50871,5.14264,-0.179389,7.6971,3.82514,16.0862,10.7685,14.8388,10.965,18.155,12.837
latency_outage,volatile_thin,100000,hybrid|lat5ms,5,0,True,"coinbase>=1,000,000",prints+quotes,9100015,10,2.58333,381220,3.68771,9.31667,25.5769,hybrid,BTC-USD,buy,1.15769,100000,86378.7,2.7993,343383,1.15769,1,1,86490.2,12.9069,8,80.1033,100129,0,12.9069,8.01033,0,20.9172,0,0,20.9172,25.5769,23,88,0,22,20.6284,0,0,82,6,0,-2.07544,-0.808071,-2.07544,-0.808071,-3.6433,-2.37737,-3.6433,-2.37737,-6.47151,-5.20521,-6.47151,-5.20521
latency_outage,volatile_thin,100000,hybrid|lat5ms,5,0,True,"coinbase>=1,000,000",prints+quotes,9100015,10,2.58333,381220,3.68771,9.31667,25.5769,hybrid,BTC-USD,sell,1.15769,100000,86378.7,2.7993,367961,1.15769,1,0.224168,86502.3,-14.301,15.7613,157.839,22418.8,77724.2,-14.301,15.7839,-4.90563e-15,1.4829,0,0,1.4829,-25.5769,50,105,0,49,42.0027,0,0,87,2,0,7.90264,2.546,13.9387,1.51621,4.53281,-0.82172,14.516,2.09764,14.2859,8.92842,19.4213,7.00263
latency_outage,volatile_thin,100000,hybrid|outage|cod,40,3,True,"coinbase>=1,000,000",prints+quotes,9100015,10,2.58333,381220,3.68771,9.31667,25.5769,hybrid,BTC-USD,buy,1.15769,100000,86378.7,2.7993,343383,1.15769,1,1,86495.8,13.5525,8,80.1084,100136,0,13.5525,8.01084,0,21.5634,0,0,21.5634,25.5769,22,84,0,21,20.6284,0,0,79,5,0,-2.47339,-0.942162,-2.47339,-0.942162,-3.02947,-1.49941,-3.02947,-1.49941,-5.85601,-4.32558,-5.85601,-4.32558
latency_outage,volatile_thin,100000,hybrid|outage|cod,40,3,True,"coinbase>=1,000,000",prints+quotes,9100015,10,2.58333,381220,3.68771,9.31667,25.5769,hybrid,BTC-USD,sell,1.15769,100000,86378.7,2.7993,367961,1.15769,1,0.44157,86479.2,-11.634,13.5883,136.041,44168.6,55947.7,-11.634,13.6041,-0,1.97003,0,0,1.97003,-25.5769,49,91,0,48,42.0288,0,0,79,2,0,5.38326,1.50871,5.14264,-0.179389,7.6971,3.82514,16.0862,10.7685,14.8388,10.965,18.155,12.837
latency_outage,volatile_thin,100000,hybrid|outage|no-cod,40,3,False,"coinbase>=1,000,000",prints+quotes,9100015,10,2.58333,381220,3.68771,9.31667,25.5769,hybrid,BTC-USD,buy,1.15769,100000,86378.7,2.7993,343383,1.15769,1,1,86495.8,13.5525,8,80.1084,100136,0,13.5525,8.01084,0,21.5634,0,0,21.5634,25.5769,22,84,0,21,20.6284,0,0,79,5,0,-2.47339,-0.942162,-2.47339,-0.942162,-3.02947,-1.49941,-3.02947,-1.49941,-5.85601,-4.32558,-5.85601,-4.32558
latency_outage,volatile_thin,100000,hybrid|outage|no-cod,40,3,False,"coinbase>=1,000,000",prints+quotes,9100015,10,2.58333,381220,3.68771,9.31667,25.5769,hybrid,BTC-USD,sell,1.15769,100000,86378.7,2.7993,367961,1.15769,1,0.44157,86479.2,-11.634,13.5883,136.041,44168.6,55947.7,-11.634,13.6041,-0,1.97003,0,0,1.97003,-25.5769,49,91,0,48,42.0288,0,0,79,2,0,5.38326,1.50871,5.14264,-0.179389,7.6971,3.82514,16.0862,10.7685,14.8388,10.965,18.155,12.837
latency_outage,volatile_thin,100000,hybrid|prints-only,40,0,True,"coinbase>=1,000,000",prints-only,9100015,10,2.58333,381220,3.68771,9.31667,25.5769,hybrid,BTC-USD,buy,1.15769,100000,86378.7,2.7993,343383,1.15769,1,1,86525.6,17.0014,8,80.136,100170,0,17.0014,8.0136,0,25.015,0,0,25.015,25.5769,22,81,0,21,20.6284,0,0,81,0,0,-3.2604,-1.12455,-3.2604,-1.12455,0.294286,2.42927,0.294286,2.42927,-2.29444,-0.158944,-2.29444,-0.158944
latency_outage,volatile_thin,100000,hybrid|prints-only,40,0,True,"coinbase>=1,000,000",prints-only,9100015,10,2.58333,381220,3.68771,9.31667,25.5769,hybrid,BTC-USD,sell,1.15769,100000,86378.7,2.7993,367961,1.15769,1,0.29333,86506.6,-14.8053,15.0692,150.915,29351.2,70796.8,-14.8053,15.0915,-0,0.286267,0,0,0.286267,-25.5769,49,93,0,48,42.0288,0,0,79,0,0,3.31683,1.58945,-3.05789,-1.43184,5.29054,3.56518,14.5364,16.166,13.5043,11.7764,15.6677,17.2972
latency_outage,volatile_thin,100000,passive|lat250ms,250,0,True,"coinbase>=1,000,000",prints+quotes,9100015,10,2.58333,381220,3.68771,9.31667,25.5769,passive,BTC-USD,buy,1.15769,100000,86378.7,2.7993,343383,1.15769,1,1,86456.7,9.03033,8,80.0722,100090,0,9.03033,8.00722,2.2093e-07,17.0376,8e-09,0.000866077,17.0376,25.5769,31,101,0,31,37.6,0,0,92,9,0,-0.63748,-1.14062,-0.63748,-1.14062,-10.5226,-11.0272,-10.5226,-11.0272,-15.0111,-15.5158,-15.0111,-15.5158
latency_outage,volatile_thin,100000,passive|lat250ms,250,0,True,"coinbase>=1,000,000",prints+quotes,9100015,10,2.58333,381220,3.68771,9.31667,25.5769,passive,BTC-USD,sell,1.15769,100000,86378.7,2.7993,367961,1.15769,1,1,86348.9,3.45368,8,79.9724,99965.5,0,3.45368,7.99724,-0,11.4509,0,0,11.4509,-25.5769,19,33,2,16,20.2,0,0,29,4,0,18.6039,1.38968,18.6039,1.38968,20.9759,3.76837,20.9759,3.76837,21.8625,4.65473,21.8625,4.65473
latency_outage,volatile_thin,100000,passive|lat40ms,40,0,True,"coinbase>=1,000,000",prints+quotes,9100015,10,2.58333,381220,3.68771,9.31667,25.5769,passive,BTC-USD,buy,1.15769,100000,86378.7,2.7993,343383,1.15769,1,1,86495.8,13.5525,8,80.1084,100136,0,13.5525,8.01084,0,21.5634,0,0,21.5634,25.5769,22,84,0,21,20.6284,0,0,79,5,0,-2.47339,-0.942162,-2.47339,-0.942162,-3.02947,-1.49941,-3.02947,-1.49941,-5.85601,-4.32558,-5.85601,-4.32558
latency_outage,volatile_thin,100000,passive|lat40ms,40,0,True,"coinbase>=1,000,000",prints+quotes,9100015,10,2.58333,381220,3.68771,9.31667,25.5769,passive,BTC-USD,sell,1.15769,100000,86378.7,2.7993,367961,1.15769,1,1,86492.3,-13.1508,8,80.1052,100132,0,-13.1508,8.01052,-0,-5.14031,0,0,-5.14031,-25.5769,66,121,0,65,54.0166,0,0,118,3,0,1.97431,0.124594,1.97431,0.124594,8.50525,6.65757,8.50525,6.65757,17.092,15.2449,17.092,15.2449
latency_outage,volatile_thin,100000,passive|lat5ms,5,0,True,"coinbase>=1,000,000",prints+quotes,9100015,10,2.58333,381220,3.68771,9.31667,25.5769,passive,BTC-USD,buy,1.15769,100000,86378.7,2.7993,343383,1.15769,1,1,86490.2,12.9069,8,80.1033,100129,0,12.9069,8.01033,0,20.9172,0,0,20.9172,25.5769,23,88,0,22,20.6284,0,0,82,6,0,-2.07544,-0.808071,-2.07544,-0.808071,-3.6433,-2.37737,-3.6433,-2.37737,-6.47151,-5.20521,-6.47151,-5.20521
latency_outage,volatile_thin,100000,passive|lat5ms,5,0,True,"coinbase>=1,000,000",prints+quotes,9100015,10,2.58333,381220,3.68771,9.31667,25.5769,passive,BTC-USD,sell,1.15769,100000,86378.7,2.7993,367961,1.02395,0.884473,1,86520.6,-16.4177,8,70.874,88592.6,0,-14.521,7.0874,-2.95481,-10.3884,0.109733,11581.1,-8.19405,-25.5769,75,159,0,75,59.6014,0,0,156,3,0,3.18008,0.712686,3.18008,0.712686,5.45725,2.9911,5.45725,2.9911,17.0067,14.5415,17.0067,14.5415
latency_outage,volatile_thin,100000,passive|outage|cod,40,3,True,"coinbase>=1,000,000",prints+quotes,9100015,10,2.58333,381220,3.68771,9.31667,25.5769,passive,BTC-USD,buy,1.15769,100000,86378.7,2.7993,343383,1.15769,1,1,86495.8,13.5525,8,80.1084,100136,0,13.5525,8.01084,0,21.5634,0,0,21.5634,25.5769,22,84,0,21,20.6284,0,0,79,5,0,-2.47339,-0.942162,-2.47339,-0.942162,-3.02947,-1.49941,-3.02947,-1.49941,-5.85601,-4.32558,-5.85601,-4.32558
latency_outage,volatile_thin,100000,passive|outage|cod,40,3,True,"coinbase>=1,000,000",prints+quotes,9100015,10,2.58333,381220,3.68771,9.31667,25.5769,passive,BTC-USD,sell,1.15769,100000,86378.7,2.7993,367961,1.15769,1,1,86492.3,-13.1508,8,80.1052,100132,0,-13.1508,8.01052,-0,-5.14031,0,0,-5.14031,-25.5769,66,121,0,65,54.0166,0,0,118,3,0,1.97431,0.124594,1.97431,0.124594,8.50525,6.65757,8.50525,6.65757,17.092,15.2449,17.092,15.2449
latency_outage,volatile_thin,100000,passive|outage|no-cod,40,3,False,"coinbase>=1,000,000",prints+quotes,9100015,10,2.58333,381220,3.68771,9.31667,25.5769,passive,BTC-USD,buy,1.15769,100000,86378.7,2.7993,343383,1.15769,1,1,86495.8,13.5525,8,80.1084,100136,0,13.5525,8.01084,0,21.5634,0,0,21.5634,25.5769,22,84,0,21,20.6284,0,0,79,5,0,-2.47339,-0.942162,-2.47339,-0.942162,-3.02947,-1.49941,-3.02947,-1.49941,-5.85601,-4.32558,-5.85601,-4.32558
latency_outage,volatile_thin,100000,passive|outage|no-cod,40,3,False,"coinbase>=1,000,000",prints+quotes,9100015,10,2.58333,381220,3.68771,9.31667,25.5769,passive,BTC-USD,sell,1.15769,100000,86378.7,2.7993,367961,1.15769,1,1,86492.3,-13.1508,8,80.1052,100132,0,-13.1508,8.01052,-0,-5.14031,0,0,-5.14031,-25.5769,66,121,0,65,54.0166,0,0,118,3,0,1.97431,0.124594,1.97431,0.124594,8.50525,6.65757,8.50525,6.65757,17.092,15.2449,17.092,15.2449
latency_outage,volatile_thin,100000,passive|prints-only,40,0,True,"coinbase>=1,000,000",prints-only,9100015,10,2.58333,381220,3.68771,9.31667,25.5769,passive,BTC-USD,buy,1.15769,100000,86378.7,2.7993,343383,1.15769,1,1,86525.6,17.0014,8,80.136,100170,0,17.0014,8.0136,0,25.015,0,0,25.015,25.5769,22,81,0,21,20.6284,0,0,81,0,0,-3.2604,-1.12455,-3.2604,-1.12455,0.294286,2.42927,0.294286,2.42927,-2.29444,-0.158944,-2.29444,-0.158944
latency_outage,volatile_thin,100000,passive|prints-only,40,0,True,"coinbase>=1,000,000",prints-only,9100015,10,2.58333,381220,3.68771,9.31667,25.5769,passive,BTC-USD,sell,1.15769,100000,86378.7,2.7993,367961,1.04483,0.902508,1,86523,-16.7024,8,72.3212,90401.5,0,-15.074,7.23212,-2.49356,-10.3355,0.0911447,9773.27,-8.48513,-25.5769,75,138,0,75,59.4013,0,0,138,0,0,-1.36669,-0.152009,-1.36669,-0.152009,6.12505,7.34105,6.12505,7.34105,15.8725,17.0894,15.8725,17.0894
latency_outage,volatile_thin,100000,aggressive|lat250ms,250,0,True,"coinbase>=1,000,000",prints+quotes,9100016,10,2.5854,359142,2.90115,8.01667,-12.0291,aggressive,BTC-USD,buy,1.15831,100000,86332.7,2.70002,322896,1.15831,1,0,86350.2,2.02935,18,180.037,0,100020,2.02935,18.0037,-2.30593e-15,20.033,0,0,20.033,-12.0291,1,24,0,0,0.371288,0,0,0,0,0,5.74458,3.38238,,,6.6583,4.29632,,,1.75443,-0.608712,,
latency_outage,volatile_thin,100000,aggressive|lat250ms,250,0,True,"coinbase>=1,000,000",prints+quotes,9100016,10,2.5854,359142,2.90115,8.01667,-12.0291,aggressive,BTC-USD,sell,1.15831,100000,86332.7,2.70002,386957,1.15831,1,0,86305.3,3.16372,18,179.943,0,99968.4,3.16372,17.9943,2.30593e-15,21.158,0,0,21.158,12.0291,1,21,0,0,0.371288,0,0,0,0,0,-0.552779,-3.38238,,,-1.46698,-4.29632,,,3.43944,0.608712,,
latency_outage,volatile_thin,100000,aggressive|lat40ms,40,0,True,"coinbase>=1,000,000",prints+quotes,9100016,10,2.5854,359142,2.90115,8.01667,-12.0291,aggressive,BTC-USD,buy,1.15831,100000,86332.7,2.70002,322896,1.15831,1,0,86352.4,2.28216,18,180.041,0,100023,2.28216,18.0041,-0,20.2863,0,0,20.2863,-12.0291,1,23,0,0,0.0594061,0,0,0,0,0,4.87273,2.59172,,,4.35103,2.0699,,,2.00714,-0.27452,,
latency_outage,volatile_thin,100000,aggressive|lat40ms,40,0,True,"coinbase>=1,000,000",prints+quotes,9100016,10,2.5854,359142,2.90115,8.01667,-12.0291,aggressive,BTC-USD,sell,1.15831,100000,86332.7,2.70002,386957,1.15831,1,0,86302,3.55328,18,179.936,0,99964.5,3.55328,17.9936,0,21.5469,0,0,21.5469,12.0291,1,21,0,0,0.0594061,0,0,0,0,0,0.962058,-2.59172,,,1.48406,-2.0699,,,3.82932,0.27452,,
latency_outage,volatile_thin,100000,aggressive|lat5ms,5,0,True,"coinbase>=1,000,000",prints+quotes,9100016,10,2.5854,359142,2.90115,8.01667,-12.0291,aggressive,BTC-USD,buy,1.15831,100000,86332.7,2.70002,322896,1.15831,1,0,86352.4,2.28216,18,180.041,0,100023,2.28216,18.0041,-0,20.2863,0,0,20.2863,-12.0291,1,23,0,0,0.00742577,0,0,0,0,0,4.87273,2.59172,,,4.35103,2.0699,,,2.00714,-0.27452,,
latency_outage,volatile_thin,100000,aggressive|lat5ms,5,0,True,"coinbase>=1,000,000",prints+quotes,9100016,10,2.5854,359142,2.90115,8.01667,-12.0291,aggressive,BTC-USD,sell,1.15831,100000,86332.7,2.70002,386957,1.15831,1,0,86302,3.55328,18,179.936,0,99964.5,3.55328,17.9936,0,21.5469,0,0,21.5469,12.0291,1,21,0,0,0.00742577,0,0,0,0,0,0.962058,-2.59172,,,1.48406,-2.0699,,,3.82932,0.27452,,
latency_outage,volatile_thin,100000,aggressive|outage|cod,40,3,True,"coinbase>=1,000,000",prints+quotes,9100016,10,2.5854,359142,2.90115,8.01667,-12.0291,aggressive,BTC-USD,buy,1.15831,100000,86332.7,2.70002,322896,1.15831,1,0,86352.4,2.28216,18,180.041,0,100023,2.28216,18.0041,-0,20.2863,0,0,20.2863,-12.0291,1,23,0,0,0.0594061,20.7957,0,0,0,0,4.87273,2.59172,,,4.35103,2.0699,,,2.00714,-0.27452,,
latency_outage,volatile_thin,100000,aggressive|outage|cod,40,3,True,"coinbase>=1,000,000",prints+quotes,9100016,10,2.5854,359142,2.90115,8.01667,-12.0291,aggressive,BTC-USD,sell,1.15831,100000,86332.7,2.70002,386957,1.15831,1,0,86302,3.55328,18,179.936,0,99964.5,3.55328,17.9936,0,21.5469,0,0,21.5469,12.0291,1,21,0,0,0.0594061,20.7957,0,0,0,0,0.962058,-2.59172,,,1.48406,-2.0699,,,3.82932,0.27452,,
latency_outage,volatile_thin,100000,aggressive|outage|no-cod,40,3,False,"coinbase>=1,000,000",prints+quotes,9100016,10,2.5854,359142,2.90115,8.01667,-12.0291,aggressive,BTC-USD,buy,1.15831,100000,86332.7,2.70002,322896,1.15831,1,0,86352.4,2.28216,18,180.041,0,100023,2.28216,18.0041,-0,20.2863,0,0,20.2863,-12.0291,1,23,0,0,0.0594061,20.7957,0,0,0,0,4.87273,2.59172,,,4.35103,2.0699,,,2.00714,-0.27452,,
latency_outage,volatile_thin,100000,aggressive|outage|no-cod,40,3,False,"coinbase>=1,000,000",prints+quotes,9100016,10,2.5854,359142,2.90115,8.01667,-12.0291,aggressive,BTC-USD,sell,1.15831,100000,86332.7,2.70002,386957,1.15831,1,0,86302,3.55328,18,179.936,0,99964.5,3.55328,17.9936,0,21.5469,0,0,21.5469,12.0291,1,21,0,0,0.0594061,20.7957,0,0,0,0,0.962058,-2.59172,,,1.48406,-2.0699,,,3.82932,0.27452,,
latency_outage,volatile_thin,100000,aggressive|prints-only,40,0,True,"coinbase>=1,000,000",prints-only,9100016,10,2.5854,359142,2.90115,8.01667,-12.0291,aggressive,BTC-USD,buy,1.15831,100000,86332.7,2.70002,322896,1.15831,1,0,86352.4,2.28216,18,180.041,0,100023,2.28216,18.0041,-0,20.2863,0,0,20.2863,-12.0291,1,23,0,0,0.0594061,0,0,0,0,0,4.87273,2.59172,,,4.35103,2.0699,,,2.00714,-0.27452,,
latency_outage,volatile_thin,100000,aggressive|prints-only,40,0,True,"coinbase>=1,000,000",prints-only,9100016,10,2.5854,359142,2.90115,8.01667,-12.0291,aggressive,BTC-USD,sell,1.15831,100000,86332.7,2.70002,386957,1.15831,1,0,86302,3.55328,18,179.936,0,99964.5,3.55328,17.9936,0,21.5469,0,0,21.5469,12.0291,1,21,0,0,0.0594061,0,0,0,0,0,0.962058,-2.59172,,,1.48406,-2.0699,,,3.82932,0.27452,,
latency_outage,volatile_thin,100000,hybrid|lat250ms,250,0,True,"coinbase>=1,000,000",prints+quotes,9100016,10,2.5854,359142,2.90115,8.01667,-12.0291,hybrid,BTC-USD,buy,1.15831,100000,86332.7,2.70002,322896,1.15831,1,1,86325.7,-0.80804,8,79.9935,99991.9,0,-0.80804,7.99935,-0,7.19131,0,0,7.19131,-12.0291,35,62,1,34,34.4,0,0,51,11,0,2.78027,0.118132,2.78027,0.118132,6.05057,3.3896,6.05057,3.3896,7.80297,5.14292,7.80297,5.14292
latency_outage,volatile_thin,100000,hybrid|lat250ms,250,0,True,"coinbase>=1,000,000",prints+quotes,9100016,10,2.5854,359142,2.90115,8.01667,-12.0291,hybrid,BTC-USD,sell,1.15831,100000,86332.7,2.70002,386957,1.15831,1,0.599367,86256.7,8.79537,12.0044,119.938,59903.7,40008.3,8.79537,11.9938,1.0385e-07,20.7892,9.595e-09,0.000862192,20.7892,12.0291,39,125,0,38,42.4536,0,0,107,7,0,4.21626,2.42982,4.00995,2.58744,6.12552,4.33859,6.42787,5.0047,-6.97495,-8.75905,-4.74943,-6.17036
latency_outage,volatile_thin,100000,hybrid|lat40ms,40,0,True,"coinbase>=1,000,000",prints+quotes,9100016,10,2.5854,359142,2.90115,8.01667,-12.0291,hybrid,BTC-USD,buy,1.15831,100000,86332.7,2.70002,322896,1.15831,1,1,86353.9,2.46201,8,80.0197,100025,0,2.46201,8.00197,-0,10.464,0,0,10.464,-12.0291,24,72,0,23,20.4,0,0,64,8,0,5.57138,1.53473,5.57138,1.53473,9.16989,5.1351,9.16989,5.1351,15.3818,11.3505,15.3818,11.3505
latency_outage,volatile_thin,100000,hybrid|lat40ms,40,0,True,"coinbase>=1,000,000",prints+quotes,9100016,10,2.5854,359142,2.90115,8.01667,-12.0291,hybrid,BTC-USD,sell,1.15831,100000,86332.7,2.70002,386957,1.15831,1,0.376561,86244.5,10.2156,14.232,142.174,37642,62255.9,10.2156,14.2174,1.0385e-07,24.433,9.595e-09,0.000862192,24.433,12.0291,48,144,0,47,42.1489,0,0,130,0,0,1.59142,0.716718,-0.406085,0.289504,4.58328,3.70813,1.19019,1.88577,-9.30752,-10.181,-8.67226,-7.97709
latency_outage,volatile_thin,100000,hybrid|lat5ms,5,0,True,"coinbase>=1,000,000",prints+quotes,9100016,10,2.5854,359142,2.90115,8.01667,-12.0291,hybrid,BTC-USD,buy,1.15831,100000,86332.7,2.70002,322896,1.15831,1,1,86332,-0.0775951,8,79.9994,99999.2,0,-0.0775951,7.99994,-0,7.92234,0,0,7.92234,-12.0291,26,80,0,25,20.3,0,0,70,10,0,4.25034,0.96423,4.25034,0.96423,6.85559,3.57084,6.85559,3.57084,10.3299,7.04745,10.3299,7.04745
latency_outage,volatile_thin,100000,hybrid|lat5ms,5,0,True,"coinbase>=1,000,000",prints+quotes,9100016,10,2.5854,359142,2.90115,8.01667,-12.0291,hybrid,BTC-USD,sell,1.15831,100000,86332.7,2.70002,386957,1.15831,1,0.374116,86245.2,10.1323,14.2563,142.419,37398.6,62500,10.1323,14.2419,0,24.3742,0,0,24.3742,12.0291,49,149,0,48,42.1047,0,0,134,1,0,1.68621,0.87623,-0.177804,0.711395,4.62335,3.81295,1.25761,2.14684,-9.30149,-10.1103,-8.65361,-7.76505
latency_outage,volatile_thin,100000,hybrid|outage|cod,40,3,True,"coinbase>=1,000,000",prints+quotes,9100016,10,2.5854,359142,2.90115,8.01667,-12.0291,hybrid,BTC-USD,buy,1.15831,100000,86332.7,2.70002,322896,1.15831,1,1,86370.7,4.40534,8,80.0352,100044,0,4.40534,8.00352,-0,12.4089,0,0,12.4089,-12.0291,18,33,0,15,20.4,20.7957,0,27,6,0,6.54803,1.63434,6.54803,1.63434,11.2707,6.35945,11.2707,6.35945,20.2963,15.3899,20.2963,15.3899
latency_outage,volatile_thin,100000,hybrid|outage|cod,40,3,True,"coinbase>=1,000,000",prints+quotes,9100016,10,2.5854,359142,2.90115,8.01667,-12.0291,hybrid,BTC-USD,sell,1.15831,100000,86332.7,2.70002,386957,1.15831,1,0.0945481,86218,13.283,17.0535,170.309,9451.94,90415.2,13.283,17.0309,1.0385e-07,30.3139,9.595e-09,0.000862192,30.3139,12.0291,27,78,0,24,42.1474,20.7957,0,59,0,0,2.50954,0.771166,-2.50514,-1.17856,5.91493,4.17584,-3.21281,-1.8862,-9.03568,-10.7718,-5.00784,-3.68172
latency_outage,volatile_thin,100000,hybrid|outage|no-cod,40,3,False,"coinbase>=1,000,000",prints+quotes,9100016,10,2.5854,359142,2.90115,8.01667,-12.0291,hybrid,BTC-USD,buy,1.15831,100000,86332.7,2.70002,322896,1.15831,1,1,86307.3,-2.9418,8,79.9765,99970.6,0,-2.9418,7.99765,-0,5.05585,0,0,5.05585,-12.0291,6,28,0,5,5.9,20.7957,0,22,6,0,5.02506,0.121851,5.02506,0.121851,4.26718,-0.636513,4.26718,-0.636513,0.706523,-4.19883,0.706523,-4.19883
latency_outage,volatile_thin,100000,hybrid|outage|no-cod,40,3,False,"coinbase>=1,000,000",prints+quotes,9100016,10,2.5854,359142,2.90115,8.01667,-12.0291,hybrid,BTC-USD,sell,1.15831,100000,86332.7,2.70002,386957,1.15831,1,1,86317.9,1.70952,8,79.9863,99982.9,0,1.70952,7.99863,0,9.70815,0,0,9.70815,12.0291,16,73,0,15,29.9,20.7957,0,64,9,0,1.67918,-0.199993,1.67918,-0.199993,-1.63788,-3.51639,-1.63788,-3.51639,-9.59152,-11.4683,-9.59152,-11.4683
latency_outage,volatile_thin,100000,hybrid|prints-only,40,0,True,"coinbase>=1,000,000",prints-only,9100016,10,2.5854,359142,2.90115,8.01667,-12.0291,hybrid,BTC-USD,buy,1.15831,100000,86332.7,2.70002,322896,1.15831,1,0.305331,86270.4,-7.21532,14.9456,149.349,30521.6,69406.2,-7.21532,14.9349,-0,7.71953,0,0,7.71953,-12.0291,56,134,0,55,42.1852,0,0,121,0,0,2.10723,-0.0366348,1.00795,2.09772,-0.330441,-2.47535,1.74422,2.83367,13.7061,11.565,10.5968,11.6852
latency_outage,volatile_thin,100000,hybrid|prints-only,40,0,True,"coinbase>=1,000,000",prints-only,9100016,10,2.5854,359142,2.90115,8.01667,-12.0291,hybrid,BTC-USD,sell,1.15831,100000,86332.7,2.70002,386957,1.15831,1,0.376561,86244.5,10.2156,14.232,142.174,37642,62255.9,10.2156,14.2174,1.0385e-07,24.433,9.595e-09,0.000862192,24.433,12.0291,48,144,0,47,42.1489,0,0,130,0,0,1.59142,0.716718,-0.406085,0.289504,4.58328,3.70813,1.19019,1.88577,-9.30752,-10.181,-8.67226,-7.97709
latency_outage,volatile_thin,100000,passive|lat250ms,250,0,True,"coinbase>=1,000,000",prints+quotes,9100016,10,2.5854,359142,2.90115,8.01667,-12.0291,passive,BTC-USD,buy,1.15831,100000,86332.7,2.70002,322896,1.15831,1,1,86325.7,-0.80804,8,79.9935,99991.9,0,-0.80804,7.99935,-0,7.19131,0,0,7.19131,-12.0291,35,62,1,34,34.4,0,0,51,11,0,2.78027,0.118132,2.78027,0.118132,6.05057,3.3896,6.05057,3.3896,7.80297,5.14292,7.80297,5.14292
latency_outage,volatile_thin,100000,passive|lat250ms,250,0,True,"coinbase>=1,000,000",prints+quotes,9100016,10,2.5854,359142,2.90115,8.01667,-12.0291,passive,BTC-USD,sell,1.15831,100000,86332.7,2.70002,386957,0.771806,0.666321,1,86281.7,5.89753,8,53.2742,66592.8,0,3.92965,5.32742,4.01385,13.2709,0.590685,33321.9,19.8595,12.0291,58,133,1,57,60.1029,0,0,126,7,0.00123721,3.62049,2.39834,3.62049,2.39834,5.18273,3.96001,5.18273,3.96001,-6.20158,-7.42241,-6.20158,-7.42241
latency_outage,volatile_thin,100000,passive|lat40ms,40,0,True,"coinbase>=1,000,000",prints+quotes,9100016,10,2.5854,359142,2.90115,8.01667,-12.0291,passive,BTC-USD,buy,1.15831,100000,86332.7,2.70002,322896,1.15831,1,1,86353.9,2.46201,8,80.0197,100025,0,2.46201,8.00197,-0,10.464,0,0,10.464,-12.0291,24,72,0,23,20.4,0,0,64,8,0,5.57138,1.53473,5.57138,1.53473,9.16989,5.1351,9.16989,5.1351,15.3818,11.3505,15.3818,11.3505
latency_outage,volatile_thin,100000,passive|lat40ms,40,0,True,"coinbase>=1,000,000",prints+quotes,9100016,10,2.5854,359142,2.90115,8.01667,-12.0291,passive,BTC-USD,sell,1.15831,100000,86332.7,2.70002,386957,0.916574,0.791303,1,86262.2,8.16437,8,63.2526,79065.7,0,6.46049,6.32526,2.51043,15.2962,0.298499,20841.6,19.3462,12.0291,72,174,0,72,60.0059,0,0,168,6,9.166e-05,0.831357,0.403171,0.831357,0.403171,-1.02945,-1.45721,-1.02945,-1.45721,-13.9794,-14.406,-13.9794,-14.406
latency_outage,volatile_thin,100000,passive|lat5ms,5,0,True,"coinbase>=1,000,000",prints+quotes,9100016,10,2.5854,359142,2.90115,8.01667,-12.0291,passive,BTC-USD,buy,1.15831,100000,86332.7,2.70002,322896,1.15831,1,1,86332,-0.0775951,8,79.9994,99999.2,0,-0.0775951,7.99994,-0,7.92234,0,0,7.92234,-12.0291,26,80,0,25,20.3,0,0,70,10,0,4.25034,0.96423,4.25034,0.96423,6.85559,3.57084,6.85559,3.57084,10.3299,7.04745,10.3299,7.04745
latency_outage,volatile_thin,100000,passive|lat5ms,5,0,True,"coinbase>=1,000,000",prints+quotes,9100016,10,2.5854,359142,2.90115,8.01667,-12.0291,passive,BTC-USD,sell,1.15831,100000,86332.7,2.70002,386957,1.07442,0.927574,1,86251.2,9.43511,8,74.1359,92669.9,0,8.75176,7.41359,0.87122,17.0366,0.0837502,7233.08,18.4223,12.0291,73,180,0,73,59.5614,0,0,171,9,0,0.999402,0.364677,0.999402,0.364677,0.210846,-0.423614,0.210846,-0.423614,-14.3733,-15.0061,-14.3733,-15.0061
latency_outage,volatile_thin,100000,passive|outage|cod,40,3,True,"coinbase>=1,000,000",prints+quotes,9100016,10,2.5854,359142,2.90115,8.01667,-12.0291,passive,BTC-USD,buy,1.15831,100000,86332.7,2.70002,322896,1.15831,1,1,86370.7,4.40534,8,80.0352,100044,0,4.40534,8.00352,-0,12.4089,0,0,12.4089,-12.0291,18,33,0,15,20.4,20.7957,0,27,6,0,6.54803,1.63434,6.54803,1.63434,11.2707,6.35945,11.2707,6.35945,20.2963,15.3899,20.2963,15.3899
latency_outage,volatile_thin,100000,passive|outage|cod,40,3,True,"coinbase>=1,000,000",prints+quotes,9100016,10,2.5854,359142,2.90115,8.01667,-12.0291,passive,BTC-USD,sell,1.15831,100000,86332.7,2.70002,386957,0.589824,0.509211,1,86242.2,10.4726,8,40.6942,50867.7,0,5.33278,4.06942,5.90373,15.3059,0.990617,49010,25.1183,12.0291,51,102,0,48,59.5614,20.7957,0,96,6,0,1.1276,0.193958,1.1276,0.193958,-3.07475,-4.00771,-3.07475,-4.00771,-16.2381,-17.169,-16.2381,-17.169
latency_outage,volatile_thin,100000,passive|outage|no-cod,40,3,False,"coinbase>=1,000,000",prints+quotes,9100016,10,2.5854,359142,2.90115,8.01667,-12.0291,passive,BTC-USD,buy,1.15831,100000,86332.7,2.70002,322896,1.15831,1,1,86307.3,-2.9418,8,79.9765,99970.6,0,-2.9418,7.99765,-0,5.05585,0,0,5.05585,-12.0291,6,28,0,5,5.9,20.7957,0,22,6,0,5.02506,0.121851,5.02506,0.121851,4.26718,-0.636513,4.26718,-0.636513,0.706523,-4.19883,0.706523,-4.19883
latency_outage,volatile_thin,100000,passive|outage|no-cod,40,3,False,"coinbase>=1,000,000",prints+quotes,9100016,10,2.5854,359142,2.90115,8.01667,-12.0291,passive,BTC-USD,sell,1.15831,100000,86332.7,2.70002,386957,1.15831,1,1,86317.9,1.70952,8,79.9863,99982.9,0,1.70952,7.99863,0,9.70815,0,0,9.70815,12.0291,16,73,0,15,29.9,20.7957,0,64,9,0,1.67918,-0.199993,1.67918,-0.199993,-1.63788,-3.51639,-1.63788,-3.51639,-9.59152,-11.4683,-9.59152,-11.4683
latency_outage,volatile_thin,100000,passive|prints-only,40,0,True,"coinbase>=1,000,000",prints-only,9100016,10,2.5854,359142,2.90115,8.01667,-12.0291,passive,BTC-USD,buy,1.15831,100000,86332.7,2.70002,322896,0.372054,0.321204,1,86295.3,-4.33048,8,25.6852,32106.5,0,-1.39097,2.56852,-8.16527,-6.98771,1.8041,67815.9,7.02325,-12.0291,73,151,0,73,59.5538,0,0,151,0,0,0.800492,1.87075,0.800492,1.87075,1.59655,2.66649,1.59655,2.66649,10.8161,11.8851,10.8161,11.8851
latency_outage,volatile_thin,100000,passive|prints-only,40,0,True,"coinbase>=1,000,000",prints-only,9100016,10,2.5854,359142,2.90115,8.01667,-12.0291,passive,BTC-USD,sell,1.15831,100000,86332.7,2.70002,386957,0.58297,0.503293,1,86283.2,5.72784,8,40.2404,50300.5,0,2.88278,4.02404,5.97491,12.8817,1.00882,49600.9,22.8187,12.0291,72,168,0,72,60.0059,0,0,168,0,9.166e-05,-0.495957,0.295557,-0.495957,0.295557,0.00123543,0.792697,0.00123543,0.792697,-11.2091,-10.4183,-11.2091,-10.4183
latency_outage,volatile_thin,100000,aggressive|lat250ms,250,0,True,"coinbase>=1,000,000",prints+quotes,9100017,10,2.67503,367722,2.53977,8.45,-6.19224,aggressive,BTC-USD,buy,1.15851,100000,86317.8,2.64604,433283,1.15851,1,0,86342.5,2.86494,18,180.052,0,100029,2.86494,18.0052,-0,20.8701,0,0,20.8701,-6.19224,1,18,0,0,0.194687,0,0,0,0,0,5.05593,2.19248,,,10.6326,7.77071,,,-8.12993,-10.9972,,
latency_outage,volatile_thin,100000,aggressive|lat250ms,250,0,True,"coinbase>=1,000,000",prints+quotes,9100017,10,2.67503,367722,2.53977,8.45,-6.19224,aggressive,BTC-USD,sell,1.15851,100000,86317.8,2.64604,434242,1.15851,1,0,86301,1.94314,18,179.965,0,99980.6,1.94314,17.9965,1.18683e-15,19.9396,0,0,19.9396,6.19224,1,17,0,0,0.194687,0,0,0,0,0,-0.249362,-2.19248,,,-5.82867,-7.77071,,,12.9428,10.9972,,
latency_outage,volatile_thin,100000,aggressive|lat40ms,40,0,True,"coinbase>=1,000,000",prints+quotes,9100017,10,2.67503,367722,2.53977,8.45,-6.19224,aggressive,BTC-USD,buy,1.15851,100000,86317.8,2.64604,433283,1.15851,1,0,86342.1,2.82335,18,180.051,0,100028,2.82335,18.0051,-0,20.8284,0,0,20.8284,-6.19224,1,19,0,0,0.03115,0,0,0,0,0,4.66809,1.84609,,,10.591,7.77071,,,-8.17153,-10.9972,,
latency_outage,volatile_thin,100000,aggressive|lat40ms,40,0,True,"coinbase>=1,000,000",prints+quotes,9100017,10,2.67503,367722,2.53977,8.45,-6.19224,aggressive,BTC-USD,sell,1.15851,100000,86317.8,2.64604,434242,1.15851,1,0,86301.5,1.87989,18,179.966,0,99981.2,1.87989,17.9966,0,19.8765,0,0,19.8765,6.19224,1,17,0,0,0.03115,0,0,0,0,0,0.0338304,-1.84609,,,-5.8919,-7.77071,,,12.8795,10.9972,,
latency_outage,volatile_thin,100000,aggressive|lat5ms,5,0,True,"coinbase>=1,000,000",prints+quotes,9100017,10,2.67503,367722,2.53977,8.45,-6.19224,aggressive,BTC-USD,buy,1.15851,100000,86317.8,2.64604,433283,1.15851,1,0,86342.1,2.82335,18,180.051,0,100028,2.82335,18.0051,-0,20.8284,0,0,20.8284,-6.19224,1,19,0,0,0.00389374,0,0,0,0,0,4.66809,1.84609,,,10.591,7.77071,,,-8.17153,-10.9972,,
latency_outage,volatile_thin,100000,aggressive|lat5ms,5,0,True,"coinbase>=1,000,000",prints+quotes,9100017,10,2.67503,367722,2.53977,8.45,-6.19224,aggressive,BTC-USD,sell,1.15851,100000,86317.8,2.64604,434242,1.15851,1,0,86301.5,1.87989,18,179.966,0,99981.2,1.87989,17.9966,0,19.8765,0,0,19.8765,6.19224,1,17,0,0,0.00389374,0,0,0,0,0,0.0338304,-1.84609,,,-5.8919,-7.77071,,,12.8795,10.9972,,
latency_outage,volatile_thin,100000,aggressive|outage|cod,40,3,True,"coinbase>=1,000,000",prints+quotes,9100017,10,2.67503,367722,2.53977,8.45,-6.19224,aggressive,BTC-USD,buy,1.15851,100000,86317.8,2.64604,433283,1.15851,1,0,86342.1,2.82335,18,180.051,0,100028,2.82335,18.0051,-0,20.8284,0,0,20.8284,-6.19224,1,19,0,0,0.03115,4.86901,0,0,0,0,4.66809,1.84609,,,10.591,7.77071,,,-8.17153,-10.9972,,
latency_outage,volatile_thin,100000,aggressive|outage|cod,40,3,True,"coinbase>=1,000,000",prints+quotes,9100017,10,2.67503,367722,2.53977,8.45,-6.19224,aggressive,BTC-USD,sell,1.15851,100000,86317.8,2.64604,434242,1.15851,1,0,86301.5,1.87989,18,179.966,0,99981.2,1.87989,17.9966,0,19.8765,0,0,19.8765,6.19224,1,17,0,0,0.03115,4.86901,0,0,0,0,0.0338304,-1.84609,,,-5.8919,-7.77071,,,12.8795,10.9972,,
latency_outage,volatile_thin,100000,aggressive|outage|no-cod,40,3,False,"coinbase>=1,000,000",prints+quotes,9100017,10,2.67503,367722,2.53977,8.45,-6.19224,aggressive,BTC-USD,buy,1.15851,100000,86317.8,2.64604,433283,1.15851,1,0,86342.1,2.82335,18,180.051,0,100028,2.82335,18.0051,-0,20.8284,0,0,20.8284,-6.19224,1,19,0,0,0.03115,4.86901,0,0,0,0,4.66809,1.84609,,,10.591,7.77071,,,-8.17153,-10.9972,,
latency_outage,volatile_thin,100000,aggressive|outage|no-cod,40,3,False,"coinbase>=1,000,000",prints+quotes,9100017,10,2.67503,367722,2.53977,8.45,-6.19224,aggressive,BTC-USD,sell,1.15851,100000,86317.8,2.64604,434242,1.15851,1,0,86301.5,1.87989,18,179.966,0,99981.2,1.87989,17.9966,0,19.8765,0,0,19.8765,6.19224,1,17,0,0,0.03115,4.86901,0,0,0,0,0.0338304,-1.84609,,,-5.8919,-7.77071,,,12.8795,10.9972,,
latency_outage,volatile_thin,100000,aggressive|prints-only,40,0,True,"coinbase>=1,000,000",prints-only,9100017,10,2.67503,367722,2.53977,8.45,-6.19224,aggressive,BTC-USD,buy,1.15851,100000,86317.8,2.64604,433283,1.15851,1,0,86342.1,2.82335,18,180.051,0,100028,2.82335,18.0051,-0,20.8284,0,0,20.8284,-6.19224,1,19,0,0,0.03115,0,0,0,0,0,4.66809,1.84609,,,10.591,7.77071,,,-8.17153,-10.9972,,
latency_outage,volatile_thin,100000,aggressive|prints-only,40,0,True,"coinbase>=1,000,000",prints-only,9100017,10,2.67503,367722,2.53977,8.45,-6.19224,aggressive,BTC-USD,sell,1.15851,100000,86317.8,2.64604,434242,1.15851,1,0,86301.5,1.87989,18,179.966,0,99981.2,1.87989,17.9966,0,19.8765,0,0,19.8765,6.19224,1,17,0,0,0.03115,0,0,0,0,0,0.0338304,-1.84609,,,-5.8919,-7.77071,,,12.8795,10.9972,,
latency_outage,volatile_thin,100000,hybrid|lat250ms,250,0,True,"coinbase>=1,000,000",prints+quotes,9100017,10,2.67503,367722,2.53977,8.45,-6.19224,hybrid,BTC-USD,buy,1.15851,100000,86317.8,2.64604,433283,1.15851,1,1,86317.8,0.00409163,8,80,100000,0,0.00409163,8,-0,8.00409,0,0,8.00409,-6.19224,34,86,1,32,40.0111,0,0,82,4,0,0.295667,0.808774,0.295667,0.808774,3.81235,4.32456,3.81235,4.32456,6.67726,7.18851,6.67726,7.18851
latency_outage,volatile_thin,100000,hybrid|lat250ms,250,0,True,"coinbase>=1,000,000",prints+quotes,9100017,10,2.67503,367722,2.53977,8.45,-6.19224,hybrid,BTC-USD,sell,1.15851,100000,86317.8,2.64604,434242,1.15851,1,1,86274.2,5.04838,8,79.9596,99949.5,0,5.04838,7.99596,0,13.0443,0,0,13.0443,6.19224,19,44,0,19,20.9,0,0,38,6,0,7.34641,0.968145,7.34641,0.968145,11.9457,5.56392,11.9457,5.56392,-3.03405,-9.40445,-3.03405,-9.40445
latency_outage,volatile_thin,100000,hybrid|lat40ms,40,0,True,"coinbase>=1,000,000",prints+quotes,9100017,10,2.67503,367722,2.53977,8.45,-6.19224,hybrid,BTC-USD,buy,1.15851,100000,86317.8,2.64604,433283,1.15851,1,1,86358.9,4.76489,8,80.0381,100048,0,4.76489,8.00381,-0,12.7687,0,0,12.7687,-6.19224,43,112,0,42,40.0111,0,0,109,3,0,1.4105,1.9765,1.4105,1.9765,6.39335,6.95891,6.39335,6.95891,13.3279,13.8933,13.3279,13.8933
latency_outage,volatile_thin,100000,hybrid|lat40ms,40,0,True,"coinbase>=1,000,000",prints+quotes,9100017,10,2.67503,367722,2.53977,8.45,-6.19224,hybrid,BTC-USD,sell,1.15851,100000,86317.8,2.64604,434242,1.15851,1,0.316286,86313.2,0.53396,14.8375,148.367,31623.1,68371.5,0.53396,14.8367,0,15.3707,0,0,15.3707,6.19224,51,126,0,50,42.0353,0,0,111,3,0,0.653851,-2.24502,1.38646,-0.603984,-2.93418,-5.83227,1.81258,-0.179285,-8.31407,-11.2095,-0.929763,-2.91803
latency_outage,volatile_thin,100000,hybrid|lat5ms,5,0,True,"coinbase>=1,000,000",prints+quotes,9100017,10,2.67503,367722,2.53977,8.45,-6.19224,hybrid,BTC-USD,buy,1.15851,100000,86317.8,2.64604,433283,1.15851,1,1,86332.3,1.68658,8,80.0135,100017,0,1.68658,8.00135,-0,9.68793,0,0,9.68793,-6.19224,45,126,0,44,40.0111,0,0,124,2,0,-0.529711,0.74485,-0.529711,0.74485,4.6972,5.97106,4.6972,5.97106,10.1178,11.391,10.1178,11.391
latency_outage,volatile_thin,100000,hybrid|lat5ms,5,0,True,"coinbase>=1,000,000",prints+quotes,9100017,10,2.67503,367722,2.53977,8.45,-6.19224,hybrid,BTC-USD,sell,1.15851,100000,86317.8,2.64604,434242,1.15851,1,1,86244.9,8.44658,8,79.9324,99915.5,0,8.44658,7.99324,0,16.4398,0,0,16.4398,6.19224,18,43,0,17,14.4,0,0,37,6,0,4.94116,0.131495,4.94116,0.131495,0.235322,-4.57198,0.235322,-4.57198,6.09706,1.28757,6.09706,1.28757
latency_outage,volatile_thin,100000,hybrid|outage|cod,40,3,True,"coinbase>=1,000,000",prints+quotes,9100017,10,2.67503,367722,2.53977,8.45,-6.19224,hybrid,BTC-USD,buy,1.15851,100000,86317.8,2.64604,433283,1.15851,1,1,86356.1,4.44061,8,80.0355,100044,0,4.44061,8.00355,-0,12.4442,0,0,12.4442,-6.19224,41,101,0,39,40.0111,4.86901,0,99,2,0,1.16969,1.85613,1.16969,1.85613,6.32396,7.00992,6.32396,7.00992,13.192,13.8777,13.192,13.8777
latency_outage,volatile_thin,100000,hybrid|outage|cod,40,3,True,"coinbase>=1,000,000",prints+quotes,9100017,10,2.67503,367722,2.53977,8.45,-6.19224,hybrid,BTC-USD,sell,1.15851,100000,86317.8,2.64604,434242,1.15851,1,0.316925,86313.1,0.534608,14.8311,148.303,31687,68307.7,0.534608,14.8303,1.18683e-15,15.3649,0,0,15.3649,6.19224,48,129,0,46,42.0592,4.86901,0,114,3,0,0.658046,-2.24207,1.39913,-0.599499,-2.92918,-5.82851,1.81596,-0.184076,-8.31182,-11.2085,-0.942859,-2.9393
latency_outage,volatile_thin,100000,hybrid|outage|no-cod,40,3,False,"coinbase>=1,000,000",prints+quotes,9100017,10,2.67503,367722,2.53977,8.45,-6.19224,hybrid,BTC-USD,buy,1.15851,100000,86317.8,2.64604,433283,1.15851,1,1,86408.7,10.54,8,80.0843,100105,0,10.54,8.00843,-0,18.5484,0,0,18.5484,-6.19224,37,90,0,36,35.7,4.86901,0,83,7,0,5.81641,3.35115,5.81641,3.35115,7.79089,5.32616,7.79089,5.32616,15.8646,13.4019,15.8646,13.4019
latency_outage,volatile_thin,100000,hybrid|outage|no-cod,40,3,False,"coinbase>=1,000,000",prints+quotes,9100017,10,2.67503,367722,2.53977,8.45,-6.19224,hybrid,BTC-USD,sell,1.15851,100000,86317.8,2.64604,434242,1.15851,1,0.313704,86313,0.551051,14.8634,148.625,31364.7,68629.8,0.551051,14.8625,1.18683e-15,15.4136,0,0,15.4136,6.19224,48,125,0,47,42.0274,4.86901,0,110,3,0,0.666584,-2.24817,1.42937,-0.594262,-2.91755,-5.83151,1.91625,-0.108805,-8.30083,-11.2122,-0.805166,-2.82658
latency_outage,volatile_thin,100000,hybrid|prints-only,40,0,True,"coinbase>=1,000,000",prints-only,9100017,10,2.67503,367722,2.53977,8.45,-6.19224,hybrid,BTC-USD,buy,1.15851,100000,86317.8,2.64604,433283,1.15851,1,1,86336.6,2.18513,8,80.0175,100022,0,2.18513,8.00175,-0,10.1869,0,0,10.1869,-6.19224,43,111,0,42,40.0111,0,0,111,0,0,-0.239661,1.08698,-0.239661,1.08698,5.46285,6.78872,5.46285,6.78872,11.6238,12.9489,11.6238,12.9489
latency_outage,volatile_thin,100000,hybrid|prints-only,40,0,True,"coinbase>=1,000,000",prints-only,9100017,10,2.67503,367722,2.53977,8.45,-6.19224,hybrid,BTC-USD,sell,1.15851,100000,86317.8,2.64604,434242,1.15851,1,0.150362,86319.4,-0.195317,16.4961,164.964,15039.3,84962.7,-0.195317,16.4964,1.18683e-15,16.3011,0,0,16.3011,6.19224,51,125,0,50,42.0353,0,0,111,0,0,0.237989,-2.579,-1.07762,-0.176507,-4.54974,-7.36513,-2.151,-1.24995,-10.4895,-13.303,-4.35927,-3.45843
latency_outage,volatile_thin,100000,passive|lat250ms,250,0,True,"coinbase>=1,000,000",prints+quotes,9100017,10,2.67503,367722,2.53977,8.45,-6.19224,passive,BTC-USD,buy,1.15851,100000,86317.8,2.64604,433283,1.15851,1,1,86317.8,0.00409163,8,80,100000,0,0.00409163,8,-0,8.00409,0,0,8.00409,-6.19224,34,86,1,32,40.0111,0,0,82,4,0,0.295667,0.808774,0.295667,0.808774,3.81235,4.32456,3.81235,4.32456,6.67726,7.18851,6.67726,7.18851
latency_outage,volatile_thin,100000,passive|lat250ms,250,0,True,"coinbase>=1,000,000",prints+quotes,9100017,10,2.67503,367722,2.53977,8.45,-6.19224,passive,BTC-USD,sell,1.15851,100000,86317.8,2.64604,434242,1.15851,1,1,86274.2,5.04838,8,79.9596,99949.5,0,5.04838,7.99596,0,13.0443,0,0,13.0443,6.19224,19,44,0,19,20.9,0,0,38,6,0,7.34641,0.968145,7.34641,0.968145,11.9457,5.56392,11.9457,5.56392,-3.03405,-9.40445,-3.03405,-9.40445
latency_outage,volatile_thin,100000,passive|lat40ms,40,0,True,"coinbase>=1,000,000",prints+quotes,9100017,10,2.67503,367722,2.53977,8.45,-6.19224,passive,BTC-USD,buy,1.15851,100000,86317.8,2.64604,433283,1.15851,1,1,86358.9,4.76489,8,80.0381,100048,0,4.76489,8.00381,-0,12.7687,0,0,12.7687,-6.19224,43,112,0,42,40.0111,0,0,109,3,0,1.4105,1.9765,1.4105,1.9765,6.39335,6.95891,6.39335,6.95891,13.3279,13.8933,13.3279,13.8933
latency_outage,volatile_thin,100000,passive|lat40ms,40,0,True,"coinbase>=1,000,000",prints+quotes,9100017,10,2.67503,367722,2.53977,8.45,-6.19224,passive,BTC-USD,sell,1.15851,100000,86317.8,2.64604,434242,0.473782,0.408958,1,86294.4,2.70231,8,32.7078,40884.7,0,1.10513,3.27078,3.65987,8.03578,1.90293,59048.6,20.5675,6.19224,71,159,0,71,59.7392,0,0,156,3,0,0.52136,-0.696888,0.52136,-0.696888,1.02258,-0.196735,1.02258,-0.196735,-2.08326,-3.29989,-2.08326,-3.29989
latency_outage,volatile_thin,100000,passive|lat5ms,5,0,True,"coinbase>=1,000,000",prints+quotes,9100017,10,2.67503,367722,2.53977,8.45,-6.19224,passive,BTC-USD,buy,1.15851,100000,86317.8,2.64604,433283,1.15851,1,1,86332.3,1.68658,8,80.0135,100017,0,1.68658,8.00135,-0,9.68793,0,0,9.68793,-6.19224,45,126,0,44,40.0111,0,0,124,2,0,-0.529711,0.74485,-0.529711,0.74485,4.6972,5.97106,4.6972,5.97106,10.1178,11.391,10.1178,11.391
latency_outage,volatile_thin,100000,passive|lat5ms,5,0,True,"coinbase>=1,000,000",prints+quotes,9100017,10,2.67503,367722,2.53977,8.45,-6.19224,passive,BTC-USD,sell,1.15851,100000,86317.8,2.64604,434242,1.15851,1,1,86244.9,8.44658,8,79.9324,99915.5,0,8.44658,7.99324,0,16.4398,0,0,16.4398,6.19224,18,43,0,17,14.4,0,0,37,6,0,4.94116,0.131495,4.94116,0.131495,0.235322,-4.57198,0.235322,-4.57198,6.09706,1.28757,6.09706,1.28757
latency_outage,volatile_thin,100000,passive|outage|cod,40,3,True,"coinbase>=1,000,000",prints+quotes,9100017,10,2.67503,367722,2.53977,8.45,-6.19224,passive,BTC-USD,buy,1.15851,100000,86317.8,2.64604,433283,1.15851,1,1,86356.1,4.44061,8,80.0355,100044,0,4.44061,8.00355,-0,12.4442,0,0,12.4442,-6.19224,41,101,0,39,40.0111,4.86901,0,99,2,0,1.16969,1.85613,1.16969,1.85613,6.32396,7.00992,6.32396,7.00992,13.192,13.8777,13.192,13.8777
latency_outage,volatile_thin,100000,passive|outage|cod,40,3,True,"coinbase>=1,000,000",prints+quotes,9100017,10,2.67503,367722,2.53977,8.45,-6.19224,passive,BTC-USD,sell,1.15851,100000,86317.8,2.64604,434242,0.432971,0.373731,1,86295.6,2.56308,8,29.8908,37363.5,0,0.957903,2.98908,3.87801,7.82499,2.04579,62567.7,21.133,6.19224,65,160,0,63,59.7392,4.86901,0,157,3,0,1.26034,-0.301441,1.26034,-0.301441,1.67325,0.110283,1.67325,0.110283,-1.60762,-3.16762,-1.60762,-3.16762
latency_outage,volatile_thin,100000,passive|outage|no-cod,40,3,False,"coinbase>=1,000,000",prints+quotes,9100017,10,2.67503,367722,2.53977,8.45,-6.19224,passive,BTC-USD,buy,1.15851,100000,86317.8,2.64604,433283,1.15851,1,1,86408.7,10.54,8,80.0843,100105,0,10.54,8.00843,-0,18.5484,0,0,18.5484,-6.19224,37,90,0,36,35.7,4.86901,0,83,7,0,5.81641,3.35115,5.81641,3.35115,7.79089,5.32616,7.79089,5.32616,15.8646,13.4019,15.8646,13.4019
latency_outage,volatile_thin,100000,passive|outage|no-cod,40,3,False,"coinbase>=1,000,000",prints+quotes,9100017,10,2.67503,367722,2.53977,8.45,-6.19224,passive,BTC-USD,sell,1.15851,100000,86317.8,2.64604,434242,0.41578,0.358892,1,86297.4,2.36327,8,28.7046,35880.7,0,0.848158,2.87046,3.96989,7.68851,2.10637,64050,21.3239,6.19224,65,153,0,65,59.4265,4.86901,0,150,3,0,1.31393,-0.345511,1.31393,-0.345511,1.76733,0.106648,1.76733,0.106648,-1.486,-3.14358,-1.486,-3.14358
latency_outage,volatile_thin,100000,passive|prints-only,40,0,True,"coinbase>=1,000,000",prints-only,9100017,10,2.67503,367722,2.53977,8.45,-6.19224,passive,BTC-USD,buy,1.15851,100000,86317.8,2.64604,433283,1.15851,1,1,86336.6,2.18513,8,80.0175,100022,0,2.18513,8.00175,-0,10.1869,0,0,10.1869,-6.19224,43,111,0,42,40.0111,0,0,111,0,0,-0.239661,1.08698,-0.239661,1.08698,5.46285,6.78872,5.46285,6.78872,11.6238,12.9489,11.6238,12.9489
latency_outage,volatile_thin,100000,passive|prints-only,40,0,True,"coinbase>=1,000,000",prints-only,9100017,10,2.67503,367722,2.53977,8.45,-6.19224,passive,BTC-USD,sell,1.15851,100000,86317.8,2.64604,434242,0.281557,0.243034,1,86309,1.01956,8,19.4407,24300.9,0,0.247788,1.94407,4.68732,6.87917,2.66646,75623.1,23.1578,6.19224,71,156,0,71,59.7392,0,0,156,0,0,-1.59376,-0.495841,-1.59376,-0.495841,-1.969,-0.871055,-1.969,-0.871055,-4.99257,-3.89494,-4.99257,-3.89494
latency_outage,volatile_thin,100000,aggressive|lat250ms,250,0,True,"coinbase>=1,000,000",prints+quotes,9100018,10,2.6765,395433,1.81605,8.38333,-1.78761,aggressive,BTC-USD,buy,1.15966,100000,86232.4,2.54777,369817,1.15966,1,0,86254.2,2.53745,18,180.046,0,100025,2.53745,18.0046,-3.42282e-16,20.542,0,0,20.542,-1.78761,1,22,0,0,0.219191,0,0,0,0,0,-0.506551,-3.0441,,,2.19245,-0.344418,,,-0.331487,-2.86899,,
latency_outage,volatile_thin,100000,aggressive|lat250ms,250,0,True,"coinbase>=1,000,000",prints+quotes,9100018,10,2.6765,395433,1.81605,8.38333,-1.78761,aggressive,BTC-USD,sell,1.15966,100000,86232.4,2.54777,411707,1.15966,1,0,86204.3,3.25622,18,179.941,0,99967.4,3.25622,17.9941,0,21.2504,0,0,21.2504,1.78761,1,23,0,0,0.219191,0,0,0,0,0,6.30244,3.0441,,,3.60188,0.344418,,,6.12727,2.86899,,
latency_outage,volatile_thin,100000,aggressive|lat40ms,40,0,True,"coinbase>=1,000,000",prints+quotes,9100018,10,2.6765,395433,1.81605,8.38333,-1.78761,aggressive,BTC-USD,buy,1.15966,100000,86232.4,2.54777,369817,1.15966,1,0,86254.9,2.61069,18,180.047,0,100026,2.61069,18.0047,-6.84564e-16,20.6154,0,0,20.6154,-1.78761,1,23,0,0,0.0350706,0,0,0,0,0,-0.433337,-3.0441,,,2.26564,-0.344418,,,-0.243203,-2.85392,,
latency_outage,volatile_thin,100000,aggressive|lat40ms,40,0,True,"coinbase>=1,000,000",prints+quotes,9100018,10,2.6765,395433,1.81605,8.38333,-1.78761,aggressive,BTC-USD,sell,1.15966,100000,86232.4,2.54777,411707,1.15966,1,0,86203.9,3.30343,18,179.941,0,99967,3.30343,17.9941,0,21.2975,0,0,21.2975,1.78761,1,22,0,0,0.0350706,0,0,0,0,0,6.34968,3.0441,,,3.64911,0.344418,,,6.15944,2.85392,,
latency_outage,volatile_thin,100000,aggressive|lat5ms,5,0,True,"coinbase>=1,000,000",prints+quotes,9100018,10,2.6765,395433,1.81605,8.38333,-1.78761,aggressive,BTC-USD,buy,1.15966,100000,86232.4,2.54777,369817,1.15966,1,0,86254.9,2.61069,18,180.047,0,100026,2.61069,18.0047,-6.84564e-16,20.6154,0,0,20.6154,-1.78761,1,23,0,0,0.00438382,0,0,0,0,0,-0.433337,-3.0441,,,2.26564,-0.344418,,,-0.243203,-2.85392,,
latency_outage,volatile_thin,100000,aggressive|lat5ms,5,0,True,"coinbase>=1,000,000",prints+quotes,9100018,10,2.6765,395433,1.81605,8.38333,-1.78761,aggressive,BTC-USD,sell,1.15966,100000,86232.4,2.54777,411707,1.15966,1,0,86203.9,3.30343,18,179.941,0,99967,3.30343,17.9941,0,21.2975,0,0,21.2975,1.78761,1,22,0,0,0.00438382,0,0,0,0,0,6.34968,3.0441,,,3.64911,0.344418,,,6.15944,2.85392,,
latency_outage,volatile_thin,100000,aggressive|outage|cod,40,3,True,"coinbase>=1,000,000",prints+quotes,9100018,10,2.6765,395433,1.81605,8.38333,-1.78761,aggressive,BTC-USD,buy,1.15966,100000,86232.4,2.54777,369817,1.15966,1,0,86254.9,2.61069,18,180.047,0,100026,2.61069,18.0047,-6.84564e-16,20.6154,0,0,20.6154,-1.78761,1,23,0,0,0.0350706,0.0897224,0,0,0,0,-0.433337,-3.0441,,,2.26564,-0.344418,,,-0.243203,-2.85392,,
latency_outage,volatile_thin,100000,aggressive|outage|cod,40,3,True,"coinbase>=1,000,000",prints+quotes,9100018,10,2.6765,395433,1.81605,8.38333,-1.78761,aggressive,BTC-USD,sell,1.15966,100000,86232.4,2.54777,411707,1.15966,1,0,86203.9,3.30343,18,179.941,0,99967,3.30343,17.9941,0,21.2975,0,0,21.2975,1.78761,1,22,0,0,0.0350706,0.0897224,0,0,0,0,6.34968,3.0441,,,3.64911,0.344418,,,6.15944,2.85392,,
latency_outage,volatile_thin,100000,aggressive|outage|no-cod,40,3,False,"coinbase>=1,000,000",prints+quotes,9100018,10,2.6765,395433,1.81605,8.38333,-1.78761,aggressive,BTC-USD,buy,1.15966,100000,86232.4,2.54777,369817,1.15966,1,0,86254.9,2.61069,18,180.047,0,100026,2.61069,18.0047,-6.84564e-16,20.6154,0,0,20.6154,-1.78761,1,23,0,0,0.0350706,0.0897224,0,0,0,0,-0.433337,-3.0441,,,2.26564,-0.344418,,,-0.243203,-2.85392,,
latency_outage,volatile_thin,100000,aggressive|outage|no-cod,40,3,False,"coinbase>=1,000,000",prints+quotes,9100018,10,2.6765,395433,1.81605,8.38333,-1.78761,aggressive,BTC-USD,sell,1.15966,100000,86232.4,2.54777,411707,1.15966,1,0,86203.9,3.30343,18,179.941,0,99967,3.30343,17.9941,0,21.2975,0,0,21.2975,1.78761,1,22,0,0,0.0350706,0.0897224,0,0,0,0,6.34968,3.0441,,,3.64911,0.344418,,,6.15944,2.85392,,
latency_outage,volatile_thin,100000,aggressive|prints-only,40,0,True,"coinbase>=1,000,000",prints-only,9100018,10,2.6765,395433,1.81605,8.38333,-1.78761,aggressive,BTC-USD,buy,1.15966,100000,86232.4,2.54777,369817,1.15966,1,0,86254.9,2.61069,18,180.047,0,100026,2.61069,18.0047,-6.84564e-16,20.6154,0,0,20.6154,-1.78761,1,23,0,0,0.0350706,0,0,0,0,0,-0.433337,-3.0441,,,2.26564,-0.344418,,,-0.243203,-2.85392,,
latency_outage,volatile_thin,100000,aggressive|prints-only,40,0,True,"coinbase>=1,000,000",prints-only,9100018,10,2.6765,395433,1.81605,8.38333,-1.78761,aggressive,BTC-USD,sell,1.15966,100000,86232.4,2.54777,411707,1.15966,1,0,86203.9,3.30343,18,179.941,0,99967,3.30343,17.9941,0,21.2975,0,0,21.2975,1.78761,1,22,0,0,0.0350706,0,0,0,0,0,6.34968,3.0441,,,3.64911,0.344418,,,6.15944,2.85392,,
latency_outage,volatile_thin,100000,hybrid|lat250ms,250,0,True,"coinbase>=1,000,000",prints+quotes,9100018,10,2.6765,395433,1.81605,8.38333,-1.78761,hybrid,BTC-USD,buy,1.15966,100000,86232.4,2.54777,369817,1.15966,1,0.61797,86262.9,3.54303,11.8204,118.246,61818.2,38217.2,3.54303,11.8246,-0,15.3676,0,0,15.3676,-1.78761,38,88,0,37,42.1514,0,0,81,1,0,1.27081,-0.0716522,1.0594,0.71416,1.13883,-0.203386,-0.0732506,-0.418367,9.8976,8.55751,5.89223,5.54812
latency_outage,volatile_thin,100000,hybrid|lat250ms,250,0,True,"coinbase>=1,000,000",prints+quotes,9100018,10,2.6765,395433,1.81605,8.38333,-1.78761,hybrid,BTC-USD,sell,1.15966,100000,86232.4,2.54777,411707,1.15966,1,0.675991,86244.3,-1.39078,11.2393,112.409,67616,32397.9,-1.39078,11.2409,0,9.85013,0,0,9.85013,1.78761,42,98,0,41,42.5356,0,0,81,8,0,1.48031,0.172421,0.565315,-0.19287,-0.693843,-2.0014,-1.75595,-2.51387,-2.33243,-3.63901,1.85838,1.10042
latency_outage,volatile_thin,100000,hybrid|lat40ms,40,0,True,"coinbase>=1,000,000",prints+quotes,9100018,10,2.6765,395433,1.81605,8.38333,-1.78761,hybrid,BTC-USD,buy,1.15966,100000,86232.4,2.54777,369817,1.15966,1,1,86255.9,2.72734,8,80.0218,100027,0,2.72734,8.00218,-0,10.7295,0,0,10.7295,-1.78761,45,122,0,44,39.9,0,0,118,4,0,0.291019,0.360485,0.291019,0.360485,0.482323,0.551783,0.482323,0.551783,1.3819,1.45127,1.3819,1.45127
latency_outage,volatile_thin,100000,hybrid|lat40ms,40,0,True,"coinbase>=1,000,000",prints+quotes,9100018,10,2.6765,395433,1.81605,8.38333,-1.78761,hybrid,BTC-USD,sell,1.15966,100000,86232.4,2.54777,411707,1.15966,1,1,86259.8,-3.17855,8,80.0254,100032,0,-3.17855,8.00254,0,4.82399,0,0,4.82399,1.78761,39,89,0,38,32.1109,0,0,85,4,0,-1.08636,-0.379223,-1.08636,-0.379223,-1.00679,-0.299554,-1.00679,-0.299554,-0.575605,0.131724,-0.575605,0.131724
latency_outage,volatile_thin,100000,hybrid|lat5ms,5,0,True,"coinbase>=1,000,000",prints+quotes,9100018,10,2.6765,395433,1.81605,8.38333,-1.78761,hybrid,BTC-USD,buy,1.15966,100000,86232.4,2.54777,369817,1.15966,1,1,86257.8,2.94916,8,80.0236,100029,0,2.94916,8.00236,-0,10.9515,0,0,10.9515,-1.78761,46,127,0,45,40.1,0,0,122,5,0,0.417656,0.494927,0.417656,0.494927,0.54679,0.62408,0.54679,0.62408,3.14839,3.22579,3.14839,3.22579
latency_outage,volatile_thin,100000,hybrid|lat5ms,5,0,True,"coinbase>=1,000,000",prints+quotes,9100018,10,2.6765,395433,1.81605,8.38333,-1.78761,hybrid,BTC-USD,sell,1.15966,100000,86232.4,2.54777,411707,1.15966,1,1,86258.3,-3.00407,8,80.024,100030,0,-3.00407,8.0024,1.5415e-08,4.99833,1.193e-08,0.00086205,4.99833,1.78761,40,98,0,39,32.1109,0,0,94,4,0,-0.955429,-0.385927,-0.955429,-0.385927,-0.853558,-0.283927,-0.853558,-0.283927,-0.301247,0.268438,-0.301247,0.268438
latency_outage,volatile_thin,100000,hybrid|outage|cod,40,3,True,"coinbase>=1,000,000",prints+quotes,9100018,10,2.6765,395433,1.81605,8.38333,-1.78761,hybrid,BTC-USD,buy,1.15966,100000,86232.4,2.54777,369817,1.15966,1,1,86255.9,2.72729,8,80.0218,100027,0,2.72729,8.00218,-0,10.7295,0,0,10.7295,-1.78761,46,119,1,44,39.9,0.0897224,0,115,4,0,0.290989,0.360371,0.290989,0.360371,0.482311,0.551688,0.482311,0.551688,1.38183,1.45112,1.38183,1.45112
latency_outage,volatile_thin,100000,hybrid|outage|cod,40,3,True,"coinbase>=1,000,000",prints+quotes,9100018,10,2.6765,395433,1.81605,8.38333,-1.78761,hybrid,BTC-USD,sell,1.15966,100000,86232.4,2.54777,411707,1.15966,1,1,86259.8,-3.17855,8,80.0254,100032,0,-3.17855,8.00254,0,4.82399,0,0,4.82399,1.78761,39,89,0,38,32.1109,0.0897224,0,85,4,0,-1.08636,-0.379223,-1.08636,-0.379223,-1.00679,-0.299554,-1.00679,-0.299554,-0.575605,0.131724,-0.575605,0.131724
latency_outage,volatile_thin,100000,hybrid|outage|no-cod,40,3,False,"coinbase>=1,000,000",prints+quotes,9100018,10,2.6765,395433,1.81605,8.38333,-1.78761,hybrid,BTC-USD,buy,1.15966,100000,86232.4,2.54777,369817,1.15966,1,1,86255.9,2.72734,8,80.0218,100027,0,2.72734,8.00218,-0,10.7295,0,0,10.7295,-1.78761,45,122,0,44,39.9,0.0897224,0,118,4,0,0.291019,0.360485,0.291019,0.360485,0.482323,0.551783,0.482323,0.551783,1.3819,1.45127,1.3819,1.45127
latency_outage,volatile_thin,100000,hybrid|outage|no-cod,40,3,False,"coinbase>=1,000,000",prints+quotes,9100018,10,2.6765,395433,1.81605,8.38333,-1.78761,hybrid,BTC-USD,sell,1.15966,100000,86232.4,2.54777,411707,1.15966,1,1,86259.8,-3.17855,8,80.0254,100032,0,-3.17855,8.00254,0,4.82399,0,0,4.82399,1.78761,39,89,0,38,32.1109,0.0897224,0,85,4,0,-1.08636,-0.379223,-1.08636,-0.379223,-1.00679,-0.299554,-1.00679,-0.299554,-0.575605,0.131724,-0.575605,0.131724
latency_outage,volatile_thin,100000,hybrid|prints-only,40,0,True,"coinbase>=1,000,000",prints-only,9100018,10,2.6765,395433,1.81605,8.38333,-1.78761,hybrid,BTC-USD,buy,1.15966,100000,86232.4,2.54777,369817,1.15966,1,0.793908,86259.6,3.16376,10.061,100.642,79415.3,20616.3,3.16376,10.0642,-0,13.2279,0,0,13.2279,-1.78761,49,135,0,48,42.1324,0,0,131,0,0,0.413652,0.250262,0.176926,0.663802,0.703053,0.539706,0.155505,0.642333,3.92356,3.7608,0.765284,1.25192
latency_outage,volatile_thin,100000,hybrid|prints-only,40,0,True,"coinbase>=1,000,000",prints-only,9100018,10,2.6765,395433,1.81605,8.38333,-1.78761,hybrid,BTC-USD,sell,1.15966,100000,86232.4,2.54777,411707,1.15966,1,0.777234,86257.6,-2.92478,10.2267,102.297,77755.3,22274,-2.92478,10.2297,1.5415e-08,7.30496,1.193e-08,0.00086205,7.30496,1.78761,51,131,0,50,42.143,0,0,123,0,0,-0.318197,0.476198,-1.35601,0.227823,-0.701129,0.0934357,-1.42238,0.161593,-5.33683,-4.54181,-3.57943,-1.99563
latency_outage,volatile_thin,100000,passive|lat250ms,250,0,True,"coinbase>=1,000,000",prints+quotes,9100018,10,2.6765,395433,1.81605,8.38333,-1.78761,passive,BTC-USD,buy,1.15966,100000,86232.4,2.54777,369817,1.15966,1,1,86251.9,2.26828,8,80.0181,100023,0,2.26828,8.00181,-0,10.2701,0,0,10.2701,-1.78761,44,116,0,44,51.3,0,0,112,4,0,0.326862,0.288538,0.326862,0.288538,-0.567154,-0.605433,-0.567154,-0.605433,7.71956,7.68174,7.71956,7.68174
latency_outage,volatile_thin,100000,passive|lat250ms,250,0,True,"coinbase>=1,000,000",prints+quotes,9100018,10,2.6765,395433,1.81605,8.38333,-1.78761,passive,BTC-USD,sell,1.15966,100000,86232.4,2.54777,411707,1.15116,0.992672,1,86260.8,-3.30223,8,79.44,99300,0,-3.27803,7.944,0.0130991,4.67907,0.0101376,732.536,4.82106,1.78761,55,119,0,55,59.1268,0,0,111,8,0,-0.564791,-0.592102,-0.564791,-0.592102,-4.0482,-4.07563,-4.0482,-4.07563,-6.40589,-6.43409,-6.40589,-6.43409
latency_outage,volatile_thin,100000,passive|lat40ms,40,0,True,"coinbase>=1,000,000",prints+quotes,9100018,10,2.6765,395433,1.81605,8.38333,-1.78761,passive,BTC-USD,buy,1.15966,100000,86232.4,2.54777,369817,1.15966,1,1,86255.9,2.72734,8,80.0218,100027,0,2.72734,8.00218,-0,10.7295,0,0,10.7295,-1.78761,45,122,0,44,39.9,0,0,118,4,0,0.291019,0.360485,0.291019,0.360485,0.482323,0.551783,0.482323,0.551783,1.3819,1.45127,1.3819,1.45127
latency_outage,volatile_thin,100000,passive|lat40ms,40,0,True,"coinbase>=1,000,000",prints+quotes,9100018,10,2.6765,395433,1.81605,8.38333,-1.78761,passive,BTC-USD,sell,1.15966,100000,86232.4,2.54777,411707,1.15966,1,1,86259.8,-3.17855,8,80.0254,100032,0,-3.17855,8.00254,0,4.82399,0,0,4.82399,1.78761,39,89,0,38,32.1109,0,0,85,4,0,-1.08636,-0.379223,-1.08636,-0.379223,-1.00679,-0.299554,-1.00679,-0.299554,-0.575605,0.131724,-0.575605,0.131724
latency_outage,volatile_thin,100000,passive|lat5ms,5,0,True,"coinbase>=1,000,000",prints+quotes,9100018,10,2.6765,395433,1.81605,8.38333,-1.78761,passive,BTC-USD,buy,1.15966,100000,86232.4,2.54777,369817,1.15966,1,1,86257.8,2.94916,8,80.0236,100029,0,2.94916,8.00236,-0,10.9515,0,0,10.9515,-1.78761,46,127,0,45,40.1,0,0,122,5,0,0.417656,0.494927,0.417656,0.494927,0.54679,0.62408,0.54679,0.62408,3.14839,3.22579,3.14839,3.22579
latency_outage,volatile_thin,100000,passive|lat5ms,5,0,True,"coinbase>=1,000,000",prints+quotes,9100018,10,2.6765,395433,1.81605,8.38333,-1.78761,passive,BTC-USD,sell,1.15966,100000,86232.4,2.54777,411707,1.15966,1,1,86258.3,-3.00407,8,80.024,100030,0,-3.00407,8.0024,1.5415e-08,4.99833,1.193e-08,0.00086205,4.99833,1.78761,40,98,0,39,32.1109,0,0,94,4,0,-0.955429,-0.385927,-0.955429,-0.385927,-0.853558,-0.283927,-0.853558,-0.283927,-0.301247,0.268438,-0.301247,0.268438
latency_outage,volatile_thin,100000,passive|outage|cod,40,3,True,"coinbase>=1,000,000",prints+quotes,9100018,10,2.6765,395433,1.81605,8.38333,-1.78761,passive,BTC-USD,buy,1.15966,100000,86232.4,2.54777,369817,1.15966,1,1,86255.9,2.72729,8,80.0218,100027,0,2.72729,8.00218,-0,10.7295,0,0,10.7295,-1.78761,46,119,1,44,39.9,0.0897224,0,115,4,0,0.290989,0.360371,0.290989,0.360371,0.482311,0.551688,0.482311,0.551688,1.38183,1.45112,1.38183,1.45112
latency_outage,volatile_thin,100000,passive|outage|cod,40,3,True,"coinbase>=1,000,000",prints+quotes,9100018,10,2.6765,395433,1.81605,8.38333,-1.78761,passive,BTC-USD,sell,1.15966,100000,86232.4,2.54777,411707,1.15966,1,1,86259.8,-3.17855,8,80.0254,100032,0,-3.17855,8.00254,0,4.82399,0,0,4.82399,1.78761,39,89,0,38,32.1109,0.0897224,0,85,4,0,-1.08636,-0.379223,-1.08636,-0.379223,-1.00679,-0.299554,-1.00679,-0.299554,-0.575605,0.131724,-0.575605,0.131724
latency_outage,volatile_thin,100000,passive|outage|no-cod,40,3,False,"coinbase>=1,000,000",prints+quotes,9100018,10,2.6765,395433,1.81605,8.38333,-1.78761,passive,BTC-USD,buy,1.15966,100000,86232.4,2.54777,369817,1.15966,1,1,86255.9,2.72734,8,80.0218,100027,0,2.72734,8.00218,-0,10.7295,0,0,10.7295,-1.78761,45,122,0,44,39.9,0.0897224,0,118,4,0,0.291019,0.360485,0.291019,0.360485,0.482323,0.551783,0.482323,0.551783,1.3819,1.45127,1.3819,1.45127
latency_outage,volatile_thin,100000,passive|outage|no-cod,40,3,False,"coinbase>=1,000,000",prints+quotes,9100018,10,2.6765,395433,1.81605,8.38333,-1.78761,passive,BTC-USD,sell,1.15966,100000,86232.4,2.54777,411707,1.15966,1,1,86259.8,-3.17855,8,80.0254,100032,0,-3.17855,8.00254,0,4.82399,0,0,4.82399,1.78761,39,89,0,38,32.1109,0.0897224,0,85,4,0,-1.08636,-0.379223,-1.08636,-0.379223,-1.00679,-0.299554,-1.00679,-0.299554,-0.575605,0.131724,-0.575605,0.131724
latency_outage,volatile_thin,100000,passive|prints-only,40,0,True,"coinbase>=1,000,000",prints-only,9100018,10,2.6765,395433,1.81605,8.38333,-1.78761,passive,BTC-USD,buy,1.15966,100000,86232.4,2.54777,369817,1.15966,1,1,86252.4,2.32002,8,80.0186,100023,0,2.32002,8.00186,-0,10.3219,0,0,10.3219,-1.78761,52,156,0,51,48.3165,0,0,156,0,0,-0.264194,0.383169,-0.264194,0.383169,-0.297614,0.349714,-0.297614,0.349714,2.55376,3.20064,2.55376,3.20064
latency_outage,volatile_thin,100000,passive|prints-only,40,0,True,"coinbase>=1,000,000",prints-only,9100018,10,2.6765,395433,1.81605,8.38333,-1.78761,passive,BTC-USD,sell,1.15966,100000,86232.4,2.54777,411707,1.15966,1,1,86269.8,-4.34515,8,80.0348,100043,0,-4.34515,8.00348,0,3.65832,0,0,3.65832,1.78761,64,157,0,63,56.1091,0,0,157,0,0,-1.62405,-0.0710467,-1.62405,-0.0710467,-2.77195,-1.21901,-2.77195,-1.21901,-8.02545,-6.47316,-8.02545,-6.47316
latency_outage,volatile_thin,100000,aggressive|lat250ms,250,0,True,"coinbase>=1,000,000",prints+quotes,9100019,10,2.90977,354428,2.45127,9.71667,-6.45468,aggressive,BTC-USD,buy,1.15717,100000,86417.9,3.07344,405056,1.15717,1,0,86441.1,2.68439,18,180.048,0,100027,2.68439,18.0048,-0,20.6892,0,0,20.6892,-6.45468,1,20,0,0,0.261811,0,0,0,0,0,0.469989,-2.21424,,,-8.12604,-10.8126,,,12.5447,9.8637,,
latency_outage,volatile_thin,100000,aggressive|lat250ms,250,0,True,"coinbase>=1,000,000",prints+quotes,9100019,10,2.90977,354428,2.45127,9.71667,-6.45468,aggressive,BTC-USD,sell,1.15717,100000,86417.9,3.07344,272624,1.15717,1,0,86385.8,3.71725,18,179.933,0,99962.8,3.71725,17.9933,1.23856e-15,21.7106,0,0,21.7106,6.45468,1,23,0,0,0.261811,0,0,0,0,0,5.9338,2.21424,,,14.5353,10.8126,,,-6.14863,-9.8637,,
latency_outage,volatile_thin,100000,aggressive|lat40ms,40,0,True,"coinbase>=1,000,000",prints+quotes,9100019,10,2.90977,354428,2.45127,9.71667,-6.45468,aggressive,BTC-USD,buy,1.15717,100000,86417.9,3.07344,405056,1.15717,1,0,86441.2,2.69228,18,180.048,0,100027,2.69228,18.0048,1.23856e-15,20.6971,0,0,20.6971,-6.45468,1,20,0,0,0.0418898,0,0,0,0,0,0.477875,-2.21424,,,-7.80406,-10.4984,,,12.5734,9.88453,,
latency_outage,volatile_thin,100000,aggressive|lat40ms,40,0,True,"coinbase>=1,000,000",prints+quotes,9100019,10,2.90977,354428,2.45127,9.71667,-6.45468,aggressive,BTC-USD,sell,1.15717,100000,86417.9,3.07344,272624,1.15717,1,0,86383.7,3.9591,18,179.929,0,99960.4,3.9591,17.9929,0,21.952,0,0,21.952,6.45468,1,25,0,0,0.0418898,0,0,0,0,0,6.1759,2.21424,,,14.4633,10.4984,,,-5.92766,-9.88453,,
latency_outage,volatile_thin,100000,aggressive|lat5ms,5,0,True,"coinbase>=1,000,000",prints+quotes,9100019,10,2.90977,354428,2.45127,9.71667,-6.45468,aggressive,BTC-USD,buy,1.15717,100000,86417.9,3.07344,405056,1.15717,1,0,86441.2,2.69228,18,180.048,0,100027,2.69228,18.0048,1.23856e-15,20.6971,0,0,20.6971,-6.45468,1,20,0,0,0.00523622,0,0,0,0,0,0.477875,-2.21424,,,-7.80406,-10.4984,,,12.5734,9.88453,,
latency_outage,volatile_thin,100000,aggressive|lat5ms,5,0,True,"coinbase>=1,000,000",prints+quotes,9100019,10,2.90977,354428,2.45127,9.71667,-6.45468,aggressive,BTC-USD,sell,1.15717,100000,86417.9,3.07344,272624,1.15717,1,0,86383.7,3.9591,18,179.929,0,99960.4,3.9591,17.9929,0,21.952,0,0,21.952,6.45468,1,25,0,0,0.00523622,0,0,0,0,0,6.1759,2.21424,,,14.4633,10.4984,,,-5.92766,-9.88453,,
latency_outage,volatile_thin,100000,aggressive|outage|cod,40,3,True,"coinbase>=1,000,000",prints+quotes,9100019,10,2.90977,354428,2.45127,9.71667,-6.45468,aggressive,BTC-USD,buy,1.15717,100000,86417.9,3.07344,405056,1.15717,1,0,86441.2,2.69228,18,180.048,0,100027,2.69228,18.0048,1.23856e-15,20.6971,0,0,20.6971,-6.45468,1,20,0,0,0.0418898,5.59079,0,0,0,0,0.477875,-2.21424,,,-7.80406,-10.4984,,,12.5734,9.88453,,
latency_outage,volatile_thin,100000,aggressive|outage|cod,40,3,True,"coinbase>=1,000,000",prints+quotes,9100019,10,2.90977,354428,2.45127,9.71667,-6.45468,aggressive,BTC-USD,sell,1.15717,100000,86417.9,3.07344,272624,1.15717,1,0,86383.7,3.9591,18,179.929,0,99960.4,3.9591,17.9929,0,21.952,0,0,21.952,6.45468,1,25,0,0,0.0418898,5.59079,0,0,0,0,6.1759,2.21424,,,14.4633,10.4984,,,-5.92766,-9.88453,,
latency_outage,volatile_thin,100000,aggressive|outage|no-cod,40,3,False,"coinbase>=1,000,000",prints+quotes,9100019,10,2.90977,354428,2.45127,9.71667,-6.45468,aggressive,BTC-USD,buy,1.15717,100000,86417.9,3.07344,405056,1.15717,1,0,86441.2,2.69228,18,180.048,0,100027,2.69228,18.0048,1.23856e-15,20.6971,0,0,20.6971,-6.45468,1,20,0,0,0.0418898,5.59079,0,0,0,0,0.477875,-2.21424,,,-7.80406,-10.4984,,,12.5734,9.88453,,
latency_outage,volatile_thin,100000,aggressive|outage|no-cod,40,3,False,"coinbase>=1,000,000",prints+quotes,9100019,10,2.90977,354428,2.45127,9.71667,-6.45468,aggressive,BTC-USD,sell,1.15717,100000,86417.9,3.07344,272624,1.15717,1,0,86383.7,3.9591,18,179.929,0,99960.4,3.9591,17.9929,0,21.952,0,0,21.952,6.45468,1,25,0,0,0.0418898,5.59079,0,0,0,0,6.1759,2.21424,,,14.4633,10.4984,,,-5.92766,-9.88453,,
latency_outage,volatile_thin,100000,aggressive|prints-only,40,0,True,"coinbase>=1,000,000",prints-only,9100019,10,2.90977,354428,2.45127,9.71667,-6.45468,aggressive,BTC-USD,buy,1.15717,100000,86417.9,3.07344,405056,1.15717,1,0,86441.2,2.69228,18,180.048,0,100027,2.69228,18.0048,1.23856e-15,20.6971,0,0,20.6971,-6.45468,1,20,0,0,0.0418898,0,0,0,0,0,0.477875,-2.21424,,,-7.80406,-10.4984,,,12.5734,9.88453,,
latency_outage,volatile_thin,100000,aggressive|prints-only,40,0,True,"coinbase>=1,000,000",prints-only,9100019,10,2.90977,354428,2.45127,9.71667,-6.45468,aggressive,BTC-USD,sell,1.15717,100000,86417.9,3.07344,272624,1.15717,1,0,86383.7,3.9591,18,179.929,0,99960.4,3.9591,17.9929,0,21.952,0,0,21.952,6.45468,1,25,0,0,0.0418898,0,0,0,0,0,6.1759,2.21424,,,14.4633,10.4984,,,-5.92766,-9.88453,,
latency_outage,volatile_thin,100000,hybrid|lat250ms,250,0,True,"coinbase>=1,000,000",prints+quotes,9100019,10,2.90977,354428,2.45127,9.71667,-6.45468,hybrid,BTC-USD,buy,1.15717,100000,86417.9,3.07344,405056,1.15717,1,1,86369.8,-5.56451,8,79.9555,99944.4,0,-5.56451,7.99555,-0,2.43104,0,0,2.43104,-6.45468,34,65,1,33,35.3013,0,0,58,7,0,1.0095,-0.156399,1.0095,-0.156399,-0.179288,-1.3457,-0.179288,-1.3457,3.47885,2.31255,3.47885,2.31255
latency_outage,volatile_thin,100000,hybrid|lat250ms,250,0,True,"coinbase>=1,000,000",prints+quotes,9100019,10,2.90977,354428,2.45127,9.71667,-6.45468,hybrid,BTC-USD,sell,1.15717,100000,86417.9,3.07344,272624,1.15717,1,1,86451,-3.83142,8,80.0307,100038,0,-3.83142,8.00307,5.578e-08,4.17165,8.12e-09,0.00086354,4.17165,6.45468,25,44,0,25,25.9,0,0,37,7,0,-0.0172084,-1.19597,-0.0172084,-1.19597,-4.24511,-5.42352,-4.24511,-5.42352,-12.4349,-13.6121,-12.4349,-13.6121
latency_outage,volatile_thin,100000,hybrid|lat40ms,40,0,True,"coinbase>=1,000,000",prints+quotes,9100019,10,2.90977,354428,2.45127,9.71667,-6.45468,hybrid,BTC-USD,buy,1.15717,100000,86417.9,3.07344,405056,1.15717,1,1,86467.4,5.72489,8,80.0458,100057,0,5.72489,8.00458,-5.578e-08,13.7295,8.12e-09,0.000863702,13.7295,-6.45468,18,60,0,17,14.914,0,0,58,2,0,1.4226,1.08337,1.4226,1.08337,7.72499,7.38578,7.72499,7.38578,13.5314,13.1928,13.5314,13.1928
latency_outage,volatile_thin,100000,hybrid|lat40ms,40,0,True,"coinbase>=1,000,000",prints+quotes,9100019,10,2.90977,354428,2.45127,9.71667,-6.45468,hybrid,BTC-USD,sell,1.15717,100000,86417.9,3.07344,272624,1.15717,1,0.830533,86394.4,2.72317,9.69294,96.903,83048,16924.8,2.72317,9.6903,5.578e-08,12.4135,8.12e-09,0.00086354,12.4135,6.45468,52,109,0,51,42.0316,0,0,102,2,0,-1.2537,-0.338131,-2.02851,-0.680869,-6.0783,-5.16358,-7.73815,-6.39153,-6.24931,-5.33477,-9.17487,-7.82831
latency_outage,volatile_thin,100000,hybrid|lat5ms,5,0,True,"coinbase>=1,000,000",prints+quotes,9100019,10,2.90977,354428,2.45127,9.71667,-6.45468,hybrid,BTC-USD,buy,1.15717,100000,86417.9,3.07344,405056,1.15717,1,1,86501,9.61098,8,80.0769,100096,0,9.61098,8.00769,1.23856e-15,17.6187,0,0,17.6187,-6.45468,10,38,0,10,6.9,0,0,31,7,0,3.4101,2.18265,3.4101,2.18265,9.21965,7.99294,9.21965,7.99294,16.3272,15.1011,16.3272,15.1011
latency_outage,volatile_thin,100000,hybrid|lat5ms,5,0,True,"coinbase>=1,000,000",prints+quotes,9100019,10,2.90977,354428,2.45127,9.71667,-6.45468,hybrid,BTC-USD,sell,1.15717,100000,86417.9,3.07344,272624,1.15717,1,1,86396.4,2.48671,8,79.9801,99975.1,0,2.48671,7.99801,5.578e-08,10.4847,8.12e-09,0.00086354,10.4847,6.45468,53,119,0,52,41.4283,0,0,117,2,0,-1.76566,-0.876025,-1.76566,-0.876025,-5.91263,-5.02396,-5.91263,-5.02396,-7.02925,-6.14057,-7.02925,-6.14057
latency_outage,volatile_thin,100000,hybrid|outage|cod,40,3,True,"coinbase>=1,000,000",prints+quotes,9100019,10,2.90977,354428,2.45127,9.71667,-6.45468,hybrid,BTC-USD,buy,1.15717,100000,86417.9,3.07344,405056,1.15717,1,1,86467.4,5.72489,8,80.0458,100057,0,5.72489,8.00458,-5.578e-08,13.7295,8.12e-09,0.000863702,13.7295,-6.45468,18,60,0,17,14.914,5.59079,0,58,2,0,1.4226,1.08337,1.4226,1.08337,7.72499,7.38578,7.72499,7.38578,13.5314,13.1928,13.5314,13.1928
latency_outage,volatile_thin,100000,hybrid|outage|cod,40,3,True,"coinbase>=1,000,000",prints+quotes,9100019,10,2.90977,354428,2.45127,9.71667,-6.45468,hybrid,BTC-USD,sell,1.15717,100000,86417.9,3.07344,272624,1.15717,1,0.975539,86398.3,2.26692,8.24435,82.4249,97534.3,2442.99,2.26692,8.24249,5.578e-08,10.5094,8.12e-09,0.00086354,10.5094,6.45468,48,103,0,47,42.1494,5.59079,0,99,2,0,-1.95239,-0.624183,-2.09162,-0.704571,-6.4852,-5.15781,-6.70848,-5.32226,-6.65835,-5.33087,-7.02352,-5.6372
latency_outage,volatile_thin,100000,hybrid|outage|no-cod,40,3,False,"coinbase>=1,000,000",prints+quotes,9100019,10,2.90977,354428,2.45127,9.71667,-6.45468,hybrid,BTC-USD,buy,1.15717,100000,86417.9,3.07344,405056,1.15717,1,1,86467.4,5.72489,8,80.0458,100057,0,5.72489,8.00458,-5.578e-08,13.7295,8.12e-09,0.000863702,13.7295,-6.45468,18,60,0,17,14.914,5.59079,0,58,2,0,1.4226,1.08337,1.4226,1.08337,7.72499,7.38578,7.72499,7.38578,13.5314,13.1928,13.5314,13.1928
latency_outage,volatile_thin,100000,hybrid|outage|no-cod,40,3,False,"coinbase>=1,000,000",prints+quotes,9100019,10,2.90977,354428,2.45127,9.71667,-6.45468,hybrid,BTC-USD,sell,1.15717,100000,86417.9,3.07344,272624,1.15717,1,0.975539,86398.3,2.26692,8.24435,82.4249,97534.3,2442.99,2.26692,8.24249,5.578e-08,10.5094,8.12e-09,0.00086354,10.5094,6.45468,48,103,0,47,42.1494,5.59079,0,99,2,0,-1.95239,-0.624183,-2.09162,-0.704571,-6.4852,-5.15781,-6.70848,-5.32226,-6.65835,-5.33087,-7.02352,-5.6372
latency_outage,volatile_thin,100000,hybrid|prints-only,40,0,True,"coinbase>=1,000,000",prints-only,9100019,10,2.90977,354428,2.45127,9.71667,-6.45468,hybrid,BTC-USD,buy,1.15717,100000,86417.9,3.07344,405056,1.15717,1,1,86415.2,-0.308367,8,79.9975,99996.9,0,-0.308367,7.99975,-5.578e-08,7.69139,8.12e-09,0.000863702,7.69139,-6.45468,25,77,0,24,20.7291,0,0,77,0,0,1.25789,1.81596,1.25789,1.81596,4.6004,5.15788,4.6004,5.15788,6.54304,7.10019,6.54304,7.10019
latency_outage,volatile_thin,100000,hybrid|prints-only,40,0,True,"coinbase>=1,000,000",prints-only,9100019,10,2.90977,354428,2.45127,9.71667,-6.45468,hybrid,BTC-USD,sell,1.15717,100000,86417.9,3.07344,272624,1.15717,1,0.769398,86395,2.65519,10.3036,103.009,76943.5,23030,2.65519,10.3009,1.1156e-07,12.9561,1.624e-08,0.00172708,12.9561,6.45468,52,107,0,51,42.0316,0,0,102,0,0,-1.20455,-0.284498,-2.37045,-0.771861,-6.24605,-5.3268,-8.77694,-7.17942,-6.0888,-5.16978,-10.3805,-8.78302
latency_outage,volatile_thin,100000,passive|lat250ms,250,0,True,"coinbase>=1,000,000",prints+quotes,9100019,10,2.90977,354428,2.45127,9.71667,-6.45468,passive,BTC-USD,buy,1.15717,100000,86417.9,3.07344,405056,1.15717,1,1,86369.8,-5.56451,8,79.9555,99944.4,0,-5.56451,7.99555,-0,2.43104,0,0,2.43104,-6.45468,34,65,1,33,35.3013,0,0,58,7,0,1.0095,-0.156399,1.0095,-0.156399,-0.179288,-1.3457,-0.179288,-1.3457,3.47885,2.31255,3.47885,2.31255
latency_outage,volatile_thin,100000,passive|lat250ms,250,0,True,"coinbase>=1,000,000",prints+quotes,9100019,10,2.90977,354428,2.45127,9.71667,-6.45468,passive,BTC-USD,sell,1.15717,100000,86417.9,3.07344,272624,1.15717,1,1,86451,-3.83142,8,80.0307,100038,0,-3.83142,8.00307,5.578e-08,4.17165,8.12e-09,0.00086354,4.17165,6.45468,25,44,0,25,25.9,0,0,37,7,0,-0.0172084,-1.19597,-0.0172084,-1.19597,-4.24511,-5.42352,-4.24511,-5.42352,-12.4349,-13.6121,-12.4349,-13.6121
latency_outage,volatile_thin,100000,passive|lat40ms,40,0,True,"coinbase>=1,000,000",prints+quotes,9100019,10,2.90977,354428,2.45127,9.71667,-6.45468,passive,BTC-USD,buy,1.15717,100000,86417.9,3.07344,405056,1.15717,1,1,86467.4,5.72489,8,80.0458,100057,0,5.72489,8.00458,-5.578e-08,13.7295,8.12e-09,0.000863702,13.7295,-6.45468,18,60,0,17,14.914,0,0,58,2,0,1.4226,1.08337,1.4226,1.08337,7.72499,7.38578,7.72499,7.38578,13.5314,13.1928,13.5314,13.1928
latency_outage,volatile_thin,100000,passive|lat40ms,40,0,True,"coinbase>=1,000,000",prints+quotes,9100019,10,2.90977,354428,2.45127,9.71667,-6.45468,passive,BTC-USD,sell,1.15717,100000,86417.9,3.07344,272624,1.15717,1,1,86401.3,1.91665,8,79.9847,99980.8,0,1.91665,7.99847,5.578e-08,9.91512,8.12e-09,0.00086354,9.91512,6.45468,68,125,0,67,54.6052,0,0,122,3,0,-1.8991,-0.558576,-1.8991,-0.558576,-5.94115,-4.60132,-5.94115,-4.60132,-7.11439,-5.77462,-7.11439,-5.77462
latency_outage,volatile_thin,100000,passive|lat5ms,5,0,True,"coinbase>=1,000,000",prints+quotes,9100019,10,2.90977,354428,2.45127,9.71667,-6.45468,passive,BTC-USD,buy,1.15717,100000,86417.9,3.07344,405056,1.15717,1,1,86501,9.61098,8,80.0769,100096,0,9.61098,8.00769,1.23856e-15,17.6187,0,0,17.6187,-6.45468,10,38,0,10,6.9,0,0,31,7,0,3.4101,2.18265,3.4101,2.18265,9.21965,7.99294,9.21965,7.99294,16.3272,15.1011,16.3272,15.1011
latency_outage,volatile_thin,100000,passive|lat5ms,5,0,True,"coinbase>=1,000,000",prints+quotes,9100019,10,2.90977,354428,2.45127,9.71667,-6.45468,passive,BTC-USD,sell,1.15717,100000,86417.9,3.07344,272624,1.15717,1,1,86396.4,2.48671,8,79.9801,99975.1,0,2.48671,7.99801,5.578e-08,10.4847,8.12e-09,0.00086354,10.4847,6.45468,53,119,0,52,41.4283,0,0,117,2,0,-1.76566,-0.876025,-1.76566,-0.876025,-5.91263,-5.02396,-5.91263,-5.02396,-7.02925,-6.14057,-7.02925,-6.14057
latency_outage,volatile_thin,100000,passive|outage|cod,40,3,True,"coinbase>=1,000,000",prints+quotes,9100019,10,2.90977,354428,2.45127,9.71667,-6.45468,passive,BTC-USD,buy,1.15717,100000,86417.9,3.07344,405056,1.15717,1,1,86467.4,5.72489,8,80.0458,100057,0,5.72489,8.00458,-5.578e-08,13.7295,8.12e-09,0.000863702,13.7295,-6.45468,18,60,0,17,14.914,5.59079,0,58,2,0,1.4226,1.08337,1.4226,1.08337,7.72499,7.38578,7.72499,7.38578,13.5314,13.1928,13.5314,13.1928
latency_outage,volatile_thin,100000,passive|outage|cod,40,3,True,"coinbase>=1,000,000",prints+quotes,9100019,10,2.90977,354428,2.45127,9.71667,-6.45468,passive,BTC-USD,sell,1.15717,100000,86417.9,3.07344,272624,1.15717,1,1,86399,2.18753,8,79.9825,99978.1,0,2.18753,7.99825,5.578e-08,10.1858,8.12e-09,0.00086354,10.1858,6.45468,55,109,0,54,47.0019,5.59079,0,107,2,0,-2.05944,-0.676987,-2.05944,-0.676987,-6.39257,-5.01091,-6.39257,-5.01091,-6.64232,-5.26055,-6.64232,-5.26055
latency_outage,volatile_thin,100000,passive|outage|no-cod,40,3,False,"coinbase>=1,000,000",prints+quotes,9100019,10,2.90977,354428,2.45127,9.71667,-6.45468,passive,BTC-USD,buy,1.15717,100000,86417.9,3.07344,405056,1.15717,1,1,86467.4,5.72489,8,80.0458,100057,0,5.72489,8.00458,-5.578e-08,13.7295,8.12e-09,0.000863702,13.7295,-6.45468,18,60,0,17,14.914,5.59079,0,58,2,0,1.4226,1.08337,1.4226,1.08337,7.72499,7.38578,7.72499,7.38578,13.5314,13.1928,13.5314,13.1928
latency_outage,volatile_thin,100000,passive|outage|no-cod,40,3,False,"coinbase>=1,000,000",prints+quotes,9100019,10,2.90977,354428,2.45127,9.71667,-6.45468,passive,BTC-USD,sell,1.15717,100000,86417.9,3.07344,272624,1.15717,1,1,86399,2.18753,8,79.9825,99978.1,0,2.18753,7.99825,5.578e-08,10.1858,8.12e-09,0.00086354,10.1858,6.45468,55,109,0,54,47.0019,5.59079,0,107,2,0,-2.05944,-0.676987,-2.05944,-0.676987,-6.39257,-5.01091,-6.39257,-5.01091,-6.64232,-5.26055,-6.64232,-5.26055
latency_outage,volatile_thin,100000,passive|prints-only,40,0,True,"coinbase>=1,000,000",prints-only,9100019,10,2.90977,354428,2.45127,9.71667,-6.45468,passive,BTC-USD,buy,1.15717,100000,86417.9,3.07344,405056,1.15717,1,1,86415.2,-0.308367,8,79.9975,99996.9,0,-0.308367,7.99975,-5.578e-08,7.69139,8.12e-09,0.000863702,7.69139,-6.45468,25,77,0,24,20.7291,0,0,77,0,0,1.25789,1.81596,1.25789,1.81596,4.6004,5.15788,4.6004,5.15788,6.54304,7.10019,6.54304,7.10019
latency_outage,volatile_thin,100000,passive|prints-only,40,0,True,"coinbase>=1,000,000",prints-only,9100019,10,2.90977,354428,2.45127,9.71667,-6.45468,passive,BTC-USD,sell,1.15717,100000,86417.9,3.07344,272624,1.15717,1,1,86407.6,1.19643,8,79.9904,99988,0,1.19643,7.99904,5.578e-08,9.19547,8.12e-09,0.00086354,9.19547,6.45468,68,123,0,67,54.6052,0,0,123,0,0,-2.40427,-0.833919,-2.40427,-0.833919,-6.58891,-5.01922,-6.58891,-5.01922,-8.82724,-7.25766,-8.82724,-7.25766
latency_outage,volatile_thin,100000,aggressive|lat250ms,250,0,True,"coinbase>=1,000,000",prints+quotes,9100020,10,2.79713,376516,2.30827,8.68333,-17.0282,aggressive,BTC-USD,buy,1.15886,100000,86292,2.72795,474125,1.15886,1,0,86313.1,2.43853,18,180.044,0,100024,2.43853,18.0044,3.26272e-15,20.4429,0,0,20.4429,-17.0282,1,14,0,0,0.338715,0,0,0,0,0,2.50799,0.0701108,,,7.9782,5.54165,,,0.70757,-1.73075,,
latency_outage,volatile_thin,100000,aggressive|lat250ms,250,0,True,"coinbase>=1,000,000",prints+quotes,9100020,10,2.79713,376516,2.30827,8.68333,-17.0282,aggressive,BTC-USD,sell,1.15886,100000,86292,2.72795,393172,1.15886,1,0,86270.3,2.51431,18,179.955,0,99974.9,2.51431,17.9955,3.26272e-15,20.5098,0,0,20.5098,17.0282,1,21,0,0,0.338715,0,0,0,0,0,2.44484,-0.0701108,,,-3.02807,-5.54165,,,4.24616,1.73075,,
latency_outage,volatile_thin,100000,aggressive|lat40ms,40,0,True,"coinbase>=1,000,000",prints+quotes,9100020,10,2.79713,376516,2.30827,8.68333,-17.0282,aggressive,BTC-USD,buy,1.15886,100000,86292,2.72795,474125,1.15886,1,0,86314.1,2.55974,18,180.046,0,100026,2.55974,18.0046,-0,20.5644,0,0,20.5644,-17.0282,1,13,0,0,0.0541944,0,0,0,0,0,2.93964,0.380684,,,5.96058,3.4024,,,2.92805,0.369096,,
latency_outage,volatile_thin,100000,aggressive|lat40ms,40,0,True,"coinbase>=1,000,000",prints+quotes,9100020,10,2.79713,376516,2.30827,8.68333,-17.0282,aggressive,BTC-USD,sell,1.15886,100000,86292,2.72795,393172,1.15886,1,0,86270.6,2.48317,18,179.955,0,99975.2,2.48317,17.9955,3.26272e-15,20.4787,0,0,20.4787,17.0282,1,21,0,0,0.0541944,0,0,0,0,0,2.10304,-0.380684,,,-0.919429,-3.4024,,,2.11463,-0.369096,,
latency_outage,volatile_thin,100000,aggressive|lat5ms,5,0,True,"coinbase>=1,000,000",prints+quotes,9100020,10,2.79713,376516,2.30827,8.68333,-17.0282,aggressive,BTC-USD,buy,1.15886,100000,86292,2.72795,474125,1.15886,1,0,86314.1,2.55974,18,180.046,0,100026,2.55974,18.0046,-0,20.5644,0,0,20.5644,-17.0282,1,13,0,0,0.0067743,0,0,0,0,0,2.93964,0.380684,,,5.96058,3.4024,,,2.92805,0.369096,,
latency_outage,volatile_thin,100000,aggressive|lat5ms,5,0,True,"coinbase>=1,000,000",prints+quotes,9100020,10,2.79713,376516,2.30827,8.68333,-17.0282,aggressive,BTC-USD,sell,1.15886,100000,86292,2.72795,393172,1.15886,1,0,86270.6,2.48317,18,179.955,0,99975.2,2.48317,17.9955,3.26272e-15,20.4787,0,0,20.4787,17.0282,1,21,0,0,0.0067743,0,0,0,0,0,2.10304,-0.380684,,,-0.919429,-3.4024,,,2.11463,-0.369096,,
latency_outage,volatile_thin,100000,aggressive|outage|cod,40,3,True,"coinbase>=1,000,000",prints+quotes,9100020,10,2.79713,376516,2.30827,8.68333,-17.0282,aggressive,BTC-USD,buy,1.15886,100000,86292,2.72795,474125,1.15886,1,0,86314.1,2.55974,18,180.046,0,100026,2.55974,18.0046,-0,20.5644,0,0,20.5644,-17.0282,1,13,0,0,0.0541944,23.349,0,0,0,0,2.93964,0.380684,,,5.96058,3.4024,,,2.92805,0.369096,,
latency_outage,volatile_thin,100000,aggressive|outage|cod,40,3,True,"coinbase>=1,000,000",prints+quotes,9100020,10,2.79713,376516,2.30827,8.68333,-17.0282,aggressive,BTC-USD,sell,1.15886,100000,86292,2.72795,393172,1.15886,1,0,86270.6,2.48317,18,179.955,0,99975.2,2.48317,17.9955,3.26272e-15,20.4787,0,0,20.4787,17.0282,1,21,0,0,0.0541944,23.349,0,0,0,0,2.10304,-0.380684,,,-0.919429,-3.4024,,,2.11463,-0.369096,,
latency_outage,volatile_thin,100000,aggressive|outage|no-cod,40,3,False,"coinbase>=1,000,000",prints+quotes,9100020,10,2.79713,376516,2.30827,8.68333,-17.0282,aggressive,BTC-USD,buy,1.15886,100000,86292,2.72795,474125,1.15886,1,0,86314.1,2.55974,18,180.046,0,100026,2.55974,18.0046,-0,20.5644,0,0,20.5644,-17.0282,1,13,0,0,0.0541944,23.349,0,0,0,0,2.93964,0.380684,,,5.96058,3.4024,,,2.92805,0.369096,,
latency_outage,volatile_thin,100000,aggressive|outage|no-cod,40,3,False,"coinbase>=1,000,000",prints+quotes,9100020,10,2.79713,376516,2.30827,8.68333,-17.0282,aggressive,BTC-USD,sell,1.15886,100000,86292,2.72795,393172,1.15886,1,0,86270.6,2.48317,18,179.955,0,99975.2,2.48317,17.9955,3.26272e-15,20.4787,0,0,20.4787,17.0282,1,21,0,0,0.0541944,23.349,0,0,0,0,2.10304,-0.380684,,,-0.919429,-3.4024,,,2.11463,-0.369096,,
latency_outage,volatile_thin,100000,aggressive|prints-only,40,0,True,"coinbase>=1,000,000",prints-only,9100020,10,2.79713,376516,2.30827,8.68333,-17.0282,aggressive,BTC-USD,buy,1.15886,100000,86292,2.72795,474125,1.15886,1,0,86314.1,2.55974,18,180.046,0,100026,2.55974,18.0046,-0,20.5644,0,0,20.5644,-17.0282,1,13,0,0,0.0541944,0,0,0,0,0,2.93964,0.380684,,,5.96058,3.4024,,,2.92805,0.369096,,
latency_outage,volatile_thin,100000,aggressive|prints-only,40,0,True,"coinbase>=1,000,000",prints-only,9100020,10,2.79713,376516,2.30827,8.68333,-17.0282,aggressive,BTC-USD,sell,1.15886,100000,86292,2.72795,393172,1.15886,1,0,86270.6,2.48317,18,179.955,0,99975.2,2.48317,17.9955,3.26272e-15,20.4787,0,0,20.4787,17.0282,1,21,0,0,0.0541944,0,0,0,0,0,2.10304,-0.380684,,,-0.919429,-3.4024,,,2.11463,-0.369096,,
latency_outage,volatile_thin,100000,hybrid|lat250ms,250,0,True,"coinbase>=1,000,000",prints+quotes,9100020,10,2.79713,376516,2.30827,8.68333,-17.0282,hybrid,BTC-USD,buy,1.15886,100000,86292,2.72795,474125,1.15886,1,1,86271.6,-2.36253,8,79.9811,99976.4,0,-2.36253,7.99811,-0,5.63558,0,0,5.63558,-17.0282,5,25,0,4,4.60658,0,0,25,0,0,3.96169,5.11812,3.96169,5.11812,4.46286,5.61923,4.46286,5.61923,4.31319,5.46957,4.31319,5.46957
latency_outage,volatile_thin,100000,hybrid|lat250ms,250,0,True,"coinbase>=1,000,000",prints+quotes,9100020,10,2.79713,376516,2.30827,8.68333,-17.0282,hybrid,BTC-USD,sell,1.15886,100000,86292,2.72795,393172,1.15886,1,1,86290.8,0.147253,8,79.9988,99998.5,0,0.147253,7.99988,0,8.14714,0,0,8.14714,17.0282,36,83,0,36,38.7,0,0,71,12,0,5.28097,2.52482,5.28097,2.52482,2.61251,-0.142785,2.61251,-0.142785,-12.9964,-15.7465,-12.9964,-15.7465
latency_outage,volatile_thin,100000,hybrid|lat40ms,40,0,True,"coinbase>=1,000,000",prints+quotes,9100020,10,2.79713,376516,2.30827,8.68333,-17.0282,hybrid,BTC-USD,buy,1.15886,100000,86292,2.72795,474125,1.15886,1,0.791211,86264.9,-3.14155,10.0908,100.876,79067.5,20901.1,-3.14155,10.0876,-0,6.94604,0,0,6.94604,-17.0282,58,126,0,57,42.1555,0,0,122,1,0,-0.278039,0.659454,-1.49458,0.208793,-1.23678,-0.299209,-2.83294,-1.12949,3.07616,4.01469,-2.9137,-1.21013
latency_outage,volatile_thin,100000,hybrid|lat40ms,40,0,True,"coinbase>=1,000,000",prints+quotes,9100020,10,2.79713,376516,2.30827,8.68333,-17.0282,hybrid,BTC-USD,sell,1.15886,100000,86292,2.72795,393172,1.15886,1,0.652786,86304.3,-1.42743,11.4741,114.757,65268.7,34745.5,-1.42743,11.4757,0,10.0483,0,0,10.0483,17.0282,50,141,0,49,42.1302,0,0,121,11,0,2.26522,1.12244,3.84313,2.97858,0.174845,-0.967749,0.896206,0.0319041,-14.8536,-15.9937,-10.9717,-11.8341
latency_outage,volatile_thin,100000,hybrid|lat5ms,5,0,True,"coinbase>=1,000,000",prints+quotes,9100020,10,2.79713,376516,2.30827,8.68333,-17.0282,hybrid,BTC-USD,buy,1.15886,100000,86292,2.72795,474125,1.15886,1,1,86268.2,-2.75732,8,79.9779,99972.4,0,-2.75732,7.99779,-3.26272e-15,5.24048,0,0,5.24048,-17.0282,7,28,0,6,4.60658,0,0,28,0,0,3.24331,4.84767,3.24331,4.84767,3.91413,5.51839,3.91413,5.51839,3.54075,5.14506,3.54075,5.14506
latency_outage,volatile_thin,100000,hybrid|lat5ms,5,0,True,"coinbase>=1,000,000",prints+quotes,9100020,10,2.79713,376516,2.30827,8.68333,-17.0282,hybrid,BTC-USD,sell,1.15886,100000,86292,2.72795,393172,1.15886,1,0.754646,86297.2,-0.600783,10.4552,104.558,75452.7,24553.3,-0.600783,10.4558,0,9.85503,0,0,9.85503,17.0282,51,140,0,50,42.0128,0,0,124,7,0,3.52862,1.92767,4.71234,3.21278,0.456855,-1.14353,1.09367,-0.405235,-13.601,-15.1983,-10.7169,-12.213
latency_outage,volatile_thin,100000,hybrid|outage|cod,40,3,True,"coinbase>=1,000,000",prints+quotes,9100020,10,2.79713,376516,2.30827,8.68333,-17.0282,hybrid,BTC-USD,buy,1.15886,100000,86292,2.72795,474125,1.15886,1,0.523242,86291.1,-0.103272,12.771,127.709,52289,47710,-0.103272,12.7709,-0,12.6676,0,0,12.6676,-17.0282,36,69,0,32,48.1595,23.349,0,58,0,0,0.770236,0.693086,-1.8887,0.169459,3.50688,3.43072,-3.88367,-1.82537,7.59966,7.52353,1.01976,3.07741
latency_outage,volatile_thin,100000,hybrid|outage|cod,40,3,True,"coinbase>=1,000,000",prints+quotes,9100020,10,2.79713,376516,2.30827,8.68333,-17.0282,hybrid,BTC-USD,sell,1.15886,100000,86292,2.72795,393172,1.15886,1,0.547668,86293.9,-0.211414,12.5247,125.249,54754.4,45247.7,-0.211414,12.5249,3.26272e-15,12.3135,0,0,12.3135,17.0282,32,89,0,27,48.1218,23.349,0,72,10,0,2.54075,1.29153,4.42507,3.40532,-2.77344,-4.02198,1.27357,0.254054,-11.205,-12.4523,-11.4753,-12.4929
latency_outage,volatile_thin,100000,hybrid|outage|no-cod,40,3,False,"coinbase>=1,000,000",prints+quotes,9100020,10,2.79713,376516,2.30827,8.68333,-17.0282,hybrid,BTC-USD,buy,1.15886,100000,86292,2.72795,474125,1.15886,1,1,86251,-4.75097,8,79.962,99952.5,0,-4.75097,7.9962,-1.4694e-07,3.24523,1.113e-08,0.000861562,3.24523,-17.0282,26,104,0,25,33.1,23.349,0,96,8,0,0.773838,0.856541,0.773838,0.856541,-0.527964,-0.445645,-0.527964,-0.445645,0.613329,0.696562,0.613329,0.696562
latency_outage,volatile_thin,100000,hybrid|outage|no-cod,40,3,False,"coinbase>=1,000,000",prints+quotes,9100020,10,2.79713,376516,2.30827,8.68333,-17.0282,hybrid,BTC-USD,sell,1.15886,100000,86292,2.72795,393172,1.15886,1,1,86303,-1.27091,8,80.0102,100013,0,-1.27091,8.00102,1.4694e-07,6.7301,1.113e-08,0.00086134,6.7301,17.0282,32,129,0,31,40.3,23.349,0,114,15,0,3.7387,2.29697,3.7387,2.29697,0.855401,-0.585814,0.855401,-0.585814,-15.1134,-16.5513,-15.1134,-16.5513
latency_outage,volatile_thin,100000,hybrid|prints-only,40,0,True,"coinbase>=1,000,000",prints-only,9100020,10,2.79713,376516,2.30827,8.68333,-17.0282,hybrid,BTC-USD,buy,1.15886,100000,86292,2.72795,474125,1.15886,1,0.774068,86266.6,-2.94583,10.2624,102.594,77353.3,22617.3,-2.94583,10.2594,-0,7.31354,0,0,7.31354,-17.0282,58,125,0,57,42.1555,0,0,122,0,0,-0.273073,0.656935,-1.63435,0.157739,-1.16125,-0.231146,-2.92182,-1.12963,3.26702,4.19812,-3.31958,-1.52735
latency_outage,volatile_thin,100000,hybrid|prints-only,40,0,True,"coinbase>=1,000,000",prints-only,9100020,10,2.79713,376516,2.30827,8.68333,-17.0282,hybrid,BTC-USD,sell,1.15886,100000,86292,2.72795,393172,1.15886,1,0.227092,86327.4,-4.10329,15.7307,157.372,22701.9,77339.2,-4.10329,15.7372,-3.26272e-15,11.6339,0,0,11.6339,17.0282,50,141,0,49,42.1302,0,0,121,0,0,0.405809,-1.19381,1.75224,2.79996,-0.753079,-2.35273,-1.71709,-0.669889,-17.5638,-19.1596,-4.36469,-3.31754
latency_outage,volatile_thin,100000,passive|lat250ms,250,0,True,"coinbase>=1,000,000",prints+quotes,9100020,10,2.79713,376516,2.30827,8.68333,-17.0282,passive,BTC-USD,buy,1.15886,100000,86292,2.72795,474125,1.15886,1,1,86271.6,-2.36253,8,79.9811,99976.4,0,-2.36253,7.99811,-0,5.63558,0,0,5.63558,-17.0282,5,25,0,4,4.60658,0,0,25,0,0,3.96169,5.11812,3.96169,5.11812,4.46286,5.61923,4.46286,5.61923,4.31319,5.46957,4.31319,5.46957
latency_outage,volatile_thin,100000,passive|lat250ms,250,0,True,"coinbase>=1,000,000",prints+quotes,9100020,10,2.79713,376516,2.30827,8.68333,-17.0282,passive,BTC-USD,sell,1.15886,100000,86292,2.72795,393172,1.15886,1,1,86290.8,0.147253,8,79.9988,99998.5,0,0.147253,7.99988,0,8.14714,0,0,8.14714,17.0282,36,83,0,36,38.7,0,0,71,12,0,5.28097,2.52482,5.28097,2.52482,2.61251,-0.142785,2.61251,-0.142785,-12.9964,-15.7465,-12.9964,-15.7465
latency_outage,volatile_thin,100000,passive|lat40ms,40,0,True,"coinbase>=1,000,000",prints+quotes,9100020,10,2.79713,376516,2.30827,8.68333,-17.0282,passive,BTC-USD,buy,1.15886,100000,86292,2.72795,474125,1.15886,1,1,86247.2,-5.1933,8,79.9585,99948.1,0,-5.1933,7.99585,-0,2.80255,0,0,2.80255,-17.0282,73,162,0,72,55.7003,0,0,161,1,0,-0.992941,0.591503,-0.992941,0.591503,-0.603565,0.980779,-0.603565,0.980779,0.158694,1.74306,0.158694,1.74306
latency_outage,volatile_thin,100000,passive|lat40ms,40,0,True,"coinbase>=1,000,000",prints+quotes,9100020,10,2.79713,376516,2.30827,8.68333,-17.0282,passive,BTC-USD,sell,1.15886,100000,86292,2.72795,393172,1.15886,1,1,86307.1,-1.74977,8,80.014,100017,0,-1.74977,8.0014,0,6.25163,0,0,6.25163,17.0282,54,150,0,53,46.4409,0,0,139,11,0,1.7862,1.57323,1.7862,1.57323,-3.03057,-3.24368,-3.03057,-3.24368,-14.2801,-14.4923,-14.2801,-14.4923
latency_outage,volatile_thin,100000,passive|lat5ms,5,0,True,"coinbase>=1,000,000",prints+quotes,9100020,10,2.79713,376516,2.30827,8.68333,-17.0282,passive,BTC-USD,buy,1.15886,100000,86292,2.72795,474125,1.15886,1,1,86268.2,-2.75732,8,79.9779,99972.4,0,-2.75732,7.99779,-3.26272e-15,5.24048,0,0,5.24048,-17.0282,7,28,0,6,4.60658,0,0,28,0,0,3.24331,4.84767,3.24331,4.84767,3.91413,5.51839,3.91413,5.51839,3.54075,5.14506,3.54075,5.14506
latency_outage,volatile_thin,100000,passive|lat5ms,5,0,True,"coinbase>=1,000,000",prints+quotes,9100020,10,2.79713,376516,2.30827,8.68333,-17.0282,passive,BTC-USD,sell,1.15886,100000,86292,2.72795,393172,1.15886,1,1,86299.8,-0.894849,8,80.0072,100009,0,-0.894849,8.00072,1.4694e-07,7.10587,1.113e-08,0.00086134,7.10587,17.0282,55,149,0,54,46.4409,0,0,142,7,0,2.94279,2.08864,2.94279,2.08864,-1.70431,-2.55818,-1.70431,-2.55818,-13.3238,-14.1758,-13.3238,-14.1758
latency_outage,volatile_thin,100000,passive|outage|cod,40,3,True,"coinbase>=1,000,000",prints+quotes,9100020,10,2.79713,376516,2.30827,8.68333,-17.0282,passive,BTC-USD,buy,1.15886,100000,86292,2.72795,474125,0.943085,0.813808,1,86232.6,-6.88868,8,65.0598,81324.7,0,-5.60606,6.50598,-3.17053,-2.27061,0.31082,18590.6,1.38652,-17.0282,49,97,0,46,59.9072,23.349,0,93,4,0,-0.816185,0.359762,-0.816185,0.359762,0.521978,1.69817,0.521978,1.69817,3.87701,5.05274,3.87701,5.05274
latency_outage,volatile_thin,100000,passive|outage|cod,40,3,True,"coinbase>=1,000,000",prints+quotes,9100020,10,2.79713,376516,2.30827,8.68333,-17.0282,passive,BTC-USD,sell,1.15886,100000,86292,2.72795,393172,0.691806,0.596974,1,86275.3,1.94304,8,47.7486,59685.8,0,1.15995,4.77486,6.86282,12.7976,0.666747,40227.3,20.7053,17.0282,46,103,0,42,59.2226,23.349,0,93,10,0,3.87938,3.0419,3.87938,3.0419,0.281478,-0.555864,0.281478,-0.555864,-11.468,-12.3036,-11.468,-12.3036
latency_outage,volatile_thin,100000,passive|outage|no-cod,40,3,False,"coinbase>=1,000,000",prints+quotes,9100020,10,2.79713,376516,2.30827,8.68333,-17.0282,passive,BTC-USD,buy,1.15886,100000,86292,2.72795,474125,1.15886,1,1,86251,-4.75097,8,79.962,99952.5,0,-4.75097,7.9962,-1.4694e-07,3.24523,1.113e-08,0.000861562,3.24523,-17.0282,26,104,0,25,33.1,23.349,0,96,8,0,0.773838,0.856541,0.773838,0.856541,-0.527964,-0.445645,-0.527964,-0.445645,0.613329,0.696562,0.613329,0.696562
latency_outage,volatile_thin,100000,passive|outage|no-cod,40,3,False,"coinbase>=1,000,000",prints+quotes,9100020,10,2.79713,376516,2.30827,8.68333,-17.0282,passive,BTC-USD,sell,1.15886,100000,86292,2.72795,393172,1.15886,1,1,86303,-1.27091,8,80.0102,100013,0,-1.27091,8.00102,1.4694e-07,6.7301,1.113e-08,0.00086134,6.7301,17.0282,32,129,0,31,40.3,23.349,0,114,15,0,3.7387,2.29697,3.7387,2.29697,0.855401,-0.585814,0.855401,-0.585814,-15.1134,-16.5513,-15.1134,-16.5513
latency_outage,volatile_thin,100000,passive|prints-only,40,0,True,"coinbase>=1,000,000",prints-only,9100020,10,2.79713,376516,2.30827,8.68333,-17.0282,passive,BTC-USD,buy,1.15886,100000,86292,2.72795,474125,1.15886,1,1,86245.5,-5.38898,8,79.9569,99946.1,0,-5.38898,7.99569,-0,2.60671,0,0,2.60671,-17.0282,76,170,0,75,58.1162,0,0,170,0,0,-1.02339,0.622602,-1.02339,0.622602,-0.580544,1.06536,-0.580544,1.06536,0.0582312,1.70409,0.0582312,1.70409
latency_outage,volatile_thin,100000,passive|prints-only,40,0,True,"coinbase>=1,000,000",prints-only,9100020,10,2.79713,376516,2.30827,8.68333,-17.0282,passive,BTC-USD,sell,1.15886,100000,86292,2.72795,393172,0.746013,0.64375,1,86321.9,-3.46299,8,51.5178,64397.3,0,-2.2293,5.15178,6.0663,8.98879,0.578626,35558.5,15.968,17.0282,69,169,0,69,59.2226,0,0,169,0,0,-0.739575,0.301702,-0.739575,0.301702,-7.39216,-6.35165,-7.39216,-6.35165,-13.9262,-12.8863,-13.9262,-12.8863
latency_outage,volatile_thin,100000,aggressive|lat250ms,250,0,True,"coinbase>=1,000,000",prints+quotes,9100021,10,2.75396,399565,2.58055,7.9,9.46695,aggressive,BTC-USD,buy,1.1586,100000,86310.8,2.72967,437240,1.1586,1,0,86335.6,2.87013,18,180.052,0,100029,2.87013,18.0052,0,20.8753,0,0,20.8753,9.46695,1,17,0,0,0.220907,0,0,0,0,0,3.13857,0.269375,,,6.97534,4.10725,,,0.803492,-2.06637,,
latency_outage,volatile_thin,100000,aggressive|lat250ms,250,0,True,"coinbase>=1,000,000",prints+quotes,9100021,10,2.75396,399565,2.58055,7.9,9.46695,aggressive,BTC-USD,sell,1.1586,100000,86310.8,2.72967,428177,1.1586,1,0,86287.1,2.75072,18,179.95,0,99972.5,2.75072,17.995,-1.81433e-15,20.7458,0,0,20.7458,-9.46695,1,24,0,0,0.220907,0,0,0,0,0,2.48208,-0.269375,,,-1.35684,-4.10725,,,4.81847,2.06637,,
latency_outage,volatile_thin,100000,aggressive|lat40ms,40,0,True,"coinbase>=1,000,000",prints+quotes,9100021,10,2.75396,399565,2.58055,7.9,9.46695,aggressive,BTC-USD,buy,1.1586,100000,86310.8,2.72967,437240,1.1586,1,0,86335.7,2.88525,18,180.052,0,100029,2.88525,18.0052,0,20.8904,0,0,20.8904,9.46695,1,18,0,0,0.0353451,0,0,0,0,0,2.81835,-0.0660404,,,4.52216,1.63826,,,3.04885,0.164522,,
latency_outage,volatile_thin,100000,aggressive|lat40ms,40,0,True,"coinbase>=1,000,000",prints+quotes,9100021,10,2.75396,399565,2.58055,7.9,9.46695,aggressive,BTC-USD,sell,1.1586,100000,86310.8,2.72967,428177,1.1586,1,0,86286.4,2.83159,18,179.949,0,99971.7,2.83159,17.9949,-0,20.8265,0,0,20.8265,-9.46695,1,24,0,0,0.0353451,0,0,0,0,0,2.89851,0.0660404,,,1.19372,-1.63826,,,2.66788,-0.164522,,
latency_outage,volatile_thin,100000,aggressive|lat5ms,5,0,True,"coinbase>=1,000,000",prints+quotes,9100021,10,2.75396,399565,2.58055,7.9,9.46695,aggressive,BTC-USD,buy,1.1586,100000,86310.8,2.72967,437240,1.1586,1,0,86335.7,2.88525,18,180.052,0,100029,2.88525,18.0052,0,20.8904,0,0,20.8904,9.46695,1,18,0,0,0.00441814,0,0,0,0,0,2.81835,-0.0660404,,,4.52216,1.63826,,,3.04885,0.164522,,
latency_outage,volatile_thin,100000,aggressive|lat5ms,5,0,True,"coinbase>=1,000,000",prints+quotes,9100021,10,2.75396,399565,2.58055,7.9,9.46695,aggressive,BTC-USD,sell,1.1586,100000,86310.8,2.72967,428177,1.1586,1,0,86286.4,2.83159,18,179.949,0,99971.7,2.83159,17.9949,-0,20.8265,0,0,20.8265,-9.46695,1,24,0,0,0.00441814,0,0,0,0,0,2.89851,0.0660404,,,1.19372,-1.63826,,,2.66788,-0.164522,,
latency_outage,volatile_thin,100000,aggressive|outage|cod,40,3,True,"coinbase>=1,000,000",prints+quotes,9100021,10,2.75396,399565,2.58055,7.9,9.46695,aggressive,BTC-USD,buy,1.1586,100000,86310.8,2.72967,437240,1.1586,1,0,86335.7,2.88525,18,180.052,0,100029,2.88525,18.0052,0,20.8904,0,0,20.8904,9.46695,1,18,0,0,0.0353451,2.84409,0,0,0,0,2.81835,-0.0660404,,,4.52216,1.63826,,,3.04885,0.164522,,
latency_outage,volatile_thin,100000,aggressive|outage|cod,40,3,True,"coinbase>=1,000,000",prints+quotes,9100021,10,2.75396,399565,2.58055,7.9,9.46695,aggressive,BTC-USD,sell,1.1586,100000,86310.8,2.72967,428177,1.1586,1,0,86286.4,2.83159,18,179.949,0,99971.7,2.83159,17.9949,-0,20.8265,0,0,20.8265,-9.46695,1,24,0,0,0.0353451,2.84409,0,0,0,0,2.89851,0.0660404,,,1.19372,-1.63826,,,2.66788,-0.164522,,
latency_outage,volatile_thin,100000,aggressive|outage|no-cod,40,3,False,"coinbase>=1,000,000",prints+quotes,9100021,10,2.75396,399565,2.58055,7.9,9.46695,aggressive,BTC-USD,buy,1.1586,100000,86310.8,2.72967,437240,1.1586,1,0,86335.7,2.88525,18,180.052,0,100029,2.88525,18.0052,0,20.8904,0,0,20.8904,9.46695,1,18,0,0,0.0353451,2.84409,0,0,0,0,2.81835,-0.0660404,,,4.52216,1.63826,,,3.04885,0.164522,,
latency_outage,volatile_thin,100000,aggressive|outage|no-cod,40,3,False,"coinbase>=1,000,000",prints+quotes,9100021,10,2.75396,399565,2.58055,7.9,9.46695,aggressive,BTC-USD,sell,1.1586,100000,86310.8,2.72967,428177,1.1586,1,0,86286.4,2.83159,18,179.949,0,99971.7,2.83159,17.9949,-0,20.8265,0,0,20.8265,-9.46695,1,24,0,0,0.0353451,2.84409,0,0,0,0,2.89851,0.0660404,,,1.19372,-1.63826,,,2.66788,-0.164522,,
latency_outage,volatile_thin,100000,aggressive|prints-only,40,0,True,"coinbase>=1,000,000",prints-only,9100021,10,2.75396,399565,2.58055,7.9,9.46695,aggressive,BTC-USD,buy,1.1586,100000,86310.8,2.72967,437240,1.1586,1,0,86335.7,2.88525,18,180.052,0,100029,2.88525,18.0052,0,20.8904,0,0,20.8904,9.46695,1,18,0,0,0.0353451,0,0,0,0,0,2.81835,-0.0660404,,,4.52216,1.63826,,,3.04885,0.164522,,
latency_outage,volatile_thin,100000,aggressive|prints-only,40,0,True,"coinbase>=1,000,000",prints-only,9100021,10,2.75396,399565,2.58055,7.9,9.46695,aggressive,BTC-USD,sell,1.1586,100000,86310.8,2.72967,428177,1.1586,1,0,86286.4,2.83159,18,179.949,0,99971.7,2.83159,17.9949,-0,20.8265,0,0,20.8265,-9.46695,1,24,0,0,0.0353451,0,0,0,0,0,2.89851,0.0660404,,,1.19372,-1.63826,,,2.66788,-0.164522,,
latency_outage,volatile_thin,100000,hybrid|lat250ms,250,0,True,"coinbase>=1,000,000",prints+quotes,9100021,10,2.75396,399565,2.58055,7.9,9.46695,hybrid,BTC-USD,buy,1.1586,100000,86310.8,2.72967,437240,1.1586,1,0.887956,86318.5,0.889635,9.12284,91.2365,88779.5,11229.4,0.889635,9.12365,0,10.0133,0,0,10.0133,9.46695,36,79,0,35,42.8346,0,0,70,8,0,2.11363,0.905119,2.24431,1.01933,5.60487,4.39693,5.77006,4.54568,-3.85786,-5.06767,-6.79378,-8.02047
latency_outage,volatile_thin,100000,hybrid|lat250ms,250,0,True,"coinbase>=1,000,000",prints+quotes,9100021,10,2.75396,399565,2.58055,7.9,9.46695,hybrid,BTC-USD,sell,1.1586,100000,86310.8,2.72967,428177,1.1586,1,1,86315.2,-0.502149,8,80.004,100005,0,-0.502149,8.0004,-0,7.49825,0,0,7.49825,-9.46695,33,67,1,32,38.6,0,0,64,3,0,7.92912,1.70962,7.92912,1.70962,10.3299,4.11108,10.3299,4.11108,11.6627,5.45492,11.6627,5.45492
latency_outage,volatile_thin,100000,hybrid|lat40ms,40,0,True,"coinbase>=1,000,000",prints+quotes,9100021,10,2.75396,399565,2.58055,7.9,9.46695,hybrid,BTC-USD,buy,1.1586,100000,86310.8,2.72967,437240,1.1586,1,0.237486,86473.2,18.8118,15.6292,156.586,23752.3,76435.8,18.8118,15.6586,-1.81433e-15,34.4704,0,0,34.4704,9.46695,46,114,0,45,42.0379,0,0,96,1,0,1.88443,-0.340121,-1.40105,-0.641471,4.91657,2.69296,-1.15441,-0.394846,13,10.7794,-9.37453,-8.61577
latency_outage,volatile_thin,100000,hybrid|lat40ms,40,0,True,"coinbase>=1,000,000",prints+quotes,9100021,10,2.75396,399565,2.58055,7.9,9.46695,hybrid,BTC-USD,sell,1.1586,100000,86310.8,2.72967,428177,1.1586,1,1,86305.4,0.62481,8,79.995,99993.8,0,0.62481,7.9995,-0,8.62431,0,0,8.62431,-9.46695,43,93,0,42,38.5,0,0,88,5,0,3.37089,1.1419,3.37089,1.1419,5.37108,3.14245,5.37108,3.14245,13.7286,11.5045,13.7286,11.5045
latency_outage,volatile_thin,100000,hybrid|lat5ms,5,0,True,"coinbase>=1,000,000",prints+quotes,9100021,10,2.75396,399565,2.58055,7.9,9.46695,hybrid,BTC-USD,buy,1.1586,100000,86310.8,2.72967,437240,1.1586,1,0.246216,86471.3,18.5906,15.542,155.709,24625.3,75560.6,18.5906,15.5709,-1.81433e-15,34.1615,0,0,34.1615,9.46695,47,128,0,46,42.0224,0,0,110,1,0,1.82352,-0.349452,-1.45118,-0.665356,4.77111,2.59906,-1.41846,-0.632621,12.7486,10.5794,-9.31088,-8.52582
latency_outage,volatile_thin,100000,hybrid|lat5ms,5,0,True,"coinbase>=1,000,000",prints+quotes,9100021,10,2.75396,399565,2.58055,7.9,9.46695,hybrid,BTC-USD,sell,1.1586,100000,86310.8,2.72967,428177,1.1586,1,1,86284,3.10578,8,79.9752,99968.9,0,3.10578,7.99752,-8.171e-08,11.1033,8.41e-09,0.000863841,11.1033,-9.46695,43,116,0,42,38.5,0,0,111,5,0,0.502479,0.64223,0.502479,0.64223,3.04094,3.1811,3.04094,3.1811,18.3645,18.5065,18.3645,18.5065
latency_outage,volatile_thin,100000,hybrid|outage|cod,40,3,True,"coinbase>=1,000,000",prints+quotes,9100021,10,2.75396,399565,2.58055,7.9,9.46695,hybrid,BTC-USD,buy,1.1586,100000,86310.8,2.72967,437240,1.1586,1,0.23217,86474.5,18.9644,15.6823,157.121,23220.8,76968.8,18.9644,15.7121,0,34.6764,0,0,34.6764,9.46695,45,108,1,43,42.0168,2.84409,0,90,1,0,1.92368,-0.33071,-1.35938,-0.609986,4.98204,2.7286,-1.08343,-0.334051,13.1992,10.9488,-9.21696,-8.46844
latency_outage,volatile_thin,100000,hybrid|outage|cod,40,3,True,"coinbase>=1,000,000",prints+quotes,9100021,10,2.75396,399565,2.58055,7.9,9.46695,hybrid,BTC-USD,sell,1.1586,100000,86310.8,2.72967,428177,1.1586,1,1,86306.2,0.530894,8,79.9958,99994.7,0,0.530894,7.99958,-0,8.53047,0,0,8.53047,-9.46695,42,84,0,40,38.5,2.84409,0,79,5,0,3.59642,1.19348,3.59642,1.19348,5.5562,3.15362,5.5562,3.15362,13.5456,11.1478,13.5456,11.1478
latency_outage,volatile_thin,100000,hybrid|outage|no-cod,40,3,False,"coinbase>=1,000,000",prints+quotes,9100021,10,2.75396,399565,2.58055,7.9,9.46695,hybrid,BTC-USD,buy,1.1586,100000,86310.8,2.72967,437240,1.1586,1,0.232271,86474.5,18.9617,15.6813,157.11,23230.9,76958.7,18.9617,15.711,-1.81433e-15,34.6727,0,0,34.6727,9.46695,44,111,0,43,42.0418,2.84409,0,93,1,0,1.92303,-0.330769,-1.35977,-0.610085,4.98081,2.72796,-1.08476,-0.335084,13.1958,10.9459,-9.21866,-8.46984
latency_outage,volatile_thin,100000,hybrid|outage|no-cod,40,3,False,"coinbase>=1,000,000",prints+quotes,9100021,10,2.75396,399565,2.58055,7.9,9.46695,hybrid,BTC-USD,sell,1.1586,100000,86310.8,2.72967,428177,1.1586,1,1,86305.2,0.647415,8,79.9948,99993.5,0,0.647415,7.99948,-0,8.6469,0,0,8.6469,-9.46695,41,96,0,40,38.5,2.84409,0,91,5,0,3.35386,1.13315,3.35386,1.13315,5.3495,3.12915,5.3495,3.12915,13.7595,11.5437,13.7595,11.5437
latency_outage,volatile_thin,100000,hybrid|prints-only,40,0,True,"coinbase>=1,000,000",prints-only,9100021,10,2.75396,399565,2.58055,7.9,9.46695,hybrid,BTC-USD,buy,1.1586,100000,86310.8,2.72967,437240,1.1586,1,0.209883,86480.9,19.7061,15.9047,159.361,20993.9,79203.1,19.7061,15.9361,0,35.6422,0,0,35.6422,9.46695,46,113,0,45,42.0379,0,0,96,0,0,1.94723,-0.307157,-1.83347,-0.536391,5.04621,2.7928,-1.74873,-0.451731,14.3909,12.1409,-6.77142,-5.47391
latency_outage,volatile_thin,100000,hybrid|prints-only,40,0,True,"coinbase>=1,000,000",prints-only,9100021,10,2.75396,399565,2.58055,7.9,9.46695,hybrid,BTC-USD,sell,1.1586,100000,86310.8,2.72967,428177,1.1586,1,0.548734,86363.3,-6.0736,12.5183,125.259,54850.2,45210.5,-6.0736,12.5259,-8.171e-08,6.45231,8.41e-09,0.000863841,6.45231,-9.46695,48,110,0,47,42.1415,0,0,98,0,0,1.07431,0.757413,-0.24198,1.17777,1.88058,1.56442,3.88027,5.30073,4.52489,4.21165,20.4669,21.8898
latency_outage,volatile_thin,100000,passive|lat250ms,250,0,True,"coinbase>=1,000,000",prints+quotes,9100021,10,2.75396,399565,2.58055,7.9,9.46695,passive,BTC-USD,buy,1.1586,100000,86310.8,2.72967,437240,1.04035,0.897937,1,86296.6,-1.64544,8,71.8231,89778.9,0,-1.4775,7.18231,0.966226,6.67104,0.138088,10217.4,8.64825,9.46695,50,105,0,50,59.2259,0,0,97,8,0,2.22137,1.02124,2.22137,1.02124,5.73076,4.53122,5.73076,4.53122,-6.46067,-7.66251,-6.46067,-7.66251
latency_outage,volatile_thin,100000,passive|lat250ms,250,0,True,"coinbase>=1,000,000",prints+quotes,9100021,10,2.75396,399565,2.58055,7.9,9.46695,passive,BTC-USD,sell,1.1586,100000,86310.8,2.72967,428177,1.1586,1,1,86315.2,-0.502149,8,80.004,100005,0,-0.502149,8.0004,-0,7.49825,0,0,7.49825,-9.46695,33,67,1,32,38.6,0,0,64,3,0,7.92912,1.70962,7.92912,1.70962,10.3299,4.11108,10.3299,4.11108,11.6627,5.45492,11.6627,5.45492
latency_outage,volatile_thin,100000,passive|lat40ms,40,0,True,"coinbase>=1,000,000",prints+quotes,9100021,10,2.75396,399565,2.58055,7.9,9.46695,passive,BTC-USD,buy,1.1586,100000,86310.8,2.72967,437240,0.566651,0.489082,1,86373.9,7.30162,8,39.1551,48943.9,0,3.57109,3.91551,4.83684,12.3234,1.51362,51155.3,23.045,9.46695,62,138,0,62,60,0,0,134,4,0,-0.769509,-0.521705,-0.769509,-0.521705,0.880769,1.12866,0.880769,1.12866,8.64825,8.89579,8.64825,8.89579
latency_outage,volatile_thin,100000,passive|lat40ms,40,0,True,"coinbase>=1,000,000",prints+quotes,9100021,10,2.75396,399565,2.58055,7.9,9.46695,passive,BTC-USD,sell,1.1586,100000,86310.8,2.72967,428177,1.1586,1,1,86305.4,0.62481,8,79.995,99993.8,0,0.62481,7.9995,-0,8.62431,0,0,8.62431,-9.46695,43,93,0,42,38.5,0,0,88,5,0,3.37089,1.1419,3.37089,1.1419,5.37108,3.14245,5.37108,3.14245,13.7286,11.5045,13.7286,11.5045
latency_outage,volatile_thin,100000,passive|lat5ms,5,0,True,"coinbase>=1,000,000",prints+quotes,9100021,10,2.75396,399565,2.58055,7.9,9.46695,passive,BTC-USD,buy,1.1586,100000,86310.8,2.72967,437240,1.1586,1,1,86418.8,12.5136,8,80.1001,100125,0,12.5136,8.01001,8.171e-08,20.5236,8.41e-09,0.000864009,20.5236,9.46695,61,158,0,60,58.6438,0,0,150,8,0,0.535077,-0.495845,0.535077,-0.495845,3.7254,2.69504,3.7254,2.69504,14.7132,13.6846,14.7132,13.6846
latency_outage,volatile_thin,100000,passive|lat5ms,5,0,True,"coinbase>=1,000,000",prints+quotes,9100021,10,2.75396,399565,2.58055,7.9,9.46695,passive,BTC-USD,sell,1.1586,100000,86310.8,2.72967,428177,1.1586,1,1,86284,3.10578,8,79.9752,99968.9,0,3.10578,7.99752,-8.171e-08,11.1033,8.41e-09,0.000863841,11.1033,-9.46695,43,116,0,42,38.5,0,0,111,5,0,0.502479,0.64223,0.502479,0.64223,3.04094,3.1811,3.04094,3.1811,18.3645,18.5065,18.3645,18.5065
latency_outage,volatile_thin,100000,passive|outage|cod,40,3,True,"coinbase>=1,000,000",prints+quotes,9100021,10,2.75396,399565,2.58055,7.9,9.46695,passive,BTC-USD,buy,1.1586,100000,86310.8,2.72967,437240,0.508924,0.439256,1,86372,7.09019,8,35.1654,43956.8,0,3.11441,3.51654,5.30853,11.9395,1.71128,56144.6,23.7568,9.46695,60,129,1,58,58.7274,2.84409,0,126,3,0,-0.838045,-0.458894,-0.838045,-0.458894,0.812067,1.19129,0.812067,1.19129,6.62101,6.99948,6.62101,6.99948
latency_outage,volatile_thin,100000,passive|outage|cod,40,3,True,"coinbase>=1,000,000",prints+quotes,9100021,10,2.75396,399565,2.58055,7.9,9.46695,passive,BTC-USD,sell,1.1586,100000,86310.8,2.72967,428177,1.1586,1,1,86306.2,0.530894,8,79.9958,99994.7,0,0.530894,7.99958,-0,8.53047,0,0,8.53047,-9.46695,42,84,0,40,38.5,2.84409,0,79,5,0,3.59642,1.19348,3.59642,1.19348,5.5562,3.15362,5.5562,3.15362,13.5456,11.1478,13.5456,11.1478
latency_outage,volatile_thin,100000,passive|outage|no-cod,40,3,False,"coinbase>=1,000,000",prints+quotes,9100021,10,2.75396,399565,2.58055,7.9,9.46695,passive,BTC-USD,buy,1.1586,100000,86310.8,2.72967,437240,1.1586,1,1,86385.8,8.6882,8,80.0695,100087,0,8.6882,8.00695,1.81433e-15,16.6951,0,0,16.6951,9.46695,59,146,0,58,62.2,2.84409,0,139,7,0.649046,0.194924,-0.693059,0.194924,-0.693059,2.02949,1.14175,2.02949,1.14175,20.2493,19.3642,20.2493,19.3642
latency_outage,volatile_thin,100000,passive|outage|no-cod,40,3,False,"coinbase>=1,000,000",prints+quotes,9100021,10,2.75396,399565,2.58055,7.9,9.46695,passive,BTC-USD,sell,1.1586,100000,86310.8,2.72967,428177,1.1586,1,1,86305.2,0.647415,8,79.9948,99993.5,0,0.647415,7.99948,-0,8.6469,0,0,8.6469,-9.46695,41,96,0,40,38.5,2.84409,0,91,5,0,3.35386,1.13315,3.35386,1.13315,5.3495,3.12915,5.3495,3.12915,13.7595,11.5437,13.7595,11.5437
latency_outage,volatile_thin,100000,passive|prints-only,40,0,True,"coinbase>=1,000,000",prints-only,9100021,10,2.75396,399565,2.58055,7.9,9.46695,passive,BTC-USD,buy,1.1586,100000,86310.8,2.72967,437240,0.337508,0.291306,1,86354.4,5.04281,8,23.3162,29145.3,0,1.469,2.33162,6.70917,10.5098,2.3179,70959.7,25.6004,9.46695,62,134,0,62,59.7027,0,0,134,0,0,-1.58684,-0.297005,-1.58684,-0.297005,-1.14619,0.143544,-1.14619,0.143544,3.53039,4.81942,3.53039,4.81942
latency_outage,volatile_thin,100000,passive|prints-only,40,0,True,"coinbase>=1,000,000",prints-only,9100021,10,2.75396,399565,2.58055,7.9,9.46695,passive,BTC-USD,sell,1.1586,100000,86310.8,2.72967,428177,0.691414,0.596765,1,86286.8,2.7858,8,47.7279,59659.9,0,1.66247,4.77279,-3.8174,2.61786,0.501466,40356.6,10.3835,-9.46695,62,142,0,62,59.8232,0,0,142,0,0,-0.379623,1.01569,-0.379623,1.01569,3.33216,4.72811,3.33216,4.72811,16.2987,17.6966,16.2987,17.6966
latency_outage,volatile_thin,100000,aggressive|lat250ms,250,0,True,"coinbase>=1,000,000",prints+quotes,9100022,10,2.60552,352038,2.13296,8.53333,28.2423,aggressive,BTC-USD,buy,1.15985,100000,86218.2,3.10259,333378,1.15985,1,0,86249.3,3.61028,18,180.065,0,100036,3.61028,18.0065,2.435e-07,21.6168,7.875e-09,0.000864695,21.6168,28.2423,1,21,0,0,0.224216,0,0,0,0,0,-0.888517,-3.96821,,,-0.467064,-3.54663,,,-18.2655,-21.3505,,
latency_outage,volatile_thin,100000,aggressive|lat250ms,250,0,True,"coinbase>=1,000,000",prints+quotes,9100022,10,2.60552,352038,2.13296,8.53333,28.2423,aggressive,BTC-USD,sell,1.15985,100000,86218.2,3.10259,421008,1.15985,1,0,86195.8,2.59514,18,179.953,0,99974,2.59514,17.9953,-2.435e-07,20.5905,7.875e-09,0.000864538,20.5905,-28.2423,1,17,0,0,0.224216,0,0,0,0,0,7.09606,3.96821,,,6.67435,3.54663,,,24.4838,21.3505,,
latency_outage,volatile_thin,100000,aggressive|lat40ms,40,0,True,"coinbase>=1,000,000",prints+quotes,9100022,10,2.60552,352038,2.13296,8.53333,28.2423,aggressive,BTC-USD,buy,1.15985,100000,86218.2,3.10259,333378,1.15985,1,0,86251.2,3.83123,18,180.069,0,100038,3.83123,18.0069,2.435e-07,21.8381,7.875e-09,0.000864695,21.8381,28.2423,1,21,0,0,0.0358746,0,0,0,0,0,-0.890266,-4.72174,,,-1.24678,-5.0784,,,-17.457,-21.2948,,
latency_outage,volatile_thin,100000,aggressive|lat40ms,40,0,True,"coinbase>=1,000,000",prints+quotes,9100022,10,2.60552,352038,2.13296,8.53333,28.2423,aggressive,BTC-USD,sell,1.15985,100000,86218.2,3.10259,421008,1.15985,1,0,86194.3,2.76697,18,179.95,0,99972.3,2.76697,17.995,-2.435e-07,20.762,7.875e-09,0.000864538,20.762,-28.2423,1,16,0,0,0.0358746,0,0,0,0,0,7.49081,4.72174,,,7.84756,5.0784,,,24.0685,21.2948,,
latency_outage,volatile_thin,100000,aggressive|lat5ms,5,0,True,"coinbase>=1,000,000",prints+quotes,9100022,10,2.60552,352038,2.13296,8.53333,28.2423,aggressive,BTC-USD,buy,1.15985,100000,86218.2,3.10259,333378,1.15985,1,0,86251.2,3.83123,18,180.069,0,100038,3.83123,18.0069,2.435e-07,21.8381,7.875e-09,0.000864695,21.8381,28.2423,1,21,0,0,0.00448432,0,0,0,0,0,-0.890266,-4.72174,,,-1.24678,-5.0784,,,-17.457,-21.2948,,
latency_outage,volatile_thin,100000,aggressive|lat5ms,5,0,True,"coinbase>=1,000,000",prints+quotes,9100022,10,2.60552,352038,2.13296,8.53333,28.2423,aggressive,BTC-USD,sell,1.15985,100000,86218.2,3.10259,421008,1.15985,1,0,86194.3,2.76697,18,179.95,0,99972.3,2.76697,17.995,-2.435e-07,20.762,7.875e-09,0.000864538,20.762,-28.2423,1,16,0,0,0.00448432,0,0,0,0,0,7.49081,4.72174,,,7.84756,5.0784,,,24.0685,21.2948,,
latency_outage,volatile_thin,100000,aggressive|outage|cod,40,3,True,"coinbase>=1,000,000",prints+quotes,9100022,10,2.60552,352038,2.13296,8.53333,28.2423,aggressive,BTC-USD,buy,1.15985,100000,86218.2,3.10259,333378,1.15985,1,0,86251.2,3.83123,18,180.069,0,100038,3.83123,18.0069,2.435e-07,21.8381,7.875e-09,0.000864695,21.8381,28.2423,1,21,0,0,0.0358746,4.35832,0,0,0,0,-0.890266,-4.72174,,,-1.24678,-5.0784,,,-17.457,-21.2948,,
latency_outage,volatile_thin,100000,aggressive|outage|cod,40,3,True,"coinbase>=1,000,000",prints+quotes,9100022,10,2.60552,352038,2.13296,8.53333,28.2423,aggressive,BTC-USD,sell,1.15985,100000,86218.2,3.10259,421008,1.15985,1,0,86194.3,2.76697,18,179.95,0,99972.3,2.76697,17.995,-2.435e-07,20.762,7.875e-09,0.000864538,20.762,-28.2423,1,16,0,0,0.0358746,4.35832,0,0,0,0,7.49081,4.72174,,,7.84756,5.0784,,,24.0685,21.2948,,
latency_outage,volatile_thin,100000,aggressive|outage|no-cod,40,3,False,"coinbase>=1,000,000",prints+quotes,9100022,10,2.60552,352038,2.13296,8.53333,28.2423,aggressive,BTC-USD,buy,1.15985,100000,86218.2,3.10259,333378,1.15985,1,0,86251.2,3.83123,18,180.069,0,100038,3.83123,18.0069,2.435e-07,21.8381,7.875e-09,0.000864695,21.8381,28.2423,1,21,0,0,0.0358746,4.35832,0,0,0,0,-0.890266,-4.72174,,,-1.24678,-5.0784,,,-17.457,-21.2948,,
latency_outage,volatile_thin,100000,aggressive|outage|no-cod,40,3,False,"coinbase>=1,000,000",prints+quotes,9100022,10,2.60552,352038,2.13296,8.53333,28.2423,aggressive,BTC-USD,sell,1.15985,100000,86218.2,3.10259,421008,1.15985,1,0,86194.3,2.76697,18,179.95,0,99972.3,2.76697,17.995,-2.435e-07,20.762,7.875e-09,0.000864538,20.762,-28.2423,1,16,0,0,0.0358746,4.35832,0,0,0,0,7.49081,4.72174,,,7.84756,5.0784,,,24.0685,21.2948,,
latency_outage,volatile_thin,100000,aggressive|prints-only,40,0,True,"coinbase>=1,000,000",prints-only,9100022,10,2.60552,352038,2.13296,8.53333,28.2423,aggressive,BTC-USD,buy,1.15985,100000,86218.2,3.10259,333378,1.15985,1,0,86251.2,3.83123,18,180.069,0,100038,3.83123,18.0069,2.435e-07,21.8381,7.875e-09,0.000864695,21.8381,28.2423,1,21,0,0,0.0358746,0,0,0,0,0,-0.890266,-4.72174,,,-1.24678,-5.0784,,,-17.457,-21.2948,,
latency_outage,volatile_thin,100000,aggressive|prints-only,40,0,True,"coinbase>=1,000,000",prints-only,9100022,10,2.60552,352038,2.13296,8.53333,28.2423,aggressive,BTC-USD,sell,1.15985,100000,86218.2,3.10259,421008,1.15985,1,0,86194.3,2.76697,18,179.95,0,99972.3,2.76697,17.995,-2.435e-07,20.762,7.875e-09,0.000864538,20.762,-28.2423,1,16,0,0,0.0358746,0,0,0,0,0,7.49081,4.72174,,,7.84756,5.0784,,,24.0685,21.2948,,
latency_outage,volatile_thin,100000,hybrid|lat250ms,250,0,True,"coinbase>=1,000,000",prints+quotes,9100022,10,2.60552,352038,2.13296,8.53333,28.2423,hybrid,BTC-USD,buy,1.15985,100000,86218.2,3.10259,333378,1.15985,1,0.484635,86381.8,18.9764,13.1588,131.838,48503.6,51686.1,18.9764,13.1838,2.435e-07,32.1602,7.875e-09,0.000864695,32.1602,28.2423,43,94,0,42,42.2696,0,0,83,2,0,3.27472,2.03637,0.113962,0.800979,1.35593,0.118034,-4.60532,-3.91758,-6.23368,-7.47115,-18.9874,-18.2984
latency_outage,volatile_thin,100000,hybrid|lat250ms,250,0,True,"coinbase>=1,000,000",prints+quotes,9100022,10,2.60552,352038,2.13296,8.53333,28.2423,hybrid,BTC-USD,sell,1.15985,100000,86218.2,3.10259,421008,1.15985,1,1,86277.2,-6.85281,8,80.0548,100069,0,-6.85281,8.00548,5.40679e-15,1.15267,0,0,1.15267,-28.2423,13,42,0,12,14.0135,0,0,42,0,0,-1.64466,-0.5859,-1.64466,-0.5859,2.22054,3.27987,2.22054,3.27987,17.4426,18.5032,17.4426,18.5032
latency_outage,volatile_thin,100000,hybrid|lat40ms,40,0,True,"coinbase>=1,000,000",prints+quotes,9100022,10,2.60552,352038,2.13296,8.53333,28.2423,hybrid,BTC-USD,buy,1.15985,100000,86218.2,3.10259,333378,1.15985,1,0.460073,86385.3,19.3898,13.4047,134.307,46042.2,54151.6,19.3898,13.4307,4.87e-07,32.8204,1.575e-08,0.00172939,32.8204,28.2423,50,106,0,49,42.1277,0,0,95,1,0,3.34428,1.97223,-0.446711,0.618444,1.10736,-0.264144,-6.23235,-5.16633,-5.82934,-7.20031,-19.899,-18.8313
latency_outage,volatile_thin,100000,hybrid|lat40ms,40,0,True,"coinbase>=1,000,000",prints+quotes,9100022,10,2.60552,352038,2.13296,8.53333,28.2423,hybrid,BTC-USD,sell,1.15985,100000,86218.2,3.10259,421008,1.15985,1,0.804775,86340,-14.1376,9.95433,99.684,80570.4,19570.9,-14.1376,9.9684,-2.435e-07,-4.16916,7.875e-09,0.000864538,-4.16916,-28.2423,54,130,0,53,42.1345,0,0,120,6,0,0.488622,0.599755,1.0816,1.50351,2.52365,2.63489,3.80129,4.22331,11.4041,11.5159,14.5442,14.967
latency_outage,volatile_thin,100000,hybrid|lat5ms,5,0,True,"coinbase>=1,000,000",prints+quotes,9100022,10,2.60552,352038,2.13296,8.53333,28.2423,hybrid,BTC-USD,buy,1.15985,100000,86218.2,3.10259,333378,1.15985,1,0.381795,86405.3,21.7081,14.1869,142.177,38213.3,62003.7,21.7081,14.2177,2.435e-07,35.9258,7.875e-09,0.000864695,35.9258,28.2423,52,116,0,51,42.1051,0,0,103,1,0,4.06163,2.2112,-0.330315,0.730278,3.04877,1.19878,-4.25744,-3.19614,-3.81342,-5.66292,-20.2845,-19.2212
latency_outage,volatile_thin,100000,hybrid|lat5ms,5,0,True,"coinbase>=1,000,000",prints+quotes,9100022,10,2.60552,352038,2.13296,8.53333,28.2423,hybrid,BTC-USD,sell,1.15985,100000,86218.2,3.10259,421008,1.15985,1,1,86277.6,-6.90022,8,80.0552,100069,0,-6.90022,8.00552,-2.435e-07,1.1053,7.875e-09,0.000864538,1.1053,-28.2423,17,53,0,16,14.0135,0,0,50,3,0,-1.41494,-0.345419,-1.41494,-0.345419,2.09755,3.16761,2.09755,3.16761,18.0469,19.1183,18.0469,19.1183
latency_outage,volatile_thin,100000,hybrid|outage|cod,40,3,True,"coinbase>=1,000,000",prints+quotes,9100022,10,2.60552,352038,2.13296,8.53333,28.2423,hybrid,BTC-USD,buy,1.15985,100000,86218.2,3.10259,333378,1.15985,1,0.419611,86385.5,19.4071,13.8098,138.366,41983.7,58210.3,19.4071,13.8366,0,33.2436,0,0,33.2436,28.2423,47,102,0,44,42.0429,4.35832,0,91,0,0,3.55457,2.01866,-0.758567,0.487324,1.05706,-0.478313,-7.79901,-6.55223,-5.81526,-7.35012,-22.5141,-21.2655
latency_outage,volatile_thin,100000,hybrid|outage|cod,40,3,True,"coinbase>=1,000,000",prints+quotes,9100022,10,2.60552,352038,2.13296,8.53333,28.2423,hybrid,BTC-USD,sell,1.15985,100000,86218.2,3.10259,421008,1.15985,1,0.804046,86339.9,-14.1218,9.96162,99.7568,80497.4,19643.9,-14.1218,9.97568,-0,-4.14612,0,0,-4.14612,-28.2423,51,127,0,48,42.0277,4.35832,0,116,6,0,0.501953,0.599959,1.08644,1.50796,2.54063,2.63874,3.81384,4.23546,11.4197,11.5184,14.5637,14.9861
latency_outage,volatile_thin,100000,hybrid|outage|no-cod,40,3,False,"coinbase>=1,000,000",prints+quotes,9100022,10,2.60552,352038,2.13296,8.53333,28.2423,hybrid,BTC-USD,buy,1.15985,100000,86218.2,3.10259,333378,1.15985,1,1,86399.2,20.9999,8,80.168,100210,0,20.9999,8.0168,2.435e-07,29.0167,7.875e-09,0.000864695,29.0167,28.2423,45,102,0,44,40.8,4.35832,0,94,8,0,2.30881,1.45741,2.30881,1.45741,3.27733,2.42724,3.27733,2.42724,-4.12321,-4.97286,-4.12321,-4.97286
latency_outage,volatile_thin,100000,hybrid|outage|no-cod,40,3,False,"coinbase>=1,000,000",prints+quotes,9100022,10,2.60552,352038,2.13296,8.53333,28.2423,hybrid,BTC-USD,sell,1.15985,100000,86218.2,3.10259,421008,1.15985,1,0.80407,86340,-14.1333,9.96139,99.7547,80499.7,19641.6,-14.1333,9.97547,-0,-4.15788,0,0,-4.15788,-28.2423,51,128,0,50,42.134,4.35832,0,118,6,0,0.490623,0.599974,1.08632,1.50784,2.52912,2.63858,3.8134,4.23503,11.4082,11.5182,14.563,14.9854
latency_outage,volatile_thin,100000,hybrid|prints-only,40,0,True,"coinbase>=1,000,000",prints-only,9100022,10,2.60552,352038,2.13296,8.53333,28.2423,hybrid,BTC-USD,buy,1.15985,100000,86218.2,3.10259,333378,1.15985,1,0.420092,86385.5,19.4054,13.8049,138.317,42032,58162.1,19.4054,13.8317,2.435e-07,33.2372,7.875e-09,0.000864695,33.2372,28.2423,50,106,0,49,42.1277,0,0,95,0,0,3.55172,2.01858,-0.754555,0.490148,1.056,-0.476605,-7.78177,-6.53618,-5.81708,-7.34917,-22.4832,-21.2358
latency_outage,volatile_thin,100000,hybrid|prints-only,40,0,True,"coinbase>=1,000,000",prints-only,9100022,10,2.60552,352038,2.13296,8.53333,28.2423,hybrid,BTC-USD,sell,1.15985,100000,86218.2,3.10259,421008,1.15985,1,0.561719,86364.3,-16.9451,12.3861,124.071,56234.3,43935.1,-16.9451,12.4071,-2.435e-07,-4.53801,7.875e-09,0.000864538,-4.53801,-28.2423,54,127,0,53,42.1345,0,0,120,0,0,-0.227824,-0.242866,0.815681,2.00654,1.06936,1.0545,3.73932,4.93042,8.20095,8.18697,15.4969,16.6897
latency_outage,volatile_thin,100000,passive|lat250ms,250,0,True,"coinbase>=1,000,000",prints+quotes,9100022,10,2.60552,352038,2.13296,8.53333,28.2423,passive,BTC-USD,buy,1.15985,100000,86218.2,3.10259,333378,1.15985,1,1,86385.9,19.4564,8,80.1557,100195,0,19.4564,8.01557,2.435e-07,27.472,7.875e-09,0.000864695,27.472,28.2423,58,107,0,58,57.8,0,0,101,6,0,2.04708,0.482826,2.04708,0.482826,-0.592718,-2.15677,-0.592718,-2.15677,-3.0044,-4.56604,-3.0044,-4.56604
latency_outage,volatile_thin,100000,passive|lat250ms,250,0,True,"coinbase>=1,000,000",prints+quotes,9100022,10,2.60552,352038,2.13296,8.53333,28.2423,passive,BTC-USD,sell,1.15985,100000,86218.2,3.10259,421008,1.15985,1,1,86277.2,-6.85281,8,80.0548,100069,0,-6.85281,8.00548,5.40679e-15,1.15267,0,0,1.15267,-28.2423,13,42,0,12,14.0135,0,0,42,0,0,-1.64466,-0.5859,-1.64466,-0.5859,2.22054,3.27987,2.22054,3.27987,17.4426,18.5032,17.4426,18.5032
latency_outage,volatile_thin,100000,passive|lat40ms,40,0,True,"coinbase>=1,000,000",prints+quotes,9100022,10,2.60552,352038,2.13296,8.53333,28.2423,passive,BTC-USD,buy,1.15985,100000,86218.2,3.10259,333378,0.905047,0.780315,1,86349.5,15.2362,8,62.5203,78150.4,0,11.8891,6.25203,6.20441,24.3455,0.283551,22033.4,28.5951,28.2423,72,136,0,72,58.5027,0,0,131,5,0,0.333586,0.325661,0.333586,0.325661,-3.2495,-3.257,-3.2495,-3.257,-8.84544,-8.85113,-8.84544,-8.85113
latency_outage,volatile_thin,100000,passive|lat40ms,40,0,True,"coinbase>=1,000,000",prints+quotes,9100022,10,2.60552,352038,2.13296,8.53333,28.2423,passive,BTC-USD,sell,1.15985,100000,86218.2,3.10259,421008,1.15985,1,1,86338.8,-13.9945,8,80.112,100140,0,-13.9945,8.0112,-0,-5.98331,0,0,-5.98331,-28.2423,68,157,0,67,52.6,0,0,147,10,0,1.42141,1.55875,1.42141,1.55875,3.99775,4.13516,3.99775,4.13516,11.5195,11.6576,11.5195,11.6576
latency_outage,volatile_thin,100000,passive|lat5ms,5,0,True,"coinbase>=1,000,000",prints+quotes,9100022,10,2.60552,352038,2.13296,8.53333,28.2423,passive,BTC-USD,buy,1.15985,100000,86218.2,3.10259,333378,0.916519,0.790206,1,86370,17.6094,8,63.3278,79159.7,0,13.9151,6.33278,5.92508,26.1729,0.268873,21041.4,30.2292,28.2423,73,148,0,73,59.12,0,0,141,7,0,0.628013,0.389115,0.628013,0.389115,-1.24892,-1.48753,-1.24892,-1.48753,-6.69874,-6.93558,-6.69874,-6.93558
latency_outage,volatile_thin,100000,passive|lat5ms,5,0,True,"coinbase>=1,000,000",prints+quotes,9100022,10,2.60552,352038,2.13296,8.53333,28.2423,passive,BTC-USD,sell,1.15985,100000,86218.2,3.10259,421008,1.15985,1,1,86277.6,-6.90022,8,80.0552,100069,0,-6.90022,8.00552,-2.435e-07,1.1053,7.875e-09,0.000864538,1.1053,-28.2423,17,53,0,16,14.0135,0,0,50,3,0,-1.41494,-0.345419,-1.41494,-0.345419,2.09755,3.16761,2.09755,3.16761,18.0469,19.1183,18.0469,19.1183
latency_outage,volatile_thin,100000,passive|outage|cod,40,3,True,"coinbase>=1,000,000",prints+quotes,9100022,10,2.60552,352038,2.13296,8.53333,28.2423,passive,BTC-USD,buy,1.15985,100000,86218.2,3.10259,333378,0.721804,0.622326,1,86335.2,13.5751,8,49.8537,62317.1,0,8.44812,4.98537,10.6664,24.0999,0.54316,37879.5,31.4613,28.2423,69,126,0,66,57.9099,4.35832,0,122,4,0,0.827879,0.613533,0.827879,0.613533,-4.22702,-4.44086,-4.22702,-4.44086,-10.9739,-11.1855,-10.9739,-11.1855
latency_outage,volatile_thin,100000,passive|outage|cod,40,3,True,"coinbase>=1,000,000",prints+quotes,9100022,10,2.60552,352038,2.13296,8.53333,28.2423,passive,BTC-USD,sell,1.15985,100000,86218.2,3.10259,421008,1.15985,1,1,86338.7,-13.9843,8,80.1119,100140,0,-13.9843,8.01119,-0,-5.97315,0,0,-5.97315,-28.2423,65,154,0,62,52.6,4.35832,0,144,10,0,1.41465,1.5563,1.41465,1.5563,3.99077,4.1325,3.99077,4.1325,11.5198,11.6622,11.5198,11.6622
latency_outage,volatile_thin,100000,passive|outage|no-cod,40,3,False,"coinbase>=1,000,000",prints+quotes,9100022,10,2.60552,352038,2.13296,8.53333,28.2423,passive,BTC-USD,buy,1.15985,100000,86218.2,3.10259,333378,1.15985,1,1,86399.2,20.9999,8,80.168,100210,0,20.9999,8.0168,2.435e-07,29.0167,7.875e-09,0.000864695,29.0167,28.2423,45,102,0,44,40.8,4.35832,0,94,8,0,2.30881,1.45741,2.30881,1.45741,3.27733,2.42724,3.27733,2.42724,-4.12321,-4.97286,-4.12321,-4.97286
latency_outage,volatile_thin,100000,passive|outage|no-cod,40,3,False,"coinbase>=1,000,000",prints+quotes,9100022,10,2.60552,352038,2.13296,8.53333,28.2423,passive,BTC-USD,sell,1.15985,100000,86218.2,3.10259,421008,1.15985,1,1,86338.7,-13.9845,8,80.1119,100140,0,-13.9845,8.01119,-2.435e-07,-5.97336,7.875e-09,0.000864538,-5.97336,-28.2423,65,156,0,64,52.6,4.35832,0,146,10,0,1.41452,1.55623,1.41452,1.55623,3.99046,4.13225,3.99046,4.13225,11.5195,11.662,11.5195,11.662
latency_outage,volatile_thin,100000,passive|prints-only,40,0,True,"coinbase>=1,000,000",prints-only,9100022,10,2.60552,352038,2.13296,8.53333,28.2423,passive,BTC-USD,buy,1.15985,100000,86218.2,3.10259,333378,0.635845,0.548214,1,86293.1,8.69432,8,43.8952,54869,0,4.76634,4.38952,12.7595,21.9154,0.678013,45313,30.7497,28.2423,72,131,0,72,58.5027,0,0,131,0,0,-1.20857,0.0537172,-1.20857,0.0537172,-6.51402,-5.25106,-6.51402,-5.25106,-17.7653,-16.501,-17.7653,-16.501
latency_outage,volatile_thin,100000,passive|prints-only,40,0,True,"coinbase>=1,000,000",prints-only,9100022,10,2.60552,352038,2.13296,8.53333,28.2423,passive,BTC-USD,sell,1.15985,100000,86218.2,3.10259,421008,1.15985,1,1,86381.3,-18.9236,8,80.1514,100189,0,-18.9236,8.01514,-2.435e-07,-10.9085,7.875e-09,0.000864538,-10.9085,-28.2423,70,161,0,69,54.0323,0,0,161,0,0,0.945529,2.01523,0.945529,2.01523,1.21669,2.2864,1.21669,2.2864,5.54065,6.61111,5.54065,6.61111
latency_outage,volatile_thin,100000,aggressive|lat250ms,250,0,True,"coinbase>=1,000,000",prints+quotes,9100023,10,2.56331,372014,1.77816,9.11667,-45.302,aggressive,BTC-USD,buy,1.15991,100000,86213.7,3.11319,298964,1.15991,1,0,86234.5,2.41521,18,180.043,0,100024,2.41521,18.0043,-8.67229e-15,20.4196,0,0,20.4196,-45.302,1,17,0,0,0.369628,0,0,0,0,0,7.21349,-0.00406163,,,9.70437,2.48862,,,30.0251,22.824,,
latency_outage,volatile_thin,100000,aggressive|lat250ms,250,0,True,"coinbase>=1,000,000",prints+quotes,9100023,10,2.56331,372014,1.77816,9.11667,-45.302,aggressive,BTC-USD,sell,1.15991,100000,86213.7,3.11319,285720,1.15991,1,0,86154.6,6.85734,18,179.877,0,99931.4,6.85734,17.9877,-8.67229e-15,24.845,0,0,24.845,45.302,1,19,0,0,0.369628,0,0,0,0,0,2.05852,0.00406163,,,-0.434672,-2.48862,,,-20.7743,-22.824,,
latency_outage,volatile_thin,100000,aggressive|lat40ms,40,0,True,"coinbase>=1,000,000",prints+quotes,9100023,10,2.56331,372014,1.77816,9.11667,-45.302,aggressive,BTC-USD,buy,1.15991,100000,86213.7,3.11319,298964,1.15991,1,0,86241.4,3.21655,18,180.058,0,100032,3.21655,18.0058,8.67229e-15,21.2223,0,0,21.2223,-45.302,1,16,0,0,0.0591406,0,0,0,0,0,7.19791,3.98371,,,10.5049,7.29176,,,30.6159,27.4092,,
latency_outage,volatile_thin,100000,aggressive|lat40ms,40,0,True,"coinbase>=1,000,000",prints+quotes,9100023,10,2.56331,372014,1.77816,9.11667,-45.302,aggressive,BTC-USD,sell,1.15991,100000,86213.7,3.11319,285720,1.15991,1,0,86190.2,2.73068,18,179.951,0,99972.7,2.73068,17.9951,-8.67229e-15,20.7258,0,0,20.7258,45.302,1,19,0,0,0.0591406,0,0,0,0,0,-1.2533,-3.98371,,,-4.56226,-7.29176,,,-24.6852,-27.4092,,
latency_outage,volatile_thin,100000,aggressive|lat5ms,5,0,True,"coinbase>=1,000,000",prints+quotes,9100023,10,2.56331,372014,1.77816,9.11667,-45.302,aggressive,BTC-USD,buy,1.15991,100000,86213.7,3.11319,298964,1.15991,1,0,86241.4,3.21655,18,180.058,0,100032,3.21655,18.0058,8.67229e-15,21.2223,0,0,21.2223,-45.302,1,16,0,0,0.00739257,0,0,0,0,0,7.19791,3.98371,,,10.5049,7.29176,,,30.6159,27.4092,,
latency_outage,volatile_thin,100000,aggressive|lat5ms,5,0,True,"coinbase>=1,000,000",prints+quotes,9100023,10,2.56331,372014,1.77816,9.11667,-45.302,aggressive,BTC-USD,sell,1.15991,100000,86213.7,3.11319,285720,1.15991,1,0,86190.2,2.73068,18,179.951,0,99972.7,2.73068,17.9951,-8.67229e-15,20.7258,0,0,20.7258,45.302,1,19,0,0,0.00739257,0,0,0,0,0,-1.2533,-3.98371,,,-4.56226,-7.29176,,,-24.6852,-27.4092,,
latency_outage,volatile_thin,100000,aggressive|outage|cod,40,3,True,"coinbase>=1,000,000",prints+quotes,9100023,10,2.56331,372014,1.77816,9.11667,-45.302,aggressive,BTC-USD,buy,1.15991,100000,86213.7,3.11319,298964,1.15991,1,0,86241.4,3.21655,18,180.058,0,100032,3.21655,18.0058,8.67229e-15,21.2223,0,0,21.2223,-45.302,1,16,0,0,0.0591406,7.4261,0,0,0,0,7.19791,3.98371,,,10.5049,7.29176,,,30.6159,27.4092,,
latency_outage,volatile_thin,100000,aggressive|outage|cod,40,3,True,"coinbase>=1,000,000",prints+quotes,9100023,10,2.56331,372014,1.77816,9.11667,-45.302,aggressive,BTC-USD,sell,1.15991,100000,86213.7,3.11319,285720,1.15991,1,0,86190.2,2.73068,18,179.951,0,99972.7,2.73068,17.9951,-8.67229e-15,20.7258,0,0,20.7258,45.302,1,19,0,0,0.0591406,7.4261,0,0,0,0,-1.2533,-3.98371,,,-4.56226,-7.29176,,,-24.6852,-27.4092,,
latency_outage,volatile_thin,100000,aggressive|outage|no-cod,40,3,False,"coinbase>=1,000,000",prints+quotes,9100023,10,2.56331,372014,1.77816,9.11667,-45.302,aggressive,BTC-USD,buy,1.15991,100000,86213.7,3.11319,298964,1.15991,1,0,86241.4,3.21655,18,180.058,0,100032,3.21655,18.0058,8.67229e-15,21.2223,0,0,21.2223,-45.302,1,16,0,0,0.0591406,7.4261,0,0,0,0,7.19791,3.98371,,,10.5049,7.29176,,,30.6159,27.4092,,
latency_outage,volatile_thin,100000,aggressive|outage|no-cod,40,3,False,"coinbase>=1,000,000",prints+quotes,9100023,10,2.56331,372014,1.77816,9.11667,-45.302,aggressive,BTC-USD,sell,1.15991,100000,86213.7,3.11319,285720,1.15991,1,0,86190.2,2.73068,18,179.951,0,99972.7,2.73068,17.9951,-8.67229e-15,20.7258,0,0,20.7258,45.302,1,19,0,0,0.0591406,7.4261,0,0,0,0,-1.2533,-3.98371,,,-4.56226,-7.29176,,,-24.6852,-27.4092,,
latency_outage,volatile_thin,100000,aggressive|prints-only,40,0,True,"coinbase>=1,000,000",prints-only,9100023,10,2.56331,372014,1.77816,9.11667,-45.302,aggressive,BTC-USD,buy,1.15991,100000,86213.7,3.11319,298964,1.15991,1,0,86241.4,3.21655,18,180.058,0,100032,3.21655,18.0058,8.67229e-15,21.2223,0,0,21.2223,-45.302,1,16,0,0,0.0591406,0,0,0,0,0,7.19791,3.98371,,,10.5049,7.29176,,,30.6159,27.4092,,
latency_outage,volatile_thin,100000,aggressive|prints-only,40,0,True,"coinbase>=1,000,000",prints-only,9100023,10,2.56331,372014,1.77816,9.11667,-45.302,aggressive,BTC-USD,sell,1.15991,100000,86213.7,3.11319,285720,1.15991,1,0,86190.2,2.73068,18,179.951,0,99972.7,2.73068,17.9951,-8.67229e-15,20.7258,0,0,20.7258,45.302,1,19,0,0,0.0591406,0,0,0,0,0,-1.2533,-3.98371,,,-4.56226,-7.29176,,,-24.6852,-27.4092,,
latency_outage,volatile_thin,100000,hybrid|lat250ms,250,0,True,"coinbase>=1,000,000",prints+quotes,9100023,10,2.56331,372014,1.77816,9.11667,-45.302,hybrid,BTC-USD,buy,1.15991,100000,86213.7,3.11319,298964,1.15991,1,0.987141,86024.1,-21.9987,8.12841,81.1053,98498.8,1281.26,-21.9987,8.11053,-0,-13.8882,0,0,-13.8882,-45.302,36,121,2,33,44.1443,0,0,108,12,0,2.41671,1.2025,2.42936,1.21323,6.35052,5.13694,6.31835,5.10285,20.9069,19.6949,20.9615,19.7476
latency_outage,volatile_thin,100000,hybrid|lat250ms,250,0,True,"coinbase>=1,000,000",prints+quotes,9100023,10,2.56331,372014,1.77816,9.11667,-45.302,hybrid,BTC-USD,sell,1.15991,100000,86213.7,3.11319,285720,1.15991,1,1,86124.1,10.3935,8,79.9169,99896.1,0,10.3935,7.99169,3.90565e-07,18.3852,1.4555e-08,0.000858086,18.3852,45.302,8,24,0,8,8.61592,0,0,24,0,0,-0.701822,0.0910436,-0.701822,0.0910436,-0.300323,0.492574,-0.300323,0.492574,-28.1488,-27.3581,-28.1488,-27.3581
latency_outage,volatile_thin,100000,hybrid|lat40ms,40,0,True,"coinbase>=1,000,000",prints+quotes,9100023,10,2.56331,372014,1.77816,9.11667,-45.302,hybrid,BTC-USD,buy,1.15991,100000,86213.7,3.11319,298964,1.15991,1,1,86098.1,-13.4046,8,79.8928,99866,0,-13.4046,7.98928,-3.90565e-07,-5.41529,1.4555e-08,0.000858377,-5.41529,-45.302,33,87,0,32,26.5185,0,0,80,7,0,1.16342,0.0467615,1.16342,0.0467615,2.68566,1.56912,2.68566,1.56912,24.7973,23.683,24.7973,23.683
latency_outage,volatile_thin,100000,hybrid|lat40ms,40,0,True,"coinbase>=1,000,000",prints+quotes,9100023,10,2.56331,372014,1.77816,9.11667,-45.302,hybrid,BTC-USD,sell,1.15991,100000,86213.7,3.11319,285720,1.15991,1,1,86124.7,10.3251,8,79.9174,99896.7,0,10.3251,7.99174,-8.67229e-15,18.3169,0,0,18.3169,45.302,10,36,0,10,8.61592,0,0,36,0,0,-0.720626,0.0757039,-0.720626,0.0757039,-0.376452,0.419903,-0.376452,0.419903,-28.1108,-27.3166,-28.1108,-27.3166
latency_outage,volatile_thin,100000,hybrid|lat5ms,5,0,True,"coinbase>=1,000,000",prints+quotes,9100023,10,2.56331,372014,1.77816,9.11667,-45.302,hybrid,BTC-USD,buy,1.15991,100000,86213.7,3.11319,298964,1.15991,1,1,86096.6,-13.584,8,79.8913,99864.2,0,-13.584,7.98913,-3.90565e-07,-5.59491,1.4555e-08,0.000858377,-5.59491,-45.302,30,93,0,29,24.7341,0,0,87,6,0,1.16995,0.467856,1.16995,0.467856,3.13744,2.43534,3.13744,2.43534,24.7298,24.0291,24.7298,24.0291
latency_outage,volatile_thin,100000,hybrid|lat5ms,5,0,True,"coinbase>=1,000,000",prints+quotes,9100023,10,2.56331,372014,1.77816,9.11667,-45.302,hybrid,BTC-USD,sell,1.15991,100000,86213.7,3.11319,285720,1.15991,1,0.688034,85966.2,28.7037,11.1149,110.83,68653.1,31059.9,28.7037,11.083,0,39.7867,0,0,39.7867,45.302,46,111,0,45,42.1047,0,0,102,1,0,0.191714,0.0548628,-0.967873,-0.0314275,-3.54601,-3.6832,-5.60877,-4.67303,-15.8536,-15.9914,-20.3507,-19.4166
latency_outage,volatile_thin,100000,hybrid|outage|cod,40,3,True,"coinbase>=1,000,000",prints+quotes,9100023,10,2.56331,372014,1.77816,9.11667,-45.302,hybrid,BTC-USD,buy,1.15991,100000,86213.7,3.11319,298964,1.15991,1,0.783026,86034.4,-20.7946,10.1659,101.448,78177.8,21614.2,-20.7946,10.1448,-7.8113e-07,-10.6499,2.911e-08,0.00171675,-10.6499,-45.302,43,129,0,38,42.1555,7.4261,0,117,6,0,2.29979,0.530889,2.17364,0.745933,3.88495,2.11629,3.71455,2.28702,20.3931,18.6273,22.8754,21.4509
latency_outage,volatile_thin,100000,hybrid|outage|cod,40,3,True,"coinbase>=1,000,000",prints+quotes,9100023,10,2.56331,372014,1.77816,9.11667,-45.302,hybrid,BTC-USD,sell,1.15991,100000,86213.7,3.11319,285720,1.15991,1,1,86124.7,10.3299,8,79.9174,99896.7,0,10.3299,7.99174,-8.67229e-15,18.3216,0,0,18.3216,45.302,8,33,0,7,8.61592,7.4261,0,33,0,0,-0.719407,0.0760285,-0.719407,0.0760285,-0.37068,0.424781,-0.37068,0.424781,-28.1125,-27.3193,-28.1125,-27.3193
latency_outage,volatile_thin,100000,hybrid|outage|no-cod,40,3,False,"coinbase>=1,000,000",prints+quotes,9100023,10,2.56331,372014,1.77816,9.11667,-45.302,hybrid,BTC-USD,buy,1.15991,100000,86213.7,3.11319,298964,1.15991,1,1,86147.2,-7.71338,8,79.9383,99922.9,0,-7.71338,7.99383,-3.90565e-07,0.280448,1.4555e-08,0.000858377,0.280448,-45.302,9,46,0,8,10.4,7.4261,0,32,14,0,1.85672,-0.0626477,1.85672,-0.0626477,4.51884,2.59997,4.51884,2.59997,27.7377,25.8232,27.7377,25.8232
latency_outage,volatile_thin,100000,hybrid|outage|no-cod,40,3,False,"coinbase>=1,000,000",prints+quotes,9100023,10,2.56331,372014,1.77816,9.11667,-45.302,hybrid,BTC-USD,sell,1.15991,100000,86213.7,3.11319,285720,1.15991,1,1,86124.7,10.3299,8,79.9174,99896.7,0,10.3299,7.99174,-8.67229e-15,18.3216,0,0,18.3216,45.302,8,33,0,8,8.61592,7.4261,0,33,0,0,-0.719407,0.0760285,-0.719407,0.0760285,-0.37068,0.424781,-0.37068,0.424781,-28.1125,-27.3193,-28.1125,-27.3193
latency_outage,volatile_thin,100000,hybrid|prints-only,40,0,True,"coinbase>=1,000,000",prints-only,9100023,10,2.56331,372014,1.77816,9.11667,-45.302,hybrid,BTC-USD,buy,1.15991,100000,86213.7,3.11319,298964,1.15991,1,0.574901,85975.8,-27.5988,12.2465,122.127,57375.7,42348.3,-27.5988,12.2127,-3.90565e-07,-15.386,1.4555e-08,0.000858377,-15.386,-45.302,47,145,1,45,42.1528,0,0,135,0,0,1.1588,0.254615,-0.266676,0.624174,3.25066,2.34658,2.08185,2.97244,18.0943,17.1902,22.7736,23.6623
latency_outage,volatile_thin,100000,hybrid|prints-only,40,0,True,"coinbase>=1,000,000",prints-only,9100023,10,2.56331,372014,1.77816,9.11667,-45.302,hybrid,BTC-USD,sell,1.15991,100000,86213.7,3.11319,285720,1.15991,1,1,86124.7,10.3251,8,79.9174,99896.7,0,10.3251,7.99174,-8.67229e-15,18.3169,0,0,18.3169,45.302,10,36,0,10,8.61592,0,0,36,0,0,-0.720626,0.0757039,-0.720626,0.0757039,-0.376452,0.419903,-0.376452,0.419903,-28.1108,-27.3166,-28.1108,-27.3166
latency_outage,volatile_thin,100000,passive|lat250ms,250,0,True,"coinbase>=1,000,000",prints+quotes,9100023,10,2.56331,372014,1.77816,9.11667,-45.302,passive,BTC-USD,buy,1.15991,100000,86213.7,3.11319,298964,1.15991,1,1,86023.4,-22.0752,8,79.8234,99779.2,0,-22.0752,7.98234,-0,-14.0929,0,0,-14.0929,-45.302,41,132,2,38,49.0237,0,0,120,12,0,2.42108,1.21889,2.42108,1.21889,6.25296,5.05138,6.25296,5.05138,20.8037,19.6037,20.8037,19.6037
latency_outage,volatile_thin,100000,passive|lat250ms,250,0,True,"coinbase>=1,000,000",prints+quotes,9100023,10,2.56331,372014,1.77816,9.11667,-45.302,passive,BTC-USD,sell,1.15991,100000,86213.7,3.11319,285720,1.15991,1,1,86124.1,10.3935,8,79.9169,99896.1,0,10.3935,7.99169,3.90565e-07,18.3852,1.4555e-08,0.000858086,18.3852,45.302,8,24,0,8,8.61592,0,0,24,0,0,-0.701822,0.0910436,-0.701822,0.0910436,-0.300323,0.492574,-0.300323,0.492574,-28.1488,-27.3581,-28.1488,-27.3581
latency_outage,volatile_thin,100000,passive|lat40ms,40,0,True,"coinbase>=1,000,000",prints+quotes,9100023,10,2.56331,372014,1.77816,9.11667,-45.302,passive,BTC-USD,buy,1.15991,100000,86213.7,3.11319,298964,1.15991,1,1,86098.1,-13.4046,8,79.8928,99866,0,-13.4046,7.98928,-3.90565e-07,-5.41529,1.4555e-08,0.000858377,-5.41529,-45.302,33,87,0,32,26.5185,0,0,80,7,0,1.16342,0.0467615,1.16342,0.0467615,2.68566,1.56912,2.68566,1.56912,24.7973,23.683,24.7973,23.683
latency_outage,volatile_thin,100000,passive|lat40ms,40,0,True,"coinbase>=1,000,000",prints+quotes,9100023,10,2.56331,372014,1.77816,9.11667,-45.302,passive,BTC-USD,sell,1.15991,100000,86213.7,3.11319,285720,1.15991,1,1,86124.7,10.3251,8,79.9174,99896.7,0,10.3251,7.99174,-8.67229e-15,18.3169,0,0,18.3169,45.302,10,36,0,10,8.61592,0,0,36,0,0,-0.720626,0.0757039,-0.720626,0.0757039,-0.376452,0.419903,-0.376452,0.419903,-28.1108,-27.3166,-28.1108,-27.3166
latency_outage,volatile_thin,100000,passive|lat5ms,5,0,True,"coinbase>=1,000,000",prints+quotes,9100023,10,2.56331,372014,1.77816,9.11667,-45.302,passive,BTC-USD,buy,1.15991,100000,86213.7,3.11319,298964,1.15991,1,1,86096.6,-13.584,8,79.8913,99864.2,0,-13.584,7.98913,-3.90565e-07,-5.59491,1.4555e-08,0.000858377,-5.59491,-45.302,30,93,0,29,24.7341,0,0,87,6,0,1.16995,0.467856,1.16995,0.467856,3.13744,2.43534,3.13744,2.43534,24.7298,24.0291,24.7298,24.0291
latency_outage,volatile_thin,100000,passive|lat5ms,5,0,True,"coinbase>=1,000,000",prints+quotes,9100023,10,2.56331,372014,1.77816,9.11667,-45.302,passive,BTC-USD,sell,1.15991,100000,86213.7,3.11319,285720,1.15991,1,1,85973.6,27.853,8,79.7772,99721.5,0,27.853,7.97772,3.90565e-07,35.8307,1.4555e-08,0.000858086,35.8307,45.302,58,132,0,57,51.125,0,0,131,1,0,-1.55869,-0.539551,-1.55869,-0.539551,-5.13693,-4.11832,-5.13693,-4.11832,-18.4409,-17.4238,-18.4409,-17.4238
latency_outage,volatile_thin,100000,passive|outage|cod,40,3,True,"coinbase>=1,000,000",prints+quotes,9100023,10,2.56331,372014,1.77816,9.11667,-45.302,passive,BTC-USD,buy,1.15991,100000,86213.7,3.11319,298964,1.15991,1,1,86027.5,-21.5966,8,79.8272,99784,0,-21.5966,7.98272,-3.90565e-07,-13.6139,1.4555e-08,0.000858377,-13.6139,-45.302,58,164,0,53,54.5178,7.4261,0,156,8,0,1.86553,0.554943,1.86553,0.554943,3.25654,1.94612,3.25654,1.94612,19.7874,18.4795,19.7874,18.4795
latency_outage,volatile_thin,100000,passive|outage|cod,40,3,True,"coinbase>=1,000,000",prints+quotes,9100023,10,2.56331,372014,1.77816,9.11667,-45.302,passive,BTC-USD,sell,1.15991,100000,86213.7,3.11319,285720,1.15991,1,1,86124.7,10.3299,8,79.9174,99896.7,0,10.3299,7.99174,-8.67229e-15,18.3216,0,0,18.3216,45.302,8,33,0,7,8.61592,7.4261,0,33,0,0,-0.719407,0.0760285,-0.719407,0.0760285,-0.37068,0.424781,-0.37068,0.424781,-28.1125,-27.3193,-28.1125,-27.3193
latency_outage,volatile_thin,100000,passive|outage|no-cod,40,3,False,"coinbase>=1,000,000",prints+quotes,9100023,10,2.56331,372014,1.77816,9.11667,-45.302,passive,BTC-USD,buy,1.15991,100000,86213.7,3.11319,298964,1.15991,1,1,86147.2,-7.71338,8,79.9383,99922.9,0,-7.71338,7.99383,-3.90565e-07,0.280448,1.4555e-08,0.000858377,0.280448,-45.302,9,46,0,8,10.4,7.4261,0,32,14,0,1.85672,-0.0626477,1.85672,-0.0626477,4.51884,2.59997,4.51884,2.59997,27.7377,25.8232,27.7377,25.8232
latency_outage,volatile_thin,100000,passive|outage|no-cod,40,3,False,"coinbase>=1,000,000",prints+quotes,9100023,10,2.56331,372014,1.77816,9.11667,-45.302,passive,BTC-USD,sell,1.15991,100000,86213.7,3.11319,285720,1.15991,1,1,86124.7,10.3299,8,79.9174,99896.7,0,10.3299,7.99174,-8.67229e-15,18.3216,0,0,18.3216,45.302,8,33,0,8,8.61592,7.4261,0,33,0,0,-0.719407,0.0760285,-0.719407,0.0760285,-0.37068,0.424781,-0.37068,0.424781,-28.1125,-27.3193,-28.1125,-27.3193
latency_outage,volatile_thin,100000,passive|prints-only,40,0,True,"coinbase>=1,000,000",prints-only,9100023,10,2.56331,372014,1.77816,9.11667,-45.302,passive,BTC-USD,buy,1.15991,100000,86213.7,3.11319,298964,0.787365,0.678816,1,86008.5,-23.8061,8,54.176,67720,0,-16.16,5.4176,-14.5502,-25.2926,0.742693,31980.3,-18.7935,-45.302,67,190,1,66,60.0024,0,0,190,0,0.00351584,-0.312134,0.610353,-0.312134,0.610353,1.70523,2.62749,1.70523,2.62749,20.3089,21.2295,20.3089,21.2295
latency_outage,volatile_thin,100000,passive|prints-only,40,0,True,"coinbase>=1,000,000",prints-only,9100023,10,2.56331,372014,1.77816,9.11667,-45.302,passive,BTC-USD,sell,1.15991,100000,86213.7,3.11319,285720,1.15991,1,1,86124.7,10.3251,8,79.9174,99896.7,0,10.3251,7.99174,-8.67229e-15,18.3169,0,0,18.3169,45.302,10,36,0,10,8.61592,0,0,36,0,0,-0.720626,0.0757039,-0.720626,0.0757039,-0.376452,0.419903,-0.376452,0.419903,-28.1108,-27.3166,-28.1108,-27.3166
latency_outage,volatile_thin,100000,aggressive|lat250ms,250,0,True,"coinbase>=1,000,000",prints+quotes,9100024,10,2.76866,380181,1.8095,8.61667,2.22906,aggressive,BTC-USD,buy,1.15705,100000,86426.8,3.63429,329254,1.15705,1,0,86462.6,4.14523,18,180.075,0,100041,4.14523,18.0075,-4.27769e-16,22.1527,0,0,22.1527,2.22906,1,20,0,0,0.218784,0,0,0,0,0,3.40441,-0.739354,,,2.12409,-2.02021,,,3.26852,-0.875308,,
latency_outage,volatile_thin,100000,aggressive|lat250ms,250,0,True,"coinbase>=1,000,000",prints+quotes,9100024,10,2.76866,380181,1.8095,8.61667,2.22906,aggressive,BTC-USD,sell,1.15705,100000,86426.8,3.63429,506867,1.15705,1,0,86403.6,2.68176,18,179.952,0,99973.2,2.68176,17.9952,-4.27769e-16,20.6769,0,0,20.6769,-2.22906,1,18,0,0,0.218784,0,0,0,0,0,3.42206,0.739354,,,4.70326,2.02021,,,3.55805,0.875308,,
latency_outage,volatile_thin,100000,aggressive|lat40ms,40,0,True,"coinbase>=1,000,000",prints+quotes,9100024,10,2.76866,380181,1.8095,8.61667,2.22906,aggressive,BTC-USD,buy,1.15705,100000,86426.8,3.63429,329254,1.15705,1,0,86462.2,4.10574,18,180.074,0,100041,4.10574,18.0074,0,22.1131,0,0,22.1131,2.22906,1,21,0,0,0.0350055,0,0,0,0,0,3.36495,-0.739354,,,1.67635,-2.42865,,,3.22905,-0.875308,,
latency_outage,volatile_thin,100000,aggressive|lat40ms,40,0,True,"coinbase>=1,000,000",prints+quotes,9100024,10,2.76866,380181,1.8095,8.61667,2.22906,aggressive,BTC-USD,sell,1.15705,100000,86426.8,3.63429,506867,1.15705,1,0,86403.8,2.6578,18,179.952,0,99973.4,2.6578,17.9952,-4.27769e-16,20.653,0,0,20.653,-2.22906,1,17,0,0,0.0350055,0,0,0,0,0,3.39809,0.739354,,,5.08783,2.42865,,,3.53407,0.875308,,
latency_outage,volatile_thin,100000,aggressive|lat5ms,5,0,True,"coinbase>=1,000,000",prints+quotes,9100024,10,2.76866,380181,1.8095,8.61667,2.22906,aggressive,BTC-USD,buy,1.15705,100000,86426.8,3.63429,329254,1.15705,1,0,86462.2,4.10574,18,180.074,0,100041,4.10574,18.0074,0,22.1131,0,0,22.1131,2.22906,1,21,0,0,0.00437569,0,0,0,0,0,3.36495,-0.739354,,,1.67635,-2.42865,,,3.22905,-0.875308,,
latency_outage,volatile_thin,100000,aggressive|lat5ms,5,0,True,"coinbase>=1,000,000",prints+quotes,9100024,10,2.76866,380181,1.8095,8.61667,2.22906,aggressive,BTC-USD,sell,1.15705,100000,86426.8,3.63429,506867,1.15705,1,0,86403.8,2.6578,18,179.952,0,99973.4,2.6578,17.9952,-4.27769e-16,20.653,0,0,20.653,-2.22906,1,17,0,0,0.00437569,0,0,0,0,0,3.39809,0.739354,,,5.08783,2.42865,,,3.53407,0.875308,,
latency_outage,volatile_thin,100000,aggressive|outage|cod,40,3,True,"coinbase>=1,000,000",prints+quotes,9100024,10,2.76866,380181,1.8095,8.61667,2.22906,aggressive,BTC-USD,buy,1.15705,100000,86426.8,3.63429,329254,1.15705,1,0,86462.2,4.10574,18,180.074,0,100041,4.10574,18.0074,0,22.1131,0,0,22.1131,2.22906,1,21,0,0,0.0350055,10.5597,0,0,0,0,3.36495,-0.739354,,,1.67635,-2.42865,,,3.22905,-0.875308,,
latency_outage,volatile_thin,100000,aggressive|outage|cod,40,3,True,"coinbase>=1,000,000",prints+quotes,9100024,10,2.76866,380181,1.8095,8.61667,2.22906,aggressive,BTC-USD,sell,1.15705,100000,86426.8,3.63429,506867,1.15705,1,0,86403.8,2.6578,18,179.952,0,99973.4,2.6578,17.9952,-4.27769e-16,20.653,0,0,20.653,-2.22906,1,17,0,0,0.0350055,10.5597,0,0,0,0,3.39809,0.739354,,,5.08783,2.42865,,,3.53407,0.875308,,
latency_outage,volatile_thin,100000,aggressive|outage|no-cod,40,3,False,"coinbase>=1,000,000",prints+quotes,9100024,10,2.76866,380181,1.8095,8.61667,2.22906,aggressive,BTC-USD,buy,1.15705,100000,86426.8,3.63429,329254,1.15705,1,0,86462.2,4.10574,18,180.074,0,100041,4.10574,18.0074,0,22.1131,0,0,22.1131,2.22906,1,21,0,0,0.0350055,10.5597,0,0,0,0,3.36495,-0.739354,,,1.67635,-2.42865,,,3.22905,-0.875308,,
latency_outage,volatile_thin,100000,aggressive|outage|no-cod,40,3,False,"coinbase>=1,000,000",prints+quotes,9100024,10,2.76866,380181,1.8095,8.61667,2.22906,aggressive,BTC-USD,sell,1.15705,100000,86426.8,3.63429,506867,1.15705,1,0,86403.8,2.6578,18,179.952,0,99973.4,2.6578,17.9952,-4.27769e-16,20.653,0,0,20.653,-2.22906,1,17,0,0,0.0350055,10.5597,0,0,0,0,3.39809,0.739354,,,5.08783,2.42865,,,3.53407,0.875308,,
latency_outage,volatile_thin,100000,aggressive|prints-only,40,0,True,"coinbase>=1,000,000",prints-only,9100024,10,2.76866,380181,1.8095,8.61667,2.22906,aggressive,BTC-USD,buy,1.15705,100000,86426.8,3.63429,329254,1.15705,1,0,86462.2,4.10574,18,180.074,0,100041,4.10574,18.0074,0,22.1131,0,0,22.1131,2.22906,1,21,0,0,0.0350055,0,0,0,0,0,3.36495,-0.739354,,,1.67635,-2.42865,,,3.22905,-0.875308,,
latency_outage,volatile_thin,100000,aggressive|prints-only,40,0,True,"coinbase>=1,000,000",prints-only,9100024,10,2.76866,380181,1.8095,8.61667,2.22906,aggressive,BTC-USD,sell,1.15705,100000,86426.8,3.63429,506867,1.15705,1,0,86403.8,2.6578,18,179.952,0,99973.4,2.6578,17.9952,-4.27769e-16,20.653,0,0,20.653,-2.22906,1,17,0,0,0.0350055,0,0,0,0,0,3.39809,0.739354,,,5.08783,2.42865,,,3.53407,0.875308,,
latency_outage,volatile_thin,100000,hybrid|lat250ms,250,0,True,"coinbase>=1,000,000",prints+quotes,9100024,10,2.76866,380181,1.8095,8.61667,2.22906,hybrid,BTC-USD,buy,1.15705,100000,86426.8,3.63429,329254,1.15705,1,0.364914,86468.3,4.81194,14.3523,143.592,36494.5,63553.6,4.81194,14.3592,0,19.1712,0,0,19.1712,2.22906,38,112,0,37,42.7416,0,0,94,4,0,2.81526,1.66059,1.09602,0.624098,6.38072,5.22659,2.65264,2.1809,0.087991,-1.06709,-2.31696,-2.78938
latency_outage,volatile_thin,100000,hybrid|lat250ms,250,0,True,"coinbase>=1,000,000",prints+quotes,9100024,10,2.76866,380181,1.8095,8.61667,2.22906,hybrid,BTC-USD,sell,1.15705,100000,86426.8,3.63429,506867,1.15705,1,1,86414.4,1.42905,8,79.9886,99985.7,0,1.42905,7.99886,4.27769e-16,9.42791,0,0,9.42791,-2.22906,13,35,0,12,12.9101,0,0,35,0,0,-2.86624,-0.86605,-2.86624,-0.86605,-3.35181,-1.3517,-3.35181,-1.3517,5.6984,7.70031,5.6984,7.70031
latency_outage,volatile_thin,100000,hybrid|lat40ms,40,0,True,"coinbase>=1,000,000",prints+quotes,9100024,10,2.76866,380181,1.8095,8.61667,2.22906,hybrid,BTC-USD,buy,1.15705,100000,86426.8,3.63429,329254,1.15705,1,0.751596,86419.7,-0.818682,10.4857,104.848,75137.3,24854.6,-0.818682,10.4848,1.9265e-08,9.66612,9.55e-09,0.000864556,9.66612,2.22906,48,140,0,47,42.1541,0,0,134,1,0,0.22341,0.389333,-0.194547,0.505968,1.30957,1.47583,-0.737376,-0.036698,-3.83236,-3.66616,-5.15831,-4.45737
latency_outage,volatile_thin,100000,hybrid|lat40ms,40,0,True,"coinbase>=1,000,000",prints+quotes,9100024,10,2.76866,380181,1.8095,8.61667,2.22906,hybrid,BTC-USD,sell,1.15705,100000,86426.8,3.63429,506867,1.15705,1,1,86414.6,1.40927,8,79.9887,99985.9,0,1.40927,7.99887,4.27769e-16,9.40815,0,0,9.40815,-2.22906,15,48,0,14,12.9101,0,0,48,0,0,-2.86991,-0.865142,-2.86991,-0.865142,-3.36951,-1.36483,-3.36951,-1.36483,5.67838,7.68487,5.67838,7.68487
latency_outage,volatile_thin,100000,hybrid|lat5ms,5,0,True,"coinbase>=1,000,000",prints+quotes,9100024,10,2.76866,380181,1.8095,8.61667,2.22906,hybrid,BTC-USD,buy,1.15705,100000,86426.8,3.63429,329254,1.15705,1,0.719552,86419.1,-0.880109,10.8063,108.054,71930.2,28061,-0.880109,10.8054,1.9265e-08,9.92528,9.55e-09,0.000864556,9.92528,2.22906,48,133,0,47,42.1068,0,0,126,1,0,0.335984,0.422164,-0.142021,0.572504,1.53855,1.62512,-0.815086,-0.100382,-4.37925,-4.29276,-6.18506,-5.47003
latency_outage,volatile_thin,100000,hybrid|lat5ms,5,0,True,"coinbase>=1,000,000",prints+quotes,9100024,10,2.76866,380181,1.8095,8.61667,2.22906,hybrid,BTC-USD,sell,1.15705,100000,86426.8,3.63429,506867,1.15705,1,1,86414.6,1.4119,8,79.9887,99985.9,0,1.4119,7.99887,4.27769e-16,9.41077,0,0,9.41077,-2.22906,16,48,0,15,12.9101,0,0,48,0,0,-2.8671,-0.865073,-2.8671,-0.865073,-3.36588,-1.36394,-3.36588,-1.36394,5.68111,7.68486,5.68111,7.68486
latency_outage,volatile_thin,100000,hybrid|outage|cod,40,3,True,"coinbase>=1,000,000",prints+quotes,9100024,10,2.76866,380181,1.8095,8.61667,2.22906,hybrid,BTC-USD,buy,1.15705,100000,86426.8,3.63429,329254,1.15705,1,0.605159,86435.8,1.04918,11.9503,119.516,60502.9,39507.6,1.04918,11.9516,1.9265e-08,13.0008,9.55e-09,0.000864556,13.0008,2.22906,38,114,0,36,42.1472,10.5597,0,102,1,0,0.948051,0.668441,0.419257,1.0808,3.63815,3.35901,0.940124,1.60177,-1.93158,-2.21107,-3.48552,-2.82363
latency_outage,volatile_thin,100000,hybrid|outage|cod,40,3,True,"coinbase>=1,000,000",prints+quotes,9100024,10,2.76866,380181,1.8095,8.61667,2.22906,hybrid,BTC-USD,sell,1.15705,100000,86426.8,3.63429,506867,1.15705,1,1,86414.6,1.4119,8,79.9887,99985.9,0,1.4119,7.99887,4.27769e-16,9.41077,0,0,9.41077,-2.22906,14,46,0,12,12.9101,10.5597,0,46,0,0,-2.86734,-0.86516,-2.86734,-0.86516,-3.3669,-1.36481,-3.3669,-1.36481,5.68102,7.68492,5.68102,7.68492
latency_outage,volatile_thin,100000,hybrid|outage|no-cod,40,3,False,"coinbase>=1,000,000",prints+quotes,9100024,10,2.76866,380181,1.8095,8.61667,2.22906,hybrid,BTC-USD,buy,1.15705,100000,86426.8,3.63429,329254,1.15705,1,0.602969,86435.9,1.06054,11.9723,119.735,60283.8,39726.8,1.06054,11.9735,0,13.0341,0,0,13.0341,2.22906,37,116,0,36,42.1631,10.5597,0,104,1,0,0.962673,0.672425,0.435905,1.0912,3.66242,3.37264,0.952814,1.60822,-1.93245,-2.22258,-3.504,-2.84835
latency_outage,volatile_thin,100000,hybrid|outage|no-cod,40,3,False,"coinbase>=1,000,000",prints+quotes,9100024,10,2.76866,380181,1.8095,8.61667,2.22906,hybrid,BTC-USD,sell,1.15705,100000,86426.8,3.63429,506867,1.15705,1,1,86414.6,1.41111,8,79.9887,99985.9,0,1.41111,7.99887,4.27769e-16,9.40998,0,0,9.40998,-2.22906,13,52,0,12,12.9101,10.5597,0,52,0,0,-2.86049,-0.860055,-2.86049,-0.860055,-3.36657,-1.36623,-3.36657,-1.36623,5.67963,7.68177,5.67963,7.68177
latency_outage,volatile_thin,100000,hybrid|prints-only,40,0,True,"coinbase>=1,000,000",prints-only,9100024,10,2.76866,380181,1.8095,8.61667,2.22906,hybrid,BTC-USD,buy,1.15705,100000,86426.8,3.63429,329254,1.15705,1,0.653018,86421.3,-0.633831,11.4721,114.714,65275,34718.6,-0.633831,11.4714,0,10.8375,0,0,10.8375,2.22906,48,142,0,47,42.1541,0,0,134,0,0,0.233706,0.285347,-0.534418,0.417608,1.50484,1.55691,-1.78386,-0.831709,-3.6834,-3.63149,-5.83765,-4.8851
latency_outage,volatile_thin,100000,hybrid|prints-only,40,0,True,"coinbase>=1,000,000",prints-only,9100024,10,2.76866,380181,1.8095,8.61667,2.22906,hybrid,BTC-USD,sell,1.15705,100000,86426.8,3.63429,506867,1.15705,1,1,86414.6,1.40927,8,79.9887,99985.9,0,1.40927,7.99887,4.27769e-16,9.40815,0,0,9.40815,-2.22906,15,48,0,14,12.9101,0,0,48,0,0,-2.86991,-0.865142,-2.86991,-0.865142,-3.36951,-1.36483,-3.36951,-1.36483,5.67838,7.68487,5.67838,7.68487
latency_outage,volatile_thin,100000,passive|lat250ms,250,0,True,"coinbase>=1,000,000",prints+quotes,9100024,10,2.76866,380181,1.8095,8.61667,2.22906,passive,BTC-USD,buy,1.15705,100000,86426.8,3.63429,329254,0.855687,0.739542,1,86450.1,2.70685,8,59.1794,73974.3,0,2.00183,5.91794,0.580574,8.50035,0.376832,26055.3,13.5671,2.22906,53,145,0,53,59.0165,0,0,135,10,0,1.46799,0.537581,1.46799,0.537581,3.33984,2.4098,3.33984,2.4098,2.54659,1.61667,2.54659,1.61667
latency_outage,volatile_thin,100000,passive|lat250ms,250,0,True,"coinbase>=1,000,000",prints+quotes,9100024,10,2.76866,380181,1.8095,8.61667,2.22906,passive,BTC-USD,sell,1.15705,100000,86426.8,3.63429,506867,1.15705,1,1,86414.4,1.42905,8,79.9886,99985.7,0,1.42905,7.99886,4.27769e-16,9.42791,0,0,9.42791,-2.22906,13,35,0,12,12.9101,0,0,35,0,0,-2.86624,-0.86605,-2.86624,-0.86605,-3.35181,-1.3517,-3.35181,-1.3517,5.6984,7.70031,5.6984,7.70031
latency_outage,volatile_thin,100000,passive|lat40ms,40,0,True,"coinbase>=1,000,000",prints+quotes,9100024,10,2.76866,380181,1.8095,8.61667,2.22906,passive,BTC-USD,buy,1.15705,100000,86426.8,3.63429,329254,1.15705,1,1,86417.6,-1.0538,8,79.9916,99989.5,0,-1.0538,7.99916,1.9265e-08,6.94535,9.55e-09,0.000864556,6.94535,2.22906,64,187,0,63,57.3,0,0,182,5,0,0.470195,0.675254,0.470195,0.675254,0.421381,0.626691,0.421381,0.626691,-2.50614,-2.3004,-2.50614,-2.3004
latency_outage,volatile_thin,100000,passive|lat40ms,40,0,True,"coinbase>=1,000,000",prints+quotes,9100024,10,2.76866,380181,1.8095,8.61667,2.22906,passive,BTC-USD,sell,1.15705,100000,86426.8,3.63429,506867,1.15705,1,1,86414.6,1.40927,8,79.9887,99985.9,0,1.40927,7.99887,4.27769e-16,9.40815,0,0,9.40815,-2.22906,15,48,0,14,12.9101,0,0,48,0,0,-2.86991,-0.865142,-2.86991,-0.865142,-3.36951,-1.36483,-3.36951,-1.36483,5.67838,7.68487,5.67838,7.68487
latency_outage,volatile_thin,100000,passive|lat5ms,5,0,True,"coinbase>=1,000,000",prints+quotes,9100024,10,2.76866,380181,1.8095,8.61667,2.22906,passive,BTC-USD,buy,1.15705,100000,86426.8,3.63429,329254,1.15705,1,1,86416.5,-1.18335,8,79.9905,99988.2,0,-1.18335,7.99905,0,6.81571,0,0,6.81571,2.22906,64,182,0,63,57.3,0,0,177,5,0,0.535094,0.674526,0.535094,0.674526,0.525474,0.665184,0.525474,0.665184,-2.76689,-2.62668,-2.76689,-2.62668
latency_outage,volatile_thin,100000,passive|lat5ms,5,0,True,"coinbase>=1,000,000",prints+quotes,9100024,10,2.76866,380181,1.8095,8.61667,2.22906,passive,BTC-USD,sell,1.15705,100000,86426.8,3.63429,506867,1.15705,1,1,86414.6,1.4119,8,79.9887,99985.9,0,1.4119,7.99887,4.27769e-16,9.41077,0,0,9.41077,-2.22906,16,48,0,15,12.9101,0,0,48,0,0,-2.8671,-0.865073,-2.8671,-0.865073,-3.36588,-1.36394,-3.36588,-1.36394,5.68111,7.68486,5.68111,7.68486
latency_outage,volatile_thin,100000,passive|outage|cod,40,3,True,"coinbase>=1,000,000",prints+quotes,9100024,10,2.76866,380181,1.8095,8.61667,2.22906,passive,BTC-USD,buy,1.15705,100000,86426.8,3.63429,329254,1.07066,0.925338,1,86422.9,-0.444514,8,74.0238,92529.7,0,-0.411326,7.40238,0.166425,7.15748,0.0824998,7468.65,8.58433,2.22906,57,165,0,55,59.406,10.5597,0,162,3,0,0.512083,0.982932,0.512083,0.982932,1.63482,2.10574,1.63482,2.10574,-0.303667,0.16747,-0.303667,0.16747
latency_outage,volatile_thin,100000,passive|outage|cod,40,3,True,"coinbase>=1,000,000",prints+quotes,9100024,10,2.76866,380181,1.8095,8.61667,2.22906,passive,BTC-USD,sell,1.15705,100000,86426.8,3.63429,506867,1.15705,1,1,86414.6,1.4119,8,79.9887,99985.9,0,1.4119,7.99887,4.27769e-16,9.41077,0,0,9.41077,-2.22906,14,46,0,12,12.9101,10.5597,0,46,0,0,-2.86734,-0.86516,-2.86734,-0.86516,-3.3669,-1.36481,-3.3669,-1.36481,5.68102,7.68492,5.68102,7.68492
latency_outage,volatile_thin,100000,passive|outage|no-cod,40,3,False,"coinbase>=1,000,000",prints+quotes,9100024,10,2.76866,380181,1.8095,8.61667,2.22906,passive,BTC-USD,buy,1.15705,100000,86426.8,3.63429,329254,1.07009,0.924841,1,86420.8,-0.690986,8,73.9822,92477.7,0,-0.639052,7.39822,0.167534,6.9267,0.0830493,7518.41,8.36306,2.22906,56,167,0,56,59.406,10.5597,0,164,3,0,0.20891,0.713214,0.20891,0.713214,1.47242,1.97682,1.47242,1.97682,-0.276624,0.228016,-0.276624,0.228016
latency_outage,volatile_thin,100000,passive|outage|no-cod,40,3,False,"coinbase>=1,000,000",prints+quotes,9100024,10,2.76866,380181,1.8095,8.61667,2.22906,passive,BTC-USD,sell,1.15705,100000,86426.8,3.63429,506867,1.15705,1,1,86414.6,1.41111,8,79.9887,99985.9,0,1.41111,7.99887,4.27769e-16,9.40998,0,0,9.40998,-2.22906,13,52,0,12,12.9101,10.5597,0,52,0,0,-2.86049,-0.860055,-2.86049,-0.860055,-3.36657,-1.36623,-3.36657,-1.36623,5.67963,7.68177,5.67963,7.68177
latency_outage,volatile_thin,100000,passive|prints-only,40,0,True,"coinbase>=1,000,000",prints-only,9100024,10,2.76866,380181,1.8095,8.61667,2.22906,passive,BTC-USD,buy,1.15705,100000,86426.8,3.63429,329254,1.00647,0.869856,1,86402.2,-2.84208,8,69.5687,86960.8,0,-2.4722,6.95687,0.290099,4.77477,0.168442,13019,7.28663,2.22906,67,193,0,67,59.406,0,0,193,0,0,-0.56652,0.449148,-0.56652,0.449148,-0.977691,0.0380174,-0.977691,0.0380174,-3.48834,-2.47237,-3.48834,-2.47237
latency_outage,volatile_thin,100000,passive|prints-only,40,0,True,"coinbase>=1,000,000",prints-only,9100024,10,2.76866,380181,1.8095,8.61667,2.22906,passive,BTC-USD,sell,1.15705,100000,86426.8,3.63429,506867,1.15705,1,1,86414.6,1.40927,8,79.9887,99985.9,0,1.40927,7.99887,4.27769e-16,9.40815,0,0,9.40815,-2.22906,15,48,0,14,12.9101,0,0,48,0,0,-2.86991,-0.865142,-2.86991,-0.865142,-3.36951,-1.36483,-3.36951,-1.36483,5.67838,7.68487,5.67838,7.68487
latency_outage,volatile_thin,100000,aggressive|lat250ms,250,0,True,"coinbase>=1,000,000",prints+quotes,9100025,10,2.67862,367417,3.39884,8.65,-2.71507,aggressive,BTC-USD,buy,1.15905,100000,86277.8,2.26825,377472,1.15905,1,0,86303.4,2.96435,18,180.053,0,100030,2.96435,18.0053,1.04028e-15,20.9697,0,0,20.9697,-2.71507,1,26,0,0,0.197425,0,0,0,0,0,4.04795,1.09414,,,4.37528,1.42157,,,-16.4901,-19.4499,,
latency_outage,volatile_thin,100000,aggressive|lat250ms,250,0,True,"coinbase>=1,000,000",prints+quotes,9100025,10,2.67862,367417,3.39884,8.65,-2.71507,aggressive,BTC-USD,sell,1.15905,100000,86277.8,2.26825,443446,1.15905,1,0,86261.4,1.90179,18,179.966,0,99981,1.90179,17.9966,0,19.8984,0,0,19.8984,2.71507,1,18,0,0,0.197425,0,0,0,0,0,0.817103,-1.09414,,,0.48961,-1.42157,,,21.3651,19.4499,,
latency_outage,volatile_thin,100000,aggressive|lat40ms,40,0,True,"coinbase>=1,000,000",prints+quotes,9100025,10,2.67862,367417,3.39884,8.65,-2.71507,aggressive,BTC-USD,buy,1.15905,100000,86277.8,2.26825,377472,1.15905,1,0,86302.4,2.84324,18,180.051,0,100028,2.84324,18.0051,-0,20.8484,0,0,20.8484,-2.71507,1,26,0,0,0.0315879,0,0,0,0,0,3.32032,0.478107,,,4.25656,1.41462,,,-17.7805,-20.6287,,
latency_outage,volatile_thin,100000,aggressive|lat40ms,40,0,True,"coinbase>=1,000,000",prints+quotes,9100025,10,2.67862,367417,3.39884,8.65,-2.71507,aggressive,BTC-USD,sell,1.15905,100000,86277.8,2.26825,443446,1.15905,1,0,86261.2,1.92946,18,179.965,0,99980.7,1.92946,17.9965,0,19.926,0,0,19.926,2.71507,1,19,0,0,0.0315879,0,0,0,0,0,1.45166,-0.478107,,,0.514973,-1.41462,,,22.5626,20.6287,,
latency_outage,volatile_thin,100000,aggressive|lat5ms,5,0,True,"coinbase>=1,000,000",prints+quotes,9100025,10,2.67862,367417,3.39884,8.65,-2.71507,aggressive,BTC-USD,buy,1.15905,100000,86277.8,2.26825,377472,1.15905,1,0,86302.4,2.84324,18,180.051,0,100028,2.84324,18.0051,-0,20.8484,0,0,20.8484,-2.71507,1,26,0,0,0.00394849,0,0,0,0,0,3.32032,0.478107,,,4.25656,1.41462,,,-17.7805,-20.6287,,
latency_outage,volatile_thin,100000,aggressive|lat5ms,5,0,True,"coinbase>=1,000,000",prints+quotes,9100025,10,2.67862,367417,3.39884,8.65,-2.71507,aggressive,BTC-USD,sell,1.15905,100000,86277.8,2.26825,443446,1.15905,1,0,86261.2,1.92946,18,179.965,0,99980.7,1.92946,17.9965,0,19.926,0,0,19.926,2.71507,1,19,0,0,0.00394849,0,0,0,0,0,1.45166,-0.478107,,,0.514973,-1.41462,,,22.5626,20.6287,,
latency_outage,volatile_thin,100000,aggressive|outage|cod,40,3,True,"coinbase>=1,000,000",prints+quotes,9100025,10,2.67862,367417,3.39884,8.65,-2.71507,aggressive,BTC-USD,buy,1.15905,100000,86277.8,2.26825,377472,1.15905,1,0,86302.4,2.84324,18,180.051,0,100028,2.84324,18.0051,-0,20.8484,0,0,20.8484,-2.71507,1,26,0,0,0.0315879,10.6952,0,0,0,0,3.32032,0.478107,,,4.25656,1.41462,,,-17.7805,-20.6287,,
latency_outage,volatile_thin,100000,aggressive|outage|cod,40,3,True,"coinbase>=1,000,000",prints+quotes,9100025,10,2.67862,367417,3.39884,8.65,-2.71507,aggressive,BTC-USD,sell,1.15905,100000,86277.8,2.26825,443446,1.15905,1,0,86261.2,1.92946,18,179.965,0,99980.7,1.92946,17.9965,0,19.926,0,0,19.926,2.71507,1,19,0,0,0.0315879,10.6952,0,0,0,0,1.45166,-0.478107,,,0.514973,-1.41462,,,22.5626,20.6287,,
latency_outage,volatile_thin,100000,aggressive|outage|no-cod,40,3,False,"coinbase>=1,000,000",prints+quotes,9100025,10,2.67862,367417,3.39884,8.65,-2.71507,aggressive,BTC-USD,buy,1.15905,100000,86277.8,2.26825,377472,1.15905,1,0,86302.4,2.84324,18,180.051,0,100028,2.84324,18.0051,-0,20.8484,0,0,20.8484,-2.71507,1,26,0,0,0.0315879,10.6952,0,0,0,0,3.32032,0.478107,,,4.25656,1.41462,,,-17.7805,-20.6287,,
latency_outage,volatile_thin,100000,aggressive|outage|no-cod,40,3,False,"coinbase>=1,000,000",prints+quotes,9100025,10,2.67862,367417,3.39884,8.65,-2.71507,aggressive,BTC-USD,sell,1.15905,100000,86277.8,2.26825,443446,1.15905,1,0,86261.2,1.92946,18,179.965,0,99980.7,1.92946,17.9965,0,19.926,0,0,19.926,2.71507,1,19,0,0,0.0315879,10.6952,0,0,0,0,1.45166,-0.478107,,,0.514973,-1.41462,,,22.5626,20.6287,,
latency_outage,volatile_thin,100000,aggressive|prints-only,40,0,True,"coinbase>=1,000,000",prints-only,9100025,10,2.67862,367417,3.39884,8.65,-2.71507,aggressive,BTC-USD,buy,1.15905,100000,86277.8,2.26825,377472,1.15905,1,0,86302.4,2.84324,18,180.051,0,100028,2.84324,18.0051,-0,20.8484,0,0,20.8484,-2.71507,1,26,0,0,0.0315879,0,0,0,0,0,3.32032,0.478107,,,4.25656,1.41462,,,-17.7805,-20.6287,,
latency_outage,volatile_thin,100000,aggressive|prints-only,40,0,True,"coinbase>=1,000,000",prints-only,9100025,10,2.67862,367417,3.39884,8.65,-2.71507,aggressive,BTC-USD,sell,1.15905,100000,86277.8,2.26825,443446,1.15905,1,0,86261.2,1.92946,18,179.965,0,99980.7,1.92946,17.9965,0,19.926,0,0,19.926,2.71507,1,19,0,0,0.0315879,0,0,0,0,0,1.45166,-0.478107,,,0.514973,-1.41462,,,22.5626,20.6287,,
latency_outage,volatile_thin,100000,hybrid|lat250ms,250,0,True,"coinbase>=1,000,000",prints+quotes,9100025,10,2.67862,367417,3.39884,8.65,-2.71507,hybrid,BTC-USD,buy,1.15905,100000,86277.8,2.26825,377472,1.15905,1,1,86346.2,7.91946,8,80.0634,100079,0,7.91946,8.00634,-0,15.9258,0,0,15.9258,-2.71507,31,74,0,30,34.2,0,0,65,9,0,4.48475,2.25538,4.48475,2.25538,-4.11516,-6.34714,-4.11516,-6.34714,1.58991,-0.640926,1.58991,-0.640926
latency_outage,volatile_thin,100000,hybrid|lat250ms,250,0,True,"coinbase>=1,000,000",prints+quotes,9100025,10,2.67862,367417,3.39884,8.65,-2.71507,hybrid,BTC-USD,sell,1.15905,100000,86277.8,2.26825,443446,1.15905,1,1,86270.1,0.89033,8,79.9929,99991.1,0,0.89033,7.99929,0,8.88962,0,0,8.88962,2.71507,13,35,0,12,14.8026,0,0,28,7,0,11.6171,4.21953,11.6171,4.21953,17.3891,9.98667,17.3891,9.98667,11.1845,3.78748,11.1845,3.78748
latency_outage,volatile_thin,100000,hybrid|lat40ms,40,0,True,"coinbase>=1,000,000",prints+quotes,9100025,10,2.67862,367417,3.39884,8.65,-2.71507,hybrid,BTC-USD,buy,1.15905,100000,86277.8,2.26825,377472,1.15905,1,1,86264.7,-1.52058,8,79.9878,99984.8,0,-1.52058,7.99878,5.20139e-16,6.4782,0,0,6.4782,-2.71507,9,37,0,8,6.82704,0,0,37,0,0,-4.61514,-1.71696,-4.61514,-1.71696,2.17751,5.07368,2.17751,5.07368,-11.5014,-8.60131,-11.5014,-8.60131
latency_outage,volatile_thin,100000,hybrid|lat40ms,40,0,True,"coinbase>=1,000,000",prints+quotes,9100025,10,2.67862,367417,3.39884,8.65,-2.71507,hybrid,BTC-USD,sell,1.15905,100000,86277.8,2.26825,443446,1.15905,1,0.280855,86324.8,-5.4416,15.1915,151.997,28100.6,71953.8,-5.4416,15.1997,5.20139e-16,9.75814,0,0,9.75814,2.71507,48,118,0,47,42.1488,0,0,100,2,0,3.87263,2.14194,1.30186,1.25813,3.29016,1.55961,-1.31634,-1.35944,-9.90845,-11.6358,4.21743,4.17325
latency_outage,volatile_thin,100000,hybrid|lat5ms,5,0,True,"coinbase>=1,000,000",prints+quotes,9100025,10,2.67862,367417,3.39884,8.65,-2.71507,hybrid,BTC-USD,buy,1.15905,100000,86277.8,2.26825,377472,1.15905,1,1,86264.9,-1.49447,8,79.988,99985.1,0,-1.49447,7.9988,-2.3425e-08,6.50433,1.322e-08,0.000862676,6.50433,-2.71507,9,38,0,8,6.82704,0,0,38,0,0,-4.62268,-1.70917,-4.62268,-1.70917,2.26249,5.17397,2.26249,5.17397,-11.4704,-8.55489,-11.4704,-8.55489
latency_outage,volatile_thin,100000,hybrid|lat5ms,5,0,True,"coinbase>=1,000,000",prints+quotes,9100025,10,2.67862,367417,3.39884,8.65,-2.71507,hybrid,BTC-USD,sell,1.15905,100000,86277.8,2.26825,443446,1.15905,1,0.420815,86345.7,-7.86529,13.7905,138.013,42128.1,57950.5,-7.86529,13.8013,0,5.93606,0,0,5.93606,2.71507,48,121,0,47,42.0161,0,0,105,4,0,3.91392,1.95839,2.68844,0.587333,2.7975,0.842503,-0.257122,-2.35689,-11.526,-13.4774,-6.06018,-8.1566
latency_outage,volatile_thin,100000,hybrid|outage|cod,40,3,True,"coinbase>=1,000,000",prints+quotes,9100025,10,2.67862,367417,3.39884,8.65,-2.71507,hybrid,BTC-USD,buy,1.15905,100000,86277.8,2.26825,377472,1.15905,1,1,86264.7,-1.52058,8,79.9878,99984.8,0,-1.52058,7.99878,5.20139e-16,6.4782,0,0,6.4782,-2.71507,9,37,0,8,6.82704,10.6952,0,37,0,0,-4.61514,-1.71696,-4.61514,-1.71696,2.17751,5.07368,2.17751,5.07368,-11.5014,-8.60131,-11.5014,-8.60131
latency_outage,volatile_thin,100000,hybrid|outage|cod,40,3,True,"coinbase>=1,000,000",prints+quotes,9100025,10,2.67862,367417,3.39884,8.65,-2.71507,hybrid,BTC-USD,sell,1.15905,100000,86277.8,2.26825,443446,1.15905,1,0.215545,86321.1,-5.01923,15.8448,158.528,21562.5,78487.7,-5.01923,15.8528,5.20139e-16,10.8336,0,0,10.8336,2.71507,38,95,0,36,42.1412,10.6952,0,76,2,0,4.18653,2.15214,1.40235,0.933082,3.3336,1.29929,-3.3284,-3.79706,-10.8212,-12.8518,5.66248,5.19263
latency_outage,volatile_thin,100000,hybrid|outage|no-cod,40,3,False,"coinbase>=1,000,000",prints+quotes,9100025,10,2.67862,367417,3.39884,8.65,-2.71507,hybrid,BTC-USD,buy,1.15905,100000,86277.8,2.26825,377472,1.15905,1,1,86264.7,-1.52058,8,79.9878,99984.8,0,-1.52058,7.99878,5.20139e-16,6.4782,0,0,6.4782,-2.71507,9,37,0,8,6.82704,10.6952,0,37,0,0,-4.61514,-1.71696,-4.61514,-1.71696,2.17751,5.07368,2.17751,5.07368,-11.5014,-8.60131,-11.5014,-8.60131
latency_outage,volatile_thin,100000,hybrid|outage|no-cod,40,3,False,"coinbase>=1,000,000",prints+quotes,9100025,10,2.67862,367417,3.39884,8.65,-2.71507,hybrid,BTC-USD,sell,1.15905,100000,86277.8,2.26825,443446,1.15905,1,1,86304.4,-3.07492,8,80.0246,100031,0,-3.07492,8.00246,0,4.92754,0,0,4.92754,2.71507,9,49,0,8,14.1,10.6952,0,39,10,0,7.66353,2.02457,7.66353,2.02457,10.2835,4.64233,10.2835,4.64233,7.21616,1.5786,7.21616,1.5786
latency_outage,volatile_thin,100000,hybrid|prints-only,40,0,True,"coinbase>=1,000,000",prints-only,9100025,10,2.67862,367417,3.39884,8.65,-2.71507,hybrid,BTC-USD,buy,1.15905,100000,86277.8,2.26825,377472,1.15905,1,1,86264.7,-1.52058,8,79.9878,99984.8,0,-1.52058,7.99878,5.20139e-16,6.4782,0,0,6.4782,-2.71507,9,37,0,8,6.82704,0,0,37,0,0,-4.61514,-1.71696,-4.61514,-1.71696,2.17751,5.07368,2.17751,5.07368,-11.5014,-8.60131,-11.5014,-8.60131
latency_outage,volatile_thin,100000,hybrid|prints-only,40,0,True,"coinbase>=1,000,000",prints-only,9100025,10,2.67862,367417,3.39884,8.65,-2.71507,hybrid,BTC-USD,sell,1.15905,100000,86277.8,2.26825,443446,1.15905,1,0.152215,86328.7,-5.89389,16.4774,164.871,15235.3,84823.6,-5.89389,16.4871,0,10.5932,0,0,10.5932,2.71507,48,117,0,47,42.1488,0,0,100,0,0,4.30149,2.31779,0.328566,1.37482,4.6871,2.70341,1.67792,2.72453,-12.8905,-14.8699,0.458273,1.50441
latency_outage,volatile_thin,100000,passive|lat250ms,250,0,True,"coinbase>=1,000,000",prints+quotes,9100025,10,2.67862,367417,3.39884,8.65,-2.71507,passive,BTC-USD,buy,1.15905,100000,86277.8,2.26825,377472,1.15905,1,1,86346.2,7.91946,8,80.0634,100079,0,7.91946,8.00634,-0,15.9258,0,0,15.9258,-2.71507,31,74,0,30,34.2,0,0,65,9,0,4.48475,2.25538,4.48475,2.25538,-4.11516,-6.34714,-4.11516,-6.34714,1.58991,-0.640926,1.58991,-0.640926
latency_outage,volatile_thin,100000,passive|lat250ms,250,0,True,"coinbase>=1,000,000",prints+quotes,9100025,10,2.67862,367417,3.39884,8.65,-2.71507,passive,BTC-USD,sell,1.15905,100000,86277.8,2.26825,443446,1.15905,1,1,86270.1,0.89033,8,79.9929,99991.1,0,0.89033,7.99929,0,8.88962,0,0,8.88962,2.71507,13,35,0,12,14.8026,0,0,28,7,0,11.6171,4.21953,11.6171,4.21953,17.3891,9.98667,17.3891,9.98667,11.1845,3.78748,11.1845,3.78748
latency_outage,volatile_thin,100000,passive|lat40ms,40,0,True,"coinbase>=1,000,000",prints+quotes,9100025,10,2.67862,367417,3.39884,8.65,-2.71507,passive,BTC-USD,buy,1.15905,100000,86277.8,2.26825,377472,1.15905,1,1,86264.7,-1.52058,8,79.9878,99984.8,0,-1.52058,7.99878,5.20139e-16,6.4782,0,0,6.4782,-2.71507,9,37,0,8,6.82704,0,0,37,0,0,-4.61514,-1.71696,-4.61514,-1.71696,2.17751,5.07368,2.17751,5.07368,-11.5014,-8.60131,-11.5014,-8.60131
latency_outage,volatile_thin,100000,passive|lat40ms,40,0,True,"coinbase>=1,000,000",prints+quotes,9100025,10,2.67862,367417,3.39884,8.65,-2.71507,passive,BTC-USD,sell,1.15905,100000,86277.8,2.26825,443446,1.15905,1,1,86357.3,-9.21146,8,80.0737,100092,0,-9.21146,8.00737,0,-1.20409,0,0,-1.20409,2.71507,66,169,0,65,59.8023,0,0,166,3,0,1.13775,1.69367,1.13775,1.69367,-1.38993,-0.834001,-1.38993,-0.834001,-17.6511,-17.0969,-17.6511,-17.0969
latency_outage,volatile_thin,100000,passive|lat5ms,5,0,True,"coinbase>=1,000,000",prints+quotes,9100025,10,2.67862,367417,3.39884,8.65,-2.71507,passive,BTC-USD,buy,1.15905,100000,86277.8,2.26825,377472,1.15905,1,1,86264.9,-1.49447,8,79.988,99985.1,0,-1.49447,7.9988,-2.3425e-08,6.50433,1.322e-08,0.000862676,6.50433,-2.71507,9,38,0,8,6.82704,0,0,38,0,0,-4.62268,-1.70917,-4.62268,-1.70917,2.26249,5.17397,2.26249,5.17397,-11.4704,-8.55489,-11.4704,-8.55489
latency_outage,volatile_thin,100000,passive|lat5ms,5,0,True,"coinbase>=1,000,000",prints+quotes,9100025,10,2.67862,367417,3.39884,8.65,-2.71507,passive,BTC-USD,sell,1.15905,100000,86277.8,2.26825,443446,1.15905,1,1,86372.1,-10.9273,8,80.0874,100109,0,-10.9273,8.00874,0,-2.91856,0,0,-2.91856,2.71507,58,163,0,57,52.3037,0,0,159,4,0,2.05993,1.65832,2.05993,1.65832,-0.656821,-1.05799,-0.656821,-1.05799,-17.785,-18.186,-17.785,-18.186
latency_outage,volatile_thin,100000,passive|outage|cod,40,3,True,"coinbase>=1,000,000",prints+quotes,9100025,10,2.67862,367417,3.39884,8.65,-2.71507,passive,BTC-USD,buy,1.15905,100000,86277.8,2.26825,377472,1.15905,1,1,86264.7,-1.52058,8,79.9878,99984.8,0,-1.52058,7.99878,5.20139e-16,6.4782,0,0,6.4782,-2.71507,9,37,0,8,6.82704,10.6952,0,37,0,0,-4.61514,-1.71696,-4.61514,-1.71696,2.17751,5.07368,2.17751,5.07368,-11.5014,-8.60131,-11.5014,-8.60131
latency_outage,volatile_thin,100000,passive|outage|cod,40,3,True,"coinbase>=1,000,000",prints+quotes,9100025,10,2.67862,367417,3.39884,8.65,-2.71507,passive,BTC-USD,sell,1.15905,100000,86277.8,2.26825,443446,1.15905,1,1,86358.1,-9.30224,8,80.0744,100093,0,-9.30224,8.00744,0,-1.2948,0,0,-1.2948,2.71507,50,136,0,48,53.2,10.6952,0,130,6,0,1.4857,1.77573,1.4857,1.77573,-1.22194,-0.93192,-1.22194,-0.93192,-19.7763,-19.4875,-19.7763,-19.4875
latency_outage,volatile_thin,100000,passive|outage|no-cod,40,3,False,"coinbase>=1,000,000",prints+quotes,9100025,10,2.67862,367417,3.39884,8.65,-2.71507,passive,BTC-USD,buy,1.15905,100000,86277.8,2.26825,377472,1.15905,1,1,86264.7,-1.52058,8,79.9878,99984.8,0,-1.52058,7.99878,5.20139e-16,6.4782,0,0,6.4782,-2.71507,9,37,0,8,6.82704,10.6952,0,37,0,0,-4.61514,-1.71696,-4.61514,-1.71696,2.17751,5.07368,2.17751,5.07368,-11.5014,-8.60131,-11.5014,-8.60131
latency_outage,volatile_thin,100000,passive|outage|no-cod,40,3,False,"coinbase>=1,000,000",prints+quotes,9100025,10,2.67862,367417,3.39884,8.65,-2.71507,passive,BTC-USD,sell,1.15905,100000,86277.8,2.26825,443446,1.15905,1,1,86304.4,-3.07492,8,80.0246,100031,0,-3.07492,8.00246,0,4.92754,0,0,4.92754,2.71507,9,49,0,8,14.1,10.6952,0,39,10,0,7.66353,2.02457,7.66353,2.02457,10.2835,4.64233,10.2835,4.64233,7.21616,1.5786,7.21616,1.5786
latency_outage,volatile_thin,100000,passive|prints-only,40,0,True,"coinbase>=1,000,000",prints-only,9100025,10,2.67862,367417,3.39884,8.65,-2.71507,passive,BTC-USD,buy,1.15905,100000,86277.8,2.26825,377472,1.15905,1,1,86264.7,-1.52058,8,79.9878,99984.8,0,-1.52058,7.99878,5.20139e-16,6.4782,0,0,6.4782,-2.71507,9,37,0,8,6.82704,0,0,37,0,0,-4.61514,-1.71696,-4.61514,-1.71696,2.17751,5.07368,2.17751,5.07368,-11.5014,-8.60131,-11.5014,-8.60131
latency_outage,volatile_thin,100000,passive|prints-only,40,0,True,"coinbase>=1,000,000",prints-only,9100025,10,2.67862,367417,3.39884,8.65,-2.71507,passive,BTC-USD,sell,1.15905,100000,86277.8,2.26825,443446,1.00086,0.863517,1,86366.4,-10.2626,8,69.1523,86440.4,0,-8.86197,6.91523,0.370559,-1.57619,0.230376,13642.3,1.1098,2.71507,66,166,0,66,59.8023,0,0,166,0,0,1.23403,2.11747,1.23403,2.11747,-0.636407,0.246906,-0.636407,0.246906,-21.3674,-20.4859,-21.3674,-20.4859
latency_outage,volatile_thin,100000,aggressive|lat250ms,250,0,True,"coinbase>=1,000,000",prints+quotes,9100026,10,2.62669,393157,1.95094,8.66667,14.5165,aggressive,BTC-USD,buy,1.15858,100000,86312.2,3.46649,451011,1.15858,1,0,86335.8,2.73707,18,180.049,0,100027,2.73707,18.0049,0,20.742,0,0,20.742,14.5165,1,19,0,0,0.218277,0,0,0,0,0,-1.65239,-4.38988,,,-6.93178,-9.67071,,,-7.3088,-10.0478,,
latency_outage,volatile_thin,100000,aggressive|lat250ms,250,0,True,"coinbase>=1,000,000",prints+quotes,9100026,10,2.62669,393157,1.95094,8.66667,14.5165,aggressive,BTC-USD,sell,1.15858,100000,86312.2,3.46649,429460,1.15858,1,0,86287.1,2.90995,18,179.948,0,99970.9,2.90995,17.9948,-2.78211e-15,20.9047,0,0,20.9047,-14.5165,1,26,0,0,0.218277,0,0,0,0,0,7.30199,4.38988,,,12.5844,9.67071,,,12.9616,10.0478,,
latency_outage,volatile_thin,100000,aggressive|lat40ms,40,0,True,"coinbase>=1,000,000",prints+quotes,9100026,10,2.62669,393157,1.95094,8.66667,14.5165,aggressive,BTC-USD,buy,1.15858,100000,86312.2,3.46649,451011,1.15858,1,0,86337.2,2.90225,18,180.052,0,100029,2.90225,18.0052,0,20.9075,0,0,20.9075,14.5165,1,19,0,0,0.0349243,0,0,0,0,0,-0.198693,-3.10095,,,-6.371,-9.27505,,,-7.14355,-10.0478,,
latency_outage,volatile_thin,100000,aggressive|lat40ms,40,0,True,"coinbase>=1,000,000",prints+quotes,9100026,10,2.62669,393157,1.95094,8.66667,14.5165,aggressive,BTC-USD,sell,1.15858,100000,86312.2,3.46649,429460,1.15858,1,0,86287.4,2.87195,18,179.948,0,99971.3,2.87195,17.9948,-2.78211e-15,20.8668,0,0,20.8668,-14.5165,1,25,0,0,0.0349243,0,0,0,0,0,5.97466,3.10095,,,12.1505,9.27505,,,12.9235,10.0478,,
latency_outage,volatile_thin,100000,aggressive|lat5ms,5,0,True,"coinbase>=1,000,000",prints+quotes,9100026,10,2.62669,393157,1.95094,8.66667,14.5165,aggressive,BTC-USD,buy,1.15858,100000,86312.2,3.46649,451011,1.15858,1,0,86337.2,2.90225,18,180.052,0,100029,2.90225,18.0052,0,20.9075,0,0,20.9075,14.5165,1,19,0,0,0.00436554,0,0,0,0,0,-0.198693,-3.10095,,,-6.371,-9.27505,,,-7.14355,-10.0478,,
latency_outage,volatile_thin,100000,aggressive|lat5ms,5,0,True,"coinbase>=1,000,000",prints+quotes,9100026,10,2.62669,393157,1.95094,8.66667,14.5165,aggressive,BTC-USD,sell,1.15858,100000,86312.2,3.46649,429460,1.15858,1,0,86287.4,2.87195,18,179.948,0,99971.3,2.87195,17.9948,-2.78211e-15,20.8668,0,0,20.8668,-14.5165,1,25,0,0,0.00436554,0,0,0,0,0,5.97466,3.10095,,,12.1505,9.27505,,,12.9235,10.0478,,
latency_outage,volatile_thin,100000,aggressive|outage|cod,40,3,True,"coinbase>=1,000,000",prints+quotes,9100026,10,2.62669,393157,1.95094,8.66667,14.5165,aggressive,BTC-USD,buy,1.15858,100000,86312.2,3.46649,451011,1.15858,1,0,86337.2,2.90225,18,180.052,0,100029,2.90225,18.0052,0,20.9075,0,0,20.9075,14.5165,1,19,0,0,0.0349243,2.33283,0,0,0,0,-0.198693,-3.10095,,,-6.371,-9.27505,,,-7.14355,-10.0478,,
latency_outage,volatile_thin,100000,aggressive|outage|cod,40,3,True,"coinbase>=1,000,000",prints+quotes,9100026,10,2.62669,393157,1.95094,8.66667,14.5165,aggressive,BTC-USD,sell,1.15858,100000,86312.2,3.46649,429460,1.15858,1,0,86287.4,2.87195,18,179.948,0,99971.3,2.87195,17.9948,-2.78211e-15,20.8668,0,0,20.8668,-14.5165,1,25,0,0,0.0349243,2.33283,0,0,0,0,5.97466,3.10095,,,12.1505,9.27505,,,12.9235,10.0478,,
latency_outage,volatile_thin,100000,aggressive|outage|no-cod,40,3,False,"coinbase>=1,000,000",prints+quotes,9100026,10,2.62669,393157,1.95094,8.66667,14.5165,aggressive,BTC-USD,buy,1.15858,100000,86312.2,3.46649,451011,1.15858,1,0,86337.2,2.90225,18,180.052,0,100029,2.90225,18.0052,0,20.9075,0,0,20.9075,14.5165,1,19,0,0,0.0349243,2.33283,0,0,0,0,-0.198693,-3.10095,,,-6.371,-9.27505,,,-7.14355,-10.0478,,
latency_outage,volatile_thin,100000,aggressive|outage|no-cod,40,3,False,"coinbase>=1,000,000",prints+quotes,9100026,10,2.62669,393157,1.95094,8.66667,14.5165,aggressive,BTC-USD,sell,1.15858,100000,86312.2,3.46649,429460,1.15858,1,0,86287.4,2.87195,18,179.948,0,99971.3,2.87195,17.9948,-2.78211e-15,20.8668,0,0,20.8668,-14.5165,1,25,0,0,0.0349243,2.33283,0,0,0,0,5.97466,3.10095,,,12.1505,9.27505,,,12.9235,10.0478,,
latency_outage,volatile_thin,100000,aggressive|prints-only,40,0,True,"coinbase>=1,000,000",prints-only,9100026,10,2.62669,393157,1.95094,8.66667,14.5165,aggressive,BTC-USD,buy,1.15858,100000,86312.2,3.46649,451011,1.15858,1,0,86337.2,2.90225,18,180.052,0,100029,2.90225,18.0052,0,20.9075,0,0,20.9075,14.5165,1,19,0,0,0.0349243,0,0,0,0,0,-0.198693,-3.10095,,,-6.371,-9.27505,,,-7.14355,-10.0478,,
latency_outage,volatile_thin,100000,aggressive|prints-only,40,0,True,"coinbase>=1,000,000",prints-only,9100026,10,2.62669,393157,1.95094,8.66667,14.5165,aggressive,BTC-USD,sell,1.15858,100000,86312.2,3.46649,429460,1.15858,1,0,86287.4,2.87195,18,179.948,0,99971.3,2.87195,17.9948,-2.78211e-15,20.8668,0,0,20.8668,-14.5165,1,25,0,0,0.0349243,0,0,0,0,0,5.97466,3.10095,,,12.1505,9.27505,,,12.9235,10.0478,,
latency_outage,volatile_thin,100000,hybrid|lat250ms,250,0,True,"coinbase>=1,000,000",prints+quotes,9100026,10,2.62669,393157,1.95094,8.66667,14.5165,hybrid,BTC-USD,buy,1.15858,100000,86312.2,3.46649,451011,1.15858,1,0.198253,86379,7.73538,16.0173,160.297,19842.4,80235,7.73538,16.0297,1.25295e-07,23.7651,1.8325e-08,0.000864558,23.7651,14.5165,39,72,0,38,42.5915,0,0,53,1,0,0.850087,-0.334048,0.549868,0.30746,-4.08267,-5.26753,2.72998,2.48775,-4.76228,-5.94729,0.0627784,-0.180083
latency_outage,volatile_thin,100000,hybrid|lat250ms,250,0,True,"coinbase>=1,000,000",prints+quotes,9100026,10,2.62669,393157,1.95094,8.66667,14.5165,hybrid,BTC-USD,sell,1.15858,100000,86312.2,3.46649,429460,1.15858,1,1,86399.7,-10.1387,8,80.0811,100101,0,-10.1387,8.00811,-0,-2.13062,0,0,-2.13062,-14.5165,9,39,0,8,8.10691,0,0,34,5,0,-2.28332,-1.4802,-2.28332,-1.4802,-2.28358,-1.48068,-2.28358,-1.48068,-5.83211,-5.02958,-5.83211,-5.02958
latency_outage,volatile_thin,100000,hybrid|lat40ms,40,0,True,"coinbase>=1,000,000",prints+quotes,9100026,10,2.62669,393157,1.95094,8.66667,14.5165,hybrid,BTC-USD,buy,1.15858,100000,86312.2,3.46649,451011,1.15858,1,0.278894,86375.4,7.32642,15.2112,152.223,27908.6,72164.7,7.32642,15.2223,0,22.5487,0,0,22.5487,14.5165,48,128,0,47,42.1136,0,0,112,0,0,0.883783,-0.406653,-0.456836,0.270947,-4.57664,-5.8681,-1.46024,-0.732273,-3.6703,-4.96174,1.05167,1.77954
latency_outage,volatile_thin,100000,hybrid|lat40ms,40,0,True,"coinbase>=1,000,000",prints+quotes,9100026,10,2.62669,393157,1.95094,8.66667,14.5165,hybrid,BTC-USD,sell,1.15858,100000,86312.2,3.46649,429460,1.15858,1,1,86410.5,-11.3931,8,80.0911,100114,0,-11.3931,8.00911,-0,-3.38397,0,0,-3.38397,-14.5165,11,47,0,10,8.10691,0,0,46,1,0,-3.39653,-2.1166,-3.39653,-2.1166,-4.06251,-2.78276,-4.06251,-2.78276,-8.00582,-6.72658,-8.00582,-6.72658
latency_outage,volatile_thin,100000,hybrid|lat5ms,5,0,True,"coinbase>=1,000,000",prints+quotes,9100026,10,2.62669,393157,1.95094,8.66667,14.5165,hybrid,BTC-USD,buy,1.15858,100000,86312.2,3.46649,451011,1.15858,1,0.111226,86375.5,7.33824,16.888,169.004,11128.4,88945,7.33824,16.9004,1.25295e-07,24.2386,1.8325e-08,0.000864558,24.2386,14.5165,51,118,0,50,42.1046,0,0,100,0,0,1.27963,-0.531538,-0.531963,0.564645,-5.30367,-7.1162,-2.31411,-1.21728,-5.06588,-6.87835,-2.45656,-1.35969
latency_outage,volatile_thin,100000,hybrid|lat5ms,5,0,True,"coinbase>=1,000,000",prints+quotes,9100026,10,2.62669,393157,1.95094,8.66667,14.5165,hybrid,BTC-USD,sell,1.15858,100000,86312.2,3.46649,429460,1.15858,1,1,86413.5,-11.7408,8,80.0939,100117,0,-11.7408,8.00939,-0,-3.73136,0,0,-3.73136,-14.5165,10,42,0,9,8.10691,0,0,41,1,0,-3.85458,-2.20334,-3.85458,-2.20334,-4.41309,-2.7621,-4.41309,-2.7621,-8.38248,-6.73216,-8.38248,-6.73216
latency_outage,volatile_thin,100000,hybrid|outage|cod,40,3,True,"coinbase>=1,000,000",prints+quotes,9100026,10,2.62669,393157,1.95094,8.66667,14.5165,hybrid,BTC-USD,buy,1.15858,100000,86312.2,3.46649,451011,1.15858,1,0.278894,86375.4,7.32642,15.2112,152.223,27908.6,72164.7,7.32642,15.2223,0,22.5487,0,0,22.5487,14.5165,48,128,0,47,42.1136,2.33283,0,112,0,0,0.883783,-0.406653,-0.456836,0.270947,-4.57664,-5.8681,-1.46024,-0.732273,-3.6703,-4.96174,1.05167,1.77954
latency_outage,volatile_thin,100000,hybrid|outage|cod,40,3,True,"coinbase>=1,000,000",prints+quotes,9100026,10,2.62669,393157,1.95094,8.66667,14.5165,hybrid,BTC-USD,sell,1.15858,100000,86312.2,3.46649,429460,1.15858,1,1,86410.5,-11.3931,8,80.0911,100114,0,-11.3931,8.00911,-0,-3.38397,0,0,-3.38397,-14.5165,11,47,0,10,8.10691,2.33283,0,46,1,0,-3.39653,-2.1166,-3.39653,-2.1166,-4.06251,-2.78276,-4.06251,-2.78276,-8.00582,-6.72658,-8.00582,-6.72658
latency_outage,volatile_thin,100000,hybrid|outage|no-cod,40,3,False,"coinbase>=1,000,000",prints+quotes,9100026,10,2.62669,393157,1.95094,8.66667,14.5165,hybrid,BTC-USD,buy,1.15858,100000,86312.2,3.46649,451011,1.15858,1,0.278894,86375.4,7.32642,15.2112,152.223,27908.6,72164.7,7.32642,15.2223,0,22.5487,0,0,22.5487,14.5165,48,128,0,47,42.1136,2.33283,0,112,0,0,0.883783,-0.406653,-0.456836,0.270947,-4.57664,-5.8681,-1.46024,-0.732273,-3.6703,-4.96174,1.05167,1.77954
latency_outage,volatile_thin,100000,hybrid|outage|no-cod,40,3,False,"coinbase>=1,000,000",prints+quotes,9100026,10,2.62669,393157,1.95094,8.66667,14.5165,hybrid,BTC-USD,sell,1.15858,100000,86312.2,3.46649,429460,1.15858,1,1,86410.5,-11.3931,8,80.0911,100114,0,-11.3931,8.00911,-0,-3.38397,0,0,-3.38397,-14.5165,11,47,0,10,8.10691,2.33283,0,46,1,0,-3.39653,-2.1166,-3.39653,-2.1166,-4.06251,-2.78276,-4.06251,-2.78276,-8.00582,-6.72658,-8.00582,-6.72658
latency_outage,volatile_thin,100000,hybrid|prints-only,40,0,True,"coinbase>=1,000,000",prints-only,9100026,10,2.62669,393157,1.95094,8.66667,14.5165,hybrid,BTC-USD,buy,1.15858,100000,86312.2,3.46649,451011,1.15858,1,0.278894,86375.4,7.32642,15.2112,152.223,27908.6,72164.7,7.32642,15.2223,0,22.5487,0,0,22.5487,14.5165,48,128,0,47,42.1136,0,0,112,0,0,0.883783,-0.406653,-0.456836,0.270947,-4.57664,-5.8681,-1.46024,-0.732273,-3.6703,-4.96174,1.05167,1.77954
latency_outage,volatile_thin,100000,hybrid|prints-only,40,0,True,"coinbase>=1,000,000",prints-only,9100026,10,2.62669,393157,1.95094,8.66667,14.5165,hybrid,BTC-USD,sell,1.15858,100000,86312.2,3.46649,429460,1.15858,1,1,86414.7,-11.8809,8,80.095,100119,0,-11.8809,8.0095,-1.25295e-07,-3.87137,1.8325e-08,0.000864192,-3.87137,-14.5165,11,46,0,10,8.10691,0,0,46,0,0,-3.69633,-2.27235,-3.69633,-2.27235,-4.77305,-3.34922,-4.77305,-3.34922,-8.75371,-7.33046,-8.75371,-7.33046
latency_outage,volatile_thin,100000,passive|lat250ms,250,0,True,"coinbase>=1,000,000",prints+quotes,9100026,10,2.62669,393157,1.95094,8.66667,14.5165,passive,BTC-USD,buy,1.15858,100000,86312.2,3.46649,451011,0.562329,0.485359,1,86396.6,9.77684,8,38.8667,48583.3,0,4.74528,3.88667,7.47078,16.1027,1.49085,51553.7,26.8733,14.5165,57,85,0,57,59.7133,0,0,81,4,0,1.97635,1.09968,1.97635,1.09968,1.99503,1.11834,1.99503,1.11834,-0.289992,-1.16736,-0.289992,-1.16736
latency_outage,volatile_thin,100000,passive|lat250ms,250,0,True,"coinbase>=1,000,000",prints+quotes,9100026,10,2.62669,393157,1.95094,8.66667,14.5165,passive,BTC-USD,sell,1.15858,100000,86312.2,3.46649,429460,1.15858,1,1,86399.7,-10.1387,8,80.0811,100101,0,-10.1387,8.00811,-0,-2.13062,0,0,-2.13062,-14.5165,9,39,0,8,8.10691,0,0,34,5,0,-2.28332,-1.4802,-2.28332,-1.4802,-2.28358,-1.48068,-2.28358,-1.48068,-5.83211,-5.02958,-5.83211,-5.02958
latency_outage,volatile_thin,100000,passive|lat40ms,40,0,True,"coinbase>=1,000,000",prints+quotes,9100026,10,2.62669,393157,1.95094,8.66667,14.5165,passive,BTC-USD,buy,1.15858,100000,86312.2,3.46649,451011,0.42341,0.365454,1,86376.7,7.46946,8,29.2582,36572.7,0,2.72975,2.92582,9.21138,14.8669,1.96835,63566.4,28.2772,14.5165,71,150,0,71,59.7133,0,0,150,0,0,-0.563148,0.241201,-0.563148,0.241201,-1.74585,-0.941322,-1.74585,-0.941322,1.26257,2.0669,1.26257,2.0669
latency_outage,volatile_thin,100000,passive|lat40ms,40,0,True,"coinbase>=1,000,000",prints+quotes,9100026,10,2.62669,393157,1.95094,8.66667,14.5165,passive,BTC-USD,sell,1.15858,100000,86312.2,3.46649,429460,1.15858,1,1,86410.5,-11.3931,8,80.0911,100114,0,-11.3931,8.00911,-0,-3.38397,0,0,-3.38397,-14.5165,11,47,0,10,8.10691,0,0,46,1,0,-3.39653,-2.1166,-3.39653,-2.1166,-4.06251,-2.78276,-4.06251,-2.78276,-8.00582,-6.72658,-8.00582,-6.72658
latency_outage,volatile_thin,100000,passive|lat5ms,5,0,True,"coinbase>=1,000,000",prints+quotes,9100026,10,2.62669,393157,1.95094,8.66667,14.5165,passive,BTC-USD,buy,1.15858,100000,86312.2,3.46649,451011,0.257053,0.221868,1,86377.2,7.53385,8,17.7628,22203.5,0,1.67152,1.77628,11.2957,14.7435,2.55186,77951.7,31.3267,14.5165,76,139,0,76,59.7133,0,0,139,0,0,-0.789483,0.265469,-0.789483,0.265469,-1.82661,-0.77154,-1.82661,-0.77154,-1.0385,0.0165095,-1.0385,0.0165095
latency_outage,volatile_thin,100000,passive|lat5ms,5,0,True,"coinbase>=1,000,000",prints+quotes,9100026,10,2.62669,393157,1.95094,8.66667,14.5165,passive,BTC-USD,sell,1.15858,100000,86312.2,3.46649,429460,1.15858,1,1,86413.5,-11.7408,8,80.0939,100117,0,-11.7408,8.00939,-0,-3.73136,0,0,-3.73136,-14.5165,10,42,0,9,8.10691,0,0,41,1,0,-3.85458,-2.20334,-3.85458,-2.20334,-4.41309,-2.7621,-4.41309,-2.7621,-8.38248,-6.73216,-8.38248,-6.73216
latency_outage,volatile_thin,100000,passive|outage|cod,40,3,True,"coinbase>=1,000,000",prints+quotes,9100026,10,2.62669,393157,1.95094,8.66667,14.5165,passive,BTC-USD,buy,1.15858,100000,86312.2,3.46649,451011,0.417483,0.360339,1,86376,7.39117,8,28.8484,36060.5,0,2.66333,2.88484,9.28563,14.8338,1.98874,64078.8,28.3567,14.5165,68,144,0,67,57.0146,2.33283,0,144,0,0,-0.530835,0.263035,-0.530835,0.263035,-1.74356,-0.949499,-1.74356,-0.949499,1.07354,1.86742,1.07354,1.86742
latency_outage,volatile_thin,100000,passive|outage|cod,40,3,True,"coinbase>=1,000,000",prints+quotes,9100026,10,2.62669,393157,1.95094,8.66667,14.5165,passive,BTC-USD,sell,1.15858,100000,86312.2,3.46649,429460,1.15858,1,1,86410.5,-11.3931,8,80.0911,100114,0,-11.3931,8.00911,-0,-3.38397,0,0,-3.38397,-14.5165,11,47,0,10,8.10691,2.33283,0,46,1,0,-3.39653,-2.1166,-3.39653,-2.1166,-4.06251,-2.78276,-4.06251,-2.78276,-8.00582,-6.72658,-8.00582,-6.72658
latency_outage,volatile_thin,100000,passive|outage|no-cod,40,3,False,"coinbase>=1,000,000",prints+quotes,9100026,10,2.62669,393157,1.95094,8.66667,14.5165,passive,BTC-USD,buy,1.15858,100000,86312.2,3.46649,451011,1.15858,1,1,86403.6,10.5916,8,80.0847,100106,0,10.5916,8.00847,1.25295e-07,18.6001,1.8325e-08,0.000864558,18.6001,14.5165,68,158,0,67,61,2.33283,0,151,7,0.739319,0.372161,-0.960128,0.372161,-0.960128,-3.52776,-4.86085,-3.52776,-4.86085,11.7213,10.3917,11.7213,10.3917
latency_outage,volatile_thin,100000,passive|outage|no-cod,40,3,False,"coinbase>=1,000,000",prints+quotes,9100026,10,2.62669,393157,1.95094,8.66667,14.5165,passive,BTC-USD,sell,1.15858,100000,86312.2,3.46649,429460,1.15858,1,1,86410.5,-11.3931,8,80.0911,100114,0,-11.3931,8.00911,-0,-3.38397,0,0,-3.38397,-14.5165,11,47,0,10,8.10691,2.33283,0,46,1,0,-3.39653,-2.1166,-3.39653,-2.1166,-4.06251,-2.78276,-4.06251,-2.78276,-8.00582,-6.72658,-8.00582,-6.72658
latency_outage,volatile_thin,100000,passive|prints-only,40,0,True,"coinbase>=1,000,000",prints-only,9100026,10,2.62669,393157,1.95094,8.66667,14.5165,passive,BTC-USD,buy,1.15858,100000,86312.2,3.46649,451011,0.42341,0.365454,1,86376.7,7.46946,8,29.2582,36572.7,0,2.72975,2.92582,9.21138,14.8669,1.96835,63566.4,28.2772,14.5165,71,150,0,71,59.7133,0,0,150,0,0,-0.563148,0.241201,-0.563148,0.241201,-1.74585,-0.941322,-1.74585,-0.941322,1.26257,2.0669,1.26257,2.0669
latency_outage,volatile_thin,100000,passive|prints-only,40,0,True,"coinbase>=1,000,000",prints-only,9100026,10,2.62669,393157,1.95094,8.66667,14.5165,passive,BTC-USD,sell,1.15858,100000,86312.2,3.46649,429460,1.15858,1,1,86414.7,-11.8809,8,80.095,100119,0,-11.8809,8.0095,-1.25295e-07,-3.87137,1.8325e-08,0.000864192,-3.87137,-14.5165,11,46,0,10,8.10691,0,0,46,0,0,-3.69633,-2.27235,-3.69633,-2.27235,-4.77305,-3.34922,-4.77305,-3.34922,-8.75371,-7.33046,-8.75371,-7.33046
latency_outage,volatile_thin,100000,aggressive|lat250ms,250,0,True,"coinbase>=1,000,000",prints+quotes,9100027,10,2.73872,359157,2.38267,9.86667,56.4718,aggressive,BTC-USD,buy,1.15907,100000,86275.7,2.72035,426031,1.15907,1,0,86295.3,2.26515,18,180.041,0,100023,2.26515,18.0041,4.87215e-07,20.2692,1.332e-08,0.000867763,20.2692,56.4718,1,18,0,0,0.219909,0,0,0,0,0,2.51317,0.492595,,,-1.1029,-3.12421,,,-23.946,-25.9719,,
latency_outage,volatile_thin,100000,aggressive|lat250ms,250,0,True,"coinbase>=1,000,000",prints+quotes,9100027,10,2.73872,359157,2.38267,9.86667,56.4718,aggressive,BTC-USD,sell,1.15907,100000,86275.7,2.72035,468752,1.15907,1,0,86245.6,3.49713,18,179.937,0,99965,3.49713,17.9937,-4.87215e-07,21.4908,1.332e-08,0.000867496,21.4908,-56.4718,1,22,0,0,0.219909,0,0,0,0,0,3.24972,-0.492595,,,6.86788,3.12421,,,29.7241,25.9719,,
latency_outage,volatile_thin,100000,aggressive|lat40ms,40,0,True,"coinbase>=1,000,000",prints+quotes,9100027,10,2.73872,359157,2.38267,9.86667,56.4718,aggressive,BTC-USD,buy,1.15907,100000,86275.7,2.72035,426031,1.15907,1,0,86295.1,2.24056,18,180.04,0,100022,2.24056,18.004,4.87215e-07,20.2446,1.332e-08,0.000867763,20.2446,56.4718,1,17,0,0,0.0351854,0,0,0,0,0,2.79915,0.559253,,,-1.12749,-3.36827,,,-24.6833,-26.9294,,
latency_outage,volatile_thin,100000,aggressive|lat40ms,40,0,True,"coinbase>=1,000,000",prints+quotes,9100027,10,2.73872,359157,2.38267,9.86667,56.4718,aggressive,BTC-USD,sell,1.15907,100000,86275.7,2.72035,468752,1.15907,1,0,86246,3.44303,18,179.938,0,99965.6,3.44303,17.9938,-4.87215e-07,21.4368,1.332e-08,0.000867496,21.4368,-56.4718,1,22,0,0,0.0351854,0,0,0,0,0,2.88488,-0.559253,,,6.81376,3.36827,,,30.383,26.9294,,
latency_outage,volatile_thin,100000,aggressive|lat5ms,5,0,True,"coinbase>=1,000,000",prints+quotes,9100027,10,2.73872,359157,2.38267,9.86667,56.4718,aggressive,BTC-USD,buy,1.15907,100000,86275.7,2.72035,426031,1.15907,1,0,86295.1,2.24056,18,180.04,0,100022,2.24056,18.004,4.87215e-07,20.2446,1.332e-08,0.000867763,20.2446,56.4718,1,17,0,0,0.00439818,0,0,0,0,0,2.79915,0.559253,,,-1.12749,-3.36827,,,-24.6833,-26.9294,,
latency_outage,volatile_thin,100000,aggressive|lat5ms,5,0,True,"coinbase>=1,000,000",prints+quotes,9100027,10,2.73872,359157,2.38267,9.86667,56.4718,aggressive,BTC-USD,sell,1.15907,100000,86275.7,2.72035,468752,1.15907,1,0,86246,3.44303,18,179.938,0,99965.6,3.44303,17.9938,-4.87215e-07,21.4368,1.332e-08,0.000867496,21.4368,-56.4718,1,22,0,0,0.00439818,0,0,0,0,0,2.88488,-0.559253,,,6.81376,3.36827,,,30.383,26.9294,,
latency_outage,volatile_thin,100000,aggressive|outage|cod,40,3,True,"coinbase>=1,000,000",prints+quotes,9100027,10,2.73872,359157,2.38267,9.86667,56.4718,aggressive,BTC-USD,buy,1.15907,100000,86275.7,2.72035,426031,1.15907,1,0,86295.1,2.24056,18,180.04,0,100022,2.24056,18.004,4.87215e-07,20.2446,1.332e-08,0.000867763,20.2446,56.4718,1,17,0,0,0.0351854,3.32341,0,0,0,0,2.79915,0.559253,,,-1.12749,-3.36827,,,-24.6833,-26.9294,,
latency_outage,volatile_thin,100000,aggressive|outage|cod,40,3,True,"coinbase>=1,000,000",prints+quotes,9100027,10,2.73872,359157,2.38267,9.86667,56.4718,aggressive,BTC-USD,sell,1.15907,100000,86275.7,2.72035,468752,1.15907,1,0,86246,3.44303,18,179.938,0,99965.6,3.44303,17.9938,-4.87215e-07,21.4368,1.332e-08,0.000867496,21.4368,-56.4718,1,22,0,0,0.0351854,3.32341,0,0,0,0,2.88488,-0.559253,,,6.81376,3.36827,,,30.383,26.9294,,
latency_outage,volatile_thin,100000,aggressive|outage|no-cod,40,3,False,"coinbase>=1,000,000",prints+quotes,9100027,10,2.73872,359157,2.38267,9.86667,56.4718,aggressive,BTC-USD,buy,1.15907,100000,86275.7,2.72035,426031,1.15907,1,0,86295.1,2.24056,18,180.04,0,100022,2.24056,18.004,4.87215e-07,20.2446,1.332e-08,0.000867763,20.2446,56.4718,1,17,0,0,0.0351854,3.32341,0,0,0,0,2.79915,0.559253,,,-1.12749,-3.36827,,,-24.6833,-26.9294,,
latency_outage,volatile_thin,100000,aggressive|outage|no-cod,40,3,False,"coinbase>=1,000,000",prints+quotes,9100027,10,2.73872,359157,2.38267,9.86667,56.4718,aggressive,BTC-USD,sell,1.15907,100000,86275.7,2.72035,468752,1.15907,1,0,86246,3.44303,18,179.938,0,99965.6,3.44303,17.9938,-4.87215e-07,21.4368,1.332e-08,0.000867496,21.4368,-56.4718,1,22,0,0,0.0351854,3.32341,0,0,0,0,2.88488,-0.559253,,,6.81376,3.36827,,,30.383,26.9294,,
latency_outage,volatile_thin,100000,aggressive|prints-only,40,0,True,"coinbase>=1,000,000",prints-only,9100027,10,2.73872,359157,2.38267,9.86667,56.4718,aggressive,BTC-USD,buy,1.15907,100000,86275.7,2.72035,426031,1.15907,1,0,86295.1,2.24056,18,180.04,0,100022,2.24056,18.004,4.87215e-07,20.2446,1.332e-08,0.000867763,20.2446,56.4718,1,17,0,0,0.0351854,0,0,0,0,0,2.79915,0.559253,,,-1.12749,-3.36827,,,-24.6833,-26.9294,,
latency_outage,volatile_thin,100000,aggressive|prints-only,40,0,True,"coinbase>=1,000,000",prints-only,9100027,10,2.73872,359157,2.38267,9.86667,56.4718,aggressive,BTC-USD,sell,1.15907,100000,86275.7,2.72035,468752,1.15907,1,0,86246,3.44303,18,179.938,0,99965.6,3.44303,17.9938,-4.87215e-07,21.4368,1.332e-08,0.000867496,21.4368,-56.4718,1,22,0,0,0.0351854,0,0,0,0,0,2.88488,-0.559253,,,6.81376,3.36827,,,30.383,26.9294,,
latency_outage,volatile_thin,100000,hybrid|lat250ms,250,0,True,"coinbase>=1,000,000",prints+quotes,9100027,10,2.73872,359157,2.38267,9.86667,56.4718,hybrid,BTC-USD,buy,1.15907,100000,86275.7,2.72035,426031,1.15907,1,0.82992,86438.2,18.8329,9.70395,97.2223,83116.7,17071.6,18.8329,9.72223,4.87215e-07,28.5551,1.332e-08,0.000867763,28.5551,56.4718,41,92,0,40,42.9039,0,0,83,8,0,-0.752733,-1.0279,-0.930306,-1.01762,-6.41492,-6.68938,-7.69017,-7.77662,-21.3525,-21.6287,-22.1068,-22.1949
latency_outage,volatile_thin,100000,hybrid|lat250ms,250,0,True,"coinbase>=1,000,000",prints+quotes,9100027,10,2.73872,359157,2.38267,9.86667,56.4718,hybrid,BTC-USD,sell,1.15907,100000,86275.7,2.72035,468752,1.15907,1,1,86512.2,-27.4034,8,80.2192,100274,0,-27.4034,8.02192,-4.87215e-07,-19.3815,1.332e-08,0.000867496,-19.3815,-56.4718,21,79,1,19,22.6026,0,0,79,0,0,-1.08712,0.46468,-1.08712,0.46468,0.126677,1.67866,0.126677,1.67866,13.6603,15.2144,13.6603,15.2144
latency_outage,volatile_thin,100000,hybrid|lat40ms,40,0,True,"coinbase>=1,000,000",prints+quotes,9100027,10,2.73872,359157,2.38267,9.86667,56.4718,hybrid,BTC-USD,buy,1.15907,100000,86275.7,2.72035,426031,1.15907,1,0.523719,86452.7,20.5082,12.7691,127.953,52416.5,47788.6,20.5082,12.7953,0,33.3035,0,0,33.3035,56.4718,49,125,0,48,42.0674,0,0,114,1,0,-2.82572,-2.96407,-3.1628,-1.5822,-11.1723,-11.3104,-12.5529,-10.9704,-24.108,-24.2466,-23.8193,-22.2352
latency_outage,volatile_thin,100000,hybrid|lat40ms,40,0,True,"coinbase>=1,000,000",prints+quotes,9100027,10,2.73872,359157,2.38267,9.86667,56.4718,hybrid,BTC-USD,sell,1.15907,100000,86275.7,2.72035,468752,1.15907,1,1,86472.6,-22.8196,8,80.1826,100228,0,-22.8196,8.01826,-4.87215e-07,-14.8013,1.332e-08,0.000867496,-14.8013,-56.4718,26,91,0,25,22.6026,0,0,89,2,0,1.6793,1.27292,1.6793,1.27292,3.38158,2.97404,3.38158,2.97404,14.166,13.7595,14.166,13.7595
latency_outage,volatile_thin,100000,hybrid|lat5ms,5,0,True,"coinbase>=1,000,000",prints+quotes,9100027,10,2.73872,359157,2.38267,9.86667,56.4718,hybrid,BTC-USD,buy,1.15907,100000,86275.7,2.72035,426031,1.15907,1,0.508124,86454.1,20.6727,12.9254,129.521,50850.9,49355.8,20.6727,12.9521,0,33.6248,0,0,33.6248,56.4718,52,122,0,51,42.103,0,0,109,2,0,-2.49031,-2.55118,-2.99583,-1.71886,-11.1263,-11.1867,-13.023,-11.7442,-23.7462,-23.8074,-23.5611,-22.2817
latency_outage,volatile_thin,100000,hybrid|lat5ms,5,0,True,"coinbase>=1,000,000",prints+quotes,9100027,10,2.73872,359157,2.38267,9.86667,56.4718,hybrid,BTC-USD,sell,1.15907,100000,86275.7,2.72035,468752,1.15907,1,1,86488.8,-24.6977,8,80.1976,100247,0,-24.6977,8.01976,-4.87215e-07,-16.6779,1.332e-08,0.000867496,-16.6779,-56.4718,26,100,0,25,22.6026,0,0,99,1,0,0.310366,1.06395,0.310366,1.06395,1.91424,2.66749,1.91424,2.66749,13.3941,14.1489,13.3941,14.1489
latency_outage,volatile_thin,100000,hybrid|outage|cod,40,3,True,"coinbase>=1,000,000",prints+quotes,9100027,10,2.73872,359157,2.38267,9.86667,56.4718,hybrid,BTC-USD,buy,1.15907,100000,86275.7,2.72035,426031,1.15907,1,0.486258,86455,20.7741,13.1441,131.714,48660.3,51547.5,20.7741,13.1714,4.87215e-07,33.9455,1.332e-08,0.000867763,33.9455,56.4718,45,111,0,43,42.0563,3.32341,0,101,0,0,-2.97292,-3.15132,-3.54036,-1.74375,-11.5694,-11.7476,-13.6132,-11.8146,-24.7811,-24.9599,-25.1771,-23.3768
latency_outage,volatile_thin,100000,hybrid|outage|cod,40,3,True,"coinbase>=1,000,000",prints+quotes,9100027,10,2.73872,359157,2.38267,9.86667,56.4718,hybrid,BTC-USD,sell,1.15907,100000,86275.7,2.72035,468752,1.15907,1,1,86474.6,-23.0463,8,80.1844,100230,0,-23.0463,8.01844,-4.87215e-07,-15.0279,1.332e-08,0.000867496,-15.0279,-56.4718,25,81,0,23,22.6026,3.32341,0,79,2,0,1.37415,1.11598,1.37415,1.11598,4.03762,3.77848,4.03762,3.77848,14.5813,14.3235,14.5813,14.3235
latency_outage,volatile_thin,100000,hybrid|outage|no-cod,40,3,False,"coinbase>=1,000,000",prints+quotes,9100027,10,2.73872,359157,2.38267,9.86667,56.4718,hybrid,BTC-USD,buy,1.15907,100000,86275.7,2.72035,426031,1.15907,1,1,86428,17.6448,8,80.1412,100176,0,17.6448,8.01412,4.87215e-07,25.659,1.332e-08,0.000867763,25.659,56.4718,21,49,0,20,19.6,3.32341,0,40,9,0,-0.296126,-0.842571,-0.296126,-0.842571,-4.75531,-5.30084,-4.75531,-5.30084,-16.5574,-17.1043,-16.5574,-17.1043
latency_outage,volatile_thin,100000,hybrid|outage|no-cod,40,3,False,"coinbase>=1,000,000",prints+quotes,9100027,10,2.73872,359157,2.38267,9.86667,56.4718,hybrid,BTC-USD,sell,1.15907,100000,86275.7,2.72035,468752,1.15907,1,1,86474.6,-23.0463,8,80.1844,100230,0,-23.0463,8.01844,-4.87215e-07,-15.0279,1.332e-08,0.000867496,-15.0279,-56.4718,25,81,0,24,22.6026,3.32341,0,79,2,0,1.37415,1.11598,1.37415,1.11598,4.03762,3.77848,4.03762,3.77848,14.5813,14.3235,14.5813,14.3235
latency_outage,volatile_thin,100000,hybrid|prints-only,40,0,True,"coinbase>=1,000,000",prints-only,9100027,10,2.73872,359157,2.38267,9.86667,56.4718,hybrid,BTC-USD,buy,1.15907,100000,86275.7,2.72035,426031,1.15907,1,0.491926,86454.5,20.7201,13.0873,131.145,49228.4,50978.8,20.7201,13.1145,4.87215e-07,33.8345,1.332e-08,0.000867763,33.8345,56.4718,49,124,0,48,42.0674,0,0,114,0,0,-2.97064,-3.13184,-3.52018,-1.73571,-11.5221,-11.6831,-13.4685,-11.6821,-24.7411,-24.9027,-25.0842,-23.296
latency_outage,volatile_thin,100000,hybrid|prints-only,40,0,True,"coinbase>=1,000,000",prints-only,9100027,10,2.73872,359157,2.38267,9.86667,56.4718,hybrid,BTC-USD,sell,1.15907,100000,86275.7,2.72035,468752,1.15907,1,1,86511.4,-27.312,8,80.2185,100273,0,-27.312,8.02185,-4.87215e-07,-19.2902,1.332e-08,0.000867496,-19.2902,-56.4718,26,94,0,25,22.6026,0,0,94,0,0,-1.26322,0.230054,-1.26322,0.230054,-0.0187022,1.47472,-0.0187022,1.47472,13.1762,14.6717,13.1762,14.6717
latency_outage,volatile_thin,100000,passive|lat250ms,250,0,True,"coinbase>=1,000,000",prints+quotes,9100027,10,2.73872,359157,2.38267,9.86667,56.4718,passive,BTC-USD,buy,1.15907,100000,86275.7,2.72035,426031,1.15907,1,1,86443.5,19.4428,8,80.1555,100194,0,19.4428,8.01555,4.87215e-07,27.4583,1.332e-08,0.000867763,27.4583,56.4718,46,101,0,45,48.5,0,0,91,10,0,0.369623,-0.573311,0.369623,-0.573311,-7.4077,-8.35102,-7.4077,-8.35102,-20.5108,-21.4561,-20.5108,-21.4561
latency_outage,volatile_thin,100000,passive|lat250ms,250,0,True,"coinbase>=1,000,000",prints+quotes,9100027,10,2.73872,359157,2.38267,9.86667,56.4718,passive,BTC-USD,sell,1.15907,100000,86275.7,2.72035,468752,1.15907,1,1,86512.2,-27.4034,8,80.2192,100274,0,-27.4034,8.02192,-4.87215e-07,-19.3815,1.332e-08,0.000867496,-19.3815,-56.4718,21,79,1,19,22.6026,0,0,79,0,0,-1.08712,0.46468,-1.08712,0.46468,0.126677,1.67866,0.126677,1.67866,13.6603,15.2144,13.6603,15.2144
latency_outage,volatile_thin,100000,passive|lat40ms,40,0,True,"coinbase>=1,000,000",prints+quotes,9100027,10,2.73872,359157,2.38267,9.86667,56.4718,passive,BTC-USD,buy,1.15907,100000,86275.7,2.72035,426031,1.15907,1,1,86492.2,25.0879,8,80.2007,100251,0,25.0879,8.02007,4.87215e-07,33.108,1.332e-08,0.000867763,33.108,56.4718,56,132,0,55,48.1,0,0,128,4,0,1.30507,-0.612397,1.30507,-0.612397,-8.51435,-10.4337,-8.51435,-10.4337,-17.334,-19.2541,-17.334,-19.2541
latency_outage,volatile_thin,100000,passive|lat40ms,40,0,True,"coinbase>=1,000,000",prints+quotes,9100027,10,2.73872,359157,2.38267,9.86667,56.4718,passive,BTC-USD,sell,1.15907,100000,86275.7,2.72035,468752,1.15907,1,1,86472.6,-22.8196,8,80.1826,100228,0,-22.8196,8.01826,-4.87215e-07,-14.8013,1.332e-08,0.000867496,-14.8013,-56.4718,26,91,0,25,22.6026,0,0,89,2,0,1.6793,1.27292,1.6793,1.27292,3.38158,2.97404,3.38158,2.97404,14.166,13.7595,14.166,13.7595
latency_outage,volatile_thin,100000,passive|lat5ms,5,0,True,"coinbase>=1,000,000",prints+quotes,9100027,10,2.73872,359157,2.38267,9.86667,56.4718,passive,BTC-USD,buy,1.15907,100000,86275.7,2.72035,426031,1.15907,1,1,86492.8,25.1641,8,80.2013,100252,0,25.1641,8.02013,4.87215e-07,33.1842,1.332e-08,0.000867763,33.1842,56.4718,58,129,0,57,48.1,0,0,124,5,0,1.5043,-0.681488,1.5043,-0.681488,-8.62249,-10.8103,-8.62249,-10.8103,-16.9805,-19.1697,-16.9805,-19.1697
latency_outage,volatile_thin,100000,passive|lat5ms,5,0,True,"coinbase>=1,000,000",prints+quotes,9100027,10,2.73872,359157,2.38267,9.86667,56.4718,passive,BTC-USD,sell,1.15907,100000,86275.7,2.72035,468752,1.15907,1,1,86488.8,-24.6977,8,80.1976,100247,0,-24.6977,8.01976,-4.87215e-07,-16.6779,1.332e-08,0.000867496,-16.6779,-56.4718,26,100,0,25,22.6026,0,0,99,1,0,0.310366,1.06395,0.310366,1.06395,1.91424,2.66749,1.91424,2.66749,13.3941,14.1489,13.3941,14.1489
latency_outage,volatile_thin,100000,passive|outage|cod,40,3,True,"coinbase>=1,000,000",prints+quotes,9100027,10,2.73872,359157,2.38267,9.86667,56.4718,passive,BTC-USD,buy,1.15907,100000,86275.7,2.72035,426031,1.15907,1,1,86497.5,25.7052,8,80.2056,100257,0,25.7052,8.02056,4.87215e-07,33.7258,1.332e-08,0.000867763,33.7258,56.4718,52,118,0,50,48.1,3.32341,0,115,3,0,1.38961,-0.699967,1.38961,-0.699967,-8.72177,-10.8134,-8.72177,-10.8134,-17.464,-19.5566,-17.464,-19.5566
latency_outage,volatile_thin,100000,passive|outage|cod,40,3,True,"coinbase>=1,000,000",prints+quotes,9100027,10,2.73872,359157,2.38267,9.86667,56.4718,passive,BTC-USD,sell,1.15907,100000,86275.7,2.72035,468752,1.15907,1,1,86474.6,-23.0463,8,80.1844,100230,0,-23.0463,8.01844,-4.87215e-07,-15.0279,1.332e-08,0.000867496,-15.0279,-56.4718,25,81,0,23,22.6026,3.32341,0,79,2,0,1.37415,1.11598,1.37415,1.11598,4.03762,3.77848,4.03762,3.77848,14.5813,14.3235,14.5813,14.3235
latency_outage,volatile_thin,100000,passive|outage|no-cod,40,3,False,"coinbase>=1,000,000",prints+quotes,9100027,10,2.73872,359157,2.38267,9.86667,56.4718,passive,BTC-USD,buy,1.15907,100000,86275.7,2.72035,426031,1.15907,1,1,86428,17.6448,8,80.1412,100176,0,17.6448,8.01412,4.87215e-07,25.659,1.332e-08,0.000867763,25.659,56.4718,21,49,0,20,19.6,3.32341,0,40,9,0,-0.296126,-0.842571,-0.296126,-0.842571,-4.75531,-5.30084,-4.75531,-5.30084,-16.5574,-17.1043,-16.5574,-17.1043
latency_outage,volatile_thin,100000,passive|outage|no-cod,40,3,False,"coinbase>=1,000,000",prints+quotes,9100027,10,2.73872,359157,2.38267,9.86667,56.4718,passive,BTC-USD,sell,1.15907,100000,86275.7,2.72035,468752,1.15907,1,1,86474.6,-23.0463,8,80.1844,100230,0,-23.0463,8.01844,-4.87215e-07,-15.0279,1.332e-08,0.000867496,-15.0279,-56.4718,25,81,0,24,22.6026,3.32341,0,79,2,0,1.37415,1.11598,1.37415,1.11598,4.03762,3.77848,4.03762,3.77848,14.5813,14.3235,14.5813,14.3235
latency_outage,volatile_thin,100000,passive|prints-only,40,0,True,"coinbase>=1,000,000",prints-only,9100027,10,2.73872,359157,2.38267,9.86667,56.4718,passive,BTC-USD,buy,1.15907,100000,86275.7,2.72035,426031,0.603208,0.520422,1,86355.9,9.29718,8,41.6725,52090.6,0,4.83846,4.16725,27.0826,36.0883,0.935621,48238,45.7068,56.4718,70,141,0,70,59.6123,0,0,141,0,0,-3.16651,-1.7166,-3.16651,-1.7166,-12.9605,-11.509,-12.9605,-11.509,-24.265,-22.8119,-24.265,-22.8119
latency_outage,volatile_thin,100000,passive|prints-only,40,0,True,"coinbase>=1,000,000",prints-only,9100027,10,2.73872,359157,2.38267,9.86667,56.4718,passive,BTC-USD,sell,1.15907,100000,86275.7,2.72035,468752,1.15907,1,1,86511.4,-27.312,8,80.2185,100273,0,-27.312,8.02185,-4.87215e-07,-19.2902,1.332e-08,0.000867496,-19.2902,-56.4718,26,94,0,25,22.6026,0,0,94,0,0,-1.26322,0.230054,-1.26322,0.230054,-0.0187022,1.47472,-0.0187022,1.47472,13.1762,14.6717,13.1762,14.6717
latency_outage,volatile_thin,100000,aggressive|lat250ms,250,0,True,"coinbase>=1,000,000",prints+quotes,9100028,10,2.65909,356169,2.30221,8.6,-49.8883,aggressive,BTC-USD,buy,1.15926,100000,86261.6,2.8089,465467,1.15926,1,0,86283.9,2.58219,18,180.046,0,100026,2.58219,18.0046,-9.55558e-15,20.5868,0,0,20.5868,-49.8883,1,19,0,0,0.135352,0,0,0,0,0,3.18242,0.601078,,,10.5465,7.96704,,,28.8535,26.2788,,
latency_outage,volatile_thin,100000,aggressive|lat250ms,250,0,True,"coinbase>=1,000,000",prints+quotes,9100028,10,2.65909,356169,2.30221,8.6,-49.8883,aggressive,BTC-USD,sell,1.15926,100000,86261.6,2.8089,388990,1.15926,1,0,86237.8,2.76763,18,179.95,0,99972.3,2.76763,17.995,-9.55558e-15,20.7626,0,0,20.7626,49.8883,1,20,0,0,0.135352,0,0,0,0,0,2.16719,-0.601078,,,-5.20082,-7.96704,,,-23.5176,-26.2788,,
latency_outage,volatile_thin,100000,aggressive|lat40ms,40,0,True,"coinbase>=1,000,000",prints+quotes,9100028,10,2.65909,356169,2.30221,8.6,-49.8883,aggressive,BTC-USD,buy,1.15926,100000,86261.6,2.8089,465467,1.15926,1,0,86283.9,2.5823,18,180.046,0,100026,2.5823,18.0046,-0,20.5869,0,0,20.5869,-49.8883,1,19,0,0,0.0216563,0,0,0,0,0,2.58161,0,,,9.90974,7.33003,,,28.8536,26.2788,,
latency_outage,volatile_thin,100000,aggressive|lat40ms,40,0,True,"coinbase>=1,000,000",prints+quotes,9100028,10,2.65909,356169,2.30221,8.6,-49.8883,aggressive,BTC-USD,sell,1.15926,100000,86261.6,2.8089,388990,1.15926,1,0,86237.1,2.83948,18,179.949,0,99971.6,2.83948,17.9949,-9.55558e-15,20.8344,0,0,20.8344,49.8883,1,20,0,0,0.0216563,0,0,0,0,0,2.84032,0,,,-4.49179,-7.33003,,,-23.4459,-26.2788,,
latency_outage,volatile_thin,100000,aggressive|lat5ms,5,0,True,"coinbase>=1,000,000",prints+quotes,9100028,10,2.65909,356169,2.30221,8.6,-49.8883,aggressive,BTC-USD,buy,1.15926,100000,86261.6,2.8089,465467,1.15926,1,0,86283.9,2.5823,18,180.046,0,100026,2.5823,18.0046,-0,20.5869,0,0,20.5869,-49.8883,1,19,0,0,0.00270704,0,0,0,0,0,2.58161,0,,,9.90974,7.33003,,,28.8536,26.2788,,
latency_outage,volatile_thin,100000,aggressive|lat5ms,5,0,True,"coinbase>=1,000,000",prints+quotes,9100028,10,2.65909,356169,2.30221,8.6,-49.8883,aggressive,BTC-USD,sell,1.15926,100000,86261.6,2.8089,388990,1.15926,1,0,86237.1,2.83948,18,179.949,0,99971.6,2.83948,17.9949,-9.55558e-15,20.8344,0,0,20.8344,49.8883,1,20,0,0,0.00270704,0,0,0,0,0,2.84032,0,,,-4.49179,-7.33003,,,-23.4459,-26.2788,,
latency_outage,volatile_thin,100000,aggressive|outage|cod,40,3,True,"coinbase>=1,000,000",prints+quotes,9100028,10,2.65909,356169,2.30221,8.6,-49.8883,aggressive,BTC-USD,buy,1.15926,100000,86261.6,2.8089,465467,1.15926,1,0,86283.9,2.5823,18,180.046,0,100026,2.5823,18.0046,-0,20.5869,0,0,20.5869,-49.8883,1,19,0,0,0.0216563,6.34896,0,0,0,0,2.58161,0,,,9.90974,7.33003,,,28.8536,26.2788,,
latency_outage,volatile_thin,100000,aggressive|outage|cod,40,3,True,"coinbase>=1,000,000",prints+quotes,9100028,10,2.65909,356169,2.30221,8.6,-49.8883,aggressive,BTC-USD,sell,1.15926,100000,86261.6,2.8089,388990,1.15926,1,0,86237.1,2.83948,18,179.949,0,99971.6,2.83948,17.9949,-9.55558e-15,20.8344,0,0,20.8344,49.8883,1,20,0,0,0.0216563,6.34896,0,0,0,0,2.84032,0,,,-4.49179,-7.33003,,,-23.4459,-26.2788,,
latency_outage,volatile_thin,100000,aggressive|outage|no-cod,40,3,False,"coinbase>=1,000,000",prints+quotes,9100028,10,2.65909,356169,2.30221,8.6,-49.8883,aggressive,BTC-USD,buy,1.15926,100000,86261.6,2.8089,465467,1.15926,1,0,86283.9,2.5823,18,180.046,0,100026,2.5823,18.0046,-0,20.5869,0,0,20.5869,-49.8883,1,19,0,0,0.0216563,6.34896,0,0,0,0,2.58161,0,,,9.90974,7.33003,,,28.8536,26.2788,,
latency_outage,volatile_thin,100000,aggressive|outage|no-cod,40,3,False,"coinbase>=1,000,000",prints+quotes,9100028,10,2.65909,356169,2.30221,8.6,-49.8883,aggressive,BTC-USD,sell,1.15926,100000,86261.6,2.8089,388990,1.15926,1,0,86237.1,2.83948,18,179.949,0,99971.6,2.83948,17.9949,-9.55558e-15,20.8344,0,0,20.8344,49.8883,1,20,0,0,0.0216563,6.34896,0,0,0,0,2.84032,0,,,-4.49179,-7.33003,,,-23.4459,-26.2788,,
latency_outage,volatile_thin,100000,aggressive|prints-only,40,0,True,"coinbase>=1,000,000",prints-only,9100028,10,2.65909,356169,2.30221,8.6,-49.8883,aggressive,BTC-USD,buy,1.15926,100000,86261.6,2.8089,465467,1.15926,1,0,86283.9,2.5823,18,180.046,0,100026,2.5823,18.0046,-0,20.5869,0,0,20.5869,-49.8883,1,19,0,0,0.0216563,0,0,0,0,0,2.58161,0,,,9.90974,7.33003,,,28.8536,26.2788,,
latency_outage,volatile_thin,100000,aggressive|prints-only,40,0,True,"coinbase>=1,000,000",prints-only,9100028,10,2.65909,356169,2.30221,8.6,-49.8883,aggressive,BTC-USD,sell,1.15926,100000,86261.6,2.8089,388990,1.15926,1,0,86237.1,2.83948,18,179.949,0,99971.6,2.83948,17.9949,-9.55558e-15,20.8344,0,0,20.8344,49.8883,1,20,0,0,0.0216563,0,0,0,0,0,2.84032,0,,,-4.49179,-7.33003,,,-23.4459,-26.2788,,
latency_outage,volatile_thin,100000,hybrid|lat250ms,250,0,True,"coinbase>=1,000,000",prints+quotes,9100028,10,2.65909,356169,2.30221,8.6,-49.8883,hybrid,BTC-USD,buy,1.15926,100000,86261.6,2.8089,465467,1.15926,1,1,86203.2,-6.77207,8,79.9458,99932.3,0,-6.77207,7.99458,-0,1.22252,0,0,1.22252,-49.8883,18,77,0,18,18.5056,0,0,68,9,0,1.86515,1.18275,1.86515,1.18275,9.52469,8.84294,9.52469,8.84294,27.8815,27.2007,27.8815,27.2007
latency_outage,volatile_thin,100000,hybrid|lat250ms,250,0,True,"coinbase>=1,000,000",prints+quotes,9100028,10,2.65909,356169,2.30221,8.6,-49.8883,hybrid,BTC-USD,sell,1.15926,100000,86261.6,2.8089,388990,1.15926,1,1,86260.5,0.134842,8,79.9989,99998.7,0,0.134842,7.99989,-9.55558e-15,8.13473,0,0,8.13473,49.8883,4,24,0,3,3.51029,0,0,24,0,0,-6.78026,-3.34194,-6.78026,-3.34194,-13.2897,-9.85359,-13.2897,-9.85359,-30.6976,-27.2675,-30.6976,-27.2675
latency_outage,volatile_thin,100000,hybrid|lat40ms,40,0,True,"coinbase>=1,000,000",prints+quotes,9100028,10,2.65909,356169,2.30221,8.6,-49.8883,hybrid,BTC-USD,buy,1.15926,100000,86261.6,2.8089,465467,1.15926,1,1,86154.3,-12.4396,8,79.9005,99875.6,0,-12.4396,7.99005,-4.30345e-07,-4.44957,1.01e-08,0.000858414,-4.44957,-49.8883,39,111,0,38,30.4,0,0,103,8,0,1.80663,1.39661,1.80663,1.39661,5.2586,4.84818,5.2586,4.84818,23.2375,22.8276,23.2375,22.8276
latency_outage,volatile_thin,100000,hybrid|lat40ms,40,0,True,"coinbase>=1,000,000",prints+quotes,9100028,10,2.65909,356169,2.30221,8.6,-49.8883,hybrid,BTC-USD,sell,1.15926,100000,86261.6,2.8089,388990,1.15926,1,1,86260.5,0.134835,8,79.9989,99998.7,0,0.134835,7.99989,-9.55558e-15,8.13473,0,0,8.13473,49.8883,4,23,0,4,3.51029,0,0,23,0,0,-6.78027,-3.34194,-6.78027,-3.34194,-13.2897,-9.85359,-13.2897,-9.85359,-30.6976,-27.2675,-30.6976,-27.2675
latency_outage,volatile_thin,100000,hybrid|lat5ms,5,0,True,"coinbase>=1,000,000",prints+quotes,9100028,10,2.65909,356169,2.30221,8.6,-49.8883,hybrid,BTC-USD,buy,1.15926,100000,86261.6,2.8089,465467,1.15926,1,1,86166.3,-11.0472,8,79.9116,99889.5,0,-11.0472,7.99116,-0,-3.05604,0,0,-3.05604,-49.8883,24,89,0,23,18.9,0,0,84,5,0,2.99217,2.28829,2.99217,2.28829,5.63994,4.93562,5.63994,4.93562,23.8722,23.1689,23.8722,23.1689
latency_outage,volatile_thin,100000,hybrid|lat5ms,5,0,True,"coinbase>=1,000,000",prints+quotes,9100028,10,2.65909,356169,2.30221,8.6,-49.8883,hybrid,BTC-USD,sell,1.15926,100000,86261.6,2.8089,388990,1.15926,1,0.546481,86015.6,28.5212,12.5311,124.953,54533.3,45181.5,28.5212,12.4953,0,41.0166,0,0,41.0166,49.8883,51,117,0,50,42.108,0,0,110,1,0,-0.108629,-0.549802,-1.37609,-1.06932,-3.82071,-4.26159,-5.24082,-4.93391,-14.6568,-15.0978,-20.8582,-20.5521
latency_outage,volatile_thin,100000,hybrid|outage|cod,40,3,True,"coinbase>=1,000,000",prints+quotes,9100028,10,2.65909,356169,2.30221,8.6,-49.8883,hybrid,BTC-USD,buy,1.15926,100000,86261.6,2.8089,465467,1.15926,1,1,86154.3,-12.4396,8,79.9005,99875.6,0,-12.4396,7.99005,-4.30345e-07,-4.44957,1.01e-08,0.000858414,-4.44957,-49.8883,39,111,0,38,30.4,6.34896,0,103,8,0,1.80663,1.39661,1.80663,1.39661,5.2586,4.84818,5.2586,4.84818,23.2375,22.8276,23.2375,22.8276
latency_outage,volatile_thin,100000,hybrid|outage|cod,40,3,True,"coinbase>=1,000,000",prints+quotes,9100028,10,2.65909,356169,2.30221,8.6,-49.8883,hybrid,BTC-USD,sell,1.15926,100000,86261.6,2.8089,388990,1.15926,1,1,86260.5,0.134835,8,79.9989,99998.7,0,0.134835,7.99989,-9.55558e-15,8.13473,0,0,8.13473,49.8883,4,23,0,4,3.51029,6.34896,0,23,0,0,-6.78027,-3.34194,-6.78027,-3.34194,-13.2897,-9.85359,-13.2897,-9.85359,-30.6976,-27.2675,-30.6976,-27.2675
latency_outage,volatile_thin,100000,hybrid|outage|no-cod,40,3,False,"coinbase>=1,000,000",prints+quotes,9100028,10,2.65909,356169,2.30221,8.6,-49.8883,hybrid,BTC-USD,buy,1.15926,100000,86261.6,2.8089,465467,1.15926,1,1,86154.3,-12.4396,8,79.9005,99875.6,0,-12.4396,7.99005,-4.30345e-07,-4.44957,1.01e-08,0.000858414,-4.44957,-49.8883,39,111,0,38,30.4,6.34896,0,103,8,0,1.80663,1.39661,1.80663,1.39661,5.2586,4.84818,5.2586,4.84818,23.2375,22.8276,23.2375,22.8276
latency_outage,volatile_thin,100000,hybrid|outage|no-cod,40,3,False,"coinbase>=1,000,000",prints+quotes,9100028,10,2.65909,356169,2.30221,8.6,-49.8883,hybrid,BTC-USD,sell,1.15926,100000,86261.6,2.8089,388990,1.15926,1,1,86260.5,0.134835,8,79.9989,99998.7,0,0.134835,7.99989,-9.55558e-15,8.13473,0,0,8.13473,49.8883,4,23,0,4,3.51029,6.34896,0,23,0,0,-6.78027,-3.34194,-6.78027,-3.34194,-13.2897,-9.85359,-13.2897,-9.85359,-30.6976,-27.2675,-30.6976,-27.2675
latency_outage,volatile_thin,100000,hybrid|prints-only,40,0,True,"coinbase>=1,000,000",prints-only,9100028,10,2.65909,356169,2.30221,8.6,-49.8883,hybrid,BTC-USD,buy,1.15926,100000,86261.6,2.8089,465467,1.15926,1,1,86082.7,-20.7448,8,79.834,99792.6,0,-20.7448,7.9834,-0,-12.7614,0,0,-12.7614,-49.8883,52,125,0,51,40.6025,0,0,125,0,0,1.20789,1.82081,1.20789,1.82081,6.12624,6.73883,6.12624,6.73883,19.7522,20.3636,19.7522,20.3636
latency_outage,volatile_thin,100000,hybrid|prints-only,40,0,True,"coinbase>=1,000,000",prints-only,9100028,10,2.65909,356169,2.30221,8.6,-49.8883,hybrid,BTC-USD,sell,1.15926,100000,86261.6,2.8089,388990,1.15926,1,1,86260.5,0.134835,8,79.9989,99998.7,0,0.134835,7.99989,-9.55558e-15,8.13473,0,0,8.13473,49.8883,4,23,0,4,3.51029,0,0,23,0,0,-6.78027,-3.34194,-6.78027,-3.34194,-13.2897,-9.85359,-13.2897,-9.85359,-30.6976,-27.2675,-30.6976,-27.2675
latency_outage,volatile_thin,100000,passive|lat250ms,250,0,True,"coinbase>=1,000,000",prints+quotes,9100028,10,2.65909,356169,2.30221,8.6,-49.8883,passive,BTC-USD,buy,1.15926,100000,86261.6,2.8089,465467,1.15926,1,1,86203.2,-6.77207,8,79.9458,99932.3,0,-6.77207,7.99458,-0,1.22252,0,0,1.22252,-49.8883,18,77,0,18,18.5056,0,0,68,9,0,1.86515,1.18275,1.86515,1.18275,9.52469,8.84294,9.52469,8.84294,27.8815,27.2007,27.8815,27.2007
latency_outage,volatile_thin,100000,passive|lat250ms,250,0,True,"coinbase>=1,000,000",prints+quotes,9100028,10,2.65909,356169,2.30221,8.6,-49.8883,passive,BTC-USD,sell,1.15926,100000,86261.6,2.8089,388990,1.15926,1,1,86260.5,0.134842,8,79.9989,99998.7,0,0.134842,7.99989,-9.55558e-15,8.13473,0,0,8.13473,49.8883,4,24,0,3,3.51029,0,0,24,0,0,-6.78026,-3.34194,-6.78026,-3.34194,-13.2897,-9.85359,-13.2897,-9.85359,-30.6976,-27.2675,-30.6976,-27.2675
latency_outage,volatile_thin,100000,passive|lat40ms,40,0,True,"coinbase>=1,000,000",prints+quotes,9100028,10,2.65909,356169,2.30221,8.6,-49.8883,passive,BTC-USD,buy,1.15926,100000,86261.6,2.8089,465467,1.15926,1,1,86154.3,-12.4396,8,79.9005,99875.6,0,-12.4396,7.99005,-4.30345e-07,-4.44957,1.01e-08,0.000858414,-4.44957,-49.8883,39,111,0,38,30.4,0,0,103,8,0,1.80663,1.39661,1.80663,1.39661,5.2586,4.84818,5.2586,4.84818,23.2375,22.8276,23.2375,22.8276
latency_outage,volatile_thin,100000,passive|lat40ms,40,0,True,"coinbase>=1,000,000",prints+quotes,9100028,10,2.65909,356169,2.30221,8.6,-49.8883,passive,BTC-USD,sell,1.15926,100000,86261.6,2.8089,388990,1.15926,1,1,86260.5,0.134835,8,79.9989,99998.7,0,0.134835,7.99989,-9.55558e-15,8.13473,0,0,8.13473,49.8883,4,23,0,4,3.51029,0,0,23,0,0,-6.78027,-3.34194,-6.78027,-3.34194,-13.2897,-9.85359,-13.2897,-9.85359,-30.6976,-27.2675,-30.6976,-27.2675
latency_outage,volatile_thin,100000,passive|lat5ms,5,0,True,"coinbase>=1,000,000",prints+quotes,9100028,10,2.65909,356169,2.30221,8.6,-49.8883,passive,BTC-USD,buy,1.15926,100000,86261.6,2.8089,465467,1.15926,1,1,86166.3,-11.0472,8,79.9116,99889.5,0,-11.0472,7.99116,-0,-3.05604,0,0,-3.05604,-49.8883,24,89,0,23,18.9,0,0,84,5,0,2.99217,2.28829,2.99217,2.28829,5.63994,4.93562,5.63994,4.93562,23.8722,23.1689,23.8722,23.1689
latency_outage,volatile_thin,100000,passive|lat5ms,5,0,True,"coinbase>=1,000,000",prints+quotes,9100028,10,2.65909,356169,2.30221,8.6,-49.8883,passive,BTC-USD,sell,1.15926,100000,86261.6,2.8089,388990,0.802721,0.69244,1,86049,24.6456,8,55.2587,69073.4,0,17.0656,5.52587,15.3436,37.9352,0.532557,30597.2,43.9752,49.8883,67,142,0,67,59.9032,0,0,141,1,0,-1.80086,-0.992796,-1.80086,-0.992796,-6.14431,-5.33653,-6.14431,-5.33653,-17.9721,-17.1648,-17.9721,-17.1648
latency_outage,volatile_thin,100000,passive|outage|cod,40,3,True,"coinbase>=1,000,000",prints+quotes,9100028,10,2.65909,356169,2.30221,8.6,-49.8883,passive,BTC-USD,buy,1.15926,100000,86261.6,2.8089,465467,1.15926,1,1,86154.3,-12.4396,8,79.9005,99875.6,0,-12.4396,7.99005,-4.30345e-07,-4.44957,1.01e-08,0.000858414,-4.44957,-49.8883,39,111,0,38,30.4,6.34896,0,103,8,0,1.80663,1.39661,1.80663,1.39661,5.2586,4.84818,5.2586,4.84818,23.2375,22.8276,23.2375,22.8276
latency_outage,volatile_thin,100000,passive|outage|cod,40,3,True,"coinbase>=1,000,000",prints+quotes,9100028,10,2.65909,356169,2.30221,8.6,-49.8883,passive,BTC-USD,sell,1.15926,100000,86261.6,2.8089,388990,1.15926,1,1,86260.5,0.134835,8,79.9989,99998.7,0,0.134835,7.99989,-9.55558e-15,8.13473,0,0,8.13473,49.8883,4,23,0,4,3.51029,6.34896,0,23,0,0,-6.78027,-3.34194,-6.78027,-3.34194,-13.2897,-9.85359,-13.2897,-9.85359,-30.6976,-27.2675,-30.6976,-27.2675
latency_outage,volatile_thin,100000,passive|outage|no-cod,40,3,False,"coinbase>=1,000,000",prints+quotes,9100028,10,2.65909,356169,2.30221,8.6,-49.8883,passive,BTC-USD,buy,1.15926,100000,86261.6,2.8089,465467,1.15926,1,1,86154.3,-12.4396,8,79.9005,99875.6,0,-12.4396,7.99005,-4.30345e-07,-4.44957,1.01e-08,0.000858414,-4.44957,-49.8883,39,111,0,38,30.4,6.34896,0,103,8,0,1.80663,1.39661,1.80663,1.39661,5.2586,4.84818,5.2586,4.84818,23.2375,22.8276,23.2375,22.8276
latency_outage,volatile_thin,100000,passive|outage|no-cod,40,3,False,"coinbase>=1,000,000",prints+quotes,9100028,10,2.65909,356169,2.30221,8.6,-49.8883,passive,BTC-USD,sell,1.15926,100000,86261.6,2.8089,388990,1.15926,1,1,86260.5,0.134835,8,79.9989,99998.7,0,0.134835,7.99989,-9.55558e-15,8.13473,0,0,8.13473,49.8883,4,23,0,4,3.51029,6.34896,0,23,0,0,-6.78027,-3.34194,-6.78027,-3.34194,-13.2897,-9.85359,-13.2897,-9.85359,-30.6976,-27.2675,-30.6976,-27.2675
latency_outage,volatile_thin,100000,passive|prints-only,40,0,True,"coinbase>=1,000,000",prints-only,9100028,10,2.65909,356169,2.30221,8.6,-49.8883,passive,BTC-USD,buy,1.15926,100000,86261.6,2.8089,465467,1.15926,1,1,86082.7,-20.7448,8,79.834,99792.6,0,-20.7448,7.9834,-0,-12.7614,0,0,-12.7614,-49.8883,52,125,0,51,40.6025,0,0,125,0,0,1.20789,1.82081,1.20789,1.82081,6.12624,6.73883,6.12624,6.73883,19.7522,20.3636,19.7522,20.3636
latency_outage,volatile_thin,100000,passive|prints-only,40,0,True,"coinbase>=1,000,000",prints-only,9100028,10,2.65909,356169,2.30221,8.6,-49.8883,passive,BTC-USD,sell,1.15926,100000,86261.6,2.8089,388990,1.15926,1,1,86260.5,0.134835,8,79.9989,99998.7,0,0.134835,7.99989,-9.55558e-15,8.13473,0,0,8.13473,49.8883,4,23,0,4,3.51029,0,0,23,0,0,-6.78027,-3.34194,-6.78027,-3.34194,-13.2897,-9.85359,-13.2897,-9.85359,-30.6976,-27.2675,-30.6976,-27.2675
latency_outage,volatile_thin,100000,aggressive|lat250ms,250,0,True,"coinbase>=1,000,000",prints+quotes,9100029,10,2.64248,382348,2.13131,8.18333,1.96687,aggressive,BTC-USD,buy,1.15835,100000,86329.9,3.41944,466735,1.15835,1,0,86360.5,3.54914,18,180.064,0,100035,3.54914,18.0064,1.698e-08,21.5555,1.741e-08,0.000863643,21.5555,1.96687,1,19,0,0,0.41089,0,0,0,0,0,7.32141,2.26317,,,6.06447,1.0056,,,9.80692,4.74994,,
latency_outage,volatile_thin,100000,aggressive|lat250ms,250,0,True,"coinbase>=1,000,000",prints+quotes,9100029,10,2.64248,382348,2.13131,8.18333,1.96687,aggressive,BTC-USD,sell,1.15835,100000,86329.9,3.41944,388570,1.15835,1,0,86304.3,2.96869,18,179.947,0,99970.3,2.96869,17.9947,-1.698e-08,20.9633,1.741e-08,0.000863294,20.9634,-1.96687,1,14,0,0,0.41089,0,0,0,0,0,-0.806586,-2.26317,,,0.451174,-1.0056,,,-3.29372,-4.74994,,
latency_outage,volatile_thin,100000,aggressive|lat40ms,40,0,True,"coinbase>=1,000,000",prints+quotes,9100029,10,2.64248,382348,2.13131,8.18333,1.96687,aggressive,BTC-USD,buy,1.15835,100000,86329.9,3.41944,466735,1.15835,1,0,86366.4,4.2286,18,180.076,0,100042,4.2286,18.0076,1.698e-08,22.2362,1.741e-08,0.000863643,22.2362,1.96687,1,19,0,0,0.0657425,0,0,0,0,0,7.99666,3.77158,,,7.33495,3.10958,,,9.96502,5.74077,,
latency_outage,volatile_thin,100000,aggressive|lat40ms,40,0,True,"coinbase>=1,000,000",prints+quotes,9100029,10,2.64248,382348,2.13131,8.18333,1.96687,aggressive,BTC-USD,sell,1.15835,100000,86329.9,3.41944,388570,1.15835,1,0,86308.7,2.44888,18,179.956,0,99975.5,2.44888,17.9956,-1.698e-08,20.4445,1.741e-08,0.000863294,20.4445,-1.96687,1,16,0,0,0.0657425,0,0,0,0,0,-1.32301,-3.77158,,,-0.660849,-3.10958,,,-3.29268,-5.74077,,
latency_outage,volatile_thin,100000,aggressive|lat5ms,5,0,True,"coinbase>=1,000,000",prints+quotes,9100029,10,2.64248,382348,2.13131,8.18333,1.96687,aggressive,BTC-USD,buy,1.15835,100000,86329.9,3.41944,466735,1.15835,1,0,86366.4,4.2286,18,180.076,0,100042,4.2286,18.0076,1.698e-08,22.2362,1.741e-08,0.000863643,22.2362,1.96687,1,19,0,0,0.00821781,0,0,0,0,0,7.99666,3.77158,,,7.33495,3.10958,,,9.96502,5.74077,,
latency_outage,volatile_thin,100000,aggressive|lat5ms,5,0,True,"coinbase>=1,000,000",prints+quotes,9100029,10,2.64248,382348,2.13131,8.18333,1.96687,aggressive,BTC-USD,sell,1.15835,100000,86329.9,3.41944,388570,1.15835,1,0,86308.7,2.44888,18,179.956,0,99975.5,2.44888,17.9956,-1.698e-08,20.4445,1.741e-08,0.000863294,20.4445,-1.96687,1,16,0,0,0.00821781,0,0,0,0,0,-1.32301,-3.77158,,,-0.660849,-3.10958,,,-3.29268,-5.74077,,
latency_outage,volatile_thin,100000,aggressive|outage|cod,40,3,True,"coinbase>=1,000,000",prints+quotes,9100029,10,2.64248,382348,2.13131,8.18333,1.96687,aggressive,BTC-USD,buy,1.15835,100000,86329.9,3.41944,466735,1.15835,1,0,86366.4,4.2286,18,180.076,0,100042,4.2286,18.0076,1.698e-08,22.2362,1.741e-08,0.000863643,22.2362,1.96687,1,19,0,0,0.0657425,4.16938,0,0,0,0,7.99666,3.77158,,,7.33495,3.10958,,,9.96502,5.74077,,
latency_outage,volatile_thin,100000,aggressive|outage|cod,40,3,True,"coinbase>=1,000,000",prints+quotes,9100029,10,2.64248,382348,2.13131,8.18333,1.96687,aggressive,BTC-USD,sell,1.15835,100000,86329.9,3.41944,388570,1.15835,1,0,86308.7,2.44888,18,179.956,0,99975.5,2.44888,17.9956,-1.698e-08,20.4445,1.741e-08,0.000863294,20.4445,-1.96687,1,16,0,0,0.0657425,4.16938,0,0,0,0,-1.32301,-3.77158,,,-0.660849,-3.10958,,,-3.29268,-5.74077,,
latency_outage,volatile_thin,100000,aggressive|outage|no-cod,40,3,False,"coinbase>=1,000,000",prints+quotes,9100029,10,2.64248,382348,2.13131,8.18333,1.96687,aggressive,BTC-USD,buy,1.15835,100000,86329.9,3.41944,466735,1.15835,1,0,86366.4,4.2286,18,180.076,0,100042,4.2286,18.0076,1.698e-08,22.2362,1.741e-08,0.000863643,22.2362,1.96687,1,19,0,0,0.0657425,4.16938,0,0,0,0,7.99666,3.77158,,,7.33495,3.10958,,,9.96502,5.74077,,
latency_outage,volatile_thin,100000,aggressive|outage|no-cod,40,3,False,"coinbase>=1,000,000",prints+quotes,9100029,10,2.64248,382348,2.13131,8.18333,1.96687,aggressive,BTC-USD,sell,1.15835,100000,86329.9,3.41944,388570,1.15835,1,0,86308.7,2.44888,18,179.956,0,99975.5,2.44888,17.9956,-1.698e-08,20.4445,1.741e-08,0.000863294,20.4445,-1.96687,1,16,0,0,0.0657425,4.16938,0,0,0,0,-1.32301,-3.77158,,,-0.660849,-3.10958,,,-3.29268,-5.74077,,
latency_outage,volatile_thin,100000,aggressive|prints-only,40,0,True,"coinbase>=1,000,000",prints-only,9100029,10,2.64248,382348,2.13131,8.18333,1.96687,aggressive,BTC-USD,buy,1.15835,100000,86329.9,3.41944,466735,1.15835,1,0,86366.4,4.2286,18,180.076,0,100042,4.2286,18.0076,1.698e-08,22.2362,1.741e-08,0.000863643,22.2362,1.96687,1,19,0,0,0.0657425,0,0,0,0,0,7.99666,3.77158,,,7.33495,3.10958,,,9.96502,5.74077,,
latency_outage,volatile_thin,100000,aggressive|prints-only,40,0,True,"coinbase>=1,000,000",prints-only,9100029,10,2.64248,382348,2.13131,8.18333,1.96687,aggressive,BTC-USD,sell,1.15835,100000,86329.9,3.41944,388570,1.15835,1,0,86308.7,2.44888,18,179.956,0,99975.5,2.44888,17.9956,-1.698e-08,20.4445,1.741e-08,0.000863294,20.4445,-1.96687,1,16,0,0,0.0657425,0,0,0,0,0,-1.32301,-3.77158,,,-0.660849,-3.10958,,,-3.29268,-5.74077,,
latency_outage,volatile_thin,100000,hybrid|lat250ms,250,0,True,"coinbase>=1,000,000",prints+quotes,9100029,10,2.64248,382348,2.13131,8.18333,1.96687,hybrid,BTC-USD,buy,1.15835,100000,86329.9,3.41944,466735,1.15835,1,1,86319.5,-1.20411,8,79.9904,99988,0,-1.20411,7.99904,1.698e-08,6.79493,1.741e-08,0.000863643,6.79493,1.96687,19,54,1,18,18.7,0,0,49,5,0,1.97841,1.06958,1.97841,1.06958,1.91992,1.01033,1.91992,1.01033,4.47015,3.56098,4.47015,3.56098
latency_outage,volatile_thin,100000,hybrid|lat250ms,250,0,True,"coinbase>=1,000,000",prints+quotes,9100029,10,2.64248,382348,2.13131,8.18333,1.96687,hybrid,BTC-USD,sell,1.15835,100000,86329.9,3.41944,388570,1.15835,1,0.578298,86273.7,6.50872,12.2145,122.066,57817.2,42117.8,6.50872,12.2066,-1.698e-08,18.7153,1.741e-08,0.000863294,18.7153,-1.96687,38,109,1,36,42.6735,0,0,89,8,0,2.1689,0.864433,0.147367,-0.301947,4.20323,2.89815,0.242907,-0.206631,5.68865,4.38313,-2.50984,-2.95881
latency_outage,volatile_thin,100000,hybrid|lat40ms,40,0,True,"coinbase>=1,000,000",prints+quotes,9100029,10,2.64248,382348,2.13131,8.18333,1.96687,hybrid,BTC-USD,buy,1.15835,100000,86329.9,3.41944,466735,1.15835,1,1,86313.1,-1.94472,8,79.9844,99980.6,0,-1.94472,7.99844,1.698e-08,6.05373,1.741e-08,0.000863643,6.05373,1.96687,38,90,0,37,29.9,0,0,82,8,0,2.28709,1.20385,2.28709,1.20385,1.31039,0.226352,1.31039,0.226352,3.7974,2.71387,3.7974,2.71387
latency_outage,volatile_thin,100000,hybrid|lat40ms,40,0,True,"coinbase>=1,000,000",prints+quotes,9100029,10,2.64248,382348,2.13131,8.18333,1.96687,hybrid,BTC-USD,sell,1.15835,100000,86329.9,3.41944,388570,1.15835,1,0.386812,86266.3,7.36062,14.1285,141.181,38686.5,61239.9,7.36062,14.1181,3.77032e-16,21.4787,0,0,21.4787,-1.96687,50,122,0,49,42.1151,0,0,105,3,0,2.65672,1.35641,0.0274313,-0.027351,4.86173,3.56081,-3.24729,-3.30179,7.52928,6.22761,-8.05568,-8.10969
latency_outage,volatile_thin,100000,hybrid|lat5ms,5,0,True,"coinbase>=1,000,000",prints+quotes,9100029,10,2.64248,382348,2.13131,8.18333,1.96687,hybrid,BTC-USD,buy,1.15835,100000,86329.9,3.41944,466735,1.15835,1,1,86320.9,-1.03688,8,79.9917,99989.6,0,-1.03688,7.99917,0,6.96229,0,0,6.96229,1.96687,23,67,0,22,18.1,0,0,59,8,0,1.84202,1.52245,1.84202,1.52245,2.38802,2.06795,2.38802,2.06795,5.06143,4.74159,5.06143,4.74159
latency_outage,volatile_thin,100000,hybrid|lat5ms,5,0,True,"coinbase>=1,000,000",prints+quotes,9100029,10,2.64248,382348,2.13131,8.18333,1.96687,hybrid,BTC-USD,sell,1.15835,100000,86329.9,3.41944,388570,1.15835,1,0.384222,86264.5,7.57297,14.1543,141.436,38427.4,61496.9,7.57297,14.1436,-0,21.7166,0,0,21.7166,-1.96687,54,124,0,53,42.0287,0,0,105,3,0,2.87588,1.55478,0.102418,0.0349998,4.76772,3.44606,-3.28668,-3.35382,7.87689,6.55441,-7.78945,-7.85606
latency_outage,volatile_thin,100000,hybrid|outage|cod,40,3,True,"coinbase>=1,000,000",prints+quotes,9100029,10,2.64248,382348,2.13131,8.18333,1.96687,hybrid,BTC-USD,buy,1.15835,100000,86329.9,3.41944,466735,1.15835,1,1,86312.2,-2.05238,8,79.9836,99979.5,0,-2.05238,7.99836,1.698e-08,5.94598,1.741e-08,0.000863643,5.94598,1.96687,39,78,0,34,31.2051,4.16938,0,70,8,0,2.627,1.29403,2.627,1.29403,2.37674,1.0432,2.37674,1.0432,1.34536,0.0118884,1.34536,0.0118884
latency_outage,volatile_thin,100000,hybrid|outage|cod,40,3,True,"coinbase>=1,000,000",prints+quotes,9100029,10,2.64248,382348,2.13131,8.18333,1.96687,hybrid,BTC-USD,sell,1.15835,100000,86329.9,3.41944,388570,1.15835,1,0.755912,86296.7,3.84037,10.4388,104.348,75582.6,24379,3.84037,10.4348,-0,14.2752,0,0,14.2752,-1.96687,49,114,0,44,42.1283,4.16938,0,101,7,0,2.01469,0.869176,1.48345,0.429976,4.64409,3.49806,3.1338,2.07991,-1.19287,-2.33794,-6.97198,-8.02425
latency_outage,volatile_thin,100000,hybrid|outage|no-cod,40,3,False,"coinbase>=1,000,000",prints+quotes,9100029,10,2.64248,382348,2.13131,8.18333,1.96687,hybrid,BTC-USD,buy,1.15835,100000,86329.9,3.41944,466735,1.15835,1,1,86313.3,-1.92453,8,79.9846,99980.8,0,-1.92453,7.99846,1.698e-08,6.07393,1.741e-08,0.000863643,6.07393,1.96687,33,98,0,32,30.1,4.16938,0,88,10,0,2.59095,1.38933,2.59095,1.38933,1.97477,0.772415,1.97477,0.772415,3.09416,1.8921,3.09416,1.8921
latency_outage,volatile_thin,100000,hybrid|outage|no-cod,40,3,False,"coinbase>=1,000,000",prints+quotes,9100029,10,2.64248,382348,2.13131,8.18333,1.96687,hybrid,BTC-USD,sell,1.15835,100000,86329.9,3.41944,388570,1.15835,1,0.57775,86289.4,4.69042,12.2192,122.134,57781.3,42171.8,4.69042,12.2134,-1.698e-08,16.9038,1.741e-08,0.000863294,16.9038,-1.96687,47,124,0,46,42.1283,4.16938,0,105,8,0,1.51331,0.488343,-0.351243,-0.784059,2.33412,1.30886,-3.06835,-3.50092,2.61209,1.58654,-7.98337,-8.41544
latency_outage,volatile_thin,100000,hybrid|prints-only,40,0,True,"coinbase>=1,000,000",prints-only,9100029,10,2.64248,382348,2.13131,8.18333,1.96687,hybrid,BTC-USD,buy,1.15835,100000,86329.9,3.41944,466735,1.15835,1,0.644247,86282.2,-5.51911,11.5564,115.5,64400.7,35544.1,-5.51911,11.55,1.698e-08,6.03089,1.741e-08,0.000863643,6.03089,1.96687,55,131,0,54,42.1351,0,0,119,0,0,0.0436274,-0.289013,0.185217,0.782425,-0.052452,-0.385742,3.16121,3.75804,-6.20268,-6.5363,-2.30965,-1.71252
latency_outage,volatile_thin,100000,hybrid|prints-only,40,0,True,"coinbase>=1,000,000",prints-only,9100029,10,2.64248,382348,2.13131,8.18333,1.96687,hybrid,BTC-USD,sell,1.15835,100000,86329.9,3.41944,388570,1.15835,1,0.225544,86242.2,10.1548,15.7423,157.264,22553.6,77344.8,10.1548,15.7264,-1.698e-08,25.8812,1.741e-08,0.000863294,25.8812,-1.96687,50,122,0,49,42.1151,0,0,105,0,0,3.23205,1.72947,-1.02719,0.0131151,7.31497,5.81137,-2.36584,-1.32571,12.4878,10.9829,-4.78439,-3.74436
latency_outage,volatile_thin,100000,passive|lat250ms,250,0,True,"coinbase>=1,000,000",prints+quotes,9100029,10,2.64248,382348,2.13131,8.18333,1.96687,passive,BTC-USD,buy,1.15835,100000,86329.9,3.41944,466735,1.15835,1,1,86319.5,-1.20411,8,79.9904,99988,0,-1.20411,7.99904,1.698e-08,6.79493,1.741e-08,0.000863643,6.79493,1.96687,19,54,1,18,18.7,0,0,49,5,0,1.97841,1.06958,1.97841,1.06958,1.91992,1.01033,1.91992,1.01033,4.47015,3.56098,4.47015,3.56098
latency_outage,volatile_thin,100000,passive|lat250ms,250,0,True,"coinbase>=1,000,000",prints+quotes,9100029,10,2.64248,382348,2.13131,8.18333,1.96687,passive,BTC-USD,sell,1.15835,100000,86329.9,3.41944,388570,0.783575,0.67646,1,86305.5,2.82795,8,54.1015,67626.8,0,1.91299,5.41015,-0.636363,6.68678,1.2466,32347.9,13.756,-1.96687,56,130,2,54,60.0158,0,0,122,8,5.09e-06,-0.0618292,-0.318166,-0.0618292,-0.318166,0.35781,0.101318,0.35781,0.101318,-0.763191,-1.01908,-0.763191,-1.01908
latency_outage,volatile_thin,100000,passive|lat40ms,40,0,True,"coinbase>=1,000,000",prints+quotes,9100029,10,2.64248,382348,2.13131,8.18333,1.96687,passive,BTC-USD,buy,1.15835,100000,86329.9,3.41944,466735,1.15835,1,1,86313.1,-1.94472,8,79.9844,99980.6,0,-1.94472,7.99844,1.698e-08,6.05373,1.741e-08,0.000863643,6.05373,1.96687,38,90,0,37,29.9,0,0,82,8,0,2.28709,1.20385,2.28709,1.20385,1.31039,0.226352,1.31039,0.226352,3.7974,2.71387,3.7974,2.71387
latency_outage,volatile_thin,100000,passive|lat40ms,40,0,True,"coinbase>=1,000,000",prints+quotes,9100029,10,2.64248,382348,2.13131,8.18333,1.96687,passive,BTC-USD,sell,1.15835,100000,86329.9,3.41944,388570,0.56504,0.487799,1,86328.2,0.195948,8,39.0231,48778.9,0,0.0955832,3.90231,-1.00744,2.99046,2.42585,51205.9,14.6334,-1.96687,73,161,0,73,60.0158,0,0,158,3,5.09e-06,-0.328203,-0.0964211,-0.328203,-0.0964211,-2.43525,-2.20316,-2.43525,-2.20316,-4.52025,-4.28753,-4.52025,-4.28753
latency_outage,volatile_thin,100000,passive|lat5ms,5,0,True,"coinbase>=1,000,000",prints+quotes,9100029,10,2.64248,382348,2.13131,8.18333,1.96687,passive,BTC-USD,buy,1.15835,100000,86329.9,3.41944,466735,1.15835,1,1,86320.9,-1.03688,8,79.9917,99989.6,0,-1.03688,7.99917,0,6.96229,0,0,6.96229,1.96687,23,67,0,22,18.1,0,0,59,8,0,1.84202,1.52245,1.84202,1.52245,2.38802,2.06795,2.38802,2.06795,5.06143,4.74159,5.06143,4.74159
latency_outage,volatile_thin,100000,passive|lat5ms,5,0,True,"coinbase>=1,000,000",prints+quotes,9100029,10,2.64248,382348,2.13131,8.18333,1.96687,passive,BTC-USD,sell,1.15835,100000,86329.9,3.41944,388570,0.590196,0.509515,1,86327.6,0.264627,8,40.7601,50950.2,0,0.134832,4.07601,-0.964722,3.24612,2.28681,49035.3,14.3593,-1.96687,76,162,0,76,59.6367,0,0,159,3,0,-0.364142,-0.120554,-0.364142,-0.120554,-2.56337,-2.3195,-2.56337,-2.3195,-4.0094,-3.76488,-4.0094,-3.76488
latency_outage,volatile_thin,100000,passive|outage|cod,40,3,True,"coinbase>=1,000,000",prints+quotes,9100029,10,2.64248,382348,2.13131,8.18333,1.96687,passive,BTC-USD,buy,1.15835,100000,86329.9,3.41944,466735,1.15835,1,1,86312.2,-2.05238,8,79.9836,99979.5,0,-2.05238,7.99836,1.698e-08,5.94598,1.741e-08,0.000863643,5.94598,1.96687,39,78,0,34,31.2051,4.16938,0,70,8,0,2.627,1.29403,2.627,1.29403,2.37674,1.0432,2.37674,1.0432,1.34536,0.0118884,1.34536,0.0118884
latency_outage,volatile_thin,100000,passive|outage|cod,40,3,True,"coinbase>=1,000,000",prints+quotes,9100029,10,2.64248,382348,2.13131,8.18333,1.96687,passive,BTC-USD,sell,1.15835,100000,86329.9,3.41944,388570,0.992586,0.856898,1,86314.9,1.73408,8,68.5399,85674.9,0,1.48593,6.85399,-0.281464,8.05846,0.403154,14309,11.0372,-1.96687,72,161,0,68,60.0158,4.16938,0,154,7,5.09e-06,1.11559,0.33676,1.11559,0.33676,2.85023,2.07108,2.85023,2.07108,-5.08094,-5.85852,-5.08094,-5.85852
latency_outage,volatile_thin,100000,passive|outage|no-cod,40,3,False,"coinbase>=1,000,000",prints+quotes,9100029,10,2.64248,382348,2.13131,8.18333,1.96687,passive,BTC-USD,buy,1.15835,100000,86329.9,3.41944,466735,1.15835,1,1,86313.3,-1.92453,8,79.9846,99980.8,0,-1.92453,7.99846,1.698e-08,6.07393,1.741e-08,0.000863643,6.07393,1.96687,33,98,0,32,30.1,4.16938,0,88,10,0,2.59095,1.38933,2.59095,1.38933,1.97477,0.772415,1.97477,0.772415,3.09416,1.8921,3.09416,1.8921
latency_outage,volatile_thin,100000,passive|outage|no-cod,40,3,False,"coinbase>=1,000,000",prints+quotes,9100029,10,2.64248,382348,2.13131,8.18333,1.96687,passive,BTC-USD,sell,1.15835,100000,86329.9,3.41944,388570,0.786212,0.678736,1,86330,-0.0127806,8,54.2989,67873.7,0,-0.00867466,5.42989,-0.631886,4.78933,1.23277,32120.4,11.8038,-1.96687,70,166,0,70,60.0158,4.16938,0,158,8,5.09e-06,-0.542688,-0.721112,-0.542688,-0.721112,-2.50356,-2.68172,-2.50356,-2.68172,-5.44546,-5.62302,-5.44546,-5.62302
latency_outage,volatile_thin,100000,passive|prints-only,40,0,True,"coinbase>=1,000,000",prints-only,9100029,10,2.64248,382348,2.13131,8.18333,1.96687,passive,BTC-USD,buy,1.15835,100000,86329.9,3.41944,466735,0.783364,0.676277,1,86296.7,-3.84592,8,54.0814,67601.7,0,-2.60091,5.40814,0.636722,3.44395,0.688715,32385.5,9.96206,1.96687,79,155,0,79,59.9017,0,0,155,0,0,0.145506,0.749432,0.145506,0.749432,2.83887,3.44245,2.83887,3.44245,-2.2377,-1.63386,-2.2377,-1.63386
latency_outage,volatile_thin,100000,passive|prints-only,40,0,True,"coinbase>=1,000,000",prints-only,9100029,10,2.64248,382348,2.13131,8.18333,1.96687,passive,BTC-USD,sell,1.15835,100000,86329.9,3.41944,388570,0.378235,0.32653,1,86311.5,2.12799,8,26.1168,32646.1,0,0.694854,2.61168,-1.32463,1.98191,3.55583,67324.7,17.6562,-1.96687,73,158,0,73,60.0158,0,0,158,0,5.09e-06,-1.23231,-0.102583,-1.23231,-0.102583,-1.42534,-0.295627,-1.42534,-0.295627,-0.514582,0.615437,-0.514582,0.615437
