experiment,regime,notional,window,config,latency_ms,outage_rate_per_min,cancel_on_disconnect,fee_schedule,fill_model,seed,start_ts,path_spread_bps_mean,path_depth10_usd_median,path_vol_bps_sqrt_s,path_trades_per_s,path_move_bps,strategy,product,side,target_qty,target_notional,arrival_mid,arrival_spread_bps,arrival_depth10_usd,filled_qty,fill_rate,maker_share,vwap,slippage_bps,fee_bps,fees_usd,maker_notional,taker_notional,exec_cost_bps,fee_cost_bps,opportunity_cost_bps,is_bps,cleanup_exec_bps,cleanup_notional,is_completed_bps,drift_bps,n_children,n_fills,n_rejects,n_cancel_requests,time_to_last_fill_s,blind_s,maker_fills_by_queue,maker_fills_by_tradethrough,maker_fills_by_cross,fills_after_deadline_qty,adverse_sel_bps_1s_all,post_fill_drift_bps_1s_all,adverse_sel_bps_1s_maker,post_fill_drift_bps_1s_maker,adverse_sel_bps_5s_all,post_fill_drift_bps_5s_all,adverse_sel_bps_5s_maker,post_fill_drift_bps_5s_maker,adverse_sel_bps_30s_all,post_fill_drift_bps_30s_all,adverse_sel_bps_30s_maker,post_fill_drift_bps_30s_maker
replay,live_calm_thin,100000,0,aggressive,40,0,True,"coinbase>=1,000,000",prints+quotes,0,1.79116e+09,0.0321123,1.76264e+06,0.415482,5.66667,3.67546,aggressive,BTC-USD,buy,1.15726,100000,86411,0.00115726,1.58401e+06,1.15726,1,0,86419.1,0.935951,18,180.017,0,100009,0.935951,18.0017,0,18.9376,0,0,18.9376,3.67546,1,18,0,0,0.160541,0,0,0,0,0,0.970549,0.0347178,,,0.521574,-0.414299,,,-3.57706,-4.51331,,
replay,live_calm_thin,100000,0,aggressive,40,0,True,"coinbase>=1,000,000",prints+quotes,0,1.79116e+09,0.0321123,1.76264e+06,0.415482,5.66667,3.67546,aggressive,BTC-USD,sell,1.15726,100000,86411,0.00115726,1.82545e+06,1.15726,1,0,86407.2,0.4344,18,179.992,0,99995.7,0.4344,17.9992,-0,18.4336,0,0,18.4336,-3.67546,1,7,0,0,0.160541,0,0,0,0,0,0.399703,-0.0347178,,,0.84874,0.414299,,,4.94793,4.51331,,
replay,live_calm_thin,100000,0,passive,40,0,True,"coinbase>=1,000,000",prints+quotes,0,1.79116e+09,0.0321123,1.76264e+06,0.415482,5.66667,3.67546,passive,BTC-USD,buy,1.15726,100000,86411,0.00115726,1.58401e+06,1.15726,1,1,86416.1,0.595458,8,80.0048,100006,0,0.595458,8.00048,0,8.59593,0,0,8.59593,3.67546,2,17,0,1,19.7314,0,0,10,7,0,-0.0395721,0.00633861,-0.0395721,0.00633861,-1.32449,-1.27856,-1.32449,-1.27856,-3.92661,-3.88069,-3.92661,-3.88069
replay,live_calm_thin,100000,0,passive,40,0,True,"coinbase>=1,000,000",prints+quotes,0,1.79116e+09,0.0321123,1.76264e+06,0.415482,5.66667,3.67546,passive,BTC-USD,sell,1.15726,100000,86411,0.00115726,1.82545e+06,1.15726,1,1,86411,-0.00057863,8,80,100000,0,-0.00057863,8,-0,7.99942,0,0,7.99942,-3.67546,1,7,0,0,3.65909,0,0,2,5,0,0.41372,0.00212332,0.41372,0.00212332,0.41372,0.00212332,0.41372,0.00212332,3.48196,3.07023,3.48196,3.07023
replay,live_calm_thin,100000,0,hybrid,40,0,True,"coinbase>=1,000,000",prints+quotes,0,1.79116e+09,0.0321123,1.76264e+06,0.415482,5.66667,3.67546,hybrid,BTC-USD,buy,1.15726,100000,86411,0.00115726,1.58401e+06,1.15726,1,1,86416.1,0.595458,8,80.0048,100006,0,0.595458,8.00048,0,8.59593,0,0,8.59593,3.67546,2,17,0,1,19.7314,0,0,10,7,0,-0.0395721,0.00633861,-0.0395721,0.00633861,-1.32449,-1.27856,-1.32449,-1.27856,-3.92661,-3.88069,-3.92661,-3.88069
replay,live_calm_thin,100000,0,hybrid,40,0,True,"coinbase>=1,000,000",prints+quotes,0,1.79116e+09,0.0321123,1.76264e+06,0.415482,5.66667,3.67546,hybrid,BTC-USD,sell,1.15726,100000,86411,0.00115726,1.82545e+06,1.15726,1,1,86411,-0.00057863,8,80,100000,0,-0.00057863,8,-0,7.99942,0,0,7.99942,-3.67546,1,7,0,0,3.65909,0,0,2,5,0,0.41372,0.00212332,0.41372,0.00212332,0.41372,0.00212332,0.41372,0.00212332,3.48196,3.07023,3.48196,3.07023
replay,live_calm_thin,100000,1,aggressive,40,0,True,"coinbase>=1,000,000",prints+quotes,1,1.79116e+09,0.0203586,1.80916e+06,0.466723,5.51667,-5.15602,aggressive,BTC-USD,buy,1.15684,100000,86442.7,0.00115684,1.8052e+06,1.15684,1,0,86446.7,0.470029,18,180.008,0,100005,0.470029,18.0008,-4.457e-08,18.4709,5e-12,0.000863981,18.4709,-5.15602,1,12,0,0,0.239258,0,0,0,0,0,0.467689,-0.00231367,,,-0.401054,-0.871098,,,4.87503,4.40523,,
replay,live_calm_thin,100000,1,aggressive,40,0,True,"coinbase>=1,000,000",prints+quotes,1,1.79116e+09,0.0203586,1.80916e+06,0.466723,5.51667,-5.15602,aggressive,BTC-USD,sell,1.15684,100000,86442.7,0.00115684,1.7578e+06,1.15684,1,0,86436.8,0.676529,18,179.988,0,99993.2,0.676529,17.9988,4.457e-08,18.6753,5e-12,0.000863981,18.6753,5.15602,1,10,0,0,0.239258,0,0,0,0,0,0.67889,0.00231367,,,1.54773,0.871098,,,-3.72895,-4.40523,,
replay,live_calm_thin,100000,1,passive,40,0,True,"coinbase>=1,000,000",prints+quotes,1,1.79116e+09,0.0203586,1.80916e+06,0.466723,5.51667,-5.15602,passive,BTC-USD,buy,1.15684,100000,86442.7,0.00115684,1.8052e+06,1.15684,1,1,86450.2,0.870519,8,80.007,100009,0,0.870519,8.0007,-4.457e-08,8.87122,5e-12,0.000863981,8.87122,-5.15602,2,11,0,1,14.3671,0,5,5,1,0,0.870443,0.325303,0.870443,0.325303,4.53382,3.98888,4.53382,3.98888,6.94099,6.39618,6.94099,6.39618
replay,live_calm_thin,100000,1,passive,40,0,True,"coinbase>=1,000,000",prints+quotes,1,1.79116e+09,0.0203586,1.80916e+06,0.466723,5.51667,-5.15602,passive,BTC-USD,sell,1.15684,100000,86442.7,0.00115684,1.7578e+06,1.15684,1,1,86442.7,-0.000578418,8,80,100000,0,-0.000578418,8,4.457e-08,7.99942,5e-12,0.000863981,7.99942,5.15602,1,21,0,0,3.98551,0,0,9,12,0,0.665461,0.0793931,0.665461,0.0793931,0.870519,0.284451,0.870519,0.284451,-4.31457,-4.90033,-4.31457,-4.90033
replay,live_calm_thin,100000,1,hybrid,40,0,True,"coinbase>=1,000,000",prints+quotes,1,1.79116e+09,0.0203586,1.80916e+06,0.466723,5.51667,-5.15602,hybrid,BTC-USD,buy,1.15684,100000,86442.7,0.00115684,1.8052e+06,1.15684,1,1,86450.2,0.870519,8,80.007,100009,0,0.870519,8.0007,-4.457e-08,8.87122,5e-12,0.000863981,8.87122,-5.15602,2,11,0,1,14.3671,0,5,5,1,0,0.870443,0.325303,0.870443,0.325303,4.53382,3.98888,4.53382,3.98888,6.94099,6.39618,6.94099,6.39618
replay,live_calm_thin,100000,1,hybrid,40,0,True,"coinbase>=1,000,000",prints+quotes,1,1.79116e+09,0.0203586,1.80916e+06,0.466723,5.51667,-5.15602,hybrid,BTC-USD,sell,1.15684,100000,86442.7,0.00115684,1.7578e+06,1.15684,1,1,86442.7,-0.000578418,8,80,100000,0,-0.000578418,8,4.457e-08,7.99942,5e-12,0.000863981,7.99942,5.15602,1,21,0,0,3.98551,0,0,9,12,0,0.665461,0.0793931,0.665461,0.0793931,0.870519,0.284451,0.870519,0.284451,-4.31457,-4.90033,-4.31457,-4.90033
replay,live_volatile_deep,100000,2,aggressive,40,0,True,"coinbase>=1,000,000",prints+quotes,2,1.79116e+09,0.0293063,1.87319e+06,0.735678,6.6,3.78943,aggressive,BTC-USD,buy,1.15743,100000,86398.1,0.00115743,1.93241e+06,1.15743,1,0,86400.5,0.281993,18,180.005,0,100003,0.281993,18.0005,0,18.2825,0,0,18.2825,3.78943,1,8,0,0,0.113834,0,0,0,0,0,0.28198,0,,,0.900031,0.618069,,,1.93359,1.65166,,
replay,live_volatile_deep,100000,2,aggressive,40,0,True,"coinbase>=1,000,000",prints+quotes,2,1.79116e+09,0.0293063,1.87319e+06,0.735678,6.6,3.78943,aggressive,BTC-USD,sell,1.15743,100000,86398.1,0.00115743,1.75207e+06,1.15743,1,0,86389.6,0.989973,18,179.982,0,99990.1,0.989973,17.9982,-0,18.9882,0,0,18.9882,-3.78943,1,12,0,0,0.113834,0,0,0,0,0,0.990089,0,,,0.371959,-0.618069,,,-0.661731,-1.65166,,
replay,live_volatile_deep,100000,2,passive,40,0,True,"coinbase>=1,000,000",prints+quotes,2,1.79116e+09,0.0293063,1.87319e+06,0.735678,6.6,3.78943,passive,BTC-USD,buy,1.15743,100000,86398.1,0.00115743,1.93241e+06,1.15743,1,1,86399.6,0.176081,8,80.0014,100002,0,0.176081,8.00014,7.26974e-16,8.17622,0,0,8.17622,3.78943,3,6,0,2,7.74233,0,2,2,2,0,1.06792,0.0452724,1.06792,0.0452724,1.09159,0.0689489,1.09159,0.0689489,-1.37948,-2.40238,-1.37948,-2.40238
replay,live_volatile_deep,100000,2,passive,40,0,True,"coinbase>=1,000,000",prints+quotes,2,1.79116e+09,0.0293063,1.87319e+06,0.735678,6.6,3.78943,passive,BTC-USD,sell,1.15743,100000,86398.1,0.00115743,1.75207e+06,1.15743,1,1,86397,0.123628,8,79.999,99998.8,0,0.123628,7.9999,-0,8.12353,0,0,8.12353,-3.78943,2,14,0,1,5.40108,0,0,2,12,0,0.291316,-0.0346287,0.291316,-0.0346287,-0.353758,-0.679682,-0.353758,-0.679682,0.429215,0.103266,0.429215,0.103266
replay,live_volatile_deep,100000,2,hybrid,40,0,True,"coinbase>=1,000,000",prints+quotes,2,1.79116e+09,0.0293063,1.87319e+06,0.735678,6.6,3.78943,hybrid,BTC-USD,buy,1.15743,100000,86398.1,0.00115743,1.93241e+06,1.15743,1,1,86399.6,0.176081,8,80.0014,100002,0,0.176081,8.00014,7.26974e-16,8.17622,0,0,8.17622,3.78943,3,6,0,2,7.74233,0,2,2,2,0,1.06792,0.0452724,1.06792,0.0452724,1.09159,0.0689489,1.09159,0.0689489,-1.37948,-2.40238,-1.37948,-2.40238
replay,live_volatile_deep,100000,2,hybrid,40,0,True,"coinbase>=1,000,000",prints+quotes,2,1.79116e+09,0.0293063,1.87319e+06,0.735678,6.6,3.78943,hybrid,BTC-USD,sell,1.15743,100000,86398.1,0.00115743,1.75207e+06,1.15743,1,1,86397,0.123628,8,79.999,99998.8,0,0.123628,7.9999,-0,8.12353,0,0,8.12353,-3.78943,2,14,0,1,5.40108,0,0,2,12,0,0.291316,-0.0346287,0.291316,-0.0346287,-0.353758,-0.679682,-0.353758,-0.679682,0.429215,0.103266,0.429215,0.103266
replay,live_volatile_deep,100000,3,aggressive,40,0,True,"coinbase>=1,000,000",prints+quotes,3,1.79116e+09,0.0315451,1.89796e+06,0.566646,5.53333,3.99247,aggressive,BTC-USD,buy,1.1569,100000,86437.7,0.267244,1.91709e+06,1.1569,1,0,86441.9,0.478237,18,180.009,0,100005,0.478237,18.0009,0,18.4791,0,0,18.4791,3.99247,1,7,0,0,0.293997,0,0,0,0,0,0.345172,-0.133044,,,1.92311,1.44497,,,-2.10387,-2.58221,,
replay,live_volatile_deep,100000,3,aggressive,40,0,True,"coinbase>=1,000,000",prints+quotes,3,1.79116e+09,0.0315451,1.89796e+06,0.566646,5.53333,3.99247,aggressive,BTC-USD,sell,1.1569,100000,86437.7,0.267244,1.89739e+06,1.1569,1,0,86428.1,1.10984,18,179.98,0,99988.9,1.10984,17.998,-0,19.1078,0,0,19.1078,-3.99247,1,8,0,0,0.293997,0,0,0,0,0,1.24303,0.133044,,,-0.335157,-1.44497,,,3.69247,2.58221,,
replay,live_volatile_deep,100000,3,passive,40,0,True,"coinbase>=1,000,000",prints+quotes,3,1.79116e+09,0.0315451,1.89796e+06,0.566646,5.53333,3.99247,passive,BTC-USD,buy,1.1569,100000,86437.7,0.267244,1.91709e+06,1.1569,1,1,86426.2,-1.33774,8,79.9893,99986.6,0,-1.33774,7.99893,0,6.66119,0,0,6.66119,3.99247,2,22,0,1,4.5204,0,0,13,9,0,0.107246,0.00808237,0.107246,0.00808237,-0.73468,-0.833852,-0.73468,-0.833852,-3.50243,-3.60163,-3.50243,-3.60163
replay,live_volatile_deep,100000,3,passive,40,0,True,"coinbase>=1,000,000",prints+quotes,3,1.79116e+09,0.0315451,1.89796e+06,0.566646,5.53333,3.99247,passive,BTC-USD,sell,1.1569,100000,86437.7,0.267244,1.89739e+06,1.1569,1,1,86430.4,0.851903,8,79.9932,99991.5,0,0.851903,7.99932,-7.66276e-16,8.85122,0,0,8.85122,-3.99247,3,21,0,2,5.86517,0,6,9,6,0,0.12546,-0.150267,0.12546,-0.150267,1.36577,1.08999,1.36577,1.08999,3.04008,2.76428,3.04008,2.76428
replay,live_volatile_deep,100000,3,hybrid,40,0,True,"coinbase>=1,000,000",prints+quotes,3,1.79116e+09,0.0315451,1.89796e+06,0.566646,5.53333,3.99247,hybrid,BTC-USD,buy,1.1569,100000,86437.7,0.267244,1.91709e+06,1.1569,1,1,86426.2,-1.33774,8,79.9893,99986.6,0,-1.33774,7.99893,0,6.66119,0,0,6.66119,3.99247,2,22,0,1,4.5204,0,0,13,9,0,0.107246,0.00808237,0.107246,0.00808237,-0.73468,-0.833852,-0.73468,-0.833852,-3.50243,-3.60163,-3.50243,-3.60163
replay,live_volatile_deep,100000,3,hybrid,40,0,True,"coinbase>=1,000,000",prints+quotes,3,1.79116e+09,0.0315451,1.89796e+06,0.566646,5.53333,3.99247,hybrid,BTC-USD,sell,1.1569,100000,86437.7,0.267244,1.89739e+06,1.1569,1,1,86430.4,0.851903,8,79.9932,99991.5,0,0.851903,7.99932,-7.66276e-16,8.85122,0,0,8.85122,-3.99247,3,21,0,2,5.86517,0,6,9,6,0,0.12546,-0.150267,0.12546,-0.150267,1.36577,1.08999,1.36577,1.08999,3.04008,2.76428,3.04008,2.76428
replay,live_volatile_deep,100000,4,aggressive,40,0,True,"coinbase>=1,000,000",prints+quotes,4,1.79116e+09,0.0462195,1.87181e+06,0.602546,5.16667,-15.9756,aggressive,BTC-USD,buy,1.15644,100000,86472.2,0.00115644,1.55143e+06,1.15644,1,0,86481.5,1.07126,18,180.019,0,100011,1.07126,18.0019,3.06744e-15,19.0732,0,0,19.0732,-15.9756,1,13,0,0,0.164602,0,0,0,0,0,2.13957,1.06855,,,3.64278,2.57192,,,9.4394,8.36916,,
replay,live_volatile_deep,100000,4,aggressive,40,0,True,"coinbase>=1,000,000",prints+quotes,4,1.79116e+09,0.0462195,1.87181e+06,0.602546,5.16667,-15.9756,aggressive,BTC-USD,sell,1.15644,100000,86472.2,0.00115644,1.79652e+06,1.15644,1,0,86468.2,0.465135,18,179.992,0,99995.3,0.465135,17.9992,0,18.4643,0,0,18.4643,15.9756,1,7,0,0,0.164602,0,0,0,0,0,-0.603441,-1.06855,,,-2.10688,-2.57192,,,-7.90439,-8.36916,,
replay,live_volatile_deep,100000,4,passive,40,0,True,"coinbase>=1,000,000",prints+quotes,4,1.79116e+09,0.0462195,1.87181e+06,0.602546,5.16667,-15.9756,passive,BTC-USD,buy,1.15644,100000,86472.2,0.00115644,1.55143e+06,1.15644,1,1,86472.2,-0.00057822,8,80,100000,0,-0.00057822,8,-0,7.99942,0,0,7.99942,-15.9756,1,4,0,0,0.908303,0,0,2,2,0,1.06797,0.364809,1.06797,0.364809,2.57135,1.86829,2.57135,1.86829,8.36858,7.66593,8.36858,7.66593
replay,live_volatile_deep,100000,4,passive,40,0,True,"coinbase>=1,000,000",prints+quotes,4,1.79116e+09,0.0462195,1.87181e+06,0.602546,5.16667,-15.9756,passive,BTC-USD,sell,1.15644,100000,86472.2,0.00115644,1.79652e+06,1.15644,1,1,86455,1.99524,8,79.984,99980,0,1.99524,7.9984,0,9.99365,0,0,9.99365,15.9756,5,18,0,4,13.5881,0,7,11,0,0,-0.0126946,0.00357278,-0.0126946,0.00357278,-1.0869,-1.07063,-1.0869,-1.07063,-8.22909,-8.21283,-8.22909,-8.21283
replay,live_volatile_deep,100000,4,hybrid,40,0,True,"coinbase>=1,000,000",prints+quotes,4,1.79116e+09,0.0462195,1.87181e+06,0.602546,5.16667,-15.9756,hybrid,BTC-USD,buy,1.15644,100000,86472.2,0.00115644,1.55143e+06,1.15644,1,1,86472.2,-0.00057822,8,80,100000,0,-0.00057822,8,-0,7.99942,0,0,7.99942,-15.9756,1,4,0,0,0.908303,0,0,2,2,0,1.06797,0.364809,1.06797,0.364809,2.57135,1.86829,2.57135,1.86829,8.36858,7.66593,8.36858,7.66593
replay,live_volatile_deep,100000,4,hybrid,40,0,True,"coinbase>=1,000,000",prints+quotes,4,1.79116e+09,0.0462195,1.87181e+06,0.602546,5.16667,-15.9756,hybrid,BTC-USD,sell,1.15644,100000,86472.2,0.00115644,1.79652e+06,1.15644,1,1,86455,1.99524,8,79.984,99980,0,1.99524,7.9984,0,9.99365,0,0,9.99365,15.9756,5,18,0,4,13.5881,0,7,11,0,0,-0.0126946,0.00357278,-0.0126946,0.00357278,-1.0869,-1.07063,-1.0869,-1.07063,-8.22909,-8.21283,-8.22909,-8.21283
replay,live_volatile_thin,100000,5,aggressive,40,0,True,"coinbase>=1,000,000",prints+quotes,5,1.79116e+09,0.028491,1.78385e+06,0.631962,5.08333,-0.0254816,aggressive,BTC-USD,buy,1.15825,100000,86336.8,0.00115825,1.91278e+06,1.15825,1,0,86340.4,0.417423,18,180.008,0,100004,0.417423,18.0008,-0,18.4182,0,0,18.4182,-0.0254816,1,10,0,0,0.138765,0,0,0,0,0,0.417395,0,,,-0.538125,-0.95556,,,0.857513,0.440137,,
replay,live_volatile_thin,100000,5,aggressive,40,0,True,"coinbase>=1,000,000",prints+quotes,5,1.79116e+09,0.028491,1.78385e+06,0.631962,5.08333,-0.0254816,aggressive,BTC-USD,sell,1.15825,100000,86336.8,0.00115825,2.08847e+06,1.15825,1,0,86331,0.674918,18,179.988,0,99993.2,0.674918,17.9988,0,18.6737,0,0,18.6737,0.0254816,1,8,0,0,0.138765,0,0,0,0,0,0.67497,0,,,1.63059,0.95556,,,0.234804,-0.440137,,
replay,live_volatile_thin,100000,5,passive,40,0,True,"coinbase>=1,000,000",prints+quotes,5,1.79116e+09,0.028491,1.78385e+06,0.631962,5.08333,-0.0254816,passive,BTC-USD,buy,1.15825,100000,86336.8,0.00115825,1.91278e+06,1.15825,1,1,86356,2.22095,8,80.0178,100022,0,2.22095,8.00178,4.88498e-18,10.2227,0,0,10.2227,-0.0254816,3,21,0,2,7.71716,0,0,14,7,0,1.176,0.646554,1.176,0.646554,1.35544,0.825999,1.35544,0.825999,2.55859,2.02922,2.55859,2.02922
replay,live_volatile_thin,100000,5,passive,40,0,True,"coinbase>=1,000,000",prints+quotes,5,1.79116e+09,0.028491,1.78385e+06,0.631962,5.08333,-0.0254816,passive,BTC-USD,sell,1.15825,100000,86336.8,0.00115825,2.08847e+06,1.15825,1,1,86344.2,-0.848597,8,80.0068,100008,0,-0.848597,8.00068,2.2e-10,7.15208,5e-12,0.000863366,7.15208,0.0254816,2,24,0,1,5.46763,0,3,14,7,0,1.09643,0.26061,1.09643,0.26061,0.175587,-0.660127,0.175587,-0.660127,-1.23557,-2.07117,-1.23557,-2.07117
replay,live_volatile_thin,100000,5,hybrid,40,0,True,"coinbase>=1,000,000",prints+quotes,5,1.79116e+09,0.028491,1.78385e+06,0.631962,5.08333,-0.0254816,hybrid,BTC-USD,buy,1.15825,100000,86336.8,0.00115825,1.91278e+06,1.15825,1,1,86356,2.22095,8,80.0178,100022,0,2.22095,8.00178,4.88498e-18,10.2227,0,0,10.2227,-0.0254816,3,21,0,2,7.71716,0,0,14,7,0,1.176,0.646554,1.176,0.646554,1.35544,0.825999,1.35544,0.825999,2.55859,2.02922,2.55859,2.02922
replay,live_volatile_thin,100000,5,hybrid,40,0,True,"coinbase>=1,000,000",prints+quotes,5,1.79116e+09,0.028491,1.78385e+06,0.631962,5.08333,-0.0254816,hybrid,BTC-USD,sell,1.15825,100000,86336.8,0.00115825,2.08847e+06,1.15825,1,1,86344.2,-0.848597,8,80.0068,100008,0,-0.848597,8.00068,2.2e-10,7.15208,5e-12,0.000863366,7.15208,0.0254816,2,24,0,1,5.46763,0,3,14,7,0,1.09643,0.26061,1.09643,0.26061,0.175587,-0.660127,0.175587,-0.660127,-1.23557,-2.07117,-1.23557,-2.07117
replay,live_calm_thin,100000,6,aggressive,40,0,True,"coinbase>=1,000,000",prints+quotes,6,1.79116e+09,0.00462119,1.73957e+06,0.445784,5.23333,1.03432,aggressive,BTC-USD,buy,1.15825,100000,86337.1,0.116983,1.70678e+06,1.15825,1,0,86341.2,0.474612,18,180.009,0,100005,0.474612,18.0009,8.93e-09,18.4755,5e-12,0.00086346,18.4755,1.03432,1,9,0,0,0.192821,0,0,0,0,0,-0.553896,-1.02853,,,-1.57427,-2.04894,,,-0.553896,-1.02853,,
replay,live_calm_thin,100000,6,aggressive,40,0,True,"coinbase>=1,000,000",prints+quotes,6,1.79116e+09,0.00462119,1.73957e+06,0.445784,5.23333,1.03432,aggressive,BTC-USD,sell,1.15825,100000,86337.1,0.116983,1.66693e+06,1.15825,1,0,86324.6,1.45316,18,179.974,0,99985.5,1.45316,17.9974,-8.93e-09,19.4505,5e-12,0.00086346,19.4505,-1.03432,1,15,0,0,0.192821,0,0,0,0,0,2.48208,1.02853,,,3.50264,2.04894,,,2.48208,1.02853,,
replay,live_calm_thin,100000,6,passive,40,0,True,"coinbase>=1,000,000",prints+quotes,6,1.79116e+09,0.00462119,1.73957e+06,0.445784,5.23333,1.03432,passive,BTC-USD,buy,1.15825,100000,86337.1,0.116983,1.70678e+06,1.15825,1,1,86370,3.80659,8,80.0305,100038,0,3.80659,8.00305,8.93e-09,11.8096,5e-12,0.00086346,11.8096,1.03432,4,26,0,3,16.4034,0,9,16,1,0,2.77701,0.793379,2.77701,0.793379,2.77701,0.793379,2.77701,0.793379,3.27602,1.29249,3.27602,1.29249
replay,live_calm_thin,100000,6,passive,40,0,True,"coinbase>=1,000,000",prints+quotes,6,1.79116e+09,0.00462119,1.73957e+06,0.445784,5.23333,1.03432,passive,BTC-USD,sell,1.15825,100000,86337.1,0.116983,1.66693e+06,1.15825,1,1,86344.8,-0.887805,8,80.0071,100009,0,-0.887805,8.00071,-0,7.11291,0,0,7.11291,-1.03432,2,14,0,1,3.21749,0,5,4,5,0,1.00529,0.441852,1.00529,0.441852,1.34108,0.777616,1.34108,0.777616,0.14072,-0.422677,0.14072,-0.422677
replay,live_calm_thin,100000,6,hybrid,40,0,True,"coinbase>=1,000,000",prints+quotes,6,1.79116e+09,0.00462119,1.73957e+06,0.445784,5.23333,1.03432,hybrid,BTC-USD,buy,1.15825,100000,86337.1,0.116983,1.70678e+06,1.15825,1,1,86370,3.80659,8,80.0305,100038,0,3.80659,8.00305,8.93e-09,11.8096,5e-12,0.00086346,11.8096,1.03432,4,26,0,3,16.4034,0,9,16,1,0,2.77701,0.793379,2.77701,0.793379,2.77701,0.793379,2.77701,0.793379,3.27602,1.29249,3.27602,1.29249
replay,live_calm_thin,100000,6,hybrid,40,0,True,"coinbase>=1,000,000",prints+quotes,6,1.79116e+09,0.00462119,1.73957e+06,0.445784,5.23333,1.03432,hybrid,BTC-USD,sell,1.15825,100000,86337.1,0.116983,1.66693e+06,1.15825,1,1,86344.8,-0.887805,8,80.0071,100009,0,-0.887805,8.00071,-0,7.11291,0,0,7.11291,-1.03432,2,14,0,1,3.21749,0,5,4,5,0,1.00529,0.441852,1.00529,0.441852,1.34108,0.777616,1.34108,0.777616,0.14072,-0.422677,0.14072,-0.422677
replay,live_volatile_deep,100000,7,aggressive,40,0,True,"coinbase>=1,000,000",prints+quotes,7,1.79116e+09,0.0136659,1.91127e+06,0.566846,4.85,10.3132,aggressive,BTC-USD,buy,1.15813,100000,86346,0.00115813,1.64362e+06,1.15813,1,0,86350.9,0.558376,18,180.01,0,100006,0.558376,18.001,0,18.5594,0,0,18.5594,10.3132,1,11,0,0,0.260142,0,0,0,0,0,0.558335,0,,,0.558335,0,,,-2.44685,-3.00535,,
replay,live_volatile_deep,100000,7,aggressive,40,0,True,"coinbase>=1,000,000",prints+quotes,7,1.79116e+09,0.0136659,1.91127e+06,0.566846,4.85,10.3132,aggressive,BTC-USD,sell,1.15813,100000,86346,0.00115813,1.67304e+06,1.15813,1,0,86335.3,1.24163,18,179.978,0,99987.6,1.24163,17.9978,-0,19.2394,0,0,19.2394,-10.3132,1,11,0,0,0.260142,0,0,0,0,0,1.2418,0,,,1.2418,0,,,4.24752,3.00535,,
replay,live_volatile_deep,100000,7,passive,40,0,True,"coinbase>=1,000,000",prints+quotes,7,1.79116e+09,0.0136659,1.91127e+06,0.566846,4.85,10.3132,passive,BTC-USD,buy,1.15813,100000,86346,0.00115813,1.64362e+06,1.15813,1,1,86346,-0.000579065,8,80,100000,0,-0.000579065,8,0,7.99942,0,0,7.99942,10.3132,1,12,0,0,9.87,0,3,5,4,0,0.422052,0.0431389,0.422052,0.0431389,0.43372,0.0548069,0.43372,0.0548069,-5.79499,-6.17414,-5.79499,-6.17414
replay,live_volatile_deep,100000,7,passive,40,0,True,"coinbase>=1,000,000",prints+quotes,7,1.79116e+09,0.0136659,1.91127e+06,0.566846,4.85,10.3132,passive,BTC-USD,sell,1.15813,100000,86346,0.00115813,1.67304e+06,1.15813,1,1,86346,0.0089141,8,79.9999,99999.9,0,0.0089141,7.99999,-0,8.00891,0,0,8.00891,-10.3132,4,19,0,3,22.5459,0,10,8,1,0,-0.163432,-1.65382,-0.163432,-1.65382,-1.13988,-2.63013,-1.13988,-2.63013,8.65207,7.16035,8.65207,7.16035
replay,live_volatile_deep,100000,7,hybrid,40,0,True,"coinbase>=1,000,000",prints+quotes,7,1.79116e+09,0.0136659,1.91127e+06,0.566846,4.85,10.3132,hybrid,BTC-USD,buy,1.15813,100000,86346,0.00115813,1.64362e+06,1.15813,1,1,86346,-0.000579065,8,80,100000,0,-0.000579065,8,0,7.99942,0,0,7.99942,10.3132,1,12,0,0,9.87,0,3,5,4,0,0.422052,0.0431389,0.422052,0.0431389,0.43372,0.0548069,0.43372,0.0548069,-5.79499,-6.17414,-5.79499,-6.17414
replay,live_volatile_deep,100000,7,hybrid,40,0,True,"coinbase>=1,000,000",prints+quotes,7,1.79116e+09,0.0136659,1.91127e+06,0.566846,4.85,10.3132,hybrid,BTC-USD,sell,1.15813,100000,86346,0.00115813,1.67304e+06,1.15813,1,1,86346,0.0089141,8,79.9999,99999.9,0,0.0089141,7.99999,-0,8.00891,0,0,8.00891,-10.3132,4,19,0,3,22.5459,0,10,8,1,0,-0.163432,-1.65382,-0.163432,-1.65382,-1.13988,-2.63013,-1.13988,-2.63013,8.65207,7.16035,8.65207,7.16035
replay,live_volatile_deep,100000,8,aggressive,40,0,True,"coinbase>=1,000,000",prints+quotes,8,1.79116e+09,0.0424969,1.93424e+06,0.62988,5.1,3.32637,aggressive,BTC-USD,buy,1.157,100000,86430.5,0.001157,2.42508e+06,1.157,1,0,86434.5,0.469934,18,180.008,0,100005,0.469934,18.0008,6.38378e-16,18.4708,0,0,18.4708,3.32637,1,9,0,0,0.0335262,0,0,0,0,0,0.469896,0,,,0.71864,0.248755,,,-0.917281,-1.38724,,
replay,live_volatile_deep,100000,8,aggressive,40,0,True,"coinbase>=1,000,000",prints+quotes,8,1.79116e+09,0.0424969,1.93424e+06,0.62988,5.1,3.32637,aggressive,BTC-USD,sell,1.157,100000,86430.5,0.001157,2.0379e+06,1.157,1,0,86420.7,1.13136,18,179.98,0,99988.7,1.13136,17.998,-0,19.1293,0,0,19.1293,-3.32637,1,5,0,0,0.0335262,0,0,0,0,0,1.13148,0,,,0.882701,-0.248755,,,2.51888,1.38724,,
replay,live_volatile_deep,100000,8,passive,40,0,True,"coinbase>=1,000,000",prints+quotes,8,1.79116e+09,0.0424969,1.93424e+06,0.62988,5.1,3.32637,passive,BTC-USD,buy,1.157,100000,86430.5,0.001157,2.42508e+06,1.157,1,1,86430.5,-0.0005785,8,80,100000,0,-0.0005785,8,6.38378e-16,7.99942,0,0,7.99942,3.32637,1,17,0,0,4.16292,0,0,8,9,0,0.248176,0.0234065,0.248176,0.0234065,1.15541,0.930664,1.15541,0.930664,-1.24673,-1.47153,-1.24673,-1.47153
replay,live_volatile_deep,100000,8,passive,40,0,True,"coinbase>=1,000,000",prints+quotes,8,1.79116e+09,0.0424969,1.93424e+06,0.62988,5.1,3.32637,passive,BTC-USD,sell,1.157,100000,86430.5,0.001157,2.0379e+06,1.157,1,1,86420.1,1.20245,8,79.9904,99988,0,1.20245,7.99904,-2.875e-08,9.20149,5e-12,0.000864592,9.20149,-3.32637,3,3,0,2,11.9941,0,0,0,3,0,0.953812,0.008893,0.953812,0.008893,0.76689,-0.178012,0.76689,-0.178012,4.33034,3.3851,4.33034,3.3851
replay,live_volatile_deep,100000,8,hybrid,40,0,True,"coinbase>=1,000,000",prints+quotes,8,1.79116e+09,0.0424969,1.93424e+06,0.62988,5.1,3.32637,hybrid,BTC-USD,buy,1.157,100000,86430.5,0.001157,2.42508e+06,1.157,1,1,86430.5,-0.0005785,8,80,100000,0,-0.0005785,8,6.38378e-16,7.99942,0,0,7.99942,3.32637,1,17,0,0,4.16292,0,0,8,9,0,0.248176,0.0234065,0.248176,0.0234065,1.15541,0.930664,1.15541,0.930664,-1.24673,-1.47153,-1.24673,-1.47153
replay,live_volatile_deep,100000,8,hybrid,40,0,True,"coinbase>=1,000,000",prints+quotes,8,1.79116e+09,0.0424969,1.93424e+06,0.62988,5.1,3.32637,hybrid,BTC-USD,sell,1.157,100000,86430.5,0.001157,2.0379e+06,1.157,1,1,86420.1,1.20245,8,79.9904,99988,0,1.20245,7.99904,-2.875e-08,9.20149,5e-12,0.000864592,9.20149,-3.32637,3,3,0,2,11.9941,0,0,0,3,0,0.953812,0.008893,0.953812,0.008893,0.76689,-0.178012,0.76689,-0.178012,4.33034,3.3851,4.33034,3.3851
replay,live_volatile_thin,100000,9,aggressive,40,0,True,"coinbase>=1,000,000",prints+quotes,9,1.79116e+09,0.0676537,1.83125e+06,0.589514,5.05,-2.22533,aggressive,BTC-USD,buy,1.15661,100000,86459.2,0.00115661,3.33289e+06,1.15661,1,0,86466.7,0.860045,18,180.015,0,100009,0.860045,18.0015,-1.924e-08,18.8616,5e-12,0.0008644,18.8616,-2.22533,1,10,0,0,0.0930054,0,0,0,0,0,0.859964,0,,,-0.0108915,-0.870931,,,1.1809,0.320961,,
replay,live_volatile_thin,100000,9,aggressive,40,0,True,"coinbase>=1,000,000",prints+quotes,9,1.79116e+09,0.0676537,1.83125e+06,0.589514,5.05,-2.22533,aggressive,BTC-USD,sell,1.15661,100000,86459.2,0.00115661,1.73681e+06,1.15661,1,0,86455.2,0.465578,18,179.992,0,99995.3,0.465578,17.9992,1.924e-08,18.4647,5e-12,0.0008644,18.4647,2.22533,1,9,0,0,0.0930054,0,0,0,0,0,0.465601,0,,,1.33657,0.870931,,,0.144626,-0.320961,,
replay,live_volatile_thin,100000,9,passive,40,0,True,"coinbase>=1,000,000",prints+quotes,9,1.79116e+09,0.0676537,1.83125e+06,0.589514,5.05,-2.22533,passive,BTC-USD,buy,1.15661,100000,86459.2,0.00115661,3.33289e+06,1.15661,1,1,86464.2,0.580344,8,80.0046,100006,0,0.580344,8.00046,-1.924e-08,8.58081,5e-12,0.0008644,8.58081,-2.22533,3,6,0,2,5.9186,0,3,1,2,0,1.58504,0.615533,1.58504,0.615533,2.33941,1.36998,2.33941,1.36998,-0.0349863,-1.00464,-0.0349863,-1.00464
replay,live_volatile_thin,100000,9,passive,40,0,True,"coinbase>=1,000,000",prints+quotes,9,1.79116e+09,0.0676537,1.83125e+06,0.589514,5.05,-2.22533,passive,BTC-USD,sell,1.15661,100000,86459.2,0.00115661,1.73681e+06,1.15661,1,1,86459.2,-0.000578307,8,80,100000,0,-0.000578307,8,1.924e-08,7.99942,5e-12,0.0008644,7.99942,2.22533,1,5,0,0,2.77284,0,0,0,5,0,0.423166,0.0894107,0.423166,0.0894107,-1.0897,-1.4234,-1.0897,-1.4234,0.614741,0.280979,0.614741,0.280979
replay,live_volatile_thin,100000,9,hybrid,40,0,True,"coinbase>=1,000,000",prints+quotes,9,1.79116e+09,0.0676537,1.83125e+06,0.589514,5.05,-2.22533,hybrid,BTC-USD,buy,1.15661,100000,86459.2,0.00115661,3.33289e+06,1.15661,1,1,86464.2,0.580344,8,80.0046,100006,0,0.580344,8.00046,-1.924e-08,8.58081,5e-12,0.0008644,8.58081,-2.22533,3,6,0,2,5.9186,0,3,1,2,0,1.58504,0.615533,1.58504,0.615533,2.33941,1.36998,2.33941,1.36998,-0.0349863,-1.00464,-0.0349863,-1.00464
replay,live_volatile_thin,100000,9,hybrid,40,0,True,"coinbase>=1,000,000",prints+quotes,9,1.79116e+09,0.0676537,1.83125e+06,0.589514,5.05,-2.22533,hybrid,BTC-USD,sell,1.15661,100000,86459.2,0.00115661,1.73681e+06,1.15661,1,1,86459.2,-0.000578307,8,80,100000,0,-0.000578307,8,1.924e-08,7.99942,5e-12,0.0008644,7.99942,2.22533,1,5,0,0,2.77284,0,0,0,5,0,0.423166,0.0894107,0.423166,0.0894107,-1.0897,-1.4234,-1.0897,-1.4234,0.614741,0.280979,0.614741,0.280979
replay,live_calm_thin,100000,10,aggressive,40,0,True,"coinbase>=1,000,000",prints+quotes,10,1.79116e+09,0.0223992,1.69566e+06,0.486058,4.56667,-3.35146,aggressive,BTC-USD,buy,1.15687,100000,86440,0.00115687,2.02016e+06,1.15687,1,0,86446.8,0.787301,18,180.014,0,100008,0.787301,18.0014,6.43263e-16,18.7887,0,0,18.7887,-3.35146,1,10,0,0,0.282848,0,0,0,0,0,0.787226,0,,,-0.395004,-1.18232,,,0.787226,0,,
replay,live_calm_thin,100000,10,aggressive,40,0,True,"coinbase>=1,000,000",prints+quotes,10,1.79116e+09,0.0223992,1.69566e+06,0.486058,4.56667,-3.35146,aggressive,BTC-USD,sell,1.15687,100000,86440,0.00115687,1.71465e+06,1.15687,1,0,86431.2,1.01126,18,179.982,0,99989.9,1.01126,17.9982,0,19.0094,0,0,19.0094,3.35146,1,9,0,0,0.282848,0,0,0,0,0,1.01137,0,,,2.19381,1.18232,,,1.01137,0,,
replay,live_calm_thin,100000,10,passive,40,0,True,"coinbase>=1,000,000",prints+quotes,10,1.79116e+09,0.0223992,1.69566e+06,0.486058,4.56667,-3.35146,passive,BTC-USD,buy,1.15687,100000,86440,0.00115687,2.02016e+06,1.15687,1,1,86450.2,1.18174,8,80.0095,100012,0,1.18174,8.00095,-0,9.18269,0,0,9.18269,-3.35146,2,22,0,1,12.3948,0,11,6,5,0,0.207234,0.00642662,0.207234,0.00642662,-0.418166,-0.618986,-0.418166,-0.618986,2.19268,1.99191,2.19268,1.99191
replay,live_calm_thin,100000,10,passive,40,0,True,"coinbase>=1,000,000",prints+quotes,10,1.79116e+09,0.0223992,1.69566e+06,0.486058,4.56667,-3.35146,passive,BTC-USD,sell,1.15687,100000,86440,0.00115687,1.71465e+06,1.15687,1,1,86444.1,-0.481751,8,80.0039,100005,0,-0.481751,8.00039,6.43263e-16,7.51863,0,0,7.51863,3.35146,2,24,0,1,15.707,0,3,4,17,0,0.693191,0.00573456,0.693191,0.00573456,0.680927,-0.0065295,0.680927,-0.0065295,-2.54627,-3.23347,-2.54627,-3.23347
replay,live_calm_thin,100000,10,hybrid,40,0,True,"coinbase>=1,000,000",prints+quotes,10,1.79116e+09,0.0223992,1.69566e+06,0.486058,4.56667,-3.35146,hybrid,BTC-USD,buy,1.15687,100000,86440,0.00115687,2.02016e+06,1.15687,1,1,86450.2,1.18174,8,80.0095,100012,0,1.18174,8.00095,-0,9.18269,0,0,9.18269,-3.35146,2,22,0,1,12.3948,0,11,6,5,0,0.207234,0.00642662,0.207234,0.00642662,-0.418166,-0.618986,-0.418166,-0.618986,2.19268,1.99191,2.19268,1.99191
replay,live_calm_thin,100000,10,hybrid,40,0,True,"coinbase>=1,000,000",prints+quotes,10,1.79116e+09,0.0223992,1.69566e+06,0.486058,4.56667,-3.35146,hybrid,BTC-USD,sell,1.15687,100000,86440,0.00115687,1.71465e+06,1.15687,1,1,86444.1,-0.481751,8,80.0039,100005,0,-0.481751,8.00039,6.43263e-16,7.51863,0,0,7.51863,3.35146,2,24,0,1,15.707,0,3,4,17,0,0.693191,0.00573456,0.693191,0.00573456,0.680927,-0.0065295,0.680927,-0.0065295,-2.54627,-3.23347,-2.54627,-3.23347
replay,live_calm_thin,100000,11,aggressive,40,0,True,"coinbase>=1,000,000",prints+quotes,11,1.79116e+09,0.0286918,1.74005e+06,0.497937,5,6.33831,aggressive,BTC-USD,buy,1.15726,100000,86411,0.00115726,1.46002e+06,1.15726,1,0,86416.6,0.647829,18,180.012,0,100006,0.647829,18.0012,0,18.649,0,0,18.649,6.33831,1,15,0,0,0.221761,0,0,0,0,0,-0.0766263,-0.724445,,,-0.163415,-0.811239,,,-2.79948,-3.44748,,
replay,live_calm_thin,100000,11,aggressive,40,0,True,"coinbase>=1,000,000",prints+quotes,11,1.79116e+09,0.0286918,1.74005e+06,0.497937,5,6.33831,aggressive,BTC-USD,sell,1.15726,100000,86411,0.00115726,1.7003e+06,1.15726,1,0,86408.5,0.287939,18,179.995,0,99997.1,0.287939,17.9995,-0,18.2874,0,0,18.2874,-6.33831,1,11,0,0,0.221761,0,0,0,0,0,1.01242,0.724445,,,1.09921,0.811239,,,3.73553,3.44748,,
replay,live_calm_thin,100000,11,passive,40,0,True,"coinbase>=1,000,000",prints+quotes,11,1.79116e+09,0.0286918,1.74005e+06,0.497937,5,6.33831,passive,BTC-USD,buy,1.15726,100000,86411,0.00115726,1.46002e+06,1.15726,1,1,86444,3.81616,8,80.0305,100038,0,3.81616,8.00305,0,11.8192,0,0,11.8192,6.33831,7,24,0,6,24.1068,0,2,17,5,0,1.16713,0.93036,1.16713,0.93036,0.748589,0.511817,0.748589,0.511817,-1.85257,-2.08939,-1.85257,-2.08939
replay,live_calm_thin,100000,11,passive,40,0,True,"coinbase>=1,000,000",prints+quotes,11,1.79116e+09,0.0286918,1.74005e+06,0.497937,5,6.33831,passive,BTC-USD,sell,1.15726,100000,86411,0.00115726,1.7003e+06,1.15726,1,1,86411,-0.00057863,8,80,100000,0,-0.00057863,8,-0,7.99942,0,0,7.99942,-6.33831,1,14,0,0,0.817623,0,3,10,1,0,0.723866,0.202513,0.723866,0.202513,0.810661,0.289303,0.810661,0.289303,3.4469,2.9254,3.4469,2.9254
replay,live_calm_thin,100000,11,hybrid,40,0,True,"coinbase>=1,000,000",prints+quotes,11,1.79116e+09,0.0286918,1.74005e+06,0.497937,5,6.33831,hybrid,BTC-USD,buy,1.15726,100000,86411,0.00115726,1.46002e+06,1.15726,1,1,86444,3.81616,8,80.0305,100038,0,3.81616,8.00305,0,11.8192,0,0,11.8192,6.33831,7,24,0,6,24.1068,0,2,17,5,0,1.16713,0.93036,1.16713,0.93036,0.748589,0.511817,0.748589,0.511817,-1.85257,-2.08939,-1.85257,-2.08939
replay,live_calm_thin,100000,11,hybrid,40,0,True,"coinbase>=1,000,000",prints+quotes,11,1.79116e+09,0.0286918,1.74005e+06,0.497937,5,6.33831,hybrid,BTC-USD,sell,1.15726,100000,86411,0.00115726,1.7003e+06,1.15726,1,1,86411,-0.00057863,8,80,100000,0,-0.00057863,8,-0,7.99942,0,0,7.99942,-6.33831,1,14,0,0,0.817623,0,3,10,1,0,0.723866,0.202513,0.723866,0.202513,0.810661,0.289303,0.810661,0.289303,3.4469,2.9254,3.4469,2.9254
replay,live_volatile_thin,100000,12,aggressive,40,0,True,"coinbase>=1,000,000",prints+quotes,12,1.79116e+09,0.025241,1.71538e+06,0.579231,5.05,1.60999,aggressive,BTC-USD,buy,1.1566,100000,86460,0.0011566,1.77728e+06,1.1566,1,0,86468,0.928406,18,180.017,0,100009,0.928406,18.0017,3.09086e-16,18.9301,0,0,18.9301,1.60999,1,14,0,0,0.273733,0,0,0,0,0,0.928305,0,,,0.928305,0,,,1.94718,1.01897,,
replay,live_volatile_thin,100000,12,aggressive,40,0,True,"coinbase>=1,000,000",prints+quotes,12,1.79116e+09,0.025241,1.71538e+06,0.579231,5.05,1.60999,aggressive,BTC-USD,sell,1.1566,100000,86460,0.0011566,1.55724e+06,1.1566,1,0,86451.8,0.946618,18,179.983,0,99990.5,0.946618,17.9983,-0,18.9449,0,0,18.9449,-1.60999,1,17,0,0,0.273733,0,0,0,0,0,0.946717,0,,,0.946717,0,,,-0.072348,-1.01897,,
replay,live_volatile_thin,100000,12,passive,40,0,True,"coinbase>=1,000,000",prints+quotes,12,1.79116e+09,0.025241,1.71538e+06,0.579231,5.05,1.60999,passive,BTC-USD,buy,1.1566,100000,86460,0.0011566,1.77728e+06,1.1566,1,1,86471.1,1.28483,8,80.0103,100013,0,1.28483,8.00103,0,9.28585,0,0,9.28585,1.60999,3,29,0,2,20.6071,0,15,7,7,0,2.24341,1.65514,2.24341,1.65514,3.51308,2.9249,3.51308,2.9249,0.358588,-0.229795,0.358588,-0.229795
replay,live_volatile_thin,100000,12,passive,40,0,True,"coinbase>=1,000,000",prints+quotes,12,1.79116e+09,0.025241,1.71538e+06,0.579231,5.05,1.60999,passive,BTC-USD,sell,1.1566,100000,86460,0.0011566,1.55724e+06,1.1566,1,1,86465.2,-0.604919,8,80.0048,100006,0,-0.604919,8.00048,-0,7.39556,0,0,7.39556,-1.60999,2,10,0,1,12.8701,0,1,1,8,0,0.0596388,-0.0202283,0.0596388,-0.0202283,0.122585,0.0427149,0.122585,0.0427149,0.622189,0.542312,0.622189,0.542312
replay,live_volatile_thin,100000,12,hybrid,40,0,True,"coinbase>=1,000,000",prints+quotes,12,1.79116e+09,0.025241,1.71538e+06,0.579231,5.05,1.60999,hybrid,BTC-USD,buy,1.1566,100000,86460,0.0011566,1.77728e+06,1.1566,1,1,86471.1,1.28483,8,80.0103,100013,0,1.28483,8.00103,0,9.28585,0,0,9.28585,1.60999,3,29,0,2,20.6071,0,15,7,7,0,2.24341,1.65514,2.24341,1.65514,3.51308,2.9249,3.51308,2.9249,0.358588,-0.229795,0.358588,-0.229795
replay,live_volatile_thin,100000,12,hybrid,40,0,True,"coinbase>=1,000,000",prints+quotes,12,1.79116e+09,0.025241,1.71538e+06,0.579231,5.05,1.60999,hybrid,BTC-USD,sell,1.1566,100000,86460,0.0011566,1.55724e+06,1.1566,1,1,86465.2,-0.604919,8,80.0048,100006,0,-0.604919,8.00048,-0,7.39556,0,0,7.39556,-1.60999,2,10,0,1,12.8701,0,1,1,8,0,0.0596388,-0.0202283,0.0596388,-0.0202283,0.122585,0.0427149,0.122585,0.0427149,0.622189,0.542312,0.622189,0.542312
replay,live_calm_thin,100000,13,aggressive,40,0,True,"coinbase>=1,000,000",prints+quotes,13,1.79116e+09,0.0158713,1.75917e+06,0.423613,5.13333,-7.27503,aggressive,BTC-USD,buy,1.15642,100000,86473.9,0.00115642,1.78964e+06,1.15642,1,0,86483.9,1.15197,18,180.021,0,100012,1.15197,18.0021,-0,19.154,0,0,19.154,-7.27503,1,15,0,0,0.201427,0,0,0,0,0,1.15182,0,,,0.1817,-0.970235,,,2.87584,1.72422,,
replay,live_calm_thin,100000,13,aggressive,40,0,True,"coinbase>=1,000,000",prints+quotes,13,1.79116e+09,0.0158713,1.75917e+06,0.423613,5.13333,-7.27503,aggressive,BTC-USD,sell,1.15642,100000,86473.9,0.00115642,1.58152e+06,1.15642,1,0,86469.3,0.538294,18,179.99,0,99994.6,0.538294,17.999,0,18.5373,0,0,18.5373,7.27503,1,11,0,0,0.201427,0,0,0,0,0,0.538331,0,,,1.50862,0.970235,,,-1.18598,-1.72422,,
replay,live_calm_thin,100000,13,passive,40,0,True,"coinbase>=1,000,000",prints+quotes,13,1.79116e+09,0.0158713,1.75917e+06,0.423613,5.13333,-7.27503,passive,BTC-USD,buy,1.15642,100000,86473.9,0.00115642,1.78964e+06,1.15642,1,1,86483.3,1.08645,8,80.0087,100011,0,1.08645,8.00087,1.39688e-15,9.08732,0,0,9.08732,-7.27503,2,12,0,1,6.03298,0,0,6,6,0,0.11494,-0.00126691,0.11494,-0.00126691,0.292226,0.176021,0.292226,0.176021,3.07649,2.96032,3.07649,2.96032
replay,live_calm_thin,100000,13,passive,40,0,True,"coinbase>=1,000,000",prints+quotes,13,1.79116e+09,0.0158713,1.75917e+06,0.423613,5.13333,-7.27503,passive,BTC-USD,sell,1.15642,100000,86473.9,0.00115642,1.58152e+06,1.15642,1,1,86473.9,-0.000578209,8,80,100000,0,-0.000578209,8,-1.39688e-15,7.99942,0,0,7.99942,7.27503,1,17,0,0,3.06417,0,7,4,6,0,0.143949,0.138786,0.143949,0.138786,0.969684,0.964521,0.969684,0.964521,-1.7248,-1.72996,-1.7248,-1.72996
replay,live_calm_thin,100000,13,hybrid,40,0,True,"coinbase>=1,000,000",prints+quotes,13,1.79116e+09,0.0158713,1.75917e+06,0.423613,5.13333,-7.27503,hybrid,BTC-USD,buy,1.15642,100000,86473.9,0.00115642,1.78964e+06,1.15642,1,1,86483.3,1.08645,8,80.0087,100011,0,1.08645,8.00087,1.39688e-15,9.08732,0,0,9.08732,-7.27503,2,12,0,1,6.03298,0,0,6,6,0,0.11494,-0.00126691,0.11494,-0.00126691,0.292226,0.176021,0.292226,0.176021,3.07649,2.96032,3.07649,2.96032
replay,live_calm_thin,100000,13,hybrid,40,0,True,"coinbase>=1,000,000",prints+quotes,13,1.79116e+09,0.0158713,1.75917e+06,0.423613,5.13333,-7.27503,hybrid,BTC-USD,sell,1.15642,100000,86473.9,0.00115642,1.58152e+06,1.15642,1,1,86473.9,-0.000578209,8,80,100000,0,-0.000578209,8,-1.39688e-15,7.99942,0,0,7.99942,7.27503,1,17,0,0,3.06417,0,7,4,6,0,0.143949,0.138786,0.143949,0.138786,0.969684,0.964521,0.969684,0.964521,-1.7248,-1.72996,-1.7248,-1.72996
replay,live_volatile_deep,100000,14,aggressive,40,0,True,"coinbase>=1,000,000",prints+quotes,14,1.79116e+09,0.0265493,1.84203e+06,0.672118,5.08333,-1.36557,aggressive,BTC-USD,buy,1.15726,100000,86411,0.00115726,1.81204e+06,1.15726,1,0,86419,0.925341,18,180.017,0,100009,0.925341,18.0017,-0,18.927,0,0,18.927,-1.36557,1,14,0,0,0.0513747,0,0,0,0,0,0.925226,0,,,0.925226,0,,,5.31894,4.39412,,
replay,live_volatile_deep,100000,14,aggressive,40,0,True,"coinbase>=1,000,000",prints+quotes,14,1.79116e+09,0.0265493,1.84203e+06,0.672118,5.08333,-1.36557,aggressive,BTC-USD,sell,1.15726,100000,86411,0.00115726,1.77163e+06,1.15726,1,0,86403.3,0.88773,18,179.984,0,99991.1,0.88773,17.9984,0,18.8861,0,0,18.8861,1.36557,1,16,0,0,0.0513747,0,0,0,0,0,0.887817,0,,,0.887817,0,,,-3.50669,-4.39412,,
replay,live_volatile_deep,100000,14,passive,40,0,True,"coinbase>=1,000,000",prints+quotes,14,1.79116e+09,0.0265493,1.84203e+06,0.672118,5.08333,-1.36557,passive,BTC-USD,buy,1.15726,100000,86411,0.00115726,1.81204e+06,1.15726,1,1,86411,-0.00057863,8,80,100000,0,-0.00057863,8,-0,7.99942,0,0,7.99942,-1.36557,1,12,0,0,7.91103,0,3,4,5,0,0.0352964,6.53635e-06,0.0352964,6.53635e-06,0.0352964,6.53635e-06,0.0352964,6.53635e-06,0.101037,0.0657473,0.101037,0.0657473
replay,live_volatile_deep,100000,14,passive,40,0,True,"coinbase>=1,000,000",prints+quotes,14,1.79116e+09,0.0265493,1.84203e+06,0.672118,5.08333,-1.36557,passive,BTC-USD,sell,1.15726,100000,86411,0.00115726,1.77163e+06,1.15726,1,1,86373.1,4.39034,8,79.9649,99956.1,0,4.39034,7.99649,2.36e-08,12.3868,1e-11,0.00172798,12.3868,1.36557,6,17,0,5,30.3836,0,9,7,1,0,2.22418,-0.24805,2.22418,-0.24805,4.72951,2.25666,4.72951,2.25666,3.02667,0.55424,3.02667,0.55424
replay,live_volatile_deep,100000,14,hybrid,40,0,True,"coinbase>=1,000,000",prints+quotes,14,1.79116e+09,0.0265493,1.84203e+06,0.672118,5.08333,-1.36557,hybrid,BTC-USD,buy,1.15726,100000,86411,0.00115726,1.81204e+06,1.15726,1,1,86411,-0.00057863,8,80,100000,0,-0.00057863,8,-0,7.99942,0,0,7.99942,-1.36557,1,12,0,0,7.91103,0,3,4,5,0,0.0352964,6.53635e-06,0.0352964,6.53635e-06,0.0352964,6.53635e-06,0.0352964,6.53635e-06,0.101037,0.0657473,0.101037,0.0657473
replay,live_volatile_deep,100000,14,hybrid,40,0,True,"coinbase>=1,000,000",prints+quotes,14,1.79116e+09,0.0265493,1.84203e+06,0.672118,5.08333,-1.36557,hybrid,BTC-USD,sell,1.15726,100000,86411,0.00115726,1.77163e+06,1.15726,1,1,86373.1,4.39034,8,79.9649,99956.1,0,4.39034,7.99649,2.36e-08,12.3868,1e-11,0.00172798,12.3868,1.36557,6,17,0,5,30.3836,0,9,7,1,0,2.22418,-0.24805,2.22418,-0.24805,4.72951,2.25666,4.72951,2.25666,3.02667,0.55424,3.02667,0.55424
replay,live_calm_thin,100000,15,aggressive,40,0,True,"coinbase>=1,000,000",prints+quotes,15,1.79116e+09,0.0124314,1.8085e+06,0.389521,5.13333,0.255789,aggressive,BTC-USD,buy,1.15742,100000,86399.2,0.00115742,1.65604e+06,1.15742,1,0,86407.4,0.944861,18,180.017,0,100009,0.944861,18.0017,0,18.9466,0,0,18.9466,0.255789,1,10,0,0,0.269684,0,0,0,0,0,0.944769,0,,,0.950556,0.00578709,,,-1.83624,-2.78128,,
replay,live_calm_thin,100000,15,aggressive,40,0,True,"coinbase>=1,000,000",prints+quotes,15,1.79116e+09,0.0124314,1.8085e+06,0.389521,5.13333,0.255789,aggressive,BTC-USD,sell,1.15742,100000,86399.2,0.00115742,1.86849e+06,1.15742,1,0,86394.7,0.517317,18,179.991,0,99994.8,0.517317,17.9991,-9.81437e-17,18.5164,0,0,18.5164,-0.255789,1,12,0,0,0.269684,0,0,0,0,0,0.517354,0,,,0.511567,-0.00578709,,,3.29877,2.78128,,
replay,live_calm_thin,100000,15,passive,40,0,True,"coinbase>=1,000,000",prints+quotes,15,1.79116e+09,0.0124314,1.8085e+06,0.389521,5.13333,0.255789,passive,BTC-USD,buy,1.15742,100000,86399.2,0.00115742,1.65604e+06,1.15742,1,1,86400,0.0972647,8,80.0008,100001,0,0.0972647,8.00008,2.21e-09,8.09734,5e-12,0.000864014,8.09734,0.255789,4,75,0,3,31.6359,0,9,31,35,0,-0.000315882,-0.00524793,-0.000315882,-0.00524793,-0.359184,-0.364116,-0.359184,-0.364116,-0.506206,-0.511138,-0.506206,-0.511138
replay,live_calm_thin,100000,15,passive,40,0,True,"coinbase>=1,000,000",prints+quotes,15,1.79116e+09,0.0124314,1.8085e+06,0.389521,5.13333,0.255789,passive,BTC-USD,sell,1.15742,100000,86399.2,0.00115742,1.86849e+06,1.15742,1,1,86399.2,-0.000578709,8,80,100000,0,-0.000578709,8,-0,7.99942,0,0,7.99942,-0.255789,1,21,0,0,15.056,0,14,6,1,0,1.35689,0.0492282,1.35689,0.0492282,1.35684,0.0491795,1.35684,0.0491795,0.726755,-0.580816,0.726755,-0.580816
replay,live_calm_thin,100000,15,hybrid,40,0,True,"coinbase>=1,000,000",prints+quotes,15,1.79116e+09,0.0124314,1.8085e+06,0.389521,5.13333,0.255789,hybrid,BTC-USD,buy,1.15742,100000,86399.2,0.00115742,1.65604e+06,1.15742,1,1,86400,0.0972647,8,80.0008,100001,0,0.0972647,8.00008,2.21e-09,8.09734,5e-12,0.000864014,8.09734,0.255789,4,75,0,3,31.6359,0,9,31,35,0,-0.000315882,-0.00524793,-0.000315882,-0.00524793,-0.359184,-0.364116,-0.359184,-0.364116,-0.506206,-0.511138,-0.506206,-0.511138
replay,live_calm_thin,100000,15,hybrid,40,0,True,"coinbase>=1,000,000",prints+quotes,15,1.79116e+09,0.0124314,1.8085e+06,0.389521,5.13333,0.255789,hybrid,BTC-USD,sell,1.15742,100000,86399.2,0.00115742,1.86849e+06,1.15742,1,1,86399.2,-0.000578709,8,80,100000,0,-0.000578709,8,-0,7.99942,0,0,7.99942,-0.255789,1,21,0,0,15.056,0,14,6,1,0,1.35689,0.0492282,1.35689,0.0492282,1.35684,0.0491795,1.35684,0.0491795,0.726755,-0.580816,0.726755,-0.580816
replay,live_volatile_deep,100000,16,aggressive,40,0,True,"coinbase>=1,000,000",prints+quotes,16,1.79116e+09,0.0368686,1.90781e+06,0.747237,6.58333,-6.77072,aggressive,BTC-USD,buy,1.15739,100000,86401.4,0.00115739,1.90494e+06,1.15739,1,0,86408.4,0.81319,18,180.015,0,100008,0.81319,18.0015,-0,18.8147,0,0,18.8147,-6.77072,1,7,0,0,0.0454223,0,0,0,0,0,0.81311,0,,,0.81311,0,,,6.3878,5.57514,,
replay,live_volatile_deep,100000,16,aggressive,40,0,True,"coinbase>=1,000,000",prints+quotes,16,1.79116e+09,0.0368686,1.90781e+06,0.747237,6.58333,-6.77072,aggressive,BTC-USD,sell,1.15739,100000,86401.4,0.00115739,1.8763e+06,1.15739,1,0,86392.1,1.07893,18,179.981,0,99989.2,1.07893,17.9981,0,19.077,0,0,19.077,6.77072,1,10,0,0,0.0454223,0,0,0,0,0,1.07906,0,,,1.07906,0,,,-4.49668,-5.57514,,
replay,live_volatile_deep,100000,16,passive,40,0,True,"coinbase>=1,000,000",prints+quotes,16,1.79116e+09,0.0368686,1.90781e+06,0.747237,6.58333,-6.77072,passive,BTC-USD,buy,1.15739,100000,86401.4,0.00115739,1.90494e+06,1.15739,1,1,86417.8,1.89287,8,80.0151,100019,0,1.89287,8.00151,-5.85e-08,9.89439,5e-12,0.000863429,9.89439,-6.77072,4,6,0,3,8.4094,0,0,4,2,0,1.9087,0.969357,1.9087,0.969357,0.792028,-0.147416,0.792028,-0.147416,7.65751,6.71872,7.65751,6.71872
replay,live_volatile_deep,100000,16,passive,40,0,True,"coinbase>=1,000,000",prints+quotes,16,1.79116e+09,0.0368686,1.90781e+06,0.747237,6.58333,-6.77072,passive,BTC-USD,sell,1.15739,100000,86401.4,0.00115739,1.8763e+06,1.15739,1,1,86401.4,-0.000578694,8,80,100000,0,-0.000578694,8,0,7.99942,0,0,7.99942,6.77072,1,8,0,0,6.04114,0,3,3,2,0,2.10818,1.575,2.10818,1.575,-0.0167821,-0.549852,-0.0167821,-0.549852,-5.76669,-6.29945,-5.76669,-6.29945
replay,live_volatile_deep,100000,16,hybrid,40,0,True,"coinbase>=1,000,000",prints+quotes,16,1.79116e+09,0.0368686,1.90781e+06,0.747237,6.58333,-6.77072,hybrid,BTC-USD,buy,1.15739,100000,86401.4,0.00115739,1.90494e+06,1.15739,1,1,86417.8,1.89287,8,80.0151,100019,0,1.89287,8.00151,-5.85e-08,9.89439,5e-12,0.000863429,9.89439,-6.77072,4,6,0,3,8.4094,0,0,4,2,0,1.9087,0.969357,1.9087,0.969357,0.792028,-0.147416,0.792028,-0.147416,7.65751,6.71872,7.65751,6.71872
replay,live_volatile_deep,100000,16,hybrid,40,0,True,"coinbase>=1,000,000",prints+quotes,16,1.79116e+09,0.0368686,1.90781e+06,0.747237,6.58333,-6.77072,hybrid,BTC-USD,sell,1.15739,100000,86401.4,0.00115739,1.8763e+06,1.15739,1,1,86401.4,-0.000578694,8,80,100000,0,-0.000578694,8,0,7.99942,0,0,7.99942,6.77072,1,8,0,0,6.04114,0,3,3,2,0,2.10818,1.575,2.10818,1.575,-0.0167821,-0.549852,-0.0167821,-0.549852,-5.76669,-6.29945,-5.76669,-6.29945
replay,live_volatile_deep,100000,17,aggressive,40,0,True,"coinbase>=1,000,000",prints+quotes,17,1.79116e+09,0.0295399,1.96121e+06,0.863022,6.31667,-5.03689,aggressive,BTC-USD,buy,1.15817,100000,86342.9,0.00115817,1.97458e+06,1.15817,1,0,86347.4,0.523993,18,180.009,0,100005,0.523993,18.0009,-0,18.5249,0,0,18.5249,-5.03689,1,12,0,0,0.0672054,0,0,0,0,0,-0.168592,-0.692587,,,-0.168592,-0.692587,,,0.522801,-0.00115817,,
replay,live_volatile_deep,100000,17,aggressive,40,0,True,"coinbase>=1,000,000",prints+quotes,17,1.79116e+09,0.0295399,1.96121e+06,0.863022,6.31667,-5.03689,aggressive,BTC-USD,sell,1.15817,100000,86342.9,0.00115817,1.88988e+06,1.15817,1,0,86336.8,0.710471,18,179.987,0,99992.9,0.710471,17.9987,0,18.7092,0,0,18.7092,5.03689,1,9,0,0,0.0672054,0,0,0,0,0,1.40316,0.692587,,,1.40316,0.692587,,,0.711685,0.00115817,,
replay,live_volatile_deep,100000,17,passive,40,0,True,"coinbase>=1,000,000",prints+quotes,17,1.79116e+09,0.0295399,1.96121e+06,0.863022,6.31667,-5.03689,passive,BTC-USD,buy,1.15817,100000,86342.9,0.00115817,1.97458e+06,1.15817,1,1,86369.5,3.07437,8,80.0246,100031,0,3.07437,8.00246,-0,11.0768,0,0,11.0768,-5.03689,5,4,0,4,11.3765,0,0,3,1,0,1.59489,0.144336,1.59489,0.144336,1.59489,0.144336,1.59489,0.144336,5.64815,4.19818,5.64815,4.19818
replay,live_volatile_deep,100000,17,passive,40,0,True,"coinbase>=1,000,000",prints+quotes,17,1.79116e+09,0.0295399,1.96121e+06,0.863022,6.31667,-5.03689,passive,BTC-USD,sell,1.15817,100000,86342.9,0.00115817,1.88988e+06,1.15817,1,1,86342.9,-0.000579086,8,80,100000,0,-0.000579086,8,0,7.99942,0,0,7.99942,5.03689,1,9,0,0,0.557961,0,2,6,1,0,0.692008,0.0827902,0.692008,0.0827902,0.692008,0.0827902,0.692008,0.0827902,0.000579086,-0.608597,0.000579086,-0.608597
replay,live_volatile_deep,100000,17,hybrid,40,0,True,"coinbase>=1,000,000",prints+quotes,17,1.79116e+09,0.0295399,1.96121e+06,0.863022,6.31667,-5.03689,hybrid,BTC-USD,buy,1.15817,100000,86342.9,0.00115817,1.97458e+06,1.15817,1,1,86369.5,3.07437,8,80.0246,100031,0,3.07437,8.00246,-0,11.0768,0,0,11.0768,-5.03689,5,4,0,4,11.3765,0,0,3,1,0,1.59489,0.144336,1.59489,0.144336,1.59489,0.144336,1.59489,0.144336,5.64815,4.19818,5.64815,4.19818
replay,live_volatile_deep,100000,17,hybrid,40,0,True,"coinbase>=1,000,000",prints+quotes,17,1.79116e+09,0.0295399,1.96121e+06,0.863022,6.31667,-5.03689,hybrid,BTC-USD,sell,1.15817,100000,86342.9,0.00115817,1.88988e+06,1.15817,1,1,86342.9,-0.000579086,8,80,100000,0,-0.000579086,8,0,7.99942,0,0,7.99942,5.03689,1,9,0,0,0.557961,0,2,6,1,0,0.692008,0.0827902,0.692008,0.0827902,0.692008,0.0827902,0.692008,0.0827902,0.000579086,-0.608597,0.000579086,-0.608597
replay,live_volatile_deep,100000,18,aggressive,40,0,True,"coinbase>=1,000,000",prints+quotes,18,1.79116e+09,0.0686092,1.85502e+06,0.591521,5.23333,1.01681,aggressive,BTC-USD,buy,1.15876,100000,86299.4,0.00115876,1.81051e+06,1.15876,1,0,86300.5,0.121135,18,180.002,0,100001,0.121135,18.0002,0,18.1214,0,0,18.1214,1.01681,1,10,0,0,0.136217,0,0,0,0,0,0.121133,0,,,0.121133,0,,,0.299579,0.178448,,
replay,live_volatile_deep,100000,18,aggressive,40,0,True,"coinbase>=1,000,000",prints+quotes,18,1.79116e+09,0.0686092,1.85502e+06,0.591521,5.23333,1.01681,aggressive,BTC-USD,sell,1.15876,100000,86299.4,0.00115876,1.87716e+06,1.15876,1,0,86291.3,0.940274,18,179.983,0,99990.6,0.940274,17.9983,-0,18.9386,0,0,18.9386,-1.01681,1,9,0,0,0.136217,0,0,0,0,0,0.940365,0,,,0.940365,0,,,0.7619,-0.178448,,
replay,live_volatile_deep,100000,18,passive,40,0,True,"coinbase>=1,000,000",prints+quotes,18,1.79116e+09,0.0686092,1.85502e+06,0.591521,5.23333,1.01681,passive,BTC-USD,buy,1.15876,100000,86299.4,0.00115876,1.81051e+06,1.15876,1,1,86304.2,0.547512,8,80.0044,100005,0,0.547512,8.00044,1.94844e-16,8.54795,0,0,8.54795,1.01681,2,16,0,1,11.8787,0,0,8,8,0,0.114046,-0.0682025,0.114046,-0.0682025,0.693434,0.511193,0.693434,0.511193,0.83753,0.655295,0.83753,0.655295
replay,live_volatile_deep,100000,18,passive,40,0,True,"coinbase>=1,000,000",prints+quotes,18,1.79116e+09,0.0686092,1.85502e+06,0.591521,5.23333,1.01681,passive,BTC-USD,sell,1.15876,100000,86299.4,0.00115876,1.87716e+06,1.15876,1,1,86299.6,-0.0181161,8,80.0001,100000,0,-0.0181161,8.00001,-0,7.9819,0,0,7.9819,-1.01681,5,25,0,4,21.2663,0,9,10,6,0,0.465599,-0.033785,0.465599,-0.033785,-0.00840382,-0.50776,-0.00840382,-0.50776,0.63486,0.135458,0.63486,0.135458
replay,live_volatile_deep,100000,18,hybrid,40,0,True,"coinbase>=1,000,000",prints+quotes,18,1.79116e+09,0.0686092,1.85502e+06,0.591521,5.23333,1.01681,hybrid,BTC-USD,buy,1.15876,100000,86299.4,0.00115876,1.81051e+06,1.15876,1,1,86304.2,0.547512,8,80.0044,100005,0,0.547512,8.00044,1.94844e-16,8.54795,0,0,8.54795,1.01681,2,16,0,1,11.8787,0,0,8,8,0,0.114046,-0.0682025,0.114046,-0.0682025,0.693434,0.511193,0.693434,0.511193,0.83753,0.655295,0.83753,0.655295
replay,live_volatile_deep,100000,18,hybrid,40,0,True,"coinbase>=1,000,000",prints+quotes,18,1.79116e+09,0.0686092,1.85502e+06,0.591521,5.23333,1.01681,hybrid,BTC-USD,sell,1.15876,100000,86299.4,0.00115876,1.87716e+06,1.15876,1,1,86299.6,-0.0181161,8,80.0001,100000,0,-0.0181161,8.00001,-0,7.9819,0,0,7.9819,-1.01681,5,25,0,4,21.2663,0,9,10,6,0,0.465599,-0.033785,0.465599,-0.033785,-0.00840382,-0.50776,-0.00840382,-0.50776,0.63486,0.135458,0.63486,0.135458
replay,live_calm_deep,100000,19,aggressive,40,0,True,"coinbase>=1,000,000",prints+quotes,19,1.79116e+09,0.014723,1.96611e+06,0.507561,3.81667,-1.98013,aggressive,BTC-USD,buy,1.15865,100000,86307.4,0.00115865,1.96752e+06,1.15865,1,0,86309.6,0.256762,18,180.005,0,100003,0.256762,18.0005,-0,18.2572,0,0,18.2572,-1.98013,1,5,0,0,0.135038,0,0,0,0,0,0.256755,0,,,0.256755,0,,,3.11159,2.85491,,
replay,live_calm_deep,100000,19,aggressive,40,0,True,"coinbase>=1,000,000",prints+quotes,19,1.79116e+09,0.014723,1.96611e+06,0.507561,3.81667,-1.98013,aggressive,BTC-USD,sell,1.15865,100000,86307.4,0.00115865,1.83791e+06,1.15865,1,0,86297.3,1.16922,18,179.979,0,99988.3,1.16922,17.9979,-3.79474e-16,19.1671,0,0,19.1671,1.98013,1,12,0,0,0.135038,0,0,0,0,0,1.16936,0,,,1.16936,0,,,-1.68588,-2.85491,,
replay,live_calm_deep,100000,19,passive,40,0,True,"coinbase>=1,000,000",prints+quotes,19,1.79116e+09,0.014723,1.96611e+06,0.507561,3.81667,-1.98013,passive,BTC-USD,buy,1.15865,100000,86307.4,0.00115865,1.96752e+06,1.15865,1,1,86312.9,0.646189,8,80.0052,100006,0,0.646189,8.00052,-3.79474e-16,8.64671,0,0,8.64671,-1.98013,2,21,0,1,12.5845,0,9,11,1,0,2.96513,1.21632,2.96513,1.21632,2.80919,1.06036,2.80919,1.06036,1.99137,0.242418,1.99137,0.242418
replay,live_calm_deep,100000,19,passive,40,0,True,"coinbase>=1,000,000",prints+quotes,19,1.79116e+09,0.014723,1.96611e+06,0.507561,3.81667,-1.98013,passive,BTC-USD,sell,1.15865,100000,86307.4,0.00115865,1.83791e+06,1.15865,1,1,86307.7,-0.0441886,8,80.0004,100000,0,-0.0441886,8.00004,1.709e-08,7.95585,5e-12,0.000862903,7.95585,1.98013,2,16,0,1,11.3772,0,1,6,9,0,0.437234,0.219405,0.437234,0.219405,-2.37074,-2.58851,-2.37074,-2.58851,-1.72195,-1.93973,-1.72195,-1.93973
replay,live_calm_deep,100000,19,hybrid,40,0,True,"coinbase>=1,000,000",prints+quotes,19,1.79116e+09,0.014723,1.96611e+06,0.507561,3.81667,-1.98013,hybrid,BTC-USD,buy,1.15865,100000,86307.4,0.00115865,1.96752e+06,1.15865,1,1,86312.9,0.646189,8,80.0052,100006,0,0.646189,8.00052,-3.79474e-16,8.64671,0,0,8.64671,-1.98013,2,21,0,1,12.5845,0,9,11,1,0,2.96513,1.21632,2.96513,1.21632,2.80919,1.06036,2.80919,1.06036,1.99137,0.242418,1.99137,0.242418
replay,live_calm_deep,100000,19,hybrid,40,0,True,"coinbase>=1,000,000",prints+quotes,19,1.79116e+09,0.014723,1.96611e+06,0.507561,3.81667,-1.98013,hybrid,BTC-USD,sell,1.15865,100000,86307.4,0.00115865,1.83791e+06,1.15865,1,1,86307.7,-0.0441886,8,80.0004,100000,0,-0.0441886,8.00004,1.709e-08,7.95585,5e-12,0.000862903,7.95585,1.98013,2,16,0,1,11.3772,0,1,6,9,0,0.437234,0.219405,0.437234,0.219405,-2.37074,-2.58851,-2.37074,-2.58851,-1.72195,-1.93973,-1.72195,-1.93973
replay,live_volatile_deep,100000,20,aggressive,40,0,True,"coinbase>=1,000,000",prints+quotes,20,1.79116e+09,0.0391254,2.0081e+06,0.580827,4.76667,-0.339552,aggressive,BTC-USD,buy,1.15888,100000,86290.3,0.00115888,2.01608e+06,1.15888,1,0,86293.7,0.395746,18,180.007,0,100004,0.395746,18.0007,-2.93e-09,18.3965,5e-12,0.000862873,18.3965,-0.339552,1,7,0,0,0.142328,0,0,0,0,0,0.395726,0,,,-0.802508,-1.19828,,,-0.804825,-1.2006,,
replay,live_volatile_deep,100000,20,aggressive,40,0,True,"coinbase>=1,000,000",prints+quotes,20,1.79116e+09,0.0391254,2.0081e+06,0.580827,4.76667,-0.339552,aggressive,BTC-USD,sell,1.15888,100000,86290.3,0.00115888,1.83388e+06,1.15888,1,0,86283.1,0.82894,18,179.985,0,99991.7,0.82894,17.9985,2.93e-09,18.8274,5e-12,0.000862873,18.8274,0.339552,1,13,0,0,0.142328,0,0,0,0,0,0.829018,0,,,2.0274,1.19828,,,2.02972,1.2006,,
replay,live_volatile_deep,100000,20,passive,40,0,True,"coinbase>=1,000,000",prints+quotes,20,1.79116e+09,0.0391254,2.0081e+06,0.580827,4.76667,-0.339552,passive,BTC-USD,buy,1.15888,100000,86290.3,0.00115888,2.01608e+06,1.15888,1,1,86299.5,1.07135,8,80.0086,100011,0,1.07135,8.00086,6.50591e-17,9.07221,0,0,9.07221,-0.339552,2,20,0,1,11.7119,0,8,11,1,0,1.05094,0.103916,1.05094,0.103916,-0.152344,-1.09948,-0.152344,-1.09948,3.58786,2.64112,3.58786,2.64112
replay,live_volatile_deep,100000,20,passive,40,0,True,"coinbase>=1,000,000",prints+quotes,20,1.79116e+09,0.0391254,2.0081e+06,0.580827,4.76667,-0.339552,passive,BTC-USD,sell,1.15888,100000,86290.3,0.00115888,1.83388e+06,1.15888,1,1,86290.3,-0.00057944,8,80,100000,0,-0.00057944,8,2.93e-09,7.99942,5e-12,0.000862873,7.99942,0.339552,1,17,0,0,3.81833,0,0,10,7,0,0.986086,0.580007,0.986086,0.580007,1.31743,0.91134,1.31743,0.91134,1.20002,0.793936,1.20002,0.793936
replay,live_volatile_deep,100000,20,hybrid,40,0,True,"coinbase>=1,000,000",prints+quotes,20,1.79116e+09,0.0391254,2.0081e+06,0.580827,4.76667,-0.339552,hybrid,BTC-USD,buy,1.15888,100000,86290.3,0.00115888,2.01608e+06,1.15888,1,1,86299.5,1.07135,8,80.0086,100011,0,1.07135,8.00086,6.50591e-17,9.07221,0,0,9.07221,-0.339552,2,20,0,1,11.7119,0,8,11,1,0,1.05094,0.103916,1.05094,0.103916,-0.152344,-1.09948,-0.152344,-1.09948,3.58786,2.64112,3.58786,2.64112
replay,live_volatile_deep,100000,20,hybrid,40,0,True,"coinbase>=1,000,000",prints+quotes,20,1.79116e+09,0.0391254,2.0081e+06,0.580827,4.76667,-0.339552,hybrid,BTC-USD,sell,1.15888,100000,86290.3,0.00115888,1.83388e+06,1.15888,1,1,86290.3,-0.00057944,8,80,100000,0,-0.00057944,8,2.93e-09,7.99942,5e-12,0.000862873,7.99942,0.339552,1,17,0,0,3.81833,0,0,10,7,0,0.986086,0.580007,0.986086,0.580007,1.31743,0.91134,1.31743,0.91134,1.20002,0.793936,1.20002,0.793936
replay,live_calm_deep,100000,21,aggressive,40,0,True,"coinbase>=1,000,000",prints+quotes,21,1.79116e+09,0.0342989,1.94193e+06,0.565371,5.58333,-3.40838,aggressive,BTC-USD,buy,1.15892,100000,86287.3,0.00115892,1.93848e+06,1.15892,1,0,86291.8,0.521407,18,180.009,0,100005,0.521407,18.0009,-2.941e-08,18.5223,5e-12,0.000862579,18.5223,-3.40838,1,12,0,0,0.0915127,0,0,0,0,0,2.05454,1.53325,,,1.78916,1.26786,,,3.34551,2.82428,,
replay,live_calm_deep,100000,21,aggressive,40,0,True,"coinbase>=1,000,000",prints+quotes,21,1.79116e+09,0.0342989,1.94193e+06,0.565371,5.58333,-3.40838,aggressive,BTC-USD,sell,1.15892,100000,86287.3,0.00115892,1.90417e+06,1.15892,1,0,86278.5,1.021,18,179.982,0,99989.8,1.021,17.9982,2.941e-08,19.0192,5e-12,0.000862579,19.0192,3.40838,1,10,0,0,0.0915127,0,0,0,0,0,-0.51229,-1.53325,,,-0.24687,-1.26786,,,-1.80346,-2.82428,,
replay,live_calm_deep,100000,21,passive,40,0,True,"coinbase>=1,000,000",prints+quotes,21,1.79116e+09,0.0342989,1.94193e+06,0.565371,5.58333,-3.40838,passive,BTC-USD,buy,1.15892,100000,86287.3,0.00115892,1.93848e+06,1.15892,1,1,86287.3,-0.000579459,8,80,100000,0,-0.000579459,8,-2.941e-08,7.99942,5e-12,0.000862579,7.99942,-3.40838,1,5,0,0,0.367976,0,0,4,1,0,1.53267,0.494494,1.53267,0.494494,1.26728,0.229074,1.26728,0.229074,2.82371,1.78566,2.82371,1.78566
replay,live_calm_deep,100000,21,passive,40,0,True,"coinbase>=1,000,000",prints+quotes,21,1.79116e+09,0.0342989,1.94193e+06,0.565371,5.58333,-3.40838,passive,BTC-USD,sell,1.15892,100000,86287.3,0.00115892,1.90417e+06,1.15892,1,1,86255.6,3.67523,8,79.9706,99963.2,0,3.67523,7.99706,2.941e-08,11.6723,5e-12,0.000862579,11.6723,3.40838,4,12,0,3,18.1674,0,0,9,3,0,2.04887,0.584424,2.04887,0.584424,1.48697,0.0226114,1.48697,0.0226114,0.216945,-1.24723,0.216945,-1.24723
replay,live_calm_deep,100000,21,hybrid,40,0,True,"coinbase>=1,000,000",prints+quotes,21,1.79116e+09,0.0342989,1.94193e+06,0.565371,5.58333,-3.40838,hybrid,BTC-USD,buy,1.15892,100000,86287.3,0.00115892,1.93848e+06,1.15892,1,1,86287.3,-0.000579459,8,80,100000,0,-0.000579459,8,-2.941e-08,7.99942,5e-12,0.000862579,7.99942,-3.40838,1,5,0,0,0.367976,0,0,4,1,0,1.53267,0.494494,1.53267,0.494494,1.26728,0.229074,1.26728,0.229074,2.82371,1.78566,2.82371,1.78566
replay,live_calm_deep,100000,21,hybrid,40,0,True,"coinbase>=1,000,000",prints+quotes,21,1.79116e+09,0.0342989,1.94193e+06,0.565371,5.58333,-3.40838,hybrid,BTC-USD,sell,1.15892,100000,86287.3,0.00115892,1.90417e+06,1.15892,1,1,86255.6,3.67523,8,79.9706,99963.2,0,3.67523,7.99706,2.941e-08,11.6723,5e-12,0.000862579,11.6723,3.40838,4,12,0,3,18.1674,0,0,9,3,0,2.04887,0.584424,2.04887,0.584424,1.48697,0.0226114,1.48697,0.0226114,0.216945,-1.24723,0.216945,-1.24723
replay,live_calm_deep,100000,22,aggressive,40,0,True,"coinbase>=1,000,000",prints+quotes,22,1.79116e+09,0.00852243,1.91715e+06,0.245394,5.45,-1.86765,aggressive,BTC-USD,buy,1.15931,100000,86257.9,0.00115931,2.00477e+06,1.15931,1,0,86261.4,0.401758,18,180.007,0,100004,0.401758,18.0007,-0,18.4025,0,0,18.4025,-1.86765,1,11,0,0,0.0368905,0,0,0,0,0,0.402887,0.00115931,,,0.870071,0.468363,,,-0.0295201,-0.431265,,
replay,live_calm_deep,100000,22,aggressive,40,0,True,"coinbase>=1,000,000",prints+quotes,22,1.79116e+09,0.00852243,1.91715e+06,0.245394,5.45,-1.86765,aggressive,BTC-USD,sell,1.15931,100000,86257.9,0.00115931,2.05564e+06,1.15931,1,0,86252.7,0.609978,18,179.989,0,99993.9,0.609978,17.9989,0,18.6089,0,0,18.6089,1.86765,1,9,0,0,0.0368905,0,0,0,0,0,0.608864,-0.00115931,,,0.141632,-0.468363,,,1.04131,0.431265,,
replay,live_calm_deep,100000,22,passive,40,0,True,"coinbase>=1,000,000",prints+quotes,22,1.79116e+09,0.00852243,1.91715e+06,0.245394,5.45,-1.86765,passive,BTC-USD,buy,1.15931,100000,86257.9,0.00115931,2.00477e+06,1.15931,1,1,86257.9,-0.000579657,8,80,100000,0,-0.000579657,8,-0,7.99942,0,0,7.99942,-1.86765,1,3,0,0,1.42878,0,0,0,3,0,0.000579657,0,0.000579657,0,0.467783,0.467204,0.467783,0.467204,-0.431844,-0.432424,-0.431844,-0.432424
replay,live_calm_deep,100000,22,passive,40,0,True,"coinbase>=1,000,000",prints+quotes,22,1.79116e+09,0.00852243,1.91715e+06,0.245394,5.45,-1.86765,passive,BTC-USD,sell,1.15931,100000,86257.9,0.00115931,2.05564e+06,0.581178,0.501312,1,86262.1,-0.484125,8,40.1069,50133.7,0,-0.242698,4.01069,0.931376,4.69937,0.223685,49857.2,13.8974,1.86765,4,13,0,4,38.2166,0,0,11,2,0,-1.41049,-1.82585,-1.41049,-1.82585,-1.90226,-2.31763,-1.90226,-2.31763,-2.79289,-3.20822,-2.79289,-3.20822
replay,live_calm_deep,100000,22,hybrid,40,0,True,"coinbase>=1,000,000",prints+quotes,22,1.79116e+09,0.00852243,1.91715e+06,0.245394,5.45,-1.86765,hybrid,BTC-USD,buy,1.15931,100000,86257.9,0.00115931,2.00477e+06,1.15931,1,1,86257.9,-0.000579657,8,80,100000,0,-0.000579657,8,-0,7.99942,0,0,7.99942,-1.86765,1,3,0,0,1.42878,0,0,0,3,0,0.000579657,0,0.000579657,0,0.467783,0.467204,0.467783,0.467204,-0.431844,-0.432424,-0.431844,-0.432424
replay,live_calm_deep,100000,22,hybrid,40,0,True,"coinbase>=1,000,000",prints+quotes,22,1.79116e+09,0.00852243,1.91715e+06,0.245394,5.45,-1.86765,hybrid,BTC-USD,sell,1.15931,100000,86257.9,0.00115931,2.05564e+06,1.15931,1,0.501312,86250.5,0.857102,12.9862,129.851,50133.7,49857.8,0.857102,12.9851,0,13.8422,0,0,13.8422,1.86765,5,16,0,4,42.1772,0,0,11,2,0,-0.5288,-0.910694,-1.41049,-1.82585,-0.785162,-1.16706,-1.90226,-2.31763,-1.62545,-2.00731,-2.79289,-3.20822
replay,live_calm_thin,100000,23,aggressive,40,0,True,"coinbase>=1,000,000",prints+quotes,23,1.79116e+09,0.0177434,1.84096e+06,0.440747,5.88333,-5.35471,aggressive,BTC-USD,buy,1.15953,100000,86241.8,0.00115953,1.88959e+06,1.15953,1,0,86241.8,0.000579765,18,180,0,100000,0.000579765,18,-0,18.0006,0,0,18.0006,-5.35471,1,1,0,0,0.210806,0,0,0,0,0,0.000579765,0,,,0.000579765,0,,,2.84723,2.84665,,
replay,live_calm_thin,100000,23,aggressive,40,0,True,"coinbase>=1,000,000",prints+quotes,23,1.79116e+09,0.0177434,1.84096e+06,0.440747,5.88333,-5.35471,aggressive,BTC-USD,sell,1.15953,100000,86241.8,0.00115953,1.55985e+06,1.15953,1,0,86236.5,0.61301,18,179.989,0,99993.9,0.61301,17.9989,0,18.6119,0,0,18.6119,5.35471,1,9,0,0,0.210806,0,0,0,0,0,0.613051,0,,,0.613051,0,,,-2.23377,-2.84665,,
replay,live_calm_thin,100000,23,passive,40,0,True,"coinbase>=1,000,000",prints+quotes,23,1.79116e+09,0.0177434,1.84096e+06,0.440747,5.88333,-5.35471,passive,BTC-USD,buy,1.15953,100000,86241.8,0.00115953,1.88959e+06,1.15953,1,1,86241.5,-0.0355944,8,79.9997,99999.6,0,-0.0355944,7.99997,-0,7.96438,0,0,7.96438,-5.35471,2,10,0,1,10.6677,0,5,4,1,0,0.528262,0.0211085,0.528262,0.0211085,0.754047,0.246905,0.754047,0.246905,4.01457,3.50759,4.01457,3.50759
replay,live_calm_thin,100000,23,passive,40,0,True,"coinbase>=1,000,000",prints+quotes,23,1.79116e+09,0.0177434,1.84096e+06,0.440747,5.88333,-5.35471,passive,BTC-USD,sell,1.15953,100000,86241.8,0.00115953,1.55985e+06,1.15953,1,1,86177,7.50988,8,79.9399,99924.9,0,7.50988,7.99399,4.618e-08,15.5039,5e-12,0.000861956,15.5039,5.35471,8,5,0,7,48.2531,0,4,0,1,0,0.68957,-0.000863262,0.68957,-0.000863262,-0.571417,-1.26176,-0.571417,-1.26176,3.03568,2.34508,3.03568,2.34508
replay,live_calm_thin,100000,23,hybrid,40,0,True,"coinbase>=1,000,000",prints+quotes,23,1.79116e+09,0.0177434,1.84096e+06,0.440747,5.88333,-5.35471,hybrid,BTC-USD,buy,1.15953,100000,86241.8,0.00115953,1.88959e+06,1.15953,1,1,86241.5,-0.0355944,8,79.9997,99999.6,0,-0.0355944,7.99997,-0,7.96438,0,0,7.96438,-5.35471,2,10,0,1,10.6677,0,5,4,1,0,0.528262,0.0211085,0.528262,0.0211085,0.754047,0.246905,0.754047,0.246905,4.01457,3.50759,4.01457,3.50759
replay,live_calm_thin,100000,23,hybrid,40,0,True,"coinbase>=1,000,000",prints+quotes,23,1.79116e+09,0.0177434,1.84096e+06,0.440747,5.88333,-5.35471,hybrid,BTC-USD,sell,1.15953,100000,86241.8,0.00115953,1.55985e+06,1.15953,1,0.0058534,86178.5,7.34322,17.9414,179.283,585.106,99341.5,7.34322,17.9283,4.618e-08,25.2715,5e-12,0.000861956,25.2715,5.35471,8,14,0,7,42.309,0,4,0,0,0,0.6393,-0.000863262,-0.148061,-0.147481,0.624213,-0.0159495,-2.72541,-2.72483,2.86885,2.22855,-0.600297,-0.599717
replay,live_calm_thin,100000,24,aggressive,40,0,True,"coinbase>=1,000,000",prints+quotes,24,1.79116e+09,0.0112171,1.7999e+06,0.372798,4.61667,2.08809,aggressive,BTC-USD,buy,1.16005,100000,86203,0.00116005,2.22587e+06,1.16005,1,0,86211.8,1.01603,18,180.018,0,100010,1.01603,18.0018,1.8e-08,19.0179,5e-12,0.00086221,19.0179,2.08809,1,5,0,0,0.329452,0,0,0,0,0,0.998523,-0.0174008,,,0.996203,-0.0197209,,,-0.475754,-1.49183,,
replay,live_calm_thin,100000,24,aggressive,40,0,True,"coinbase>=1,000,000",prints+quotes,24,1.79116e+09,0.0112171,1.7999e+06,0.372798,4.61667,2.08809,aggressive,BTC-USD,sell,1.16005,100000,86203,0.00116005,1.86266e+06,1.16005,1,0,86197,0.692915,18,179.988,0,99993.1,0.692915,17.9988,-1.8e-08,18.6917,5e-12,0.00086221,18.6917,-2.08809,1,6,0,0,0.329452,0,0,0,0,0,0.710376,0.0174008,,,0.712696,0.0197209,,,2.1849,1.49183,,
replay,live_calm_thin,100000,24,passive,40,0,True,"coinbase>=1,000,000",prints+quotes,24,1.79116e+09,0.0112171,1.7999e+06,0.372798,4.61667,2.08809,passive,BTC-USD,buy,1.16005,100000,86203,0.00116005,2.22587e+06,1.16005,1,1,86203,-0.000580026,8,80,100000,0,-0.000580026,8,1.8e-08,7.99942,5e-12,0.00086221,7.99942,2.08809,1,4,0,0,7.04067,0,1,1,2,0,0.0933842,0.000149488,0.0933842,0.000149488,-0.0261012,-0.119337,-0.0261012,-0.119337,0.980218,0.886991,0.980218,0.886991
replay,live_calm_thin,100000,24,passive,40,0,True,"coinbase>=1,000,000",prints+quotes,24,1.79116e+09,0.0112171,1.7999e+06,0.372798,4.61667,2.08809,passive,BTC-USD,sell,1.16005,100000,86203,0.00116005,1.86266e+06,1.16005,1,1,86203,-0.000580026,8,80,100000,0,-0.000580026,8,-1.8e-08,7.99942,5e-12,0.00086221,7.99942,-2.08809,1,11,0,0,3.06187,0,2,2,7,0,0.0191409,0.000242572,0.0191409,0.000242572,-0.0354158,-0.054314,-0.0354158,-0.054314,0.787577,0.768678,0.787577,0.768678
replay,live_calm_thin,100000,24,hybrid,40,0,True,"coinbase>=1,000,000",prints+quotes,24,1.79116e+09,0.0112171,1.7999e+06,0.372798,4.61667,2.08809,hybrid,BTC-USD,buy,1.16005,100000,86203,0.00116005,2.22587e+06,1.16005,1,1,86203,-0.000580026,8,80,100000,0,-0.000580026,8,1.8e-08,7.99942,5e-12,0.00086221,7.99942,2.08809,1,4,0,0,7.04067,0,1,1,2,0,0.0933842,0.000149488,0.0933842,0.000149488,-0.0261012,-0.119337,-0.0261012,-0.119337,0.980218,0.886991,0.980218,0.886991
replay,live_calm_thin,100000,24,hybrid,40,0,True,"coinbase>=1,000,000",prints+quotes,24,1.79116e+09,0.0112171,1.7999e+06,0.372798,4.61667,2.08809,hybrid,BTC-USD,sell,1.16005,100000,86203,0.00116005,1.86266e+06,1.16005,1,1,86203,-0.000580026,8,80,100000,0,-0.000580026,8,-1.8e-08,7.99942,5e-12,0.00086221,7.99942,-2.08809,1,11,0,0,3.06187,0,2,2,7,0,0.0191409,0.000242572,0.0191409,0.000242572,-0.0354158,-0.054314,-0.0354158,-0.054314,0.787577,0.768678,0.787577,0.768678
replay,live_calm_deep,100000,25,aggressive,40,0,True,"coinbase>=1,000,000",prints+quotes,25,1.79116e+09,0.00815099,1.85249e+06,0.375442,4.23333,2.29816,aggressive,BTC-USD,buy,1.15981,100000,86221,0.00115981,2.00272e+06,1.15981,1,0,86224.4,0.389498,18,180.007,0,100004,0.389498,18.0007,0,18.3902,0,0,18.3902,2.29816,1,8,0,0,0.429549,0,0,0,0,0,0.389478,0,,,0.389478,0,,,2.10941,1.72,,
replay,live_calm_deep,100000,25,aggressive,40,0,True,"coinbase>=1,000,000",prints+quotes,25,1.79116e+09,0.00815099,1.85249e+06,0.375442,4.23333,2.29816,aggressive,BTC-USD,sell,1.15981,100000,86221,0.00115981,1.76838e+06,1.15981,1,0,86214.2,0.793319,18,179.986,0,99992.1,0.793319,17.9986,-0,18.7919,0,0,18.7919,-2.29816,1,9,0,0,0.429549,0,0,0,0,0,0.793399,0,,,0.793399,0,,,-0.926736,-1.72,,
replay,live_calm_deep,100000,25,passive,40,0,True,"coinbase>=1,000,000",prints+quotes,25,1.79116e+09,0.00815099,1.85249e+06,0.375442,4.23333,2.29816,passive,BTC-USD,buy,1.15981,100000,86221,0.00115981,2.00272e+06,1.15981,1,1,86225.9,0.570519,8,80.0046,100006,0,0.570519,8.00046,4.39981e-16,8.57097,0,0,8.57097,2.29816,2,26,0,1,24.0535,0,22,3,1,0,2.26427,1.26171,2.26427,1.26171,2.26422,1.26167,2.26422,1.26167,-0.0956103,-1.0984,-0.0956103,-1.0984
replay,live_calm_deep,100000,25,passive,40,0,True,"coinbase>=1,000,000",prints+quotes,25,1.79116e+09,0.00815099,1.85249e+06,0.375442,4.23333,2.29816,passive,BTC-USD,sell,1.15981,100000,86221,0.00115981,1.76838e+06,1.15981,1,1,86221.9,-0.101928,8,80.0008,100001,0,-0.101928,8.00008,-0,7.89815,0,0,7.89815,-2.29816,2,17,0,1,17.0017,0,6,8,3,0,0.824757,0.34582,0.824757,0.34582,0.824757,0.34582,0.824757,0.34582,0.57888,0.0999541,0.57888,0.0999541
replay,live_calm_deep,100000,25,hybrid,40,0,True,"coinbase>=1,000,000",prints+quotes,25,1.79116e+09,0.00815099,1.85249e+06,0.375442,4.23333,2.29816,hybrid,BTC-USD,buy,1.15981,100000,86221,0.00115981,2.00272e+06,1.15981,1,1,86225.9,0.570519,8,80.0046,100006,0,0.570519,8.00046,4.39981e-16,8.57097,0,0,8.57097,2.29816,2,26,0,1,24.0535,0,22,3,1,0,2.26427,1.26171,2.26427,1.26171,2.26422,1.26167,2.26422,1.26167,-0.0956103,-1.0984,-0.0956103,-1.0984
replay,live_calm_deep,100000,25,hybrid,40,0,True,"coinbase>=1,000,000",prints+quotes,25,1.79116e+09,0.00815099,1.85249e+06,0.375442,4.23333,2.29816,hybrid,BTC-USD,sell,1.15981,100000,86221,0.00115981,1.76838e+06,1.15981,1,1,86221.9,-0.101928,8,80.0008,100001,0,-0.101928,8.00008,-0,7.89815,0,0,7.89815,-2.29816,2,17,0,1,17.0017,0,6,8,3,0,0.824757,0.34582,0.824757,0.34582,0.824757,0.34582,0.824757,0.34582,0.57888,0.0999541,0.57888,0.0999541
replay,live_calm_thin,100000,26,aggressive,40,0,True,"coinbase>=1,000,000",prints+quotes,26,1.79116e+09,0.00378732,1.8397e+06,0.246614,4.48333,-0.618044,aggressive,BTC-USD,buy,1.15956,100000,86239.8,0.0220316,2.04024e+06,1.15956,1,0,86243.3,0.406572,18,180.007,0,100004,0.406572,18.0007,-5.33e-09,18.4073,5e-12,0.000862345,18.4073,-0.618044,1,9,0,0,0.176327,0,0,0,0,0,0.411188,0.00463823,,,0.151458,-0.255103,,,-0.786586,-1.19318,,
replay,live_calm_thin,100000,26,aggressive,40,0,True,"coinbase>=1,000,000",prints+quotes,26,1.79116e+09,0.00378732,1.8397e+06,0.246614,4.48333,-0.618044,aggressive,BTC-USD,sell,1.15956,100000,86239.8,0.0220316,1.9255e+06,1.15956,1,0,86233.6,0.71746,18,179.987,0,99992.8,0.71746,17.9987,5.33e-09,18.7162,5e-12,0.000862345,18.7162,0.618044,1,12,0,0,0.176327,0,0,0,0,0,0.712885,-0.00463823,,,0.972645,0.255103,,,1.91079,1.19318,,
replay,live_calm_thin,100000,26,passive,40,0,True,"coinbase>=1,000,000",prints+quotes,26,1.79116e+09,0.00378732,1.8397e+06,0.246614,4.48333,-0.618044,passive,BTC-USD,buy,1.15956,100000,86239.8,0.0220316,2.04024e+06,1.15956,1,1,86239.7,-0.00985624,8,79.9999,99999.9,0,-0.00985624,7.99999,-5.33e-09,7.99014,5e-12,0.000862345,7.99014,-0.618044,1,35,0,0,24.323,0,0,14,21,0,0.170222,0.00491739,0.170222,0.00491739,0.0136935,-0.151614,0.0136935,-0.151614,1.02246,0.857174,1.02246,0.857174
replay,live_calm_thin,100000,26,passive,40,0,True,"coinbase>=1,000,000",prints+quotes,26,1.79116e+09,0.00378732,1.8397e+06,0.246614,4.48333,-0.618044,passive,BTC-USD,sell,1.15956,100000,86239.8,0.0220316,1.9255e+06,1.15956,1,1,86239.9,-0.00985624,8,80.0001,100000,0,-0.00985624,8.00001,5.33e-09,7.99015,5e-12,0.000862345,7.99015,0.618044,1,7,0,0,3.16794,0,0,1,6,0,0.245095,0.0166686,0.245095,0.0166686,0.245246,0.0168201,0.245246,0.0168201,1.18333,0.95488,1.18333,0.95488
replay,live_calm_thin,100000,26,hybrid,40,0,True,"coinbase>=1,000,000",prints+quotes,26,1.79116e+09,0.00378732,1.8397e+06,0.246614,4.48333,-0.618044,hybrid,BTC-USD,buy,1.15956,100000,86239.8,0.0220316,2.04024e+06,1.15956,1,1,86239.7,-0.00985624,8,79.9999,99999.9,0,-0.00985624,7.99999,-5.33e-09,7.99014,5e-12,0.000862345,7.99014,-0.618044,1,35,0,0,24.323,0,0,14,21,0,0.170222,0.00491739,0.170222,0.00491739,0.0136935,-0.151614,0.0136935,-0.151614,1.02246,0.857174,1.02246,0.857174
replay,live_calm_thin,100000,26,hybrid,40,0,True,"coinbase>=1,000,000",prints+quotes,26,1.79116e+09,0.00378732,1.8397e+06,0.246614,4.48333,-0.618044,hybrid,BTC-USD,sell,1.15956,100000,86239.8,0.0220316,1.9255e+06,1.15956,1,1,86239.9,-0.00985624,8,80.0001,100000,0,-0.00985624,8.00001,5.33e-09,7.99015,5e-12,0.000862345,7.99015,0.618044,1,7,0,0,3.16794,0,0,1,6,0,0.245095,0.0166686,0.245095,0.0166686,0.245246,0.0168201,0.245246,0.0168201,1.18333,0.95488,1.18333,0.95488
replay,live_calm_thin,100000,27,aggressive,40,0,True,"coinbase>=1,000,000",prints+quotes,27,1.79116e+09,0.00653474,1.80768e+06,0.337175,3.93333,-1.10281,aggressive,BTC-USD,buy,1.15963,100000,86234.5,0.00115963,1.71953e+06,1.15963,1,0,86242.9,0.979752,18,180.018,0,100010,0.979752,18.0018,-0,18.9815,0,0,18.9815,-1.10281,1,10,0,0,0.266212,0,0,0,0,0,0.97965,0,,,1.302,0.322377,,,1.302,0.322377,,
replay,live_calm_thin,100000,27,aggressive,40,0,True,"coinbase>=1,000,000",prints+quotes,27,1.79116e+09,0.00653474,1.80768e+06,0.337175,3.93333,-1.10281,aggressive,BTC-USD,sell,1.15963,100000,86234.5,0.00115963,1.91591e+06,1.15963,1,0,86228.4,0.697752,18,179.987,0,99993,0.697752,17.9987,0,18.6965,0,0,18.6965,1.10281,1,9,0,0,0.266212,0,0,0,0,0,0.697806,0,,,0.375407,-0.322377,,,0.375407,-0.322377,,
replay,live_calm_thin,100000,27,passive,40,0,True,"coinbase>=1,000,000",prints+quotes,27,1.79116e+09,0.00653474,1.80768e+06,0.337175,3.93333,-1.10281,passive,BTC-USD,buy,1.15963,100000,86234.5,0.00115963,1.71953e+06,1.15963,1,1,86234.5,-0.000579815,8,80,100000,0,-0.000579815,8,-0,7.99942,0,0,7.99942,-1.10281,1,13,0,0,7.42585,0,0,3,10,0,0.321797,0,0.321797,0,0.321797,0,0.321797,0,0.21975,-0.102051,0.21975,-0.102051
replay,live_calm_thin,100000,27,passive,40,0,True,"coinbase>=1,000,000",prints+quotes,27,1.79116e+09,0.00653474,1.80768e+06,0.337175,3.93333,-1.10281,passive,BTC-USD,sell,1.15963,100000,86234.5,0.00115963,1.91591e+06,1.15963,1,1,86219.1,1.77779,8,79.9858,99982.2,0,1.77779,7.99858,-2.11164e-16,9.77637,0,0,9.77637,1.10281,2,8,0,1,49.4103,0,4,2,2,0,1.86378,0.362462,1.86378,0.362462,0.520312,-0.980803,0.520312,-0.980803,6.99013,5.48803,6.99013,5.48803
replay,live_calm_thin,100000,27,hybrid,40,0,True,"coinbase>=1,000,000",prints+quotes,27,1.79116e+09,0.00653474,1.80768e+06,0.337175,3.93333,-1.10281,hybrid,BTC-USD,buy,1.15963,100000,86234.5,0.00115963,1.71953e+06,1.15963,1,1,86234.5,-0.000579815,8,80,100000,0,-0.000579815,8,-0,7.99942,0,0,7.99942,-1.10281,1,13,0,0,7.42585,0,0,3,10,0,0.321797,0,0.321797,0,0.321797,0,0.321797,0,0.21975,-0.102051,0.21975,-0.102051
replay,live_calm_thin,100000,27,hybrid,40,0,True,"coinbase>=1,000,000",prints+quotes,27,1.79116e+09,0.00653474,1.80768e+06,0.337175,3.93333,-1.10281,hybrid,BTC-USD,sell,1.15963,100000,86234.5,0.00115963,1.91591e+06,1.15963,1,0.00803935,86208.5,3.01413,17.9196,179.142,803.936,99165.9,3.01413,17.9142,0,20.9283,0,0,20.9283,1.10281,3,14,0,2,42.2993,0,4,1,1,0,0.890486,-0.000604172,-0.0564041,-0.0751518,0.888343,-0.00274708,-0.322957,-0.341704,4.75733,3.86589,-0.262903,-0.281651
replay,live_volatile_deep,100000,28,aggressive,40,0,True,"coinbase>=1,000,000",prints+quotes,28,1.79116e+09,0.0153798,1.92399e+06,0.64214,4.56667,9.58887,aggressive,BTC-USD,buy,1.15976,100000,86225,0.00115976,1.61537e+06,1.15976,1,0,86232.3,0.848841,18,180.015,0,100008,0.848841,18.0015,1.83586e-15,18.8504,0,0,18.8504,9.58887,1,9,0,0,0.0797989,0,0,0,0,0,0.848763,0,,,-0.472088,-1.32096,,,-5.51312,-6.36243,,
replay,live_volatile_deep,100000,28,aggressive,40,0,True,"coinbase>=1,000,000",prints+quotes,28,1.79116e+09,0.0153798,1.92399e+06,0.64214,4.56667,9.58887,aggressive,BTC-USD,sell,1.15976,100000,86225,0.00115976,1.96694e+06,1.15976,1,0,86218.3,0.777098,18,179.986,0,99992.2,0.777098,17.9986,-0,18.7757,0,0,18.7757,-9.58887,1,10,0,0,0.0797989,0,0,0,0,0,0.777165,0,,,2.09823,1.32096,,,7.14009,6.36243,,
replay,live_volatile_deep,100000,28,passive,40,0,True,"coinbase>=1,000,000",prints+quotes,28,1.79116e+09,0.0153798,1.92399e+06,0.64214,4.56667,9.58887,passive,BTC-USD,buy,1.15976,100000,86225,0.00115976,1.61537e+06,1.15976,1,1,86236.3,1.32038,8,80.0106,100013,0,1.32038,8.00106,-1.83586e-15,9.32144,0,0,9.32144,9.58887,2,5,0,1,4.11634,0,0,2,3,0,0.0295339,-0.44587,0.0295339,-0.44587,-0.561828,-1.03726,-0.561828,-1.03726,-5.04138,-5.51702,-5.04138,-5.51702
replay,live_volatile_deep,100000,28,passive,40,0,True,"coinbase>=1,000,000",prints+quotes,28,1.79116e+09,0.0153798,1.92399e+06,0.64214,4.56667,9.58887,passive,BTC-USD,sell,1.15976,100000,86225,0.00115976,1.96694e+06,1.15976,1,1,86226.8,-0.217634,8,80.0017,100002,0,-0.217634,8.00017,-0,7.78254,0,0,7.78254,-9.58887,3,9,0,2,5.46264,0,3,4,2,0,1.1624,0.153984,1.1624,0.153984,1.77935,0.770879,1.77935,0.770879,6.14564,5.13672,6.14564,5.13672
replay,live_volatile_deep,100000,28,hybrid,40,0,True,"coinbase>=1,000,000",prints+quotes,28,1.79116e+09,0.0153798,1.92399e+06,0.64214,4.56667,9.58887,hybrid,BTC-USD,buy,1.15976,100000,86225,0.00115976,1.61537e+06,1.15976,1,1,86236.3,1.32038,8,80.0106,100013,0,1.32038,8.00106,-1.83586e-15,9.32144,0,0,9.32144,9.58887,2,5,0,1,4.11634,0,0,2,3,0,0.0295339,-0.44587,0.0295339,-0.44587,-0.561828,-1.03726,-0.561828,-1.03726,-5.04138,-5.51702,-5.04138,-5.51702
replay,live_volatile_deep,100000,28,hybrid,40,0,True,"coinbase>=1,000,000",prints+quotes,28,1.79116e+09,0.0153798,1.92399e+06,0.64214,4.56667,9.58887,hybrid,BTC-USD,sell,1.15976,100000,86225,0.00115976,1.96694e+06,1.15976,1,1,86226.8,-0.217634,8,80.0017,100002,0,-0.217634,8.00017,-0,7.78254,0,0,7.78254,-9.58887,3,9,0,2,5.46264,0,3,4,2,0,1.1624,0.153984,1.1624,0.153984,1.77935,0.770879,1.77935,0.770879,6.14564,5.13672,6.14564,5.13672
replay,live_calm_thin,100000,0,aggressive,40,0,True,"coinbase>=1,000,000",prints+quotes,100,1.79116e+09,0.358385,1.02802e+06,0.55548,1.3,4.99443,aggressive,ETH-USD,buy,36.7237,100000,2723.03,1.06499,907262,36.7237,1,0,2723.47,1.60569,18,180.029,0,100016,1.60569,18.0029,0,19.6086,0,0,19.6086,4.99443,1,12,0,0,0.24531,0,0,0,0,0,1.69719,0.0918093,,,1.4218,-0.183619,,,-2.13983,-3.74582,,
replay,live_calm_thin,100000,0,aggressive,40,0,True,"coinbase>=1,000,000",prints+quotes,100,1.79116e+09,0.358385,1.02802e+06,0.55548,1.3,4.99443,aggressive,ETH-USD,sell,36.7237,100000,2723.03,1.06499,1.3713e+06,36.7237,1,0,2722.69,1.28382,18,179.977,0,99987.2,1.28382,17.9977,-0,19.2815,0,0,19.2815,-4.99443,1,16,0,0,0.24531,0,0,0,0,0,1.1922,-0.0918093,,,1.46766,0.183619,,,5.03032,3.74582,,
replay,live_calm_thin,100000,0,passive,40,0,True,"coinbase>=1,000,000",prints+quotes,100,1.79116e+09,0.358385,1.02802e+06,0.55548,1.3,4.99443,passive,ETH-USD,buy,36.7237,100000,2723.03,1.06499,907262,36.7237,1,1,2723.12,0.312152,8,80.0025,100003,0,0.312152,8.00025,0,8.3124,0,0,8.3124,4.99443,3,5,0,2,4.75546,0,0,1,4,0,0.128529,0.000361063,0.128529,0.000361063,-0.044033,-0.172203,-0.044033,-0.172203,-2.71148,-2.83969,-2.71148,-2.83969
replay,live_calm_thin,100000,0,passive,40,0,True,"coinbase>=1,000,000",prints+quotes,100,1.79116e+09,0.358385,1.02802e+06,0.55548,1.3,4.99443,passive,ETH-USD,sell,36.7237,100000,2723.03,1.06499,1.3713e+06,36.7237,1,1,2723.22,-0.689124,8,80.0055,100007,0,-0.689124,8.00055,-0,7.31143,0,0,7.31143,-4.99443,5,19,0,4,21.4149,0,1,4,14,0,1.05977,0.695127,1.05977,0.695127,1.28656,0.921916,1.28656,0.921916,4.78515,4.4204,4.78515,4.4204
replay,live_calm_thin,100000,0,hybrid,40,0,True,"coinbase>=1,000,000",prints+quotes,100,1.79116e+09,0.358385,1.02802e+06,0.55548,1.3,4.99443,hybrid,ETH-USD,buy,36.7237,100000,2723.03,1.06499,907262,36.7237,1,1,2723.12,0.312152,8,80.0025,100003,0,0.312152,8.00025,0,8.3124,0,0,8.3124,4.99443,3,5,0,2,4.75546,0,0,1,4,0,0.128529,0.000361063,0.128529,0.000361063,-0.044033,-0.172203,-0.044033,-0.172203,-2.71148,-2.83969,-2.71148,-2.83969
replay,live_calm_thin,100000,0,hybrid,40,0,True,"coinbase>=1,000,000",prints+quotes,100,1.79116e+09,0.358385,1.02802e+06,0.55548,1.3,4.99443,hybrid,ETH-USD,sell,36.7237,100000,2723.03,1.06499,1.3713e+06,36.7237,1,1,2723.22,-0.689124,8,80.0055,100007,0,-0.689124,8.00055,-0,7.31143,0,0,7.31143,-4.99443,5,19,0,4,21.4149,0,1,4,14,0,1.05977,0.695127,1.05977,0.695127,1.28656,0.921916,1.28656,0.921916,4.78515,4.4204,4.78515,4.4204
replay,live_calm_thin,100000,1,aggressive,40,0,True,"coinbase>=1,000,000",prints+quotes,101,1.79116e+09,0.36538,1.00183e+06,0.598851,1.26667,-4.69791,aggressive,ETH-USD,buy,36.7024,100000,2724.61,0.770751,735052,36.7024,1,0,2725.03,1.53948,18,180.028,0,100015,1.53948,18.0028,-0,19.5422,0,0,19.5422,-4.69791,1,17,0,0,0.295484,0,0,0,0,0,1.35574,-0.183512,,,-0.112128,-1.65161,,,5.70431,4.16573,,
replay,live_calm_thin,100000,1,aggressive,40,0,True,"coinbase>=1,000,000",prints+quotes,101,1.79116e+09,0.36538,1.00183e+06,0.598851,1.26667,-4.69791,aggressive,ETH-USD,sell,36.7024,100000,2724.61,0.770751,937291,36.7024,1,0,2724.17,1.64239,18,179.97,0,99983.6,1.64239,17.997,0,19.6394,0,0,19.6394,4.69791,1,11,0,0,0.295484,0,0,0,0,0,1.82621,0.183512,,,3.29455,1.65161,,,-2.52374,-4.16573,,
replay,live_calm_thin,100000,1,passive,40,0,True,"coinbase>=1,000,000",prints+quotes,101,1.79116e+09,0.36538,1.00183e+06,0.598851,1.26667,-4.69791,passive,ETH-USD,buy,36.7024,100000,2724.61,0.770751,735052,36.7024,1,1,2724.95,1.23716,8,80.0099,100012,0,1.23716,8.00099,-1.28e-09,9.23815,5e-12,2.72334e-05,9.23815,-4.69791,8,11,0,7,14.0358,0,3,2,6,0,0.481027,0.202886,0.481027,0.202886,1.7839,1.50581,1.7839,1.50581,5.31429,5.03629,5.31429,5.03629
replay,live_calm_thin,100000,1,passive,40,0,True,"coinbase>=1,000,000",prints+quotes,101,1.79116e+09,0.36538,1.00183e+06,0.598851,1.26667,-4.69791,passive,ETH-USD,sell,36.7024,100000,2724.61,0.770751,937291,36.7024,1,1,2724.34,1.02684,8,79.9918,99989.7,0,1.02684,7.99918,1.28e-09,9.02602,5e-12,2.72333e-05,9.02602,4.69791,14,24,0,13,39.9539,0,0,14,10,0,0.678202,-0.467916,0.678202,-0.467916,0.391602,-0.754519,0.391602,-0.754519,-3.813,-4.95847,-3.813,-4.95847
replay,live_calm_thin,100000,1,hybrid,40,0,True,"coinbase>=1,000,000",prints+quotes,101,1.79116e+09,0.36538,1.00183e+06,0.598851,1.26667,-4.69791,hybrid,ETH-USD,buy,36.7024,100000,2724.61,0.770751,735052,36.7024,1,1,2724.95,1.23716,8,80.0099,100012,0,1.23716,8.00099,-1.28e-09,9.23815,5e-12,2.72334e-05,9.23815,-4.69791,8,11,0,7,14.0358,0,3,2,6,0,0.481027,0.202886,0.481027,0.202886,1.7839,1.50581,1.7839,1.50581,5.31429,5.03629,5.31429,5.03629
replay,live_calm_thin,100000,1,hybrid,40,0,True,"coinbase>=1,000,000",prints+quotes,101,1.79116e+09,0.36538,1.00183e+06,0.598851,1.26667,-4.69791,hybrid,ETH-USD,sell,36.7024,100000,2724.61,0.770751,937291,36.7024,1,1,2724.34,1.02684,8,79.9918,99989.7,0,1.02684,7.99918,1.28e-09,9.02602,5e-12,2.72333e-05,9.02602,4.69791,14,24,0,13,39.9539,0,0,14,10,0,0.678202,-0.467916,0.678202,-0.467916,0.391602,-0.754519,0.391602,-0.754519,-3.813,-4.95847,-3.813,-4.95847
replay,live_volatile_deep,100000,2,aggressive,40,0,True,"coinbase>=1,000,000",prints+quotes,102,1.79116e+09,0.186588,1.03906e+06,0.626911,1.83333,4.35128,aggressive,ETH-USD,buy,36.7197,100000,2723.34,0.0367197,1.02865e+06,36.7197,1,0,2723.56,0.808404,18,180.015,0,100008,0.808404,18.0015,0,18.8099,0,0,18.8099,4.35128,1,14,0,0,0.252811,0,0,0,0,0,0.808328,0,,,0.331011,-0.477356,,,2.75431,1.94614,,
replay,live_volatile_deep,100000,2,aggressive,40,0,True,"coinbase>=1,000,000",prints+quotes,102,1.79116e+09,0.186588,1.03906e+06,0.626911,1.83333,4.35128,aggressive,ETH-USD,sell,36.7197,100000,2723.34,0.0367197,1.10417e+06,36.7197,1,0,2723.01,1.2029,18,179.978,0,99988,1.2029,17.9978,-0,19.2007,0,0,19.2007,-4.35128,1,15,0,0,0.252811,0,0,0,0,0,1.20306,0,,,1.68047,0.477356,,,-0.74332,-1.94614,,
replay,live_volatile_deep,100000,2,passive,40,0,True,"coinbase>=1,000,000",prints+quotes,102,1.79116e+09,0.186588,1.03906e+06,0.626911,1.83333,4.35128,passive,ETH-USD,buy,36.7197,100000,2723.34,0.0367197,1.02865e+06,36.7197,1,1,2723.18,-0.56308,8,79.9955,99994.4,0,-0.56308,7.99955,8.41993e-16,7.43647,0,0,7.43647,4.35128,2,18,0,1,13.3899,0,2,6,10,0,1.24212,0.426455,1.24212,0.426455,1.42572,0.610067,1.42572,0.610067,-1.52122,-2.33711,-1.52122,-2.33711
replay,live_volatile_deep,100000,2,passive,40,0,True,"coinbase>=1,000,000",prints+quotes,102,1.79116e+09,0.186588,1.03906e+06,0.626911,1.83333,4.35128,passive,ETH-USD,sell,36.7197,100000,2723.34,0.0367197,1.10417e+06,36.7197,1,1,2723.34,-0.0183598,8,80.0001,100000,0,-0.0183598,8.00001,-0,7.98165,0,0,7.98165,-4.35128,1,5,0,0,2.67523,0,0,0,5,0,0.23078,0.0269755,0.23078,0.0269755,0.095583,-0.108218,0.095583,-0.108218,-1.01594,-1.21972,-1.01594,-1.21972
replay,live_volatile_deep,100000,2,hybrid,40,0,True,"coinbase>=1,000,000",prints+quotes,102,1.79116e+09,0.186588,1.03906e+06,0.626911,1.83333,4.35128,hybrid,ETH-USD,buy,36.7197,100000,2723.34,0.0367197,1.02865e+06,36.7197,1,1,2723.18,-0.56308,8,79.9955,99994.4,0,-0.56308,7.99955,8.41993e-16,7.43647,0,0,7.43647,4.35128,2,18,0,1,13.3899,0,2,6,10,0,1.24212,0.426455,1.24212,0.426455,1.42572,0.610067,1.42572,0.610067,-1.52122,-2.33711,-1.52122,-2.33711
replay,live_volatile_deep,100000,2,hybrid,40,0,True,"coinbase>=1,000,000",prints+quotes,102,1.79116e+09,0.186588,1.03906e+06,0.626911,1.83333,4.35128,hybrid,ETH-USD,sell,36.7197,100000,2723.34,0.0367197,1.10417e+06,36.7197,1,1,2723.34,-0.0183598,8,80.0001,100000,0,-0.0183598,8.00001,-0,7.98165,0,0,7.98165,-4.35128,1,5,0,0,2.67523,0,0,0,5,0,0.23078,0.0269755,0.23078,0.0269755,0.095583,-0.108218,0.095583,-0.108218,-1.01594,-1.21972,-1.01594,-1.21972
replay,live_volatile_thin,100000,3,aggressive,40,0,True,"coinbase>=1,000,000",prints+quotes,103,1.79116e+09,0.256636,917198,0.629256,1.53333,5.78071,aggressive,ETH-USD,buy,36.7029,100000,2724.58,0.367029,785582,36.7029,1,0,2724.92,1.24128,18,180.022,0,100012,1.24128,18.0022,0,19.2435,0,0,19.2435,5.78071,1,13,0,0,0.264297,0,0,0,0,0,1.07598,-0.165163,,,2.17693,0.935924,,,-3.54802,-4.78973,,
replay,live_volatile_thin,100000,3,aggressive,40,0,True,"coinbase>=1,000,000",prints+quotes,103,1.79116e+09,0.256636,917198,0.629256,1.53333,5.78071,aggressive,ETH-USD,sell,36.7029,100000,2724.58,0.367029,973162,36.7029,1,0,2724.27,1.14598,18,179.979,0,99988.5,1.14598,17.9979,-0,19.1439,0,0,19.1439,-5.78071,1,13,0,0,0.264297,0,0,0,0,0,1.31132,0.165163,,,0.210103,-0.935924,,,5.93641,4.78973,,
replay,live_volatile_thin,100000,3,passive,40,0,True,"coinbase>=1,000,000",prints+quotes,103,1.79116e+09,0.256636,917198,0.629256,1.53333,5.78071,passive,ETH-USD,buy,36.7029,100000,2724.58,0.367029,785582,36.7029,1,1,2724.96,1.38222,8,80.0111,100014,0,1.38222,8.00111,0,9.38332,0,0,9.38332,5.78071,6,13,0,5,14.2072,0,0,6,7,0,0.650602,0.284199,0.650602,0.284199,-0.946573,-1.31305,-0.946573,-1.31305,-4.0647,-4.4313,-4.0647,-4.4313
replay,live_volatile_thin,100000,3,passive,40,0,True,"coinbase>=1,000,000",prints+quotes,103,1.79116e+09,0.256636,917198,0.629256,1.53333,5.78071,passive,ETH-USD,sell,36.7029,100000,2724.58,0.367029,973162,36.7029,1,1,2724.56,0.0863831,8,79.9993,99999.1,0,0.0863831,7.99993,-0,8.08631,0,0,8.08631,-5.78071,5,23,0,4,9.59718,0,0,18,5,0,1.88566,0.737817,1.88566,0.737817,3.97251,2.82445,3.97251,2.82445,5.5988,4.45054,5.5988,4.45054
replay,live_volatile_thin,100000,3,hybrid,40,0,True,"coinbase>=1,000,000",prints+quotes,103,1.79116e+09,0.256636,917198,0.629256,1.53333,5.78071,hybrid,ETH-USD,buy,36.7029,100000,2724.58,0.367029,785582,36.7029,1,1,2724.96,1.38222,8,80.0111,100014,0,1.38222,8.00111,0,9.38332,0,0,9.38332,5.78071,6,13,0,5,14.2072,0,0,6,7,0,0.650602,0.284199,0.650602,0.284199,-0.946573,-1.31305,-0.946573,-1.31305,-4.0647,-4.4313,-4.0647,-4.4313
replay,live_volatile_thin,100000,3,hybrid,40,0,True,"coinbase>=1,000,000",prints+quotes,103,1.79116e+09,0.256636,917198,0.629256,1.53333,5.78071,hybrid,ETH-USD,sell,36.7029,100000,2724.58,0.367029,973162,36.7029,1,1,2724.56,0.0863831,8,79.9993,99999.1,0,0.0863831,7.99993,-0,8.08631,0,0,8.08631,-5.78071,5,23,0,4,9.59718,0,0,18,5,0,1.88566,0.737817,1.88566,0.737817,3.97251,2.82445,3.97251,2.82445,5.5988,4.45054,5.5988,4.45054
replay,live_calm_deep,100000,4,aggressive,40,0,True,"coinbase>=1,000,000",prints+quotes,104,1.79116e+09,0.252671,1.04415e+06,0.585852,1.85,-14.3067,aggressive,ETH-USD,buy,36.6837,100000,2726.01,0.0366837,911618,36.6837,1,0,2726.28,1.02438,18,180.018,0,100010,1.02438,18.0018,2.77112e-15,19.0262,0,0,19.0262,-14.3067,1,12,0,0,0.204126,0,0,0,0,0,2.27134,1.24725,,,5.07736,4.05355,,,9.82742,8.80409,,
replay,live_calm_deep,100000,4,aggressive,40,0,True,"coinbase>=1,000,000",prints+quotes,104,1.79116e+09,0.252671,1.04415e+06,0.585852,1.85,-14.3067,aggressive,ETH-USD,sell,36.6837,100000,2726.01,0.0366837,785324,36.6837,1,0,2725.62,1.40908,18,179.975,0,99985.9,1.40908,17.9975,0,19.4065,0,0,19.4065,14.3067,1,9,0,0,0.204126,0,0,0,0,0,0.161857,-1.24725,,,-2.64484,-4.05355,,,-7.39605,-8.80409,,
replay,live_calm_deep,100000,4,passive,40,0,True,"coinbase>=1,000,000",prints+quotes,104,1.79116e+09,0.252671,1.04415e+06,0.585852,1.85,-14.3067,passive,ETH-USD,buy,36.6837,100000,2726.01,0.0366837,911618,36.6837,1,1,2725.81,-0.727388,8,79.9942,99992.7,0,-0.727388,7.99942,-0,7.27203,0,0,7.27203,-14.3067,2,7,0,1,2.22348,0,1,2,4,0,1.15127,0.792991,1.15127,0.792991,3.38146,3.02327,3.38146,3.02327,8.51722,8.15921,8.51722,8.15921
replay,live_calm_deep,100000,4,passive,40,0,True,"coinbase>=1,000,000",prints+quotes,104,1.79116e+09,0.252671,1.04415e+06,0.585852,1.85,-14.3067,passive,ETH-USD,sell,36.6837,100000,2726.01,0.0366837,785324,36.6837,1,1,2722.97,11.1514,8,79.9108,99888.5,0,11.1514,7.99108,2.77112e-15,19.1424,0,0,19.1424,14.3067,19,21,0,18,46.0438,0,2,6,13,0,0.42482,-0.0973855,0.42482,-0.0973855,-0.0167256,-0.538896,-0.0167256,-0.538896,-0.661853,-1.18396,-0.661853,-1.18396
replay,live_calm_deep,100000,4,hybrid,40,0,True,"coinbase>=1,000,000",prints+quotes,104,1.79116e+09,0.252671,1.04415e+06,0.585852,1.85,-14.3067,hybrid,ETH-USD,buy,36.6837,100000,2726.01,0.0366837,911618,36.6837,1,1,2725.81,-0.727388,8,79.9942,99992.7,0,-0.727388,7.99942,-0,7.27203,0,0,7.27203,-14.3067,2,7,0,1,2.22348,0,1,2,4,0,1.15127,0.792991,1.15127,0.792991,3.38146,3.02327,3.38146,3.02327,8.51722,8.15921,8.51722,8.15921
replay,live_calm_deep,100000,4,hybrid,40,0,True,"coinbase>=1,000,000",prints+quotes,104,1.79116e+09,0.252671,1.04415e+06,0.585852,1.85,-14.3067,hybrid,ETH-USD,sell,36.6837,100000,2726.01,0.0366837,785324,36.6837,1,0.715378,2722.9,11.3823,10.846,108.336,71459,28427.2,11.3823,10.8336,0,22.2159,0,0,22.2159,14.3067,17,26,0,16,42.4807,0,2,6,11,0,0.96379,0.234093,0.798688,0.195726,0.173561,-0.556067,0.139753,-0.463158,-0.430606,-1.16017,-0.748628,-1.35145
replay,live_volatile_thin,100000,5,aggressive,40,0,True,"coinbase>=1,000,000",prints+quotes,105,1.79116e+09,0.237232,953110,0.641681,1.28333,4.77572,aggressive,ETH-USD,buy,36.7363,100000,2722.11,0.257154,970062,36.7363,1,0,2722.5,1.45676,18,180.026,0,100015,1.45676,18.0026,0,19.4594,0,0,19.4594,4.77572,1,14,0,0,0.195712,0,0,0,0,0,1.19942,-0.257154,,,-0.416745,-1.87355,,,-1.05954,-2.51643,,
replay,live_volatile_thin,100000,5,aggressive,40,0,True,"coinbase>=1,000,000",prints+quotes,105,1.79116e+09,0.237232,953110,0.641681,1.28333,4.77572,aggressive,ETH-USD,sell,36.7363,100000,2722.11,0.257154,942075,36.7363,1,0,2721.74,1.33304,18,179.976,0,99986.7,1.33304,17.9976,-0,19.3306,0,0,19.3306,-4.77572,1,13,0,0,0.195712,0,0,0,0,0,1.59044,0.257154,,,3.20705,1.87355,,,3.85002,2.51643,,
replay,live_volatile_thin,100000,5,passive,40,0,True,"coinbase>=1,000,000",prints+quotes,105,1.79116e+09,0.237232,953110,0.641681,1.28333,4.77572,passive,ETH-USD,buy,36.7363,100000,2722.11,0.257154,970062,36.7363,1,1,2722.89,2.86568,8,80.0229,100029,0,2.86568,8.00229,0,10.868,0,0,10.868,4.77572,5,7,0,4,19.8723,0,0,1,6,0,1.08073,0.274434,1.08073,0.274434,0.0854433,-0.721015,0.0854433,-0.721015,0.294449,-0.511966,0.294449,-0.511966
replay,live_volatile_thin,100000,5,passive,40,0,True,"coinbase>=1,000,000",prints+quotes,105,1.79116e+09,0.237232,953110,0.641681,1.28333,4.77572,passive,ETH-USD,sell,36.7363,100000,2722.11,0.257154,942075,36.7363,1,1,2722.23,-0.46013,8,80.0037,100005,0,-0.46013,8.00037,-1.3e-09,7.54024,5e-12,2.7234e-05,7.54024,-4.77572,2,5,0,1,2.63922,0,0,1,4,0,0.8539,0.12436,0.8539,0.12436,2.70827,1.97859,2.70827,1.97859,1.94185,1.21223,1.94185,1.21223
replay,live_volatile_thin,100000,5,hybrid,40,0,True,"coinbase>=1,000,000",prints+quotes,105,1.79116e+09,0.237232,953110,0.641681,1.28333,4.77572,hybrid,ETH-USD,buy,36.7363,100000,2722.11,0.257154,970062,36.7363,1,1,2722.89,2.86568,8,80.0229,100029,0,2.86568,8.00229,0,10.868,0,0,10.868,4.77572,5,7,0,4,19.8723,0,0,1,6,0,1.08073,0.274434,1.08073,0.274434,0.0854433,-0.721015,0.0854433,-0.721015,0.294449,-0.511966,0.294449,-0.511966
replay,live_volatile_thin,100000,5,hybrid,40,0,True,"coinbase>=1,000,000",prints+quotes,105,1.79116e+09,0.237232,953110,0.641681,1.28333,4.77572,hybrid,ETH-USD,sell,36.7363,100000,2722.11,0.257154,942075,36.7363,1,1,2722.23,-0.46013,8,80.0037,100005,0,-0.46013,8.00037,-1.3e-09,7.54024,5e-12,2.7234e-05,7.54024,-4.77572,2,5,0,1,2.63922,0,0,1,4,0,0.8539,0.12436,0.8539,0.12436,2.70827,1.97859,2.70827,1.97859,1.94185,1.21223,1.94185,1.21223
replay,live_volatile_thin,100000,6,aggressive,40,0,True,"coinbase>=1,000,000",prints+quotes,106,1.79116e+09,0.223051,913400,0.712183,1.5,2.05625,aggressive,ETH-USD,buy,36.7187,100000,2723.4,0.0367187,999679,36.7187,1,0,2723.64,0.850215,18,180.015,0,100009,0.850215,18.0015,0,18.8517,0,0,18.8517,2.05625,1,12,0,0,0.0556669,0,0,0,0,0,-2.78472,-3.63516,,,-2.69293,-3.54336,,,-0.875508,-1.72578,,
replay,live_volatile_thin,100000,6,aggressive,40,0,True,"coinbase>=1,000,000",prints+quotes,106,1.79116e+09,0.223051,913400,0.712183,1.5,2.05625,aggressive,ETH-USD,sell,36.7187,100000,2723.4,0.0367187,943151,36.7187,1,0,2723.06,1.27105,18,179.977,0,99987.3,1.27105,17.9977,-0,19.2688,0,0,19.2688,-2.05625,1,17,0,0,0.0556669,0,0,0,0,0,4.90686,3.63516,,,4.81506,3.54336,,,2.99725,1.72578,,
replay,live_volatile_thin,100000,6,passive,40,0,True,"coinbase>=1,000,000",prints+quotes,106,1.79116e+09,0.223051,913400,0.712183,1.5,2.05625,passive,ETH-USD,buy,36.7187,100000,2723.4,0.0367187,999679,36.7187,1,1,2724.51,4.05082,8,80.0324,100041,0,4.05082,8.00324,1.12e-09,12.0541,1e-11,5.44794e-05,12.0541,2.05625,11,17,0,10,16.2706,0,5,9,3,0,1.4735,0.788377,1.4735,0.788377,1.96528,1.28019,1.96528,1.28019,2.08657,1.40149,2.08657,1.40149
replay,live_volatile_thin,100000,6,passive,40,0,True,"coinbase>=1,000,000",prints+quotes,106,1.79116e+09,0.223051,913400,0.712183,1.5,2.05625,passive,ETH-USD,sell,36.7187,100000,2723.4,0.0367187,943151,36.7187,1,1,2723.41,-0.0183594,8,80.0001,100000,0,-0.0183594,8.00001,-0,7.98166,0,0,7.98166,-2.05625,1,6,0,0,0.629097,0,0,4,2,0,3.79194,2.16453,3.79194,2.16453,3.45121,1.82387,3.45121,1.82387,1.70742,0.0803558,1.70742,0.0803558
replay,live_volatile_thin,100000,6,hybrid,40,0,True,"coinbase>=1,000,000",prints+quotes,106,1.79116e+09,0.223051,913400,0.712183,1.5,2.05625,hybrid,ETH-USD,buy,36.7187,100000,2723.4,0.0367187,999679,36.7187,1,1,2724.51,4.05082,8,80.0324,100041,0,4.05082,8.00324,1.12e-09,12.0541,1e-11,5.44794e-05,12.0541,2.05625,11,17,0,10,16.2706,0,5,9,3,0,1.4735,0.788377,1.4735,0.788377,1.96528,1.28019,1.96528,1.28019,2.08657,1.40149,2.08657,1.40149
replay,live_volatile_thin,100000,6,hybrid,40,0,True,"coinbase>=1,000,000",prints+quotes,106,1.79116e+09,0.223051,913400,0.712183,1.5,2.05625,hybrid,ETH-USD,sell,36.7187,100000,2723.4,0.0367187,943151,36.7187,1,1,2723.41,-0.0183594,8,80.0001,100000,0,-0.0183594,8.00001,-0,7.98166,0,0,7.98166,-2.05625,1,6,0,0,0.629097,0,0,4,2,0,3.79194,2.16453,3.79194,2.16453,3.45121,1.82387,3.45121,1.82387,1.70742,0.0803558,1.70742,0.0803558
replay,live_volatile_thin,100000,7,aggressive,40,0,True,"coinbase>=1,000,000",prints+quotes,107,1.79116e+09,0.121518,929151,0.611711,1.38333,11.5463,aggressive,ETH-USD,buy,36.7132,100000,2723.82,0.0367132,823508,36.7132,1,0,2724.19,1.35973,18,180.024,0,100014,1.35973,18.0024,0,19.3622,0,0,19.3622,11.5463,1,11,0,0,0.228809,0,0,0,0,0,1.35952,0,,,1.32282,-0.0367132,,,-4.44038,-5.80069,,
replay,live_volatile_thin,100000,7,aggressive,40,0,True,"coinbase>=1,000,000",prints+quotes,107,1.79116e+09,0.121518,929151,0.611711,1.38333,11.5463,aggressive,ETH-USD,sell,36.7132,100000,2723.82,0.0367132,980168,36.7132,1,0,2723.56,0.952614,18,179.983,0,99990.5,0.952614,17.9983,-0,18.9509,0,0,18.9509,-11.5463,1,18,0,0,0.228809,0,0,0,0,0,0.952729,0,,,0.989446,0.0367132,,,6.75397,5.80069,,
replay,live_volatile_thin,100000,7,passive,40,0,True,"coinbase>=1,000,000",prints+quotes,107,1.79116e+09,0.121518,929151,0.611711,1.38333,11.5463,passive,ETH-USD,buy,36.7132,100000,2723.82,0.0367132,823508,36.7132,1,1,2723.81,-0.0183566,8,79.9999,99999.8,0,-0.0183566,7.99999,0,7.98163,0,0,7.98163,11.5463,1,11,0,0,11.101,0,0,0,11,0,0.0917832,0,0.0917832,0,-0.157759,-0.249545,-0.157759,-0.249545,-8.02185,-8.11371,-8.02185,-8.11371
replay,live_volatile_thin,100000,7,passive,40,0,True,"coinbase>=1,000,000",prints+quotes,107,1.79116e+09,0.121518,929151,0.611711,1.38333,11.5463,passive,ETH-USD,sell,36.7132,100000,2723.82,0.0367132,980168,36.7132,1,1,2724.28,-1.71642,8,80.0137,100017,0,-1.71642,8.00137,-0,6.28495,0,0,6.28495,-11.5463,8,9,0,7,20.303,0,0,4,5,0,0.796859,0.201514,0.796859,0.201514,0.0409549,-0.554341,0.0409549,-0.554341,8.176,7.58021,8.176,7.58021
replay,live_volatile_thin,100000,7,hybrid,40,0,True,"coinbase>=1,000,000",prints+quotes,107,1.79116e+09,0.121518,929151,0.611711,1.38333,11.5463,hybrid,ETH-USD,buy,36.7132,100000,2723.82,0.0367132,823508,36.7132,1,1,2723.81,-0.0183566,8,79.9999,99999.8,0,-0.0183566,7.99999,0,7.98163,0,0,7.98163,11.5463,1,11,0,0,11.101,0,0,0,11,0,0.0917832,0,0.0917832,0,-0.157759,-0.249545,-0.157759,-0.249545,-8.02185,-8.11371,-8.02185,-8.11371
replay,live_volatile_thin,100000,7,hybrid,40,0,True,"coinbase>=1,000,000",prints+quotes,107,1.79116e+09,0.121518,929151,0.611711,1.38333,11.5463,hybrid,ETH-USD,sell,36.7132,100000,2723.82,0.0367132,980168,36.7132,1,1,2724.28,-1.71642,8,80.0137,100017,0,-1.71642,8.00137,-0,6.28495,0,0,6.28495,-11.5463,8,9,0,7,20.303,0,0,4,5,0,0.796859,0.201514,0.796859,0.201514,0.0409549,-0.554341,0.0409549,-0.554341,8.176,7.58021,8.176,7.58021
replay,live_volatile_thin,100000,8,aggressive,40,0,True,"coinbase>=1,000,000",prints+quotes,108,1.79116e+09,0.362939,953611,0.888819,1.75,1.96189,aggressive,ETH-USD,buy,36.6709,100000,2726.96,0.146683,890375,36.6709,1,0,2727.25,1.06242,18,180.019,0,100011,1.06242,18.0019,1.07e-09,19.0643,1e-11,5.455e-05,19.0643,1.96189,1,16,0,0,0.221961,0,0,0,0,0,2.07064,1.00845,,,1.85064,0.788424,,,-0.569383,-1.63185,,
replay,live_volatile_thin,100000,8,aggressive,40,0,True,"coinbase>=1,000,000",prints+quotes,108,1.79116e+09,0.362939,953611,0.888819,1.75,1.96189,aggressive,ETH-USD,sell,36.6709,100000,2726.96,0.146683,1.00675e+06,36.6709,1,0,2726.76,0.716666,18,179.987,0,99992.8,0.716666,17.9987,-1.07e-09,18.7154,1e-11,5.45498e-05,18.7154,-1.96189,1,6,0,0,0.221961,0,0,0,0,0,-0.291792,-1.00845,,,-0.0717514,-0.788424,,,2.3487,1.63185,,
replay,live_volatile_thin,100000,8,passive,40,0,True,"coinbase>=1,000,000",prints+quotes,108,1.79116e+09,0.362939,953611,0.888819,1.75,1.96189,passive,ETH-USD,buy,36.6709,100000,2726.96,0.146683,890375,36.6709,1,1,2726.64,-1.19092,8,79.9905,99988.1,0,-1.19092,7.99905,5.35e-10,6.80813,5e-12,2.7275e-05,6.80813,1.96189,3,11,0,2,8.5552,0,0,0,11,0,0.398271,0.0141556,0.398271,0.0141556,1.42691,1.04282,1.42691,1.04282,-1.47266,-1.85685,-1.47266,-1.85685
replay,live_volatile_thin,100000,8,passive,40,0,True,"coinbase>=1,000,000",prints+quotes,108,1.79116e+09,0.362939,953611,0.888819,1.75,1.96189,passive,ETH-USD,sell,36.6709,100000,2726.96,0.146683,1.00675e+06,36.6709,1,1,2726.6,1.32015,8,79.9894,99986.8,0,1.32015,7.99894,-1.07e-09,9.3191,1e-11,5.45498e-05,9.3191,-1.96189,3,2,0,2,4.97089,0,0,0,2,0,0.531798,0.0595761,0.531798,0.0595761,-2.60467,-3.07675,-2.60467,-3.07675,0.526535,0.0543151,0.526535,0.0543151
replay,live_volatile_thin,100000,8,hybrid,40,0,True,"coinbase>=1,000,000",prints+quotes,108,1.79116e+09,0.362939,953611,0.888819,1.75,1.96189,hybrid,ETH-USD,buy,36.6709,100000,2726.96,0.146683,890375,36.6709,1,1,2726.64,-1.19092,8,79.9905,99988.1,0,-1.19092,7.99905,5.35e-10,6.80813,5e-12,2.7275e-05,6.80813,1.96189,3,11,0,2,8.5552,0,0,0,11,0,0.398271,0.0141556,0.398271,0.0141556,1.42691,1.04282,1.42691,1.04282,-1.47266,-1.85685,-1.47266,-1.85685
replay,live_volatile_thin,100000,8,hybrid,40,0,True,"coinbase>=1,000,000",prints+quotes,108,1.79116e+09,0.362939,953611,0.888819,1.75,1.96189,hybrid,ETH-USD,sell,36.6709,100000,2726.96,0.146683,1.00675e+06,36.6709,1,1,2726.6,1.32015,8,79.9894,99986.8,0,1.32015,7.99894,-1.07e-09,9.3191,1e-11,5.45498e-05,9.3191,-1.96189,3,2,0,2,4.97089,0,0,0,2,0,0.531798,0.0595761,0.531798,0.0595761,-2.60467,-3.07675,-2.60467,-3.07675,0.526535,0.0543151,0.526535,0.0543151
replay,live_volatile_deep,100000,9,aggressive,40,0,True,"coinbase>=1,000,000",prints+quotes,109,1.79116e+09,0.131104,1.10305e+06,0.691096,1.76667,0.146655,aggressive,ETH-USD,buy,36.6637,100000,2727.49,0.0366637,942174,36.6637,1,0,2727.91,1.5315,18,180.028,0,100015,1.5315,18.0028,-2.84217e-17,19.5343,0,0,19.5343,0.146655,1,13,0,0,0.113598,0,0,0,0,0,1.53125,0,,,1.09136,-0.439964,,,-0.814861,-2.34648,,
replay,live_volatile_deep,100000,9,aggressive,40,0,True,"coinbase>=1,000,000",prints+quotes,109,1.79116e+09,0.131104,1.10305e+06,0.691096,1.76667,0.146655,aggressive,ETH-USD,sell,36.6637,100000,2727.49,0.0366637,1.05919e+06,36.6637,1,0,2727.3,0.701849,18,179.987,0,99993,0.701849,17.9987,-0,18.7006,0,0,18.7006,-0.146655,1,10,0,0,0.113598,0,0,0,0,0,0.701906,0,,,1.1419,0.439964,,,3.04855,2.34648,,
replay,live_volatile_deep,100000,9,passive,40,0,True,"coinbase>=1,000,000",prints+quotes,109,1.79116e+09,0.131104,1.10305e+06,0.691096,1.76667,0.146655,passive,ETH-USD,buy,36.6637,100000,2727.49,0.0366637,942174,36.6637,1,1,2727.54,0.155273,8,80.0012,100002,0,0.155273,8.00012,4e-11,8.1554,5e-12,2.72754e-05,8.1554,0.146655,7,12,0,6,8.84511,0,0,4,8,0,1.23984,0.450303,1.23984,0.450303,1.89411,1.10463,1.89411,1.10463,-2.13835,-2.92815,-2.13835,-2.92815
replay,live_volatile_deep,100000,9,passive,40,0,True,"coinbase>=1,000,000",prints+quotes,109,1.79116e+09,0.131104,1.10305e+06,0.691096,1.76667,0.146655,passive,ETH-USD,sell,36.6637,100000,2727.49,0.0366637,1.05919e+06,36.6637,1,1,2727.46,0.144411,8,79.9988,99998.6,0,0.144411,7.99988,-0,8.14429,0,0,8.14429,-0.146655,6,26,0,5,16.6408,0,2,16,8,0,0.945101,0.294319,0.945101,0.294319,-0.144352,-0.795078,-0.144352,-0.795078,1.02041,0.369709,1.02041,0.369709
replay,live_volatile_deep,100000,9,hybrid,40,0,True,"coinbase>=1,000,000",prints+quotes,109,1.79116e+09,0.131104,1.10305e+06,0.691096,1.76667,0.146655,hybrid,ETH-USD,buy,36.6637,100000,2727.49,0.0366637,942174,36.6637,1,1,2727.54,0.155273,8,80.0012,100002,0,0.155273,8.00012,4e-11,8.1554,5e-12,2.72754e-05,8.1554,0.146655,7,12,0,6,8.84511,0,0,4,8,0,1.23984,0.450303,1.23984,0.450303,1.89411,1.10463,1.89411,1.10463,-2.13835,-2.92815,-2.13835,-2.92815
replay,live_volatile_deep,100000,9,hybrid,40,0,True,"coinbase>=1,000,000",prints+quotes,109,1.79116e+09,0.131104,1.10305e+06,0.691096,1.76667,0.146655,hybrid,ETH-USD,sell,36.6637,100000,2727.49,0.0366637,1.05919e+06,36.6637,1,1,2727.46,0.144411,8,79.9988,99998.6,0,0.144411,7.99988,-0,8.14429,0,0,8.14429,-0.146655,6,26,0,5,16.6408,0,2,16,8,0,0.945101,0.294319,0.945101,0.294319,-0.144352,-0.795078,-0.144352,-0.795078,1.02041,0.369709,1.02041,0.369709
replay,live_volatile_deep,100000,10,aggressive,40,0,True,"coinbase>=1,000,000",prints+quotes,110,1.79116e+09,0.207891,1.12054e+06,0.621929,1.65,-0.329968,aggressive,ETH-USD,buy,36.6631,100000,2727.53,0.0366631,1.01598e+06,36.6631,1,0,2727.85,1.13663,18,180.02,0,100011,1.13663,18.002,6.39488e-17,19.1387,0,0,19.1387,-0.329968,1,13,0,0,0.275561,0,0,0,0,0,0.733237,-0.403295,,,-0.879758,-2.01647,,,0.898203,-0.23831,,
replay,live_volatile_deep,100000,10,aggressive,40,0,True,"coinbase>=1,000,000",prints+quotes,110,1.79116e+09,0.207891,1.12054e+06,0.621929,1.65,-0.329968,aggressive,ETH-USD,sell,36.6631,100000,2727.53,0.0366631,1.21169e+06,36.6631,1,0,2727.18,1.29382,18,179.977,0,99987.1,1.29382,17.9977,0,19.2915,0,0,19.2915,0.329968,1,16,0,0,0.275561,0,0,0,0,0,1.69736,0.403295,,,3.31075,2.01647,,,1.53235,0.23831,,
replay,live_volatile_deep,100000,10,passive,40,0,True,"coinbase>=1,000,000",prints+quotes,110,1.79116e+09,0.207891,1.12054e+06,0.621929,1.65,-0.329968,passive,ETH-USD,buy,36.6631,100000,2727.53,0.0366631,1.01598e+06,36.6631,1,1,2728.28,2.73216,8,80.0219,100027,0,2.73216,8.00219,-0,10.7343,0,0,10.7343,-0.329968,7,15,0,6,23.7971,0,1,4,10,0,0.692148,0.361281,0.692148,0.361281,2.78686,2.45605,2.78686,2.45605,3.89429,3.56351,3.89429,3.56351
replay,live_volatile_deep,100000,10,passive,40,0,True,"coinbase>=1,000,000",prints+quotes,110,1.79116e+09,0.207891,1.12054e+06,0.621929,1.65,-0.329968,passive,ETH-USD,sell,36.6631,100000,2727.53,0.0366631,1.21169e+06,36.6631,1,1,2727.86,-1.18903,8,80.0095,100012,0,-1.18903,8.00095,9e-11,6.81192,9.5e-11,2.72735e-05,6.81192,0.329968,4,36,0,3,15.3096,0,1,10,25,0,1.06958,0.368285,1.06958,0.368285,1.1665,0.465197,1.1665,0.465197,-1.69047,-2.39154,-1.69047,-2.39154
replay,live_volatile_deep,100000,10,hybrid,40,0,True,"coinbase>=1,000,000",prints+quotes,110,1.79116e+09,0.207891,1.12054e+06,0.621929,1.65,-0.329968,hybrid,ETH-USD,buy,36.6631,100000,2727.53,0.0366631,1.01598e+06,36.6631,1,1,2728.28,2.73216,8,80.0219,100027,0,2.73216,8.00219,-0,10.7343,0,0,10.7343,-0.329968,7,15,0,6,23.7971,0,1,4,10,0,0.692148,0.361281,0.692148,0.361281,2.78686,2.45605,2.78686,2.45605,3.89429,3.56351,3.89429,3.56351
replay,live_volatile_deep,100000,10,hybrid,40,0,True,"coinbase>=1,000,000",prints+quotes,110,1.79116e+09,0.207891,1.12054e+06,0.621929,1.65,-0.329968,hybrid,ETH-USD,sell,36.6631,100000,2727.53,0.0366631,1.21169e+06,36.6631,1,1,2727.86,-1.18903,8,80.0095,100012,0,-1.18903,8.00095,9e-11,6.81192,9.5e-11,2.72735e-05,6.81192,0.329968,4,36,0,3,15.3096,0,1,10,25,0,1.06958,0.368285,1.06958,0.368285,1.1665,0.465197,1.1665,0.465197,-1.69047,-2.39154,-1.69047,-2.39154
replay,live_calm_deep,100000,11,aggressive,40,0,True,"coinbase>=1,000,000",prints+quotes,111,1.79116e+09,0.194573,1.10666e+06,0.565819,1.1,5.3343,aggressive,ETH-USD,buy,36.6619,100000,2727.63,0.219971,892736,36.6619,1,0,2728,1.3397,18,180.024,0,100013,1.3397,18.0024,2.91e-09,19.3421,1e-11,5.45818e-05,19.3421,5.3343,1,15,0,0,0.256235,0,0,0,0,0,1.0829,-0.256633,,,1.81604,0.476604,,,-0.218424,-1.55813,,
replay,live_calm_deep,100000,11,aggressive,40,0,True,"coinbase>=1,000,000",prints+quotes,111,1.79116e+09,0.194573,1.10666e+06,0.565819,1.1,5.3343,aggressive,ETH-USD,sell,36.6619,100000,2727.63,0.219971,1.06994e+06,36.6619,1,0,2727.18,1.6362,18,179.971,0,99983.6,1.6362,17.9971,-2.91e-09,19.6333,1e-11,5.45816e-05,19.6333,-5.3343,1,13,0,0,0.256235,0,0,0,0,0,1.89317,0.256633,,,1.15981,-0.476604,,,3.19488,1.55813,,
replay,live_calm_deep,100000,11,passive,40,0,True,"coinbase>=1,000,000",prints+quotes,111,1.79116e+09,0.194573,1.10666e+06,0.565819,1.1,5.3343,passive,ETH-USD,buy,36.6619,100000,2727.63,0.219971,892736,36.6619,1,1,2727.61,-0.0733237,8,79.9994,99999.3,0,-0.0733237,7.99994,2.91e-09,7.92662,1e-11,5.45818e-05,7.92662,5.3343,1,14,0,0,5.29831,0,0,2,12,0,0.305431,-0.105088,0.305431,-0.105088,-1.25799,-1.66858,-1.25799,-1.66858,-2.38693,-2.79756,-2.38693,-2.79756
replay,live_calm_deep,100000,11,passive,40,0,True,"coinbase>=1,000,000",prints+quotes,111,1.79116e+09,0.194573,1.10666e+06,0.565819,1.1,5.3343,passive,ETH-USD,sell,36.6619,100000,2727.63,0.219971,1.06994e+06,36.6619,1,1,2727.87,-0.862306,8,80.0069,100009,0,-0.862306,8.00069,-1.455e-09,7.13838,5e-12,2.72908e-05,7.13838,-5.3343,3,9,0,2,10.7721,0,0,2,7,0,1.43011,0.825525,1.43011,0.825525,1.3468,0.742231,1.3468,0.742231,0.516468,-0.0880536,0.516468,-0.0880536
replay,live_calm_deep,100000,11,hybrid,40,0,True,"coinbase>=1,000,000",prints+quotes,111,1.79116e+09,0.194573,1.10666e+06,0.565819,1.1,5.3343,hybrid,ETH-USD,buy,36.6619,100000,2727.63,0.219971,892736,36.6619,1,1,2727.61,-0.0733237,8,79.9994,99999.3,0,-0.0733237,7.99994,2.91e-09,7.92662,1e-11,5.45818e-05,7.92662,5.3343,1,14,0,0,5.29831,0,0,2,12,0,0.305431,-0.105088,0.305431,-0.105088,-1.25799,-1.66858,-1.25799,-1.66858,-2.38693,-2.79756,-2.38693,-2.79756
replay,live_calm_deep,100000,11,hybrid,40,0,True,"coinbase>=1,000,000",prints+quotes,111,1.79116e+09,0.194573,1.10666e+06,0.565819,1.1,5.3343,hybrid,ETH-USD,sell,36.6619,100000,2727.63,0.219971,1.06994e+06,36.6619,1,1,2727.87,-0.862306,8,80.0069,100009,0,-0.862306,8.00069,-1.455e-09,7.13838,5e-12,2.72908e-05,7.13838,-5.3343,3,9,0,2,10.7721,0,0,2,7,0,1.43011,0.825525,1.43011,0.825525,1.3468,0.742231,1.3468,0.742231,0.516468,-0.0880536,0.516468,-0.0880536
replay,live_calm_deep,100000,12,aggressive,40,0,True,"coinbase>=1,000,000",prints+quotes,112,1.79116e+09,0.199832,1.07443e+06,0.52058,1.35,-0.219872,aggressive,ETH-USD,buy,36.6453,100000,2728.86,0.0366453,1.07144e+06,36.6453,1,0,2729.21,1.24699,18,180.022,0,100012,1.24699,18.0022,4.26326e-17,19.2492,0,0,19.2492,-0.219872,1,14,0,0,0.24885,0,0,0,0,0,1.24679,0,,,0.807101,-0.439743,,,3.6834,2.43691,,
replay,live_calm_deep,100000,12,aggressive,40,0,True,"coinbase>=1,000,000",prints+quotes,112,1.79116e+09,0.199832,1.07443e+06,0.52058,1.35,-0.219872,aggressive,ETH-USD,sell,36.6453,100000,2728.86,0.0366453,964337,36.6453,1,0,2728.49,1.3647,18,179.975,0,99986.4,1.3647,17.9975,0,19.3622,0,0,19.3622,0.219872,1,13,0,0,0.24885,0,0,0,0,0,1.3649,0,,,1.80471,0.439743,,,-1.07234,-2.43691,,
replay,live_calm_deep,100000,12,passive,40,0,True,"coinbase>=1,000,000",prints+quotes,112,1.79116e+09,0.199832,1.07443e+06,0.52058,1.35,-0.219872,passive,ETH-USD,buy,36.6453,100000,2728.86,0.0366453,1.07144e+06,36.6453,1,1,2729.12,0.944719,8,80.0076,100009,0,0.944719,8.00076,-0,8.94548,0,0,8.94548,-0.219872,7,14,0,6,20.8124,0,1,4,9,0,0.963514,0.258261,0.963514,0.258261,2.38225,1.67711,2.38225,1.67711,2.353,1.64779,2.353,1.64779
replay,live_calm_deep,100000,12,passive,40,0,True,"coinbase>=1,000,000",prints+quotes,112,1.79116e+09,0.199832,1.07443e+06,0.52058,1.35,-0.219872,passive,ETH-USD,sell,36.6453,100000,2728.86,0.0366453,964337,36.6453,1,1,2728.87,-0.0183226,8,80.0001,100000,0,-0.0183226,8.00001,8.52651e-17,7.98169,0,0,7.98169,0.219872,1,25,0,0,10.7569,0,0,4,21,0,0.5025,0.0907045,0.5025,0.0907045,0.867903,0.4561,0.867903,0.4561,-0.102778,-0.514545,-0.102778,-0.514545
replay,live_calm_deep,100000,12,hybrid,40,0,True,"coinbase>=1,000,000",prints+quotes,112,1.79116e+09,0.199832,1.07443e+06,0.52058,1.35,-0.219872,hybrid,ETH-USD,buy,36.6453,100000,2728.86,0.0366453,1.07144e+06,36.6453,1,1,2729.12,0.944719,8,80.0076,100009,0,0.944719,8.00076,-0,8.94548,0,0,8.94548,-0.219872,7,14,0,6,20.8124,0,1,4,9,0,0.963514,0.258261,0.963514,0.258261,2.38225,1.67711,2.38225,1.67711,2.353,1.64779,2.353,1.64779
replay,live_calm_deep,100000,12,hybrid,40,0,True,"coinbase>=1,000,000",prints+quotes,112,1.79116e+09,0.199832,1.07443e+06,0.52058,1.35,-0.219872,hybrid,ETH-USD,sell,36.6453,100000,2728.86,0.0366453,964337,36.6453,1,1,2728.87,-0.0183226,8,80.0001,100000,0,-0.0183226,8.00001,8.52651e-17,7.98169,0,0,7.98169,0.219872,1,25,0,0,10.7569,0,0,4,21,0,0.5025,0.0907045,0.5025,0.0907045,0.867903,0.4561,0.867903,0.4561,-0.102778,-0.514545,-0.102778,-0.514545
replay,live_calm_deep,100000,13,aggressive,40,0,True,"coinbase>=1,000,000",prints+quotes,113,1.79116e+09,0.28948,1.10041e+06,0.570574,1.36667,-8.72177,aggressive,ETH-USD,buy,36.6461,100000,2728.81,0.0366461,947751,36.6461,1,0,2729.14,1.2341,18,180.022,0,100012,1.2341,18.0022,-2.38e-09,19.2363,5e-12,2.72643e-05,19.2363,-8.72177,1,8,0,0,0.215674,0,0,0,0,0,1.23393,0,,,1.61866,0.384784,,,3.35914,2.12547,,
replay,live_calm_deep,100000,13,aggressive,40,0,True,"coinbase>=1,000,000",prints+quotes,113,1.79116e+09,0.28948,1.10041e+06,0.570574,1.36667,-8.72177,aggressive,ETH-USD,sell,36.6461,100000,2728.81,0.0366461,1.18383e+06,36.6461,1,0,2728.5,1.11132,18,179.98,0,99988.9,1.11132,17.998,2.38e-09,19.1093,5e-12,2.72642e-05,19.1093,8.72177,1,10,0,0,0.215674,0,0,0,0,0,1.11146,0,,,0.72663,-0.384784,,,-1.01425,-2.12547,,
replay,live_calm_deep,100000,13,passive,40,0,True,"coinbase>=1,000,000",prints+quotes,113,1.79116e+09,0.28948,1.10041e+06,0.570574,1.36667,-8.72177,passive,ETH-USD,buy,36.6461,100000,2728.81,0.0366461,947751,36.6461,1,1,2728.58,-0.83588,8,79.9933,99991.6,0,-0.83588,7.99933,-2.38e-09,7.16345,5e-12,2.72643e-05,7.16345,-8.72177,3,9,0,2,12.8971,0,0,1,8,0,0.115155,-0.0356636,0.115155,-0.0356636,-0.242055,-0.392875,-0.242055,-0.392875,4.812,4.66124,4.812,4.66124
replay,live_calm_deep,100000,13,passive,40,0,True,"coinbase>=1,000,000",prints+quotes,113,1.79116e+09,0.28948,1.10041e+06,0.570574,1.36667,-8.72177,passive,ETH-USD,sell,36.6461,100000,2728.81,0.0366461,1.18383e+06,36.6461,1,1,2728.63,0.627974,8,79.995,99993.7,0,0.627974,7.9995,2.38e-09,8.62747,5e-12,2.72642e-05,8.62747,8.72177,4,24,0,3,16.0742,0,0,7,17,0,0.365473,-0.0795972,0.365473,-0.0795972,-0.648591,-1.09359,-0.648591,-1.09359,-4.20604,-4.65084,-4.20604,-4.65084
replay,live_calm_deep,100000,13,hybrid,40,0,True,"coinbase>=1,000,000",prints+quotes,113,1.79116e+09,0.28948,1.10041e+06,0.570574,1.36667,-8.72177,hybrid,ETH-USD,buy,36.6461,100000,2728.81,0.0366461,947751,36.6461,1,1,2728.58,-0.83588,8,79.9933,99991.6,0,-0.83588,7.99933,-2.38e-09,7.16345,5e-12,2.72643e-05,7.16345,-8.72177,3,9,0,2,12.8971,0,0,1,8,0,0.115155,-0.0356636,0.115155,-0.0356636,-0.242055,-0.392875,-0.242055,-0.392875,4.812,4.66124,4.812,4.66124
replay,live_calm_deep,100000,13,hybrid,40,0,True,"coinbase>=1,000,000",prints+quotes,113,1.79116e+09,0.28948,1.10041e+06,0.570574,1.36667,-8.72177,hybrid,ETH-USD,sell,36.6461,100000,2728.81,0.0366461,1.18383e+06,36.6461,1,1,2728.63,0.627974,8,79.995,99993.7,0,0.627974,7.9995,2.38e-09,8.62747,5e-12,2.72642e-05,8.62747,8.72177,4,24,0,3,16.0742,0,0,7,17,0,0.365473,-0.0795972,0.365473,-0.0795972,-0.648591,-1.09359,-0.648591,-1.09359,-4.20604,-4.65084,-4.20604,-4.65084
replay,live_volatile_deep,100000,14,aggressive,40,0,True,"coinbase>=1,000,000",prints+quotes,114,1.79116e+09,0.27149,1.04925e+06,0.732589,1.96667,-7.68406,aggressive,ETH-USD,buy,36.6781,100000,2726.43,0.0366781,1.21301e+06,36.6781,1,0,2726.64,0.788434,18,180.014,0,100008,0.788434,18.0014,-0,18.7899,0,0,18.7899,-7.68406,1,16,0,0,0.20944,0,0,0,0,0,0.788349,0,,,2.32871,1.54048,,,7.09648,6.30863,,
replay,live_volatile_deep,100000,14,aggressive,40,0,True,"coinbase>=1,000,000",prints+quotes,114,1.79116e+09,0.27149,1.04925e+06,0.732589,1.96667,-7.68406,aggressive,ETH-USD,sell,36.6781,100000,2726.43,0.0366781,1.00643e+06,36.6781,1,0,2725.94,1.77979,18,179.968,0,99982.2,1.77979,17.9968,0,19.7766,0,0,19.7766,7.68406,1,15,0,0,0.20944,0,0,0,0,0,1.78013,0,,,0.239376,-1.54048,,,-4.52962,-6.30863,,
replay,live_volatile_deep,100000,14,passive,40,0,True,"coinbase>=1,000,000",prints+quotes,114,1.79116e+09,0.27149,1.04925e+06,0.732589,1.96667,-7.68406,passive,ETH-USD,buy,36.6781,100000,2726.43,0.0366781,1.21301e+06,36.6781,1,1,2725.8,-2.28973,8,79.9817,99977.1,0,-2.28973,7.99817,-2.095e-09,5.70844,1e-10,2.72443e-05,5.70844,-7.68406,4,18,0,3,11.7179,0,2,3,13,0,0.501205,0.226235,0.501205,0.226235,1.61379,1.33884,1.61379,1.33884,5.50057,5.22576,5.50057,5.22576
replay,live_volatile_deep,100000,14,passive,40,0,True,"coinbase>=1,000,000",prints+quotes,114,1.79116e+09,0.27149,1.04925e+06,0.732589,1.96667,-7.68406,passive,ETH-USD,sell,36.6781,100000,2726.43,0.0366781,1.00643e+06,36.6781,1,1,2724.55,6.8824,8,79.9449,99931.2,0,6.8824,7.99449,2.095e-09,14.8769,1e-10,2.72423e-05,14.8769,7.68406,14,10,0,13,32.7595,0,1,4,5,0,1.02696,-0.0729868,1.02696,-0.0729868,1.24954,0.149502,1.24954,0.149502,-1.30416,-2.40391,-1.30416,-2.40391
replay,live_volatile_deep,100000,14,hybrid,40,0,True,"coinbase>=1,000,000",prints+quotes,114,1.79116e+09,0.27149,1.04925e+06,0.732589,1.96667,-7.68406,hybrid,ETH-USD,buy,36.6781,100000,2726.43,0.0366781,1.21301e+06,36.6781,1,1,2725.8,-2.28973,8,79.9817,99977.1,0,-2.28973,7.99817,-2.095e-09,5.70844,1e-10,2.72443e-05,5.70844,-7.68406,4,18,0,3,11.7179,0,2,3,13,0,0.501205,0.226235,0.501205,0.226235,1.61379,1.33884,1.61379,1.33884,5.50057,5.22576,5.50057,5.22576
replay,live_volatile_deep,100000,14,hybrid,40,0,True,"coinbase>=1,000,000",prints+quotes,114,1.79116e+09,0.27149,1.04925e+06,0.732589,1.96667,-7.68406,hybrid,ETH-USD,sell,36.6781,100000,2726.43,0.0366781,1.00643e+06,36.6781,1,1,2724.55,6.8824,8,79.9449,99931.2,0,6.8824,7.99449,2.095e-09,14.8769,1e-10,2.72423e-05,14.8769,7.68406,14,10,0,13,32.7595,0,1,4,5,0,1.02696,-0.0729868,1.02696,-0.0729868,1.24954,0.149502,1.24954,0.149502,-1.30416,-2.40391,-1.30416,-2.40391
replay,live_calm_thin,100000,15,aggressive,40,0,True,"coinbase>=1,000,000",prints+quotes,115,1.79116e+09,0.341146,1.02576e+06,0.510257,1.28333,1.15628,aggressive,ETH-USD,buy,36.7072,100000,2724.26,0.146829,860962,36.7072,1,0,2724.61,1.30123,18,180.023,0,100013,1.30123,18.0023,0,19.3036,0,0,19.3036,1.15628,1,9,0,0,0.136716,0,0,0,0,0,1.15425,-0.146829,,,1.35611,0.0550608,,,-3.08488,-4.38651,,
replay,live_calm_thin,100000,15,aggressive,40,0,True,"coinbase>=1,000,000",prints+quotes,115,1.79116e+09,0.341146,1.02576e+06,0.510257,1.28333,1.15628,aggressive,ETH-USD,sell,36.7072,100000,2724.26,0.146829,1.16318e+06,36.7072,1,0,2723.99,1.00369,18,179.982,0,99990,1.00369,17.9982,-0,19.0019,0,0,19.0019,-1.15628,1,11,0,0,0.136716,0,0,0,0,0,1.15065,0.146829,,,0.94874,-0.0550608,,,5.39076,4.38651,,
replay,live_calm_thin,100000,15,passive,40,0,True,"coinbase>=1,000,000",prints+quotes,115,1.79116e+09,0.341146,1.02576e+06,0.510257,1.28333,1.15628,passive,ETH-USD,buy,36.7072,100000,2724.26,0.146829,860962,36.7072,1,1,2725.23,3.56582,8,80.0285,100036,0,3.56582,8.00285,0,11.5687,0,0,11.5687,1.15628,10,9,0,9,29.357,0,0,1,8,0,0.682568,0.233295,0.682568,0.233295,0.975132,0.525864,0.975132,0.525864,2.24125,1.79206,2.24125,1.79206
replay,live_calm_thin,100000,15,passive,40,0,True,"coinbase>=1,000,000",prints+quotes,115,1.79116e+09,0.341146,1.02576e+06,0.510257,1.28333,1.15628,passive,ETH-USD,sell,36.7072,100000,2724.26,0.146829,1.16318e+06,36.7072,1,1,2724.38,-0.443603,8,80.0035,100004,0,-0.443603,8.00035,-0,7.55675,0,0,7.55675,-1.15628,2,24,0,1,17.8231,0,1,11,12,0,1.18639,0.0478986,1.18639,0.0478986,2.36733,1.22868,2.36733,1.22868,1.7323,0.593793,1.7323,0.593793
replay,live_calm_thin,100000,15,hybrid,40,0,True,"coinbase>=1,000,000",prints+quotes,115,1.79116e+09,0.341146,1.02576e+06,0.510257,1.28333,1.15628,hybrid,ETH-USD,buy,36.7072,100000,2724.26,0.146829,860962,36.7072,1,1,2725.23,3.56582,8,80.0285,100036,0,3.56582,8.00285,0,11.5687,0,0,11.5687,1.15628,10,9,0,9,29.357,0,0,1,8,0,0.682568,0.233295,0.682568,0.233295,0.975132,0.525864,0.975132,0.525864,2.24125,1.79206,2.24125,1.79206
replay,live_calm_thin,100000,15,hybrid,40,0,True,"coinbase>=1,000,000",prints+quotes,115,1.79116e+09,0.341146,1.02576e+06,0.510257,1.28333,1.15628,hybrid,ETH-USD,sell,36.7072,100000,2724.26,0.146829,1.16318e+06,36.7072,1,1,2724.38,-0.443603,8,80.0035,100004,0,-0.443603,8.00035,-0,7.55675,0,0,7.55675,-1.15628,2,24,0,1,17.8231,0,1,11,12,0,1.18639,0.0478986,1.18639,0.0478986,2.36733,1.22868,2.36733,1.22868,1.7323,0.593793,1.7323,0.593793
replay,live_volatile_deep,100000,16,aggressive,40,0,True,"coinbase>=1,000,000",prints+quotes,116,1.79116e+09,0.42181,1.03408e+06,0.975984,1.23333,-5.61555,aggressive,ETH-USD,buy,36.703,100000,2724.57,0.844168,967909,36.703,1,0,2724.95,1.36894,18,180.025,0,100014,1.36894,18.0025,-1.53e-09,19.3714,5e-12,2.72305e-05,19.3714,-5.61555,1,11,0,0,0.158798,0,0,0,0,0,1.36874,0,,,0.653125,-0.715708,,,7.14866,5.78072,,
replay,live_volatile_deep,100000,16,aggressive,40,0,True,"coinbase>=1,000,000",prints+quotes,116,1.79116e+09,0.42181,1.03408e+06,0.975984,1.23333,-5.61555,aggressive,ETH-USD,sell,36.703,100000,2724.57,0.844168,1.04109e+06,36.703,1,0,2724.28,1.08717,18,179.98,0,99989.1,1.08717,17.998,1.53e-09,19.0852,5e-12,2.72304e-05,19.0852,5.61555,1,13,0,0,0.158798,0,0,0,0,0,1.08731,0,,,1.80309,0.715708,,,-4.69404,-5.78072,,
replay,live_volatile_deep,100000,16,passive,40,0,True,"coinbase>=1,000,000",prints+quotes,116,1.79116e+09,0.42181,1.03408e+06,0.975984,1.23333,-5.61555,passive,ETH-USD,buy,36.703,100000,2724.57,0.844168,967909,36.703,1,1,2724.71,0.4997,8,80.004,100005,0,0.4997,8.0004,-0,8.5001,0,0,8.5001,-5.61555,10,27,0,9,19.3996,0,0,21,6,0,2.39751,2.1981,2.39751,2.1981,2.59866,2.39922,2.59866,2.39922,6.66355,6.46434,6.66355,6.46434
replay,live_volatile_deep,100000,16,passive,40,0,True,"coinbase>=1,000,000",prints+quotes,116,1.79116e+09,0.42181,1.03408e+06,0.975984,1.23333,-5.61555,passive,ETH-USD,sell,36.703,100000,2724.57,0.844168,1.04109e+06,36.703,1,1,2723.87,2.603,8,79.9792,99974,0,2.603,7.99792,1.53e-09,10.6009,5e-12,2.72304e-05,10.6009,5.61555,15,21,0,14,37.2947,0,0,9,12,0,0.725865,-0.0480042,0.725865,-0.0480042,-0.579422,-1.35318,-0.579422,-1.35318,-2.62262,-3.39634,-2.62262,-3.39634
replay,live_volatile_deep,100000,16,hybrid,40,0,True,"coinbase>=1,000,000",prints+quotes,116,1.79116e+09,0.42181,1.03408e+06,0.975984,1.23333,-5.61555,hybrid,ETH-USD,buy,36.703,100000,2724.57,0.844168,967909,36.703,1,1,2724.71,0.4997,8,80.004,100005,0,0.4997,8.0004,-0,8.5001,0,0,8.5001,-5.61555,10,27,0,9,19.3996,0,0,21,6,0,2.39751,2.1981,2.39751,2.1981,2.59866,2.39922,2.59866,2.39922,6.66355,6.46434,6.66355,6.46434
replay,live_volatile_deep,100000,16,hybrid,40,0,True,"coinbase>=1,000,000",prints+quotes,116,1.79116e+09,0.42181,1.03408e+06,0.975984,1.23333,-5.61555,hybrid,ETH-USD,sell,36.703,100000,2724.57,0.844168,1.04109e+06,36.703,1,1,2723.87,2.603,8,79.9792,99974,0,2.603,7.99792,1.53e-09,10.6009,5e-12,2.72304e-05,10.6009,5.61555,15,21,0,14,37.2947,0,0,9,12,0,0.725865,-0.0480042,0.725865,-0.0480042,-0.579422,-1.35318,-0.579422,-1.35318,-2.62262,-3.39634,-2.62262,-3.39634
replay,live_volatile_deep,100000,17,aggressive,40,0,True,"coinbase>=1,000,000",prints+quotes,117,1.79116e+09,0.246567,1.10537e+06,1.02999,2.06667,-7.47246,aggressive,ETH-USD,buy,36.7197,100000,2723.34,0.477356,1.03468e+06,36.7197,1,0,2723.65,1.16389,18,180.021,0,100012,1.16389,18.0021,1.44595e-15,19.166,0,0,19.166,-7.47246,1,13,0,0,0.287588,0,0,0,0,0,1.38403,0.220318,,,0.245848,-0.917992,,,1.20045,0.0367197,,
replay,live_volatile_deep,100000,17,aggressive,40,0,True,"coinbase>=1,000,000",prints+quotes,117,1.79116e+09,0.246567,1.10537e+06,1.02999,2.06667,-7.47246,aggressive,ETH-USD,sell,36.7197,100000,2723.34,0.477356,1.18039e+06,36.7197,1,0,2722.95,1.42231,18,179.974,0,99985.8,1.42231,17.9974,0,19.4197,0,0,19.4197,7.47246,1,15,0,0,0.287588,0,0,0,0,0,1.20218,-0.220318,,,2.34065,0.917992,,,1.3858,-0.0367197,,
replay,live_volatile_deep,100000,17,passive,40,0,True,"coinbase>=1,000,000",prints+quotes,117,1.79116e+09,0.246567,1.10537e+06,1.02999,2.06667,-7.47246,passive,ETH-USD,buy,36.7197,100000,2723.34,0.477356,1.03468e+06,36.7197,1,1,2723.49,0.576971,8,80.0046,100006,0,0.576971,8.00046,-0,8.57743,0,0,8.57743,-7.47246,10,12,0,9,22.8519,0,0,0,12,0,1.03741,0.32109,1.03741,0.32109,0.693635,-0.0226838,0.693635,-0.0226838,3.90945,3.19343,3.90945,3.19343
replay,live_volatile_deep,100000,17,passive,40,0,True,"coinbase>=1,000,000",prints+quotes,117,1.79116e+09,0.246567,1.10537e+06,1.02999,2.06667,-7.47246,passive,ETH-USD,sell,36.7197,100000,2723.34,0.477356,1.18039e+06,36.7197,1,1,2723.4,-0.24417,8,80.002,100002,0,-0.24417,8.0002,0,7.75603,0,0,7.75603,7.47246,19,48,0,18,41.3416,0,2,25,21,0,0.606875,-0.0914596,0.606875,-0.0914596,-0.940213,-1.6384,-0.940213,-1.6384,-5.21206,-5.90996,-5.21206,-5.90996
replay,live_volatile_deep,100000,17,hybrid,40,0,True,"coinbase>=1,000,000",prints+quotes,117,1.79116e+09,0.246567,1.10537e+06,1.02999,2.06667,-7.47246,hybrid,ETH-USD,buy,36.7197,100000,2723.34,0.477356,1.03468e+06,36.7197,1,1,2723.49,0.576971,8,80.0046,100006,0,0.576971,8.00046,-0,8.57743,0,0,8.57743,-7.47246,10,12,0,9,22.8519,0,0,0,12,0,1.03741,0.32109,1.03741,0.32109,0.693635,-0.0226838,0.693635,-0.0226838,3.90945,3.19343,3.90945,3.19343
replay,live_volatile_deep,100000,17,hybrid,40,0,True,"coinbase>=1,000,000",prints+quotes,117,1.79116e+09,0.246567,1.10537e+06,1.02999,2.06667,-7.47246,hybrid,ETH-USD,sell,36.7197,100000,2723.34,0.477356,1.18039e+06,36.7197,1,1,2723.4,-0.24417,8,80.002,100002,0,-0.24417,8.0002,0,7.75603,0,0,7.75603,7.47246,19,48,0,18,41.3416,0,2,25,21,0,0.606875,-0.0914596,0.606875,-0.0914596,-0.940213,-1.6384,-0.940213,-1.6384,-5.21206,-5.90996,-5.21206,-5.90996
replay,live_volatile_thin,100000,18,aggressive,40,0,True,"coinbase>=1,000,000",prints+quotes,118,1.79116e+09,0.313599,979777,0.683433,0.95,-0.973799,aggressive,ETH-USD,buy,36.7471,100000,2721.3,0.220483,1.13485e+06,36.7471,1,0,2721.54,0.884301,18,180.016,0,100009,0.884301,18.0016,-0,18.8859,0,0,18.8859,-0.973799,1,6,0,0,0.0815647,0,0,0,0,0,0.829102,-0.0551207,,,0.90259,0.0183736,,,4.09931,3.21538,,
replay,live_volatile_thin,100000,18,aggressive,40,0,True,"coinbase>=1,000,000",prints+quotes,118,1.79116e+09,0.313599,979777,0.683433,0.95,-0.973799,aggressive,ETH-USD,sell,36.7471,100000,2721.3,0.220483,1.12298e+06,36.7471,1,0,2720.89,1.51259,18,179.973,0,99984.9,1.51259,17.9973,0,19.5099,0,0,19.5099,0.973799,1,14,0,0,0.0815647,0,0,0,0,0,1.56797,0.0551207,,,1.49447,-0.0183736,,,-1.70302,-3.21538,,
replay,live_volatile_thin,100000,18,passive,40,0,True,"coinbase>=1,000,000",prints+quotes,118,1.79116e+09,0.313599,979777,0.683433,0.95,-0.973799,passive,ETH-USD,buy,36.7471,100000,2721.3,0.220483,1.13485e+06,36.7471,1,1,2721.29,-0.0408174,8,79.9997,99999.6,0,-0.0408174,7.99997,-2.65e-10,7.95915,5e-12,2.72104e-05,7.95915,-0.973799,4,3,0,3,8.32836,0,0,1,2,0,1.33937,-0.100039,1.33937,-0.100039,1.07945,-0.36003,1.07945,-0.36003,3.61554,2.17644,3.61554,2.17644
replay,live_volatile_thin,100000,18,passive,40,0,True,"coinbase>=1,000,000",prints+quotes,118,1.79116e+09,0.313599,979777,0.683433,0.95,-0.973799,passive,ETH-USD,sell,36.7471,100000,2721.3,0.220483,1.12298e+06,36.7471,1,1,2720.69,2.22672,8,79.9822,99977.7,0,2.22672,7.99822,0,10.2249,0,0,10.2249,0.973799,9,28,0,8,17.6106,0,1,14,13,0,0.173801,-0.591034,0.173801,-0.591034,0.731361,-0.033544,0.731361,-0.033544,-0.748661,-1.51344,-0.748661,-1.51344
replay,live_volatile_thin,100000,18,hybrid,40,0,True,"coinbase>=1,000,000",prints+quotes,118,1.79116e+09,0.313599,979777,0.683433,0.95,-0.973799,hybrid,ETH-USD,buy,36.7471,100000,2721.3,0.220483,1.13485e+06,36.7471,1,1,2721.29,-0.0408174,8,79.9997,99999.6,0,-0.0408174,7.99997,-2.65e-10,7.95915,5e-12,2.72104e-05,7.95915,-0.973799,4,3,0,3,8.32836,0,0,1,2,0,1.33937,-0.100039,1.33937,-0.100039,1.07945,-0.36003,1.07945,-0.36003,3.61554,2.17644,3.61554,2.17644
replay,live_volatile_thin,100000,18,hybrid,40,0,True,"coinbase>=1,000,000",prints+quotes,118,1.79116e+09,0.313599,979777,0.683433,0.95,-0.973799,hybrid,ETH-USD,sell,36.7471,100000,2721.3,0.220483,1.12298e+06,36.7471,1,1,2720.69,2.22672,8,79.9822,99977.7,0,2.22672,7.99822,0,10.2249,0,0,10.2249,0.973799,9,28,0,8,17.6106,0,1,14,13,0,0.173801,-0.591034,0.173801,-0.591034,0.731361,-0.033544,0.731361,-0.033544,-0.748661,-1.51344,-0.748661,-1.51344
replay,live_volatile_thin,100000,19,aggressive,40,0,True,"coinbase>=1,000,000",prints+quotes,119,1.79116e+09,0.186078,1.01185e+06,0.699742,1.66667,-2.84846,aggressive,ETH-USD,buy,36.7543,100000,2720.77,0.808595,1.10088e+06,36.7543,1,0,2721.16,1.44924,18,180.026,0,100014,1.44924,18.0026,-1.55e-09,19.4519,1e-11,5.44e-05,19.4519,-2.84846,1,10,0,0,0.192849,0,0,0,0,0,1.13666,-0.312412,,,0.732422,-0.716709,,,5.36279,3.91433,,
replay,live_volatile_thin,100000,19,aggressive,40,0,True,"coinbase>=1,000,000",prints+quotes,119,1.79116e+09,0.186078,1.01185e+06,0.699742,1.66667,-2.84846,aggressive,ETH-USD,sell,36.7543,100000,2720.77,0.808595,1.08819e+06,36.7543,1,0,2720.42,1.27707,18,179.977,0,99987.2,1.27707,17.9977,1.55e-09,19.2748,1e-11,5.43998e-05,19.2748,2.84846,1,13,0,0,0.192849,0,0,0,0,0,1.5897,0.312412,,,1.99405,0.716709,,,-2.63759,-3.91433,,
replay,live_volatile_thin,100000,19,passive,40,0,True,"coinbase>=1,000,000",prints+quotes,119,1.79116e+09,0.186078,1.01185e+06,0.699742,1.66667,-2.84846,passive,ETH-USD,buy,36.7543,100000,2720.77,0.808595,1.10088e+06,36.7543,1,1,2720.95,0.64453,8,80.0052,100006,0,0.64453,8.00052,-0,8.64505,0,0,8.64505,-2.84846,6,10,0,5,12.3936,0,0,3,7,0,2.07608,0.731155,2.07608,0.731155,0.930568,-0.414493,0.930568,-0.414493,4.66961,3.32501,4.66961,3.32501
replay,live_volatile_thin,100000,19,passive,40,0,True,"coinbase>=1,000,000",prints+quotes,119,1.79116e+09,0.186078,1.01185e+06,0.699742,1.66667,-2.84846,passive,ETH-USD,sell,36.7543,100000,2720.77,0.808595,1.08819e+06,36.7543,1,1,2720.23,1.97998,8,79.9842,99980.2,0,1.97998,7.99842,7.75e-10,9.9784,5e-12,2.71999e-05,9.9784,2.84846,12,28,0,11,40.7318,0,0,5,23,0,0.410559,0.048466,0.410559,0.048466,-0.410906,-0.77295,-0.410906,-0.77295,-1.50354,-1.86551,-1.50354,-1.86551
replay,live_volatile_thin,100000,19,hybrid,40,0,True,"coinbase>=1,000,000",prints+quotes,119,1.79116e+09,0.186078,1.01185e+06,0.699742,1.66667,-2.84846,hybrid,ETH-USD,buy,36.7543,100000,2720.77,0.808595,1.10088e+06,36.7543,1,1,2720.95,0.64453,8,80.0052,100006,0,0.64453,8.00052,-0,8.64505,0,0,8.64505,-2.84846,6,10,0,5,12.3936,0,0,3,7,0,2.07608,0.731155,2.07608,0.731155,0.930568,-0.414493,0.930568,-0.414493,4.66961,3.32501,4.66961,3.32501
replay,live_volatile_thin,100000,19,hybrid,40,0,True,"coinbase>=1,000,000",prints+quotes,119,1.79116e+09,0.186078,1.01185e+06,0.699742,1.66667,-2.84846,hybrid,ETH-USD,sell,36.7543,100000,2720.77,0.808595,1.08819e+06,36.7543,1,1,2720.23,1.97998,8,79.9842,99980.2,0,1.97998,7.99842,7.75e-10,9.9784,5e-12,2.71999e-05,9.9784,2.84846,12,28,0,11,40.7318,0,0,5,23,0,0.410559,0.048466,0.410559,0.048466,-0.410906,-0.77295,-0.410906,-0.77295,-1.50354,-1.86551,-1.50354,-1.86551
replay,live_calm_thin,100000,20,aggressive,40,0,True,"coinbase>=1,000,000",prints+quotes,120,1.79116e+09,0.202785,1.01873e+06,0.606251,1.11667,-1.08456,aggressive,ETH-USD,buy,36.7648,100000,2719.99,0.0367648,783628,36.7648,1,0,2720.39,1.44468,18,180.026,0,100014,1.44468,18.0026,-0,19.4473,0,0,19.4473,-1.08456,1,12,0,0,0.238077,0,0,0,0,0,1.44439,0,,,-0.0259857,-1.47059,,,-0.320061,-1.76471,,
replay,live_calm_thin,100000,20,aggressive,40,0,True,"coinbase>=1,000,000",prints+quotes,120,1.79116e+09,0.202785,1.01873e+06,0.606251,1.11667,-1.08456,aggressive,ETH-USD,sell,36.7648,100000,2719.99,0.0367648,1.07537e+06,36.7648,1,0,2719.75,0.891522,18,179.984,0,99991.1,0.891522,17.9984,2.0961e-16,18.8899,0,0,18.8899,1.08456,1,12,0,0,0.238077,0,0,0,0,0,0.89161,0,,,2.36233,1.47059,,,2.65648,1.76471,,
replay,live_calm_thin,100000,20,passive,40,0,True,"coinbase>=1,000,000",prints+quotes,120,1.79116e+09,0.202785,1.01873e+06,0.606251,1.11667,-1.08456,passive,ETH-USD,buy,36.7648,100000,2719.99,0.0367648,783628,36.7648,1,1,2720.6,2.24018,8,80.0179,100022,0,2.24018,8.00179,-0,10.242,0,0,10.242,-1.08456,13,17,0,12,25.1608,0,0,4,13,0,0.812144,0.143616,0.812144,0.143616,0.902833,0.234315,0.902833,0.234315,4.06812,3.3998,4.06812,3.3998
replay,live_calm_thin,100000,20,passive,40,0,True,"coinbase>=1,000,000",prints+quotes,120,1.79116e+09,0.202785,1.01873e+06,0.606251,1.11667,-1.08456,passive,ETH-USD,sell,36.7648,100000,2719.99,0.0367648,1.07537e+06,36.7648,1,1,2720,-0.0183824,8,80.0001,100000,0,-0.0183824,8.00001,0,7.98163,0,0,7.98163,1.08456,1,3,0,0,3.49895,0,0,0,3,0,1.45221,1.21321,1.45221,1.21321,2.42777,2.18875,2.42777,2.18875,1.22459,0.985596,1.22459,0.985596
replay,live_calm_thin,100000,20,hybrid,40,0,True,"coinbase>=1,000,000",prints+quotes,120,1.79116e+09,0.202785,1.01873e+06,0.606251,1.11667,-1.08456,hybrid,ETH-USD,buy,36.7648,100000,2719.99,0.0367648,783628,36.7648,1,1,2720.6,2.24018,8,80.0179,100022,0,2.24018,8.00179,-0,10.242,0,0,10.242,-1.08456,13,17,0,12,25.1608,0,0,4,13,0,0.812144,0.143616,0.812144,0.143616,0.902833,0.234315,0.902833,0.234315,4.06812,3.3998,4.06812,3.3998
replay,live_calm_thin,100000,20,hybrid,40,0,True,"coinbase>=1,000,000",prints+quotes,120,1.79116e+09,0.202785,1.01873e+06,0.606251,1.11667,-1.08456,hybrid,ETH-USD,sell,36.7648,100000,2719.99,0.0367648,1.07537e+06,36.7648,1,1,2720,-0.0183824,8,80.0001,100000,0,-0.0183824,8.00001,0,7.98163,0,0,7.98163,1.08456,1,3,0,0,3.49895,0,0,0,3,0,1.45221,1.21321,1.45221,1.21321,2.42777,2.18875,2.42777,2.18875,1.22459,0.985596,1.22459,0.985596
replay,live_calm_thin,100000,21,aggressive,40,0,True,"coinbase>=1,000,000",prints+quotes,121,1.79116e+09,0.186738,1.02345e+06,0.542032,1.96667,-2.33487,aggressive,ETH-USD,buy,36.7696,100000,2719.64,0.147078,1.02256e+06,36.7696,1,0,2719.95,1.13538,18,180.02,0,100011,1.13538,18.002,-1.27e-09,19.1374,1e-11,5.43802e-05,19.1374,-2.33487,1,9,0,0,0.054189,0,0,0,0,0,1.46613,0.330926,,,1.3926,0.257387,,,3.59852,2.46356,,
replay,live_calm_thin,100000,21,aggressive,40,0,True,"coinbase>=1,000,000",prints+quotes,121,1.79116e+09,0.186738,1.02345e+06,0.542032,1.96667,-2.33487,aggressive,ETH-USD,sell,36.7696,100000,2719.64,0.147078,928350,36.7696,1,0,2719.29,1.27787,18,179.977,0,99987.2,1.27787,17.9977,1.27e-09,19.2756,1e-11,5.438e-05,19.2756,2.33487,1,13,0,0,0.054189,0,0,0,0,0,0.947081,-0.330926,,,1.02063,-0.257387,,,-1.18583,-2.46356,,
replay,live_calm_thin,100000,21,passive,40,0,True,"coinbase>=1,000,000",prints+quotes,121,1.79116e+09,0.186738,1.02345e+06,0.542032,1.96667,-2.33487,passive,ETH-USD,buy,36.7696,100000,2719.64,0.147078,1.02256e+06,36.7696,1,1,2719.55,-0.330553,8,79.9974,99996.7,0,-0.330553,7.99974,-6.35e-10,7.66918,5e-12,2.71901e-05,7.66918,-2.33487,6,18,0,5,12.7847,0,0,5,13,0,0.167857,0.0343486,0.167857,0.0343486,0.544287,0.410772,0.544287,0.410772,2.1999,2.06642,2.1999,2.06642
replay,live_calm_thin,100000,21,passive,40,0,True,"coinbase>=1,000,000",prints+quotes,121,1.79116e+09,0.186738,1.02345e+06,0.542032,1.96667,-2.33487,passive,ETH-USD,sell,36.7696,100000,2719.64,0.147078,928350,36.7696,1,1,2718.8,3.0836,8,79.9753,99969.2,0,3.0836,7.99753,6.35e-10,11.0811,5e-12,2.719e-05,11.0811,2.33487,11,27,0,10,30.6054,0,0,8,19,0,0.690536,0.0314775,0.690536,0.0314775,0.774819,0.115758,0.774819,0.115758,0.652998,-0.00606565,0.652998,-0.00606565
replay,live_calm_thin,100000,21,hybrid,40,0,True,"coinbase>=1,000,000",prints+quotes,121,1.79116e+09,0.186738,1.02345e+06,0.542032,1.96667,-2.33487,hybrid,ETH-USD,buy,36.7696,100000,2719.64,0.147078,1.02256e+06,36.7696,1,1,2719.55,-0.330553,8,79.9974,99996.7,0,-0.330553,7.99974,-6.35e-10,7.66918,5e-12,2.71901e-05,7.66918,-2.33487,6,18,0,5,12.7847,0,0,5,13,0,0.167857,0.0343486,0.167857,0.0343486,0.544287,0.410772,0.544287,0.410772,2.1999,2.06642,2.1999,2.06642
replay,live_calm_thin,100000,21,hybrid,40,0,True,"coinbase>=1,000,000",prints+quotes,121,1.79116e+09,0.186738,1.02345e+06,0.542032,1.96667,-2.33487,hybrid,ETH-USD,sell,36.7696,100000,2719.64,0.147078,928350,36.7696,1,1,2718.8,3.0836,8,79.9753,99969.2,0,3.0836,7.99753,6.35e-10,11.0811,5e-12,2.719e-05,11.0811,2.33487,11,27,0,10,30.6054,0,0,8,19,0,0.690536,0.0314775,0.690536,0.0314775,0.774819,0.115758,0.774819,0.115758,0.652998,-0.00606565,0.652998,-0.00606565
replay,live_calm_thin,100000,22,aggressive,40,0,True,"coinbase>=1,000,000",prints+quotes,122,1.79116e+09,0.131797,1.01515e+06,0.527653,1.6,0.183891,aggressive,ETH-USD,buy,36.7782,100000,2719.01,0.0367782,1.00998e+06,36.7782,1,0,2719.42,1.51219,18,180.027,0,100015,1.51219,18.0027,0,19.5149,0,0,19.5149,0.183891,1,12,0,0,0.188028,0,0,0,0,0,1.51194,0,,,3.20348,1.6918,,,0.0042653,-1.5079,,
replay,live_calm_thin,100000,22,aggressive,40,0,True,"coinbase>=1,000,000",prints+quotes,122,1.79116e+09,0.131797,1.01515e+06,0.527653,1.6,0.183891,aggressive,ETH-USD,sell,36.7782,100000,2719.01,0.0367782,957961,36.7782,1,0,2718.73,1.01881,18,179.982,0,99989.8,1.01881,17.9982,-0,19.017,0,0,19.017,-0.183891,1,14,0,0,0.188028,0,0,0,0,0,1.01894,0,,,-0.67303,-1.6918,,,2.527,1.5079,,
replay,live_calm_thin,100000,22,passive,40,0,True,"coinbase>=1,000,000",prints+quotes,122,1.79116e+09,0.131797,1.01515e+06,0.527653,1.6,0.183891,passive,ETH-USD,buy,36.7782,100000,2719.01,0.0367782,1.00998e+06,36.7782,1,1,2719.18,0.631408,8,80.0051,100006,0,0.631408,8.00051,5e-11,8.63191,5e-12,2.71906e-05,8.63191,0.183891,15,27,0,14,39.7852,0,7,5,15,0,0.440441,-0.121121,0.440441,-0.121121,0.492374,-0.0691959,0.492374,-0.0691959,-0.0976205,-0.659267,-0.0976205,-0.659267
replay,live_calm_thin,100000,22,passive,40,0,True,"coinbase>=1,000,000",prints+quotes,122,1.79116e+09,0.131797,1.01515e+06,0.527653,1.6,0.183891,passive,ETH-USD,sell,36.7782,100000,2719.01,0.0367782,957961,36.7782,1,1,2718.7,1.11096,8,79.9911,99988.9,0,1.11096,7.99911,-5e-11,9.11007,5e-12,2.71905e-05,9.11007,-0.183891,5,27,0,4,15.7864,0,2,17,8,0,0.88813,0.057635,0.88813,0.057635,1.78057,0.949989,1.78057,0.949989,2.17339,1.34282,2.17339,1.34282
replay,live_calm_thin,100000,22,hybrid,40,0,True,"coinbase>=1,000,000",prints+quotes,122,1.79116e+09,0.131797,1.01515e+06,0.527653,1.6,0.183891,hybrid,ETH-USD,buy,36.7782,100000,2719.01,0.0367782,1.00998e+06,36.7782,1,1,2719.18,0.631408,8,80.0051,100006,0,0.631408,8.00051,5e-11,8.63191,5e-12,2.71906e-05,8.63191,0.183891,15,27,0,14,39.7852,0,7,5,15,0,0.440441,-0.121121,0.440441,-0.121121,0.492374,-0.0691959,0.492374,-0.0691959,-0.0976205,-0.659267,-0.0976205,-0.659267
replay,live_calm_thin,100000,22,hybrid,40,0,True,"coinbase>=1,000,000",prints+quotes,122,1.79116e+09,0.131797,1.01515e+06,0.527653,1.6,0.183891,hybrid,ETH-USD,sell,36.7782,100000,2719.01,0.0367782,957961,36.7782,1,1,2718.7,1.11096,8,79.9911,99988.9,0,1.11096,7.99911,-5e-11,9.11007,5e-12,2.71905e-05,9.11007,-0.183891,5,27,0,4,15.7864,0,2,17,8,0,0.88813,0.057635,0.88813,0.057635,1.78057,0.949989,1.78057,0.949989,2.17339,1.34282,2.17339,1.34282
replay,live_calm_deep,100000,23,aggressive,40,0,True,"coinbase>=1,000,000",prints+quotes,123,1.79116e+09,0.171535,1.06488e+06,0.456831,2.11667,-0.956215,aggressive,ETH-USD,buy,36.7775,100000,2719.06,0.0367775,1.10971e+06,36.7775,1,0,2719.34,1.03092,18,180.019,0,100010,1.03092,18.0019,-2.6e-10,19.0328,5e-12,2.7188e-05,19.0328,-0.956215,1,14,0,0,0.232883,0,0,0,0,0,1.03077,0,,,1.01239,-0.0183887,,,2.17076,1.1401,,
replay,live_calm_deep,100000,23,aggressive,40,0,True,"coinbase>=1,000,000",prints+quotes,123,1.79116e+09,0.171535,1.06488e+06,0.456831,2.11667,-0.956215,aggressive,ETH-USD,sell,36.7775,100000,2719.06,0.0367775,1.00179e+06,36.7775,1,0,2718.73,1.18081,18,179.979,0,99988.2,1.18081,17.9979,2.6e-10,19.1787,4.99999e-12,2.71879e-05,19.1787,0.956215,1,11,0,0,0.232883,0,0,0,0,0,1.18096,0,,,1.19935,0.0183887,,,0.0407199,-1.1401,,
replay,live_calm_deep,100000,23,passive,40,0,True,"coinbase>=1,000,000",prints+quotes,123,1.79116e+09,0.171535,1.06488e+06,0.456831,2.11667,-0.956215,passive,ETH-USD,buy,36.7775,100000,2719.06,0.0367775,1.10971e+06,36.7775,1,1,2719.06,0.0227575,8,80.0002,100000,0,0.0227575,8.00002,-2.6e-10,8.02278,5e-12,2.7188e-05,8.02278,-0.956215,2,30,0,1,16.7085,0,2,24,4,0,0.115639,0.0748171,0.115639,0.0748171,0.01092,-0.0299017,0.01092,-0.0299017,4.7575,4.7167,4.7575,4.7167
replay,live_calm_deep,100000,23,passive,40,0,True,"coinbase>=1,000,000",prints+quotes,123,1.79116e+09,0.171535,1.06488e+06,0.456831,2.11667,-0.956215,passive,ETH-USD,sell,36.7775,100000,2719.06,0.0367775,1.00179e+06,36.7775,1,1,2717.92,4.18584,8,79.9665,99958.1,0,4.18584,7.99665,2.6e-10,12.1825,5e-12,2.71879e-05,12.1825,0.956215,16,31,0,15,51.4857,0,7,9,15,0,0.621925,-0.165694,0.621925,-0.165694,0.668129,-0.119542,0.668129,-0.119542,2.70075,1.9128,2.70075,1.9128
replay,live_calm_deep,100000,23,hybrid,40,0,True,"coinbase>=1,000,000",prints+quotes,123,1.79116e+09,0.171535,1.06488e+06,0.456831,2.11667,-0.956215,hybrid,ETH-USD,buy,36.7775,100000,2719.06,0.0367775,1.10971e+06,36.7775,1,1,2719.06,0.0227575,8,80.0002,100000,0,0.0227575,8.00002,-2.6e-10,8.02278,5e-12,2.7188e-05,8.02278,-0.956215,2,30,0,1,16.7085,0,2,24,4,0,0.115639,0.0748171,0.115639,0.0748171,0.01092,-0.0299017,0.01092,-0.0299017,4.7575,4.7167,4.7575,4.7167
replay,live_calm_deep,100000,23,hybrid,40,0,True,"coinbase>=1,000,000",prints+quotes,123,1.79116e+09,0.171535,1.06488e+06,0.456831,2.11667,-0.956215,hybrid,ETH-USD,sell,36.7775,100000,2719.06,0.0367775,1.00179e+06,36.7775,1,0.294677,2717.94,4.11802,15.0521,150.459,29466.6,70492.2,4.11802,15.0459,2.6e-10,19.1639,5e-12,2.71879e-05,19.1639,0.956215,10,36,0,9,42.5188,0,7,6,9,0,0.916969,-0.0035376,0.0281966,-0.0560388,0.356942,-0.563513,-0.5511,-0.635328,1.87341,0.952669,-3.376,-3.4602
replay,live_calm_thin,100000,24,aggressive,40,0,True,"coinbase>=1,000,000",prints+quotes,124,1.79116e+09,0.133614,1.00795e+06,0.587045,1.13333,4.50567,aggressive,ETH-USD,buy,36.781,100000,2718.8,0.036781,863859,36.781,1,0,2719.27,1.74927,18,180.031,0,100017,1.74927,18.0031,8.70415e-16,19.7524,0,0,19.7524,4.50567,1,18,0,0,0.183013,0,0,0,0,0,1.8225,0.073562,,,1.56507,-0.183905,,,-1.00914,-2.75858,,
replay,live_calm_thin,100000,24,aggressive,40,0,True,"coinbase>=1,000,000",prints+quotes,124,1.79116e+09,0.133614,1.00795e+06,0.587045,1.13333,4.50567,aggressive,ETH-USD,sell,36.781,100000,2718.8,0.036781,1.18108e+06,36.781,1,0,2718.52,1.02703,18,179.982,0,99989.7,1.02703,17.9982,-0,19.0252,0,0,19.0252,-4.50567,1,15,0,0,0.183013,0,0,0,0,0,0.953599,-0.073562,,,1.21109,0.183905,,,3.78603,2.75858,,
replay,live_calm_thin,100000,24,passive,40,0,True,"coinbase>=1,000,000",prints+quotes,124,1.79116e+09,0.133614,1.00795e+06,0.587045,1.13333,4.50567,passive,ETH-USD,buy,36.781,100000,2718.8,0.036781,863859,36.781,1,1,2718.99,0.707857,8,80.0057,100007,0,0.707857,8.00057,0,8.70842,0,0,8.70842,4.50567,10,16,0,9,25.8013,0,0,0,16,0,0.512203,-0.2653,0.512203,-0.2653,-0.505389,-1.28299,-0.505389,-1.28299,-0.732672,-1.51025,-0.732672,-1.51025
replay,live_calm_thin,100000,24,passive,40,0,True,"coinbase>=1,000,000",prints+quotes,124,1.79116e+09,0.133614,1.00795e+06,0.587045,1.13333,4.50567,passive,ETH-USD,sell,36.781,100000,2718.8,0.036781,1.18108e+06,36.781,1,1,2718.84,-0.157354,8,80.0013,100002,0,-0.157354,8.00013,-0,7.84277,0,0,7.84277,-4.50567,9,26,0,8,21.5613,0,4,7,15,0,0.920557,0.26441,0.920557,0.26441,0.966829,0.310663,0.966829,0.310663,1.61634,0.960149,1.61634,0.960149
replay,live_calm_thin,100000,24,hybrid,40,0,True,"coinbase>=1,000,000",prints+quotes,124,1.79116e+09,0.133614,1.00795e+06,0.587045,1.13333,4.50567,hybrid,ETH-USD,buy,36.781,100000,2718.8,0.036781,863859,36.781,1,1,2718.99,0.707857,8,80.0057,100007,0,0.707857,8.00057,0,8.70842,0,0,8.70842,4.50567,10,16,0,9,25.8013,0,0,0,16,0,0.512203,-0.2653,0.512203,-0.2653,-0.505389,-1.28299,-0.505389,-1.28299,-0.732672,-1.51025,-0.732672,-1.51025
replay,live_calm_thin,100000,24,hybrid,40,0,True,"coinbase>=1,000,000",prints+quotes,124,1.79116e+09,0.133614,1.00795e+06,0.587045,1.13333,4.50567,hybrid,ETH-USD,sell,36.781,100000,2718.8,0.036781,1.18108e+06,36.781,1,1,2718.84,-0.157354,8,80.0013,100002,0,-0.157354,8.00013,-0,7.84277,0,0,7.84277,-4.50567,9,26,0,8,21.5613,0,4,7,15,0,0.920557,0.26441,0.920557,0.26441,0.966829,0.310663,0.966829,0.310663,1.61634,0.960149,1.61634,0.960149
replay,live_calm_deep,100000,25,aggressive,40,0,True,"coinbase>=1,000,000",prints+quotes,125,1.79116e+09,0.232377,1.0708e+06,0.538807,1.08333,3.10659,aggressive,ETH-USD,buy,36.7644,100000,2720.02,0.588231,1.04161e+06,36.7644,1,0,2720.28,0.960392,18,180.017,0,100010,0.960392,18.0017,0,18.9621,0,0,18.9621,3.10659,1,13,0,0,0.178264,0,0,0,0,0,0.188302,-0.772053,,,0.684574,-0.275733,,,2.08149,1.12132,,
replay,live_calm_deep,100000,25,aggressive,40,0,True,"coinbase>=1,000,000",prints+quotes,125,1.79116e+09,0.232377,1.0708e+06,0.538807,1.08333,3.10659,aggressive,ETH-USD,sell,36.7644,100000,2720.02,0.588231,1.01995e+06,36.7644,1,0,2719.74,1.01134,18,179.982,0,99989.9,1.01134,17.9982,-0,19.0095,0,0,19.0095,-3.10659,1,11,0,0,0.178264,0,0,0,0,0,1.78359,0.772053,,,1.28722,0.275733,,,-0.109966,-1.12132,,
replay,live_calm_deep,100000,25,passive,40,0,True,"coinbase>=1,000,000",prints+quotes,125,1.79116e+09,0.232377,1.0708e+06,0.538807,1.08333,3.10659,passive,ETH-USD,buy,36.7644,100000,2720.02,0.588231,1.04161e+06,36.7644,1,1,2720.55,1.93984,8,80.0155,100019,0,1.93984,8.00155,0,9.94139,0,0,9.94139,3.10659,8,15,0,7,23.6683,0,0,2,13,0,0.624328,0.0388923,0.624328,0.0388923,1.56345,0.978078,1.56345,0.978078,0.564116,-0.0214157,0.564116,-0.0214157
replay,live_calm_deep,100000,25,passive,40,0,True,"coinbase>=1,000,000",prints+quotes,125,1.79116e+09,0.232377,1.0708e+06,0.538807,1.08333,3.10659,passive,ETH-USD,sell,36.7644,100000,2720.02,0.588231,1.01995e+06,36.7644,1,1,2720.03,-0.0354077,8,80.0003,100000,0,-0.0354077,8.00003,-0,7.96462,0,0,7.96462,-3.10659,18,64,0,17,40.2629,0,0,19,45,0,0.401698,0.0266769,0.401698,0.0266769,0.538052,0.163024,0.538052,0.163024,1.76208,1.38704,1.76208,1.38704
replay,live_calm_deep,100000,25,hybrid,40,0,True,"coinbase>=1,000,000",prints+quotes,125,1.79116e+09,0.232377,1.0708e+06,0.538807,1.08333,3.10659,hybrid,ETH-USD,buy,36.7644,100000,2720.02,0.588231,1.04161e+06,36.7644,1,1,2720.55,1.93984,8,80.0155,100019,0,1.93984,8.00155,0,9.94139,0,0,9.94139,3.10659,8,15,0,7,23.6683,0,0,2,13,0,0.624328,0.0388923,0.624328,0.0388923,1.56345,0.978078,1.56345,0.978078,0.564116,-0.0214157,0.564116,-0.0214157
replay,live_calm_deep,100000,25,hybrid,40,0,True,"coinbase>=1,000,000",prints+quotes,125,1.79116e+09,0.232377,1.0708e+06,0.538807,1.08333,3.10659,hybrid,ETH-USD,sell,36.7644,100000,2720.02,0.588231,1.01995e+06,36.7644,1,1,2720.03,-0.0354077,8,80.0003,100000,0,-0.0354077,8.00003,-0,7.96462,0,0,7.96462,-3.10659,18,64,0,17,40.2629,0,0,19,45,0,0.401698,0.0266769,0.401698,0.0266769,0.538052,0.163024,0.538052,0.163024,1.76208,1.38704,1.76208,1.38704
replay,live_calm_deep,100000,26,aggressive,40,0,True,"coinbase>=1,000,000",prints+quotes,126,1.79116e+09,0.223384,1.05082e+06,0.491667,0.733333,-1.56198,aggressive,ETH-USD,buy,36.7525,100000,2720.9,0.0367525,1.15225e+06,36.7525,1,0,2721.1,0.732873,18,180.013,0,100007,0.732873,18.0013,-0,18.7342,0,0,18.7342,-1.56198,1,15,0,0,0.0591719,0,0,0,0,0,0.879804,0.14701,,,2.31305,1.58036,,,-0.406439,-1.13933,,
replay,live_calm_deep,100000,26,aggressive,40,0,True,"coinbase>=1,000,000",prints+quotes,126,1.79116e+09,0.223384,1.05082e+06,0.491667,0.733333,-1.56198,aggressive,ETH-USD,sell,36.7525,100000,2720.9,0.0367525,1.10022e+06,36.7525,1,0,2720.58,1.18686,18,179.979,0,99988.1,1.18686,17.9979,-3.01981e-16,19.1847,0,0,19.1847,1.56198,1,12,0,0,0.0591719,0,0,0,0,0,1.04001,-0.14701,,,-0.39351,-1.58036,,,2.3265,1.13933,,
replay,live_calm_deep,100000,26,passive,40,0,True,"coinbase>=1,000,000",prints+quotes,126,1.79116e+09,0.223384,1.05082e+06,0.491667,0.733333,-1.56198,passive,ETH-USD,buy,36.7525,100000,2720.9,0.0367525,1.15225e+06,36.7525,1,1,2720.77,-0.490721,8,79.9961,99995.1,0,-0.490721,7.99961,-0,7.50889,0,0,7.50889,-1.56198,10,15,0,9,18.4865,0,0,4,11,0,0.603203,0.211291,0.603203,0.211291,0.428893,0.0369739,0.428893,0.0369739,-0.360529,-0.752473,-0.360529,-0.752473
replay,live_calm_deep,100000,26,passive,40,0,True,"coinbase>=1,000,000",prints+quotes,126,1.79116e+09,0.223384,1.05082e+06,0.491667,0.733333,-1.56198,passive,ETH-USD,sell,36.7525,100000,2720.9,0.0367525,1.10022e+06,36.7525,1,1,2720.85,0.21131,8,79.9983,99997.9,0,0.21131,7.99983,0,8.21114,0,0,8.21114,1.56198,11,55,0,10,35.1544,0,0,14,41,0,0.661766,0.337096,0.661766,0.337096,0.380137,0.0554778,0.380137,0.0554778,-1.07763,-1.40224,-1.07763,-1.40224
replay,live_calm_deep,100000,26,hybrid,40,0,True,"coinbase>=1,000,000",prints+quotes,126,1.79116e+09,0.223384,1.05082e+06,0.491667,0.733333,-1.56198,hybrid,ETH-USD,buy,36.7525,100000,2720.9,0.0367525,1.15225e+06,36.7525,1,1,2720.77,-0.490721,8,79.9961,99995.1,0,-0.490721,7.99961,-0,7.50889,0,0,7.50889,-1.56198,10,15,0,9,18.4865,0,0,4,11,0,0.603203,0.211291,0.603203,0.211291,0.428893,0.0369739,0.428893,0.0369739,-0.360529,-0.752473,-0.360529,-0.752473
replay,live_calm_deep,100000,26,hybrid,40,0,True,"coinbase>=1,000,000",prints+quotes,126,1.79116e+09,0.223384,1.05082e+06,0.491667,0.733333,-1.56198,hybrid,ETH-USD,sell,36.7525,100000,2720.9,0.0367525,1.10022e+06,36.7525,1,1,2720.85,0.21131,8,79.9983,99997.9,0,0.21131,7.99983,0,8.21114,0,0,8.21114,1.56198,11,55,0,10,35.1544,0,0,14,41,0,0.661766,0.337096,0.661766,0.337096,0.380137,0.0554778,0.380137,0.0554778,-1.07763,-1.40224,-1.07763,-1.40224
replay,live_volatile_deep,100000,27,aggressive,40,0,True,"coinbase>=1,000,000",prints+quotes,127,1.79116e+09,0.162821,1.10806e+06,0.640321,1.3,-5.49535,aggressive,ETH-USD,buy,36.7582,100000,2720.48,0.220549,1.07143e+06,36.7582,1,0,2720.79,1.14308,18,180.021,0,100011,1.14308,18.0021,-0,19.1451,0,0,19.1451,-5.49535,1,10,0,0,0.319887,0,0,0,0,0,1.05104,-0.0918955,,,2.68659,1.54385,,,1.49209,0.349203,,
replay,live_volatile_deep,100000,27,aggressive,40,0,True,"coinbase>=1,000,000",prints+quotes,127,1.79116e+09,0.162821,1.10806e+06,0.640321,1.3,-5.49535,aggressive,ETH-USD,sell,36.7582,100000,2720.48,0.220549,1.17929e+06,36.7582,1,0,2720.19,1.06181,18,179.981,0,99989.4,1.06181,17.9981,-1.06226e-15,19.0599,0,0,19.0599,5.49535,1,16,0,0,0.319887,0,0,0,0,0,1.15384,0.0918955,,,-0.482079,-1.54385,,,0.71269,-0.349203,,
replay,live_volatile_deep,100000,27,passive,40,0,True,"coinbase>=1,000,000",prints+quotes,127,1.79116e+09,0.162821,1.10806e+06,0.640321,1.3,-5.49535,passive,ETH-USD,buy,36.7582,100000,2720.48,0.220549,1.07143e+06,36.7582,1,1,2720.31,-0.626732,8,79.995,99993.7,0,-0.626732,7.9995,-0,7.37277,0,0,7.37277,-5.49535,3,22,0,2,6.26393,0,0,15,7,0,0.714549,0.282436,0.714549,0.282436,1.24123,0.809136,1.24123,0.809136,-0.23242,-0.664581,-0.23242,-0.664581
replay,live_volatile_deep,100000,27,passive,40,0,True,"coinbase>=1,000,000",prints+quotes,127,1.79116e+09,0.162821,1.10806e+06,0.640321,1.3,-5.49535,passive,ETH-USD,sell,36.7582,100000,2720.48,0.220549,1.17929e+06,36.7582,1,1,2719.68,2.93601,8,79.9765,99970.6,0,2.93601,7.99765,0,10.9337,0,0,10.9337,5.49535,9,36,0,8,49.0967,0,0,8,28,0,1.39498,-0.11409,1.39498,-0.11409,-0.793631,-2.30226,-0.793631,-2.30226,2.31061,0.801251,2.31061,0.801251
replay,live_volatile_deep,100000,27,hybrid,40,0,True,"coinbase>=1,000,000",prints+quotes,127,1.79116e+09,0.162821,1.10806e+06,0.640321,1.3,-5.49535,hybrid,ETH-USD,buy,36.7582,100000,2720.48,0.220549,1.07143e+06,36.7582,1,1,2720.31,-0.626732,8,79.995,99993.7,0,-0.626732,7.9995,-0,7.37277,0,0,7.37277,-5.49535,3,22,0,2,6.26393,0,0,15,7,0,0.714549,0.282436,0.714549,0.282436,1.24123,0.809136,1.24123,0.809136,-0.23242,-0.664581,-0.23242,-0.664581
replay,live_volatile_deep,100000,27,hybrid,40,0,True,"coinbase>=1,000,000",prints+quotes,127,1.79116e+09,0.162821,1.10806e+06,0.640321,1.3,-5.49535,hybrid,ETH-USD,sell,36.7582,100000,2720.48,0.220549,1.17929e+06,36.7582,1,0.198393,2719.35,4.16989,16.0153,160.087,19838.3,80120,4.16989,16.0087,1.06226e-15,20.1786,0,0,20.1786,5.49535,8,46,0,7,42.4445,0,0,6,24,0,0.987784,-0.654137,0.133389,-0.0287012,1.18941,-0.452557,0.109487,-0.0526055,3.01324,1.37076,-4.07121,-4.23323
replay,live_calm_deep,100000,28,aggressive,40,0,True,"coinbase>=1,000,000",prints+quotes,128,1.79116e+09,0.101728,1.03025e+06,0.538372,1.15,7.31891,aggressive,ETH-USD,buy,36.7784,100000,2718.98,0.0367784,1.13785e+06,36.7784,1,0,2719.38,1.45268,18,180.026,0,100015,1.45268,18.0026,0,19.4553,0,0,19.4553,7.31891,1,16,0,0,0.24659,0,0,0,0,0,1.45243,0,,,-0.90105,-2.35382,,,-2.22488,-3.67784,,
replay,live_calm_deep,100000,28,aggressive,40,0,True,"coinbase>=1,000,000",prints+quotes,128,1.79116e+09,0.101728,1.03025e+06,0.538372,1.15,7.31891,aggressive,ETH-USD,sell,36.7784,100000,2718.98,0.0367784,1.07068e+06,36.7784,1,0,2718.7,1.03004,18,179.981,0,99989.7,1.03004,17.9981,-0,19.0282,0,0,19.0282,-7.31891,1,8,0,0,0.24659,0,0,0,0,0,1.03016,0,,,3.38422,2.35382,,,4.70838,3.67784,,
replay,live_calm_deep,100000,28,passive,40,0,True,"coinbase>=1,000,000",prints+quotes,128,1.79116e+09,0.101728,1.03025e+06,0.538372,1.15,7.31891,passive,ETH-USD,buy,36.7784,100000,2718.98,0.0367784,1.13785e+06,36.7784,1,1,2720.14,4.26001,8,80.0341,100043,0,4.26001,8.00341,1.99e-09,12.2634,5e-12,2.72098e-05,12.2634,7.31891,6,11,0,5,18.207,0,0,5,6,0,-0.229317,-0.237412,-0.229317,-0.237412,-0.902654,-0.91074,-0.902654,-0.91074,-1.56263,-1.5707,-1.56263,-1.5707
replay,live_calm_deep,100000,28,passive,40,0,True,"coinbase>=1,000,000",prints+quotes,128,1.79116e+09,0.101728,1.03025e+06,0.538372,1.15,7.31891,passive,ETH-USD,sell,36.7784,100000,2718.98,0.0367784,1.07068e+06,36.7784,1,1,2719.81,-3.01669,8,80.0241,100030,0,-3.01669,8.00241,-1.99e-09,4.98572,5e-12,2.72097e-05,4.98572,-7.31891,10,45,0,9,33.2087,0,7,11,27,0,1.06114,0.277756,1.06114,0.277756,1.88542,1.10198,1.88542,1.10198,2.54056,1.7571,2.54056,1.7571
replay,live_calm_deep,100000,28,hybrid,40,0,True,"coinbase>=1,000,000",prints+quotes,128,1.79116e+09,0.101728,1.03025e+06,0.538372,1.15,7.31891,hybrid,ETH-USD,buy,36.7784,100000,2718.98,0.0367784,1.13785e+06,36.7784,1,1,2720.14,4.26001,8,80.0341,100043,0,4.26001,8.00341,1.99e-09,12.2634,5e-12,2.72098e-05,12.2634,7.31891,6,11,0,5,18.207,0,0,5,6,0,-0.229317,-0.237412,-0.229317,-0.237412,-0.902654,-0.91074,-0.902654,-0.91074,-1.56263,-1.5707,-1.56263,-1.5707
replay,live_calm_deep,100000,28,hybrid,40,0,True,"coinbase>=1,000,000",prints+quotes,128,1.79116e+09,0.101728,1.03025e+06,0.538372,1.15,7.31891,hybrid,ETH-USD,sell,36.7784,100000,2718.98,0.0367784,1.07068e+06,36.7784,1,1,2719.81,-3.01669,8,80.0241,100030,0,-3.01669,8.00241,-1.99e-09,4.98572,5e-12,2.72097e-05,4.98572,-7.31891,10,45,0,9,33.2087,0,7,11,27,0,1.06114,0.277756,1.06114,0.277756,1.88542,1.10198,1.88542,1.10198,2.54056,1.7571,2.54056,1.7571
